timestamp_us,adc_raw
1174403160,1865
1174404160,1856
1174405160,1861
1174406160,1851
1174416604,1839
1174417604,1807
1174418604,1794
1174419604,1819
1174420604,1840
1174421604,1841
1174422604,1849
1174423604,1854
1174424604,1859
1174425604,1863
1174426604,1870
1174427604,1889
1174428604,1909
1174429604,1920
1174430604,1900
1174431604,1887
1174432604,1859
1174433604,1831
1174434604,1808
1174435604,1823
1174446031,1931
1174447031,1921
1174448031,1902
1174449031,1867
1174450031,1826
1174451031,1827
1174452031,1813
1174453031,1837
1174454031,1858
1174455031,1855
1174456031,1857
1174457031,1857
1174458031,1871
1174459031,1881
1174460031,1872
1174461031,1895
1174462031,1927
1174463031,1921
1174464031,1904
1174465031,1890
1174475457,1875
1174476457,1875
1174477457,1894
1174478457,1921
1174479457,1938
1174480457,1907
1174481457,1901
1174482457,1861
1174483457,1853
1174484457,1828
1174485457,1823
1174486457,1840
1174487457,1860
1174488457,1866
1174489457,1862
1174490457,1853
1174491457,1857
1174492457,1859
1174493457,1872
1174494457,1884
1174504884,1863
1174505884,1861
1174506884,1868
1174507884,1879
1174508884,1881
1174509884,1887
1174510884,1903
1174511884,1936
1174512884,1929
1174513884,1911
1174514884,1921
1174515884,1858
1174516884,1842
1174517884,1812
1174518884,1807
1174519884,1828
1174520884,1851
1174521884,1841
1174522884,1845
1174533339,1849
1174534339,1798
1174535339,1808
1174536339,1839
1174537339,1868
1174538339,1857
1174539339,1872
1174540339,1875
1174541339,1883
1174542339,1894
1174543339,1888
1174544339,1895
1174545339,1934
1174546339,1921
1174547339,1907
1174548339,1897
1174549339,1846
1174550339,1817
1174551339,1807
1174552339,1817
1174562766,1938
1174563766,1931
1174564766,1904
1174565766,1871
1174566766,1837
1174567766,1815
1174568766,1801
1174569766,1814
1174570766,1822
1174571766,1865
1174572766,1831
1174573766,1855
1174574766,1857
1174575766,1871
1174576766,1865
1174577766,1888
1174578766,1899
1174579766,1909
1174580766,1899
1174581766,1889
1174592210,1882
1174593210,1881
1174594210,1894
1174595210,1911
1174596210,1921
1174597210,1893
1174598210,1879
1174599210,1845
1174600210,1812
1174601210,1804
1174602210,1802
1174603210,1831
1174604210,1841
1174605210,1878
1174606210,1780
1174607210,1859
1174608210,1873
1174609210,1888
1174610210,1872
1174611210,1902
1174621636,1860
1174622636,1861
1174623636,1877
1174624636,1888
1174625636,1888
1174626636,1886
1174627636,1901
1174628636,1927
1174629636,1919
1174630636,1904
1174631636,1903
1174632636,1843
1174633636,1821
1174634636,1808
1174635636,1809
1174636636,1838
1174637636,1857
1174638636,1867
1174639636,1867
1174640636,1870
1174651063,1813
1174652063,1820
1174653063,1835
1174654063,1859
1174655063,1865
1174656063,1872
1174657063,1888
1174658063,1901
1174659063,1899
1174660063,1891
1174661063,1903
1174662063,1929
1174663063,1929
1174664063,1901
1174665063,1884
1174666063,1836
1174667063,1807
1174668063,1782
1174669063,1793
1174670063,1817
1174680490,1932
1174681490,1899
1174682490,1874
1174683490,1842
1174684490,1822
1174685490,1817
1174686490,1839
1174687490,1843
1174688490,1855
1174689490,1858
1174690490,1867
1174691490,1876
1174692490,1876
1174693490,1872
1174694490,1891
1174695490,1911
1174696490,1920
1174697490,1901
1174698490,1895
1174708945,1875
1174709945,1879
1174710945,1873
1174711945,1918
1174712945,1924
1174713945,1907
1174714945,1889
1174715945,1867
1174716945,1824
1174717945,1804
1174718945,1807
1174719945,1822
1174720945,1844
1174721945,1847
1174722945,1856
1174723945,1869
1174724945,1878
1174725945,1887
1174726945,1885
1174727945,1912
1174738372,1855
1174739372,1853
1174740372,1861
1174741372,1872
1174742372,1883
1174743372,1875
1174744372,1904
1174745372,1929
1174746372,1932
1174747372,1892
1174748372,1889
1174749372,1862
1174750372,1824
1174751372,1809
1174752372,1819
1174753372,1828
1174754372,1838
1174755372,1840
1174756372,1856
1174757372,1863
1174767815,1810
1174768815,1803
1174769815,1824
1174770815,1850
1174771815,1833
1174772815,1872
1174773815,1870
1174774815,1878
1174775815,1889
1174776815,1879
1174777815,1904
1174778815,1925
1174779815,1923
1174780815,1915
1174781815,1889
1174782815,1856
1174783815,1818
1174784815,1792
1174785815,1815
1174786815,1824
1174797250,1910
1174798250,1891
1174799250,1859
1174800250,1829
1174801250,1809
1174802250,1813
1174803250,1827
1174804250,1845
1174805250,1856
1174806250,1857
1174807250,1867
1174808250,1872
1174809250,1883
1174810250,1871
1174811250,1886
1174812250,1911
1174813250,1903
1174814250,1887
1174815250,1863
1174816250,1840
1174826669,1862
1174827669,1904
1174828669,1874
1174829669,1932
1174830669,1904
1174831669,1893
1174832669,1872
1174833669,1841
1174834669,1809
1174835669,1824
1174836669,1840
1174837669,1851
1174838669,1865
1174839669,1869
1174840669,1875
1174841669,1877
1174842669,1872
1174843669,1863
1174844669,1893
1174845669,1913
1174856096,1862
1174857096,1872
1174858096,1872
1174859096,1892
1174860096,1875
1174861096,1907
1174862096,1934
1174863096,1934
1174864096,1907
1174865096,1889
1174866096,1872
1174867096,1835
1174868096,1817
1174869096,1830
1174870096,1843
1174871096,1857
1174872096,1856
1174873096,1860
1174874096,1870
1174884551,1808
1174885551,1815
1174886551,1842
1174887551,1859
1174888551,1865
1174889551,1858
1174890551,1876
1174891551,1885
1174892551,1901
1174893551,1883
1174894551,1910
1174895551,1936
1174896551,1929
1174897551,1905
1174898551,1898
1174899551,1857
1174900551,1813
1174901551,1803
1174902551,1810
1174903551,1826
1174913977,1919
1174914977,1900
1174915977,1863
1174916977,1822
1174917977,1802
1174918977,1810
1174919977,1817
1174920977,1812
1174921977,1843
1174922977,1857
1174923977,1869
1174924977,1872
1174925977,1881
1174926977,1885
1174927977,1904
1174928977,1920
1174929977,1930
1174930977,1905
1174931977,1872
1174932977,1841
1174943421,1888
1174944421,1894
1174945421,1921
1174946421,1917
1174947421,1896
1174948421,1876
1174949421,1849
1174950421,1821
1174951421,1793
1174952421,1808
1174953421,1831
1174954421,1840
1174955421,1846
1174956421,1853
1174957421,1857
1174958421,1860
1174959421,1909
1174960421,1875
1174961421,1904
1174962421,1936
1174972848,1849
1174973848,1851
1174974848,1837
1174975848,1873
1174976848,1873
1174977848,1904
1174978848,1922
1174979848,1925
1174980848,1909
1174981848,1890
1174982848,1862
1174983848,1833
1174984848,1807
1174985848,1836
1174986848,1825
1174987848,1855
1174988848,1860
1174989848,1857
1174990848,1860
1174991848,1867
1175002275,1818
1175003275,1829
1175004275,1846
1175005275,1861
1175006275,1871
1175007275,1872
1175008275,1869
1175009275,1872
1175010275,1872
1175011275,1897
1175012275,1904
1175013275,1925
1175014275,1910
1175015275,1873
1175016275,1879
1175017275,1850
1175018275,1832
1175019275,1841
1175020275,1853
1175021275,1862
1175031702,1856
1175032702,1866
1175033702,1822
1175034702,1808
1175035702,1809
1175036702,1837
1175037702,1860
1175038702,1862
1175039702,1871
1175040702,1898
1175041702,1899
1175042702,1896
1175043702,1892
1175044702,1901
1175045702,1923
1175046702,1909
1175047702,1893
1175048702,1871
1175049702,1837
1175060156,1894
1175061156,1903
1175062156,1917
1175063156,1911
1175064156,1890
1175065156,1872
1175066156,1853
1175067156,1813
1175068156,1808
1175069156,1814
1175070156,1840
1175071156,1853
1175072156,1872
1175073156,1868
1175074156,1869
1175075156,1872
1175076156,1886
1175077156,1877
1175078156,1900
1175079156,1917
1175089583,1861
1175090583,1881
1175091583,1901
1175092583,1869
1175093583,1873
1175094583,1899
1175095583,1899
1175096583,1920
1175097583,1906
1175098583,1884
1175099583,1850
1175100583,1834
1175101583,1831
1175102583,1833
1175103583,1863
1175104583,1875
1175105583,1872
1175106583,1863
1175107583,1876
1175108583,1883
1175119027,1809
1175120027,1791
1175121027,1821
1175122027,1837
1175123027,1840
1175124027,1852
1175125027,1859
1175126027,1850
1175127027,1904
1175128027,1897
1175129027,1923
1175130027,1891
1175131027,1907
1175132027,1909
1175133027,1825
1175134027,1840
1175135027,1830
1175136027,1840
1175137027,1852
1175138027,1850
1175148454,1897
1175149454,1857
1175150454,1826
1175151454,1816
1175152454,1823
1175153454,1840
1175154454,1851
1175155454,1856
1175156454,1845
1175157454,1883
1175158454,1867
1175159454,1877
1175160454,1883
1175161454,1909
1175162454,1921
1175163454,1916
1175164454,1898
1175165454,1884
1175166454,1861
1175167454,1829
1175177881,1901
1175178881,1905
1175179881,1904
1175180881,1889
1175181881,1868
1175182881,1854
1175183881,1826
1175184881,1809
1175185881,1840
1175186881,1845
1175187881,1856
1175188881,1861
1175189881,1872
1175190881,1881
1175191881,1881
1175192881,1887
1175193881,1842
1175194881,1907
1175195881,1925
1175196881,1920
1175207308,1872
1175208308,1872
1175209308,1879
1175210308,1878
1175211308,1905
1175212308,1919
1175213308,1920
1175214308,1902
1175215308,1883
1175216308,1857
1175217308,1830
1175218308,1814
1175219308,1821
1175220308,1841
1175221308,1855
1175222308,1853
1175223308,1860
1175224308,1869
1175225308,1872
1175235762,1833
1175236762,1843
1175237762,1861
1175238762,1852
1175239762,1856
1175240762,1863
1175241762,1873
1175242762,1872
1175243762,1865
1175244762,1876
1175245762,1919
1175246762,1925
1175247762,1904
1175248762,1881
1175249762,1856
1175250762,1845
1175251762,1830
1175252762,1829
1175253762,1844
1175254762,1843
1175265189,1885
1175266189,1858
1175267189,1834
1175268189,1809
1175269189,1817
1175270189,1840
1175271189,1849
1175272189,1857
1175273189,1857
1175274189,1872
1175275189,1879
1175276189,1873
1175277189,1873
1175278189,1899
1175279189,1921
1175280189,1916
1175281189,1897
1175282189,1865
1175283189,1850
1175284189,1826
1175294633,1904
1175295633,1912
1175296633,1911
1175297633,1898
1175298633,1889
1175299633,1856
1175300633,1824
1175301633,1817
1175302633,1827
1175303633,1840
1175304633,1843
1175305633,1859
1175306633,1859
1175307633,1871
1175308633,1875
1175309633,1881
1175310633,1888
1175311633,1917
1175312633,1930
1175313633,1915
1175324060,1873
1175325060,1878
1175326060,1879
1175327060,1877
1175328060,1897
1175329060,1919
1175330060,1904
1175331060,1899
1175332060,1880
1175333060,1853
1175334060,1836
1175335060,1819
1175336060,1834
1175337060,1852
1175338060,1853
1175339060,1856
1175340060,1871
1175341060,1884
1175342060,1886
1175343060,1876
1175353487,1836
1175354487,1849
1175355487,1851
1175356487,1867
1175357487,1872
1175358487,1874
1175359487,1877
1175360487,1872
1175361487,1902
1175362487,1909
1175363487,1909
1175364487,1903
1175365487,1879
1175366487,1851
1175367487,1835
1175368487,1825
1175369487,1836
1175370487,1859
1175371487,1867
1175372487,1871
1175382914,1857
1175383914,1824
1175384914,1817
1175385914,1827
1175386914,1851
1175387914,1855
1175388914,1855
1175389914,1868
1175390914,1872
1175391914,1885
1175392914,1894
1175393914,1901
1175394914,1920
1175395914,1932
1175396914,1915
1175397914,1903
1175398914,1873
1175399914,1821
1175400914,1824
1175411368,1904
1175412368,1913
1175413368,1907
1175414368,1895
1175415368,1892
1175416368,1854
1175417368,1826
1175418368,1818
1175419368,1829
1175420368,1849
1175421368,1872
1175422368,1863
1175423368,1872
1175424368,1879
1175425368,1895
1175426368,1884
1175427368,1875
1175428368,1904
1175429368,1874
1175430368,1898
1175440795,1879
1175441795,1886
1175442795,1901
1175443795,1884
1175444795,1892
1175445795,1907
1175446795,1904
1175447795,1887
1175448795,1872
1175449795,1840
1175450795,1819
1175451795,1841
1175452795,1817
1175453795,1854
1175454795,1860
1175455795,1871
1175456795,1861
1175457795,1892
1175458795,1877
1175459795,1876
1175470247,1856
1175471247,1840
1175472247,1840
1175473247,1836
1175474247,1843
1175475247,1851
1175476247,1848
1175477247,1865
1175478247,1900
1175479247,1922
1175480247,1921
1175481247,1911
1175482247,1893
1175483247,1849
1175484247,1836
1175485247,1823
1175486247,1828
1175487247,1859
1175488247,1862
1175489247,1857
1175499666,1855
1175500666,1825
1175501666,1808
1175502666,1817
1175503666,1848
1175504666,1852
1175505666,1857
1175506666,1855
1175507666,1867
1175508666,1876
1175509666,1872
1175510666,1888
1175511666,1911
1175512666,1956
1175513666,1923
1175514666,1917
1175515666,1891
1175516666,1856
1175517666,1837
1175518666,1819
1175529093,1905
1175530093,1901
1175531093,1897
1175532093,1872
1175533093,1843
1175534093,1834
1175535093,1823
1175536093,1839
1175537093,1856
1175538093,1870
1175539093,1879
1175540093,1876
1175541093,1889
1175542093,1887
1175543093,1883
1175544093,1882
1175545093,1899
1175546093,1905
1175547093,1891
1175548093,1873
1175558520,1887
1175559520,1891
1175560520,1885
1175561520,1903
1175562520,1924
1175563520,1907
1175564520,1893
1175565520,1884
1175566520,1851
1175567520,1830
1175568520,1809
1175569520,1827
1175570520,1831
1175571520,1859
1175572520,1876
1175573520,1882
1175574520,1893
1175575520,1891
1175576520,1897
1175586974,1853
1175587974,1847
1175588974,1863
1175589974,1865
1175590974,1872
1175591974,1879
1175592974,1872
1175593974,1879
1175594974,1913
1175595974,1915
1175596974,1919
1175597974,1895
1175598974,1875
1175599974,1847
1175600974,1827
1175601974,1826
1175602974,1831
1175603974,1842
1175604974,1857
1175605974,1860
1175616401,1853
1175617401,1833
1175618401,1745
1175619401,1838
1175620401,1852
1175621401,1840
1175622401,1867
1175623401,1867
1175624401,1883
1175625401,1877
1175626401,1883
1175627401,1904
1175628401,1927
1175629401,1942
1175630401,1917
1175631401,1890
1175632401,1872
1175633401,1840
1175634401,1822
1175635401,1815
1175645845,1928
1175646845,1921
1175647845,1901
1175648845,1889
1175649845,1859
1175650845,1832
1175651845,1823
1175652845,1855
1175653845,1855
1175654845,1853
1175655845,1843
1175656845,1862
1175657845,1862
1175658845,1872
1175659845,1868
1175660845,1863
1175661845,1890
1175662845,1904
1175663845,1884
1175664845,1872
1175675272,1886
1175676272,1891
1175677272,1883
1175678272,1904
1175679272,1904
1175680272,1903
1175681272,1881
1175682272,1857
1175683272,1831
1175684272,1809
1175685272,1814
1175686272,1835
1175687272,1857
1175688272,1871
1175689272,1870
1175690272,1872
1175691272,1883
1175692272,1891
1175693272,1878
1175694272,1892
1175704699,1876
1175705699,1871
1175706699,1872
1175707699,1874
1175708699,1881
1175709699,1872
1175710699,1879
1175711699,1901
1175712699,1901
1175713699,1889
1175714699,1872
1175715699,1851
1175716699,1827
1175717699,1820
1175718699,1820
1175719699,1847
1175720699,1860
1175721699,1872
1175722699,1865
1175723699,1875
1175734125,1857
1175735125,1861
1175736125,1879
1175737125,1873
1175738125,1889
1175739125,1869
1175740125,1865
1175741125,1872
1175742125,1857
1175743125,1861
1175744125,1844
1175745125,1856
1175746125,1873
1175747125,1861
1175748125,1863
1175749125,1859
1175750125,1840
1175751125,1870
1175752125,1831
1175762581,1929
1175763581,1927
1175764581,1902
1175765581,1884
1175766581,1848
1175767581,1840
1175768581,1811
1175769581,1827
1175770581,1840
1175771581,1850
1175772581,1861
1175773581,1859
1175774581,1883
1175775581,1884
1175776581,1875
1175777581,1903
1175778581,1919
1175779581,1924
1175780581,1917
1175781581,1891
1175792007,1875
1175793007,1894
1175794007,1882
1175795007,1914
1175796007,1915
1175797007,1905
1175798007,1902
1175799007,1883
1175800007,1857
1175801007,1838
1175802007,1837
1175803007,1841
1175804007,1861
1175805007,1856
1175806007,1867
1175807007,1869
1175808007,1871
1175809007,1868
1175810007,1856
1175811007,1873
1175821451,1840
1175822451,1817
1175823451,1823
1175824451,1840
1175825451,1846
1175826451,1848
1175827451,1876
1175828451,1925
1175829451,1963
1175830451,1957
1175831451,1936
1175832451,1907
1175833451,1869
1175834451,1834
1175835451,1832
1175836451,1839
1175837451,1836
1175838451,1830
1175839451,1826
1175840451,1840
1175850878,1812
1175851878,1797
1175852878,1804
1175853878,1813
1175854878,1839
1175855878,1872
1175856878,1885
1175857878,1967
1175858878,1934
1175859878,1904
1175860878,1932
1175861878,1920
1175862878,1882
1175863878,1879
1175864878,1850
1175865878,1806
1175866878,1765
1175867878,1732
1175868878,1741
1175869878,1775
1175880304,1895
1175881304,1882
1175882304,1849
1175883304,1819
1175884304,1788
1175885304,1788
1175886304,1808
1175887304,1839
1175888304,1851
1175889304,1856
1175890304,1866
1175891304,1879
1175892304,1870
1175893304,1871
1175894304,1872
1175895304,1908
1175896304,1909
1175897304,1897
1175898304,1885
1175899304,1871
1175909731,1830
1175910731,1839
1175911731,1841
1175912731,1855
1175913731,1851
1175914731,1869
1175915731,1869
1175916731,1862
1175917731,1871
1175918731,1861
1175919731,1861
1175920731,1865
1175921731,1887
1175922731,1911
1175923731,1915
1175924731,1916
1175925731,1869
1175926731,1863
1175927731,1872
1175938186,1830
1175939186,1835
1175940186,1837
1175941186,1842
1175942186,1847
1175943186,1851
1175944186,1865
1175945186,1893
1175946186,1898
1175947186,1904
1175948186,1924
1175949186,1892
1175950186,1858
1175951186,1828
1175952186,1820
1175953186,1827
1175954186,1837
1175955186,1853
1175956186,1843
1175957186,1869
1175967613,1776
1175968613,1808
1175969613,1831
1175970613,1839
1175971613,1840
1175972613,1834
1175973613,1846
1175974613,1865
1175975613,1877
1175976613,1887
1175977613,1907
1175978613,1923
1175979613,1934
1175980613,1909
1175981613,1899
1175982613,1904
1175983613,1883
1175984613,1889
1175985613,1859
1175986613,1872
1175997057,1874
1175998057,1889
1175999057,1853
1176000057,1873
1176001057,1859
1176002057,1864
1176003057,1868
1176004057,1892
1176005057,1888
1176006057,1877
1176007057,1882
1176008057,1872
1176009057,1859
1176010057,1844
1176011057,1842
1176012057,1857
1176013057,1873
1176014057,1872
1176015057,1856
1176016057,1839
1176026483,1847
1176027483,1841
1176028483,1841
1176029483,1839
1176030483,1819
1176031483,1831
1176032483,1828
1176033483,1843
1176034483,1825
1176035483,1796
1176036483,1852
1176037483,1872
1176038483,1885
1176039483,1855
1176040483,1889
1176041483,1897
1176042483,1900
1176043483,1895
1176044483,1935
1176045483,1955
1176055910,1800
1176056910,1809
1176057910,1819
1176058910,1838
1176059910,1859
1176060910,1877
1176061910,1856
1176062910,1843
1176063910,1922
1176064910,1936
1176065910,1909
1176066910,1891
1176067910,1857
1176068910,1849
1176069910,1851
1176070910,1857
1176071910,1872
1176072910,1866
1176073910,1861
1176074910,1860
1176085337,1778
1176086337,1795
1176087337,1809
1176088337,1820
1176089337,1839
1176090337,1875
1176091337,1921
1176092337,1941
1176093337,1936
1176094337,1930
1176095337,1941
1176096337,1936
1176097337,1903
1176098337,1863
1176099337,1823
1176100337,1802
1176101337,1776
1176102337,1778
1176103337,1805
1176113792,1883
1176114792,1877
1176115792,1862
1176116792,1853
1176117792,1840
1176118792,1841
1176119792,1843
1176120792,1855
1176121792,1859
1176122792,1843
1176123792,1844
1176124792,1841
1176125792,1884
1176126792,1849
1176127792,1878
1176128792,1904
1176129792,1926
1176130792,1930
1176131792,1935
1176132792,1904
1176143224,1914
1176144224,1949
1176145225,2029
1176146225,2000
1176147225,1961
1176148225,1905
1176149225,1872
1176150225,1781
1176151225,1744
1176152225,1725
1176153225,1735
1176154225,1745
1176155225,1741
1176156225,1787
1176157225,1797
1176158225,1809
1176159225,1843
1176160225,1871
1176161225,1887
1176162225,1905
1176172662,1871
1176173662,1877
1176174662,1891
1176175662,1879
1176176662,1871
1176177662,1872
1176178662,1891
1176179662,1888
1176180662,1877
1176181662,1845
1176182662,1817
1176183662,1776
1176184662,1763
1176185662,1783
1176186662,1813
1176187662,1840
1176188662,1850
1176189662,1855
1176190662,1871
1176191662,1867
1176202089,1857
1176203089,1839
1176204089,1828
1176205089,1823
1176206089,1799
1176207089,1795
1176208089,1788
1176209089,1776
1176210089,1777
1176211089,1815
1176212089,1857
1176213089,1885
1176214089,1882
1176215089,1884
1176216089,1840
1176217089,1819
1176218089,1810
1176219089,1824
1176220089,1829
1176221089,1840
1176231516,1840
1176232516,1803
1176233516,1742
1176234516,1737
1176235516,1764
1176236516,1782
1176237516,1793
1176238516,1808
1176239516,1839
1176240516,1857
1176241516,1856
1176242516,1869
1176243516,1874
1176244516,1893
1176245516,1907
1176246516,1915
1176247516,1916
1176248516,1899
1176249516,1874
1176250516,1854
1176260943,1876
1176261943,1911
1176262943,1928
1176263943,1946
1176264943,1956
1176265943,1899
1176266943,1836
1176267943,1787
1176268943,1781
1176269943,1773
1176270943,1765
1176271943,1747
1176272943,1763
1176273943,1793
1176274943,1867
1176275943,1921
1176276943,1948
1176277943,1962
1176278943,1949
1176289398,1854
1176290398,1871
1176291398,1867
1176292398,1855
1176293398,1848
1176294398,1869
1176295398,1900
1176296398,1904
1176297398,1893
1176298398,1883
1176299398,1851
1176300398,1813
1176301398,1777
1176302398,1788
1176303398,1801
1176304398,1809
1176305398,1815
1176306398,1835
1176307398,1845
1176308398,1852
1176318824,1742
1176319824,1818
1176320824,1835
1176321824,1815
1176322824,1795
1176323824,1808
1176324824,1839
1176325824,1833
1176326824,1853
1176327824,1873
1176328824,1895
1176329824,1889
1176330824,1879
1176331824,1872
1176332824,1849
1176333824,1824
1176334824,1810
1176335824,1828
1176336824,1839
1176337824,1876
1176348268,1811
1176349268,1833
1176350268,1833
1176351268,1829
1176352268,1801
1176353268,1808
1176354268,1797
1176355268,1788
1176356268,1775
1176357268,1785
1176358268,1856
1176359268,1884
1176360268,1888
1176361268,1902
1176362268,1879
1176363268,1890
1176364268,1896
1176365268,1882
1176366268,1815
1176367268,1808
1176377695,1843
1176378695,1876
1176379695,1867
1176380695,1838
1176381695,1835
1176382695,1828
1176383695,1819
1176384695,1817
1176385695,1825
1176386695,1838
1176387695,1857
1176388695,1841
1176389695,1849
1176390695,1858
1176391695,1887
1176392695,1911
1176393695,1909
1176394695,1925
1176395695,1937
1176396695,1933
1176407122,1853
1176408122,1858
1176409122,1884
1176410122,1871
1176411122,1883
1176412122,1918
1176413122,1936
1176414122,1933
1176415122,1913
1176416122,1891
1176417122,1856
1176418122,1822
1176419122,1808
1176420122,1811
1176421122,1808
1176422122,1817
1176423122,1861
1176424122,1910
1176425122,1925
1176426122,1914
1176436549,1802
1176437549,1841
1176438549,1808
1176439549,1870
1176440549,1875
1176441549,1881
1176442549,1882
1176443549,1873
1176444549,1900
1176445549,1955
1176446549,1987
1176447549,1979
1176448549,1968
1176449549,1887
1176450549,1842
1176451549,1799
1176452549,1775
1176453549,1755
1176454549,1757
1176465003,1879
1176466003,1854
1176467003,1827
1176468003,1806
1176469003,1807
1176470003,1827
1176471003,1840
1176472003,1842
1176473003,1853
1176474003,1875
1176475003,1887
1176476003,1899
1176477003,1885
1176478003,1906
1176479003,1913
1176480003,1903
1176481003,1883
1176482003,1840
1176483003,1808
1176484003,1773
1176494430,1871
1176495430,1867
1176496430,1851
1176497430,1825
1176498430,1834
1176499430,1840
1176500430,1839
1176501430,1812
1176502430,1823
1176503430,1840
1176504430,1883
1176505430,1843
1176506430,1837
1176507430,1840
1176508430,1861
1176509430,1853
1176510430,1855
1176511430,1876
1176512430,1898
1176513430,1899
1176523874,1845
1176524874,1859
1176525874,1870
1176526874,1872
1176527874,1919
1176528874,1925
1176529874,1926
1176530874,1882
1176531874,1873
1176532874,1850
1176533874,1809
1176534874,1809
1176535874,1806
1176536874,1813
1176537874,1812
1176538874,1836
1176539874,1871
1176540874,1923
1176541874,1955
1176542874,1967
1176553301,1851
1176554301,1862
1176555301,1867
1176556301,1872
1176557301,1884
1176558301,1880
1176559301,1863
1176560301,1861
1176561301,1872
1176562301,1908
1176563301,1912
1176564301,1907
1176565301,1892
1176566301,1853
1176567301,1824
1176568301,1811
1176569301,1817
1176570301,1839
1176571301,1839
1176572301,1838
1176582728,1904
1176583728,1872
1176584728,1837
1176585728,1808
1176586728,1809
1176587728,1814
1176588728,1824
1176589728,1841
1176590728,1849
1176591728,1852
1176592728,1845
1176593728,1843
1176594728,1882
1176595728,1883
1176596728,1895
1176597728,1887
1176598728,1870
1176599728,1863
1176600728,1841
1176601728,1833
1176612155,1974
1176613155,1907
1176614155,1846
1176615155,1790
1176616155,1758
1176617155,1754
1176618155,1733
1176619155,1751
1176620155,1776
1176621155,1821
1176622155,1838
1176623155,1872
1176624155,1870
1176625155,1844
1176626155,1873
1176627155,1871
1176628155,1883
1176629155,1909
1176630155,1902
1176640609,1868
1176641609,1867
1176642609,1859
1176643609,1860
1176644609,1889
1176645609,1902
1176646609,1899
1176647609,1889
1176648609,1872
1176649609,1835
1176650609,1803
1176651609,1794
1176652609,1797
1176653609,1830
1176654609,1861
1176655609,1849
1176656609,1854
1176657609,1865
1176658609,1867
1176659609,1846
1176670036,1841
1176671036,1857
1176672036,1855
1176673036,1848
1176674036,1859
1176675036,1901
1176676036,1856
1176677036,1853
1176678036,1883
1176679036,1904
1176680036,1913
1176681036,1888
1176682036,1881
1176683036,1857
1176684036,1856
1176685036,1819
1176686036,1837
1176687036,1851
1176688036,1859
1176689036,1877
1176699488,1856
1176700488,1825
1176701488,1820
1176702488,1813
1176703488,1819
1176704488,1852
1176705488,1856
1176706488,1861
1176707488,1871
1176708488,1878
1176709488,1874
1176710488,1875
1176711488,1903
1176712488,1919
1176713488,1941
1176714488,1940
1176715488,1922
1176716488,1913
1176717488,1840
1176718488,1857
1176728907,1889
1176729907,1901
1176730907,1870
1176731907,1873
1176732907,1855
1176733907,1835
1176734907,1832
1176735907,1845
1176736907,1856
1176737907,1876
1176738907,1920
1176739907,1875
1176740907,1902
1176741907,1913
1176742907,1911
1176743907,1909
1176744907,1892
1176745907,1877
1176746907,1840
1176747907,1843
1176758334,1881
1176759334,1887
1176760334,1889
1176761334,1899
1176762334,1935
1176763334,1904
1176764334,1899
1176765334,1900
1176766334,1883
1176767334,1858
1176768334,1863
1176769334,1881
1176770334,1909
1176771334,1905
1176772334,1893
1176773334,1866
1176774334,1827
1176775334,1808
1176776334,1799
1176777334,1804
1176787761,1865
1176788761,1865
1176789761,1876
1176790761,1891
1176791761,1889
1176792761,1883
1176793761,1870
1176794761,1904
1176795761,1942
1176796761,1965
1176797761,1931
1176798761,1879
1176799761,1809
1176800761,1769
1176801761,1776
1176802761,1830
1176803761,1840
1176804761,1877
1176805761,1872
1176816215,1861
1176817215,1833
1176818215,1805
1176819215,1809
1176820215,1829
1176821215,1839
1176822215,1859
1176823215,1871
1176824215,1875
1176825215,1881
1176826215,1886
1176827215,1874
1176828215,1932
1176829215,1935
1176830215,1928
1176831215,1884
1176832215,1853
1176833215,1819
1176834215,1785
1176835215,1808
1176845642,1939
1176846642,1942
1176847642,1911
1176848642,1899
1176849642,1874
1176850642,1845
1176851642,1840
1176852642,1815
1176853642,1809
1176854642,1813
1176855642,1823
1176856642,1830
1176857642,1853
1176858642,1863
1176859642,1872
1176860642,1887
1176861642,1910
1176862642,1909
1176863642,1904
1176864642,1887
1176875086,1852
1176876086,1861
1176877086,1871
1176878086,1893
1176879086,1913
1176880086,1902
1176881086,1885
1176882086,1878
1176883086,1851
1176884086,1828
1176885086,1819
1176886086,1837
1176887086,1846
1176888086,1857
1176889086,1860
1176890086,1865
1176891086,1887
1176892086,1898
1176893086,1885
1176894086,1899
1176904513,1840
1176905513,1851
1176906513,1861
1176907513,1869
1176908513,1871
1176909513,1871
1176910513,1873
1176911513,1907
1176912513,1916
1176913513,1905
1176914513,1889
1176915513,1883
1176916513,1866
1176917513,1841
1176918513,1828
1176919513,1842
1176920513,1840
1176921513,1847
1176922513,1855
1176923513,1852
1176933940,1788
1176934940,1772
1176935940,1805
1176936940,1825
1176937940,1861
1176938940,1854
1176939940,1827
1176940940,1840
1176941940,1851
1176942940,1867
1176943940,1896
1176944940,1931
1176945940,1939
1176946940,1921
1176947940,1911
1176948940,1878
1176949940,1853
1176950940,1827
1176951940,1819
1176952940,1819
1176963367,1947
1176964367,1929
1176965367,1897
1176966367,1835
1176967367,1808
1176968367,1798
1176969367,1809
1176970367,1824
1176971367,1843
1176972367,1841
1176973367,1840
1176974367,1844
1176975367,1859
1176976367,1866
1176977367,1877
1176978367,1902
1176979367,1903
1176980367,1903
1176981367,1875
1176991821,1879
1176992821,1903
1176993821,1904
1176994821,1917
1176995821,1949
1176996821,1948
1176997821,1899
1176998821,1846
1176999821,1811
1177000821,1792
1177001821,1809
1177002821,1832
1177003821,1853
1177004821,1860
1177005821,1840
1177006821,1851
1177007821,1871
1177008821,1881
1177009821,1891
1177010821,1909
1177021250,1867
1177022250,1856
1177023250,1857
1177024250,1883
1177025250,1885
1177026250,1861
1177027250,1870
1177028250,1997
1177029250,1946
1177030250,1834
1177031250,1771
1177032250,1739
1177033250,1727
1177034250,1733
1177035250,1833
1177036250,1879
1177037250,1900
1177038250,1861
1177039250,1882
1177040250,1873
1177050692,1712
1177051692,1804
1177052692,1871
1177053692,1881
1177054692,1831
1177055692,1855
1177056692,1882
1177057692,1910
1177058692,1875
1177059692,1858
1177060692,1900
1177061692,1989
1177062692,1942
1177063692,1810
1177064692,1773
1177065692,1739
1177066692,1698
1177067692,1692
1177068692,1793
1177069692,1887
1177080119,1839
1177081119,1782
1177082119,1767
1177083119,1717
1177084119,1677
1177085119,1776
1177086119,1836
1177087119,1857
1177088119,1852
1177089119,1878
1177090119,1879
1177091119,1914
1177092119,1867
1177093119,1850
1177094119,1921
1177095119,1981
1177096119,1887
1177097119,1747
1177098119,1731
1177099119,1731
1177109546,1841
1177110546,1887
1177111546,1982
1177112546,1894
1177113546,1759
1177114546,1723
1177115546,1723
1177116546,1689
1177117546,1733
1177118546,1859
1177119546,1909
1177120546,1911
1177121546,1857
1177122546,1879
1177123546,1900
1177124546,1873
1177125546,1836
1177126546,1834
1177127546,1980
1177128546,1986
1177138972,1853
1177139972,1869
1177140972,1883
1177141972,1873
1177142972,1861
1177143972,1934
1177144972,1984
1177145972,1872
1177146972,1773
1177147972,1760
1177148972,1739
1177149972,1681
1177150972,1743
1177151972,1839
1177152972,1903
1177153972,1923
1177154972,1833
1177155972,1879
1177156972,1921
1177167427,1728
1177168427,1847
1177169427,1861
1177170427,1900
1177171427,1852
1177172427,1869
1177173427,1876
1177174427,1876
1177175427,1850
1177176427,1840
1177177427,1975
1177178427,1963
1177179427,1853
1177180427,1743
1177181427,1740
1177182427,1667
1177183427,1681
1177184427,1776
1177185427,1893
1177186427,1924
1177196854,1728
1177197854,1718
1177198854,1726
1177199854,1712
1177200854,1808
1177201854,1917
1177202854,1922
1177203854,1873
1177204854,1799
1177205854,1854
1177206854,1884
1177207854,1883
1177208854,1874
1177209854,1867
1177210854,2032
1177211854,1975
1177212854,1808
1177213854,1694
1177214854,1721
1177215854,1600
1177226298,1856
1177227298,2000
1177228298,1972
1177229298,1838
1177230298,1717
1177231298,1723
1177232298,1670
1177233298,1724
1177234298,1836
1177235298,1921
1177236298,1917
1177237298,1907
1177238298,1837
1177239298,1872
1177240298,1877
1177241298,1857
1177242298,1821
1177243298,1808
1177244298,1989
1177245298,1899
1177255725,1890
1177256725,1905
1177257725,1900
1177258725,1860
1177259725,1874
1177260725,2029
1177261725,1970
1177262725,1841
1177263725,1713
1177264725,1713
1177265725,1617
1177266725,1667
1177267725,1823
1177268725,1919
1177269725,1930
1177270725,1916
1177271725,1856
1177272725,1889
1177273725,1907
1177274725,1873
1177285152,1943
1177286152,1955
1177287152,1922
1177288152,1843
1177289152,1861
1177290152,1855
1177291152,1836
1177292152,1808
1177293152,1815
1177294152,2016
1177295152,1943
1177296152,1805
1177297152,1712
1177298152,1745
1177299152,1634
1177300152,1699
1177301152,1828
1177302152,1897
1177303152,1899
1177304152,1888
1177314583,1712
1177315583,1659
1177316583,1712
1177317583,1827
1177318583,1904
1177319583,1929
1177320583,1928
1177321583,1887
1177322583,1904
1177323583,1929
1177324583,1904
1177325583,1843
1177326583,1836
1177327583,1973
1177328583,1896
1177329583,1766
1177330583,1691
1177331583,1727
1177332583,1649
1177343033,1825
1177344033,1994
1177345033,1948
1177346033,1791
1177347033,1684
1177348033,1724
1177349033,1648
1177350033,1726
1177351033,1900
1177352033,1929
1177353033,1935
1177354033,1911
1177355033,1840
1177356033,1875
1177357033,1904
1177358033,1909
1177359033,1860
1177360033,1852
1177361033,2032
1177362033,1963
1177372460,1895
1177373460,1927
1177374460,1889
1177375460,1839
1177376460,1828
1177377460,2003
1177378460,1901
1177379460,1761
1177380460,1689
1177381460,1740
1177382460,1647
1177383460,1735
1177384460,1891
1177385460,1957
1177386460,1925
1177387460,1897
1177388460,1824
1177389460,1869
1177390460,1859
1177391460,1874
1177401904,1895
1177402904,1911
1177403904,1882
1177404904,1811
1177405904,1872
1177406904,1879
1177407904,1872
1177408904,1859
1177409904,1863
1177410904,2073
1177411904,1972
1177412904,1808
1177413904,1722
1177414904,1740
1177415904,1612
1177416904,1705
1177417904,1841
1177418904,1912
1177419904,1905
1177420904,1872
1177431331,1717
1177432331,1625
1177433331,1707
1177434331,1870
1177435331,1921
1177436331,1931
1177437331,1918
1177438331,1887
1177439331,1921
1177440331,1918
1177441331,1898
1177442331,1890
1177443331,1841
1177444331,2019
1177445331,1937
1177446331,1796
1177447331,1651
1177448331,1707
1177449331,1584
1177450331,1683
1177460757,2000
1177461757,1936
1177462757,1830
1177463757,1734
1177464757,1757
1177465757,1659
1177466757,1757
1177467757,1853
1177468757,1935
1177469757,1919
1177470757,1839
1177471757,1849
1177472757,1894
1177473757,1903
1177474757,1854
1177475757,1828
1177476757,1825
1177477757,2000
1177478757,1908
1177479757,1766
1177490184,1866
1177491184,1880
1177492184,1873
1177493184,1863
1177494184,2094
1177495184,1989
1177496184,1792
1177497184,1661
1177498184,1688
1177499184,1589
1177500184,1711
1177501184,1863
1177502184,1925
1177503184,1919
1177504184,1885
1177505184,1859
1177506184,1894
1177507184,1903
1177508184,1858
1177518639,1947
1177519639,1937
1177520639,1903
1177521639,1808
1177522639,1851
1177523639,1925
1177524639,1876
1177525639,1842
1177526639,1836
1177527639,2006
1177528639,1908
1177529639,1775
1177530639,1721
1177531639,1757
1177532639,1637
1177533639,1742
1177534639,1889
1177535639,1923
1177536639,1913
1177537639,1840
1177548066,1745
1177549066,1663
1177550066,1745
1177551066,1892
1177552066,1990
1177553066,1905
1177554066,1865
1177555066,1794
1177556066,1861
1177557066,1904
1177558066,1855
1177559066,1844
1177560066,1830
1177561066,2023
1177562066,1925
1177563066,1806
1177564066,1735
1177565066,1744
1177566066,1647
1177567066,1744
1177577510,2043
1177578510,1943
1177579510,1781
1177580510,1680
1177581510,1700
1177582510,1600
1177583510,1696
1177584510,1859
1177585510,1926
1177586510,1905
1177587510,1880
1177588510,1845
1177589510,1891
1177590510,1881
1177591510,1883
1177592510,1852
1177593510,1881
1177594510,2008
1177595510,1886
1177596510,1738
1177606936,1920
1177607936,1899
1177608936,1857
1177609936,1805
1177610936,1948
1177611936,1831
1177612936,1682
1177613936,1616
1177614936,1734
1177615936,1651
1177616936,1759
1177617936,1904
1177618936,1956
1177619936,1951
1177620936,1925
1177621936,1899
1177622936,1923
1177623936,1917
1177624936,1870
1177625936,1832
1177636363,1933
1177637363,1920
1177638363,1865
1177639363,1905
1177640363,1905
1177641363,1872
1177642363,1792
1177643363,1840
1177644363,2099
1177645363,1879
1177646363,1737
1177647363,1757
1177648363,1744
1177649363,1645
1177650363,1759
1177651363,1888
1177652363,1932
1177653363,1917
1177654363,1869
1177655363,1876
1177665790,1639
1177666790,1711
1177667790,1840
1177668790,1886
1177669790,1872
1177670790,1835
1177671790,1785
1177672790,1840
1177673790,1889
1177674790,1872
1177675790,1866
1177676790,1905
1177677790,2056
1177678790,1937
1177679790,1799
1177680790,1745
1177681790,1775
1177682790,1678
1177683790,1750
1177694244,2035
1177695244,1943
1177696244,1806
1177697244,1700
1177698244,1727
1177699244,1616
1177700244,1717
1177701244,1854
1177702244,1922
1177703244,1913
1177704244,1872
1177705244,1851
1177706244,1862
1177707244,1899
1177708244,1890
1177709244,1870
1177710244,1932
1177711244,2009
1177712244,1869
1177713244,1702
1177723672,1936
1177724672,1872
1177725672,1831
1177726672,1817
1177727672,1995
1177728672,1887
1177729672,1765
1177730672,1703
1177731672,1727
1177732672,1616
1177733672,1750
1177734672,1887
1177735672,1932
1177736672,1917
1177737672,1897
1177738672,1894
1177739672,1941
1177740672,1937
1177741672,1875
1177742672,1850
1177753115,1926
1177754115,1882
1177755115,1831
1177756115,1873
1177757115,1895
1177758115,1877
1177759115,1852
1177760115,1862
1177761115,1975
1177762115,1867
1177763115,1732
1177764115,1723
1177765115,1750
1177766115,1668
1177767115,1803
1177768115,1930
1177769115,1975
1177770115,1940
1177771115,1861
1177772115,1839
1177782542,1628
1177783542,1752
1177784542,1913
1177785542,1963
1177786542,1940
1177787542,1893
1177788542,1855
1177789542,1888
1177790542,1901
1177791542,1879
1177792542,1840
1177793542,1888
1177794542,1984
1177795542,1811
1177796542,1729
1177797542,1762
1177798542,1748
1177799542,1695
1177800542,1777
1177801542,1909
1177811969,1859
1177812969,1756
1177813969,1696
1177814969,1732
1177815969,1645
1177816969,1738
1177817969,1925
1177818969,1936
1177819969,1922
1177820969,1872
1177821969,1899
1177822969,1922
1177823969,1956
1177824969,1901
1177825969,1818
1177826969,1873
1177827969,1925
1177828969,1799
1177829969,1666
1177830969,1677
1177841396,1839
1177842396,1827
1177843396,1834
1177844396,2007
1177845396,1931
1177846396,1819
1177847396,1760
1177848396,1775
1177849396,1673
1177850396,1776
1177851396,1905
1177852396,1931
1177853396,1911
1177854396,1852
1177855396,1872
1177856396,1892
1177857396,1879
1177858396,1825
1177859396,1801
1177869851,1933
1177870851,1894
1177871851,1867
1177872851,1888
1177873851,1904
1177874851,1865
1177875851,1850
1177876851,1899
1177877851,2002
1177878851,1885
1177879851,1722
1177880851,1693
1177881851,1711
1177882851,1669
1177883851,1776
1177884851,1905
1177885851,1948
1177886851,1939
1177887851,1903
1177888851,1860
1177899277,1677
1177900277,1784
1177901277,1915
1177902277,1939
1177903277,1919
1177904277,1885
1177905277,1868
1177906277,1889
1177907277,1904
1177908277,1842
1177909277,1829
1177910277,1899
1177911277,1962
1177912277,1837
1177913277,1695
1177914277,1711
1177915277,1712
1177916277,1715
1177917277,1860
1177918277,1967
1177928721,1861
1177929721,1744
1177930721,1701
1177931721,1749
1177932721,1665
1177933721,1796
1177934721,1925
1177935721,1969
1177936721,1973
1177937721,1866
1177938721,1882
1177939721,1891
1177940721,1881
1177941721,1845
1177942721,1840
1177943721,1984
1177944721,1978
1177945721,1843
1177946721,1665
1177947721,1657
1177958148,1884
1177959148,1834
1177960148,1905
1177961148,1993
1177962148,1876
1177963148,1705
1177964148,1661
1177965148,1706
1177966148,1649
1177967148,1762
1177968148,1901
1177969148,1905
1177970148,1899
1177971148,1867
1177972148,1899
1177973148,1931
1177974148,1967
1177975148,1936
1177976148,1898
1177977148,2000
1177987580,1843
1177988580,1853
1177989580,1893
1177990580,1953
1177991580,1888
1177992580,1868
1177993580,1942
1177994580,2015
1177995580,1875
1177996580,1757
1177997580,1741
1177998580,1705
1177999580,1621
1178000580,1727
1178001580,1865
1178002580,1911
1178003580,1935
1178004580,1851
1178005580,1911
1178006580,1894
1178017002,1776
1178018002,1893
1178019002,1917
1178020002,1891
1178021002,1836
1178022002,1846
1178023002,1859
1178024002,1883
1178025002,1843
1178026002,1843
1178027002,1951
1178028002,1985
1178029002,1871
1178030002,1728
1178031002,1712
1178032002,1690
1178033002,1680
1178034002,1806
1178035002,1923
1178045456,1878
1178046456,1712
1178047456,1705
1178048456,1736
1178049456,1669
1178050456,1787
1178051456,1921
1178052456,1929
1178053456,1883
1178054456,1792
1178055456,1808
1178056456,1825
1178057456,1865
1178058456,1798
1178059456,1840
1178060456,2019
1178061456,2006
1178062456,1872
1178063456,1745
1178064456,1748
1178074883,1879
1178075883,1840
1178076883,1881
1178077883,1986
1178078883,1879
1178079883,1714
1178080883,1676
1178081883,1698
1178082883,1649
1178083883,1772
1178084883,1890
1178085883,1916
1178086883,1904
1178087883,1837
1178088883,1917
1178089883,1931
1178090883,1960
1178091883,1905
1178092883,1873
1178093883,1987
1178104327,1872
1178105327,1856
1178106327,1861
1178107327,1863
1178108327,1807
1178109327,1819
1178110327,1946
1178111327,1969
1178112327,1869
1178113327,1756
1178114327,1747
1178115327,1709
1178116327,1678
1178117327,1785
1178118327,1903
1178119327,1910
1178120327,1877
1178121327,1808
1178122327,1895
1178123327,1936
1178133754,1745
1178134754,1885
1178135754,1938
1178136754,1927
1178137754,1861
1178138754,1869
1178139754,1884
1178140754,1905
1178141754,1879
1178142754,1843
1178143754,1968
1178144754,1964
1178145754,1830
1178146754,1697
1178147754,1713
1178148754,1633
1178149754,1667
1178150754,1792
1178151754,1939
1178152754,1968
1178163181,1711
1178164181,1739
1178165181,1772
1178166181,1725
1178167181,1830
1178168181,1943
1178169181,1926
1178170181,1899
1178171181,1809
1178172181,1841
1178173181,1853
1178174181,1834
1178175181,1809
1178176181,1813
1178177181,1940
1178178181,1954
1178179181,1817
1178180181,1683
1178181181,1719
1178182181,1648
1178192608,1827
1178193608,1887
1178194608,1963
1178195608,1820
1178196608,1707
1178197608,1689
1178198608,1666
1178199608,1675
1178200608,1774
1178201608,1888
1178202608,1903
1178203608,1898
1178204608,1853
1178205608,1919
1178206608,1931
1178207608,1915
1178208608,1851
1178209608,1833
1178210608,2011
1178221062,1844
1178222062,1858
1178223062,1891
1178224062,1897
1178225062,1851
1178226062,1837
1178227062,1955
1178228062,1941
1178229062,1792
1178230062,1644
1178231062,1649
1178232062,1662
1178233062,1687
1178234062,1823
1178235062,1905
1178236062,1934
1178237062,1935
1178238062,1889
1178239062,1939
1178240062,1951
1178250489,1828
1178251489,1936
1178252489,1943
1178253489,1916
1178254489,1830
1178255489,1840
1178256489,1851
1178257489,1873
1178258489,1797
1178259489,1833
1178260489,1985
1178261489,1949
1178262489,1831
1178263489,1719
1178264489,1767
1178265489,1705
1178266489,1731
1178267489,1835
1178268489,1924
1178269489,1923
1178279933,1687
1178280933,1716
1178281933,1707
1178282933,1712
1178283933,1812
1178284933,1916
1178285933,1927
1178286933,1897
1178287933,1813
1178288933,1860
1178289933,1853
1178290933,1873
1178291933,1844
1178292933,1840
1178293933,2032
1178294933,1968
1178295933,1845
1178296933,1758
1178297933,1776
1178298933,1638
1178309360,1808
1178310360,1961
1178311360,1957
1178312360,1829
1178313360,1713
1178314360,1736
1178315360,1738
1178316360,1774
1178317360,1840
1178318360,1932
1178319360,1919
1178320360,1852
1178321360,1787
1178322360,1875
1178323360,1899
1178324360,1919
1178325360,1886
1178326360,1861
1178327360,2055
1178328360,1969
1178338787,1833
1178339787,1827
1178340787,1851
1178341787,1841
1178342787,1867
1178343787,2058
1178344787,1996
1178345787,1833
1178346787,1699
1178347787,1753
1178348787,1675
1178349787,1735
1178350787,1860
1178351787,1953
1178352787,1968
1178353787,1937
1178354787,1841
1178355787,1916
1178356787,1900
1178357787,1861
1178368214,1989
1178369214,2058
1178370214,1989
1178371214,1860
1178372214,1850
1178373214,1871
1178374214,1881
1178375214,1820
1178376214,1862
1178377214,2046
1178378214,1987
1178379214,1803
1178380214,1647
1178381214,1664
1178382214,1615
1178383214,1690
1178384214,1803
1178385214,1936
1178386214,1913
1178396668,1674
1178397668,1651
1178398668,1621
1178399668,1681
1178400668,1840
1178401668,1991
1178402668,2002
1178403668,1963
1178404668,1857
1178405668,1839
1178406668,1834
1178407668,1827
1178408668,1841
1178409668,1845
1178410668,2002
1178411668,1904
1178412668,1776
1178413668,1696
1178414668,1759
1178415668,1657
1178426095,1888
1178427095,2027
1178428095,1977
1178429095,1859
1178430095,1709
1178431095,1760
1178432095,1687
1178433095,1724
1178434095,1831
1178435095,1904
1178436095,1919
1178437095,1891
1178438095,1803
1178439095,1872
1178440095,1873
1178441095,1853
1178442095,1837
1178443095,1793
1178444095,1980
1178445095,1805
1178455539,1982
1178456539,1978
1178457539,1934
1178458539,1879
1178459539,1804
1178460539,1941
1178461539,1852
1178462539,1711
1178463539,1617
1178464539,1701
1178465539,1629
1178466539,1741
1178467539,1874
1178468539,1954
1178469539,1922
1178470539,1915
1178471539,1863
1178472539,1923
1178473539,1931
1178474539,1958
1178484966,1914
1178485966,1965
1178486966,1920
1178487966,1805
1178488966,1834
1178489966,1871
1178490966,1879
1178491966,1849
1178492966,1861
1178493966,2046
1178494966,1937
1178495966,1795
1178496966,1754
1178497966,1829
1178498966,1713
1178499966,1763
1178500966,1870
1178501966,1922
1178502966,1839
1178503966,1748
1178514393,1747
1178515393,1667
1178516393,1684
1178517393,1785
1178518393,1817
1178519393,1845
1178520393,1880
1178521393,1872
1178522393,1981
1178523393,1997
1178524393,1894
1178525393,1823
1178526393,1790
1178527393,2013
1178528393,1958
1178529393,1853
1178530393,1787
1178531393,1838
1178532393,1705
1178533393,1738
1178543820,2021
1178544820,1943
1178545820,1745
1178546820,1691
1178547820,1709
1178548820,1649
1178549820,1685
1178550820,1799
1178551820,1919
1178552820,1951
1178553820,1944
1178554820,1851
1178555820,1867
1178556820,1818
1178557820,1815
1178558820,1751
1178559820,1789
1178560820,2032
1178561820,1916
1178572274,1877
1178573274,1892
1178574274,1904
1178575274,1892
1178576274,1882
1178577274,2083
1178578274,1999
1178579274,1856
1178580274,1744
1178581274,1749
1178582274,1616
1178583274,1709
1178584274,1853
1178585274,1903
1178586274,1849
1178587274,1773
1178588274,1691
1178589274,1735
1178590274,1799
1178591274,1852
1178601701,1829
1178602701,1825
1178603701,1857
1178604701,1855
1178605701,1926
1178606701,1925
1178607701,1863
1178608701,1841
1178609701,1863
1178610701,2071
1178611701,1953
1178612701,1781
1178613701,1679
1178614701,1714
1178615701,1615
1178616701,1745
1178617701,1893
1178618701,1949
1178619701,1919
1178620701,1894
1178631145,1795
1178632145,1691
1178633145,1773
1178634145,1877
1178635145,1985
1178636145,2000
1178637145,1953
1178638145,1860
1178639145,1900
1178640145,1933
1178641145,1919
1178642145,1885
1178643145,1840
1178644145,1984
1178645145,1833
1178646145,1662
1178647145,1595
1178648145,1659
1178649145,1569
1178650145,1728
1178660576,2023
1178661576,1969
1178662576,1840
1178663576,1785
1178664576,1837
1178665576,1680
1178666576,1673
1178667576,1709
1178668576,1709
1178669576,1712
1178670576,1727
1178671576,1784
1178672576,1927
1178673576,2148
1178674576,2044
1178675576,1957
1178676576,1885
1178677576,2076
1178678576,1955
1178679576,1811
1178689999,1954
1178690999,1925
1178691999,1886
1178692999,1868
1178693999,2021
1178694999,1863
1178695999,1664
1178696999,1525
1178697999,1585
1178698999,1526
1178699999,1648
1178700999,1875
1178701999,2057
1178702999,2047
1178703999,2081
1178704999,2055
1178705999,2061
1178706999,2061
1178707999,2058
1178708999,1954
1178719425,1925
1178720425,1957
1178721425,1917
1178722425,1989
1178723425,1971
1178724425,1887
1178725425,1792
1178726425,1675
1178727425,1826
1178728425,1715
1178729425,1612
1178730425,1578
1178731425,1687
1178732425,1616
1178733425,1793
1178734425,1967
1178735425,2027
1178736425,2028
1178737425,1985
1178747880,1568
1178748880,1469
1178749880,1670
1178750880,1812
1178751880,1892
1178752880,1921
1178753880,1919
1178754880,1895
1178755880,1961
1178756880,1997
1178757880,1938
1178758880,1891
1178759880,1779
1178760880,1939
1178761880,1855
1178762880,1749
1178763880,1738
1178764880,1797
1178765880,1684
1178766880,1796
1178777307,2072
1178778307,1969
1178779307,1812
1178780307,1707
1178781307,1745
1178782307,1639
1178783307,1679
1178784307,1805
1178785307,1904
1178786307,1993
1178787307,1985
1178788307,1887
1178789307,1852
1178790307,1862
1178791307,1862
1178792307,1821
1178793307,1796
1178794307,1977
1178795307,1887
1178796307,1729
1178806751,1936
1178807751,1811
1178808751,1741
1178809751,1697
1178810751,1840
1178811751,1739
1178812751,1660
1178813751,1622
1178814751,1787
1178815751,1837
1178816751,1999
1178817751,2166
1178818751,2099
1178819751,2035
1178820751,1965
1178821751,1888
1178822751,1833
1178823751,1849
1178824751,1767
1178825751,1708
1178836178,1968
1178837178,2020
1178838178,1988
1178839178,2080
1178840178,2069
1178841178,2016
1178842178,1954
1178843178,1919
1178844178,2081
1178845178,1906
1178846178,1773
1178847178,1759
1178848178,1872
1178849178,1733
1178850178,1813
1178851178,1915
1178852178,1917
1178853178,1891
1178854178,1889
1178855178,1891
1178865604,1356
1178866604,1487
1178867604,1804
1178868604,2000
1178869604,2113
1178870604,2131
1178871604,2090
1178872604,2063
1178873604,1918
1178874604,1776
1178875604,1631
1178876604,1676
1178877604,1894
1178878604,1812
1178879604,1696
1178880604,1735
1178881604,1881
1178882604,1841
1178883604,1954
1178884604,2017
1178895031,1968
1178896031,1932
1178897031,1933
1178898031,1918
1178899031,1772
1178900031,1805
1178901031,1844
1178902031,1806
1178903031,1718
1178904031,1748
1178905031,1802
1178906031,1915
1178907031,1992
1178908031,1936
1178909031,1840
1178910031,1866
1178911031,1934
1178912031,1807
1178913031,1781
1178923486,1935
1178924486,1809
1178925486,1692
1178926486,1685
1178927486,1900
1178928486,1876
1178929486,1808
1178930486,1807
1178931486,1920
1178932486,1831
1178933486,1920
1178934486,1938
1178935486,1853
1178936486,1730
1178937486,1696
1178938486,1685
1178939486,1825
1178940486,1931
1178941486,1901
1178942486,1839
1178952913,2067
1178953913,2090
1178954913,2032
1178955913,2055
1178956913,2019
1178957913,1905
1178958913,1881
1178959913,1828
1178960913,1969
1178961913,1810
1178962913,1648
1178963913,1602
1178964913,1710
1178965913,1728
1178966913,1990
1178967913,2127
1178968913,2043
1178969913,1897
1178970913,1757
1178971913,1749
1178982357,1648
1178983357,1822
1178984357,1981
1178985357,1996
1178986357,1941
1178987357,1923
1178988357,1826
1178989357,1808
1178990357,1823
1178991357,1810
1178992357,1881
1178993357,1947
1178994357,2085
1178995357,1885
1178996357,1675
1178997357,1610
1178998357,1713
1178999357,1704
1179000357,1920
1179001357,2065
1179011783,1955
1179012783,1806
1179013783,1791
1179014783,1897
1179015783,1821
1179016783,1954
1179017783,2039
1179018783,1985
1179019783,1835
1179020783,1728
1179021783,1759
1179022783,1811
1179023783,1836
1179024783,1815
1179025783,1857
1179026783,1986
1179027783,2070
1179028783,1912
1179029783,1740
1179030783,1685
1179041210,1926
1179042210,1823
1179043210,1794
1179044210,2045
1179045210,2007
1179046210,1843
1179047210,1714
1179048210,1683
1179049210,1570
1179050210,1648
1179051210,1711
1179052210,1771
1179053210,1947
1179054210,1994
1179055210,1940
1179056210,1889
1179057210,1837
1179058210,1695
1179059210,1723
1179060210,1831
1179070637,1834
1179071637,1802
1179072637,1901
1179073637,1933
1179074637,1916
1179075637,1918
1179076637,1879
1179077637,2039
1179078637,2036
1179079637,2032
1179080637,2037
1179081637,1915
1179082637,1608
1179083637,1455
1179084637,1424
1179085637,1404
1179086637,1391
1179087637,1501
1179088637,1733
1179099092,1869
1179100092,1919
1179101092,1949
1179102092,1863
1179103092,1741
1179104092,1654
1179105092,1615
1179106092,1713
1179107092,1806
1179108092,1815
1179109092,1859
1179110092,1935
1179111092,2096
1179112092,1989
1179113092,1813
1179114092,1705
1179115092,1649
1179116092,1614
1179117092,1745
1179118092,1917
1179128519,1857
1179129519,1739
1179130519,1712
1179131519,1740
1179132519,1668
1179133519,1942
1179134519,2144
1179135519,2192
1179136519,2057
1179137519,1825
1179138519,1687
1179139519,1727
1179140519,1753
1179141519,1721
1179142519,1750
1179143519,1840
1179144519,1948
1179145519,1946
1179146519,1845
1179147519,1867
1179157962,1959
1179158962,1947
1179159962,1983
1179160962,2176
1179161962,1978
1179162962,1685
1179163962,1617
1179164962,1732
1179165962,1639
1179166962,1669
1179167962,1776
1179168962,1857
1179169962,1899
1179170962,1808
1179171962,1863
1179172962,1953
1179173962,2023
1179174962,1968
1179175962,1840
1179176962,1925
1179187389,1827
1179188389,1680
1179189389,1619
1179190389,1584
1179191389,1566
1179192389,1577
1179193389,1762
1179194389,2005
1179195389,1955
1179196389,1973
1179197389,2075
1179198389,2023
1179199389,1882
1179200389,1824
1179201389,1899
1179202389,1873
1179203389,1846
1179204389,1813
1179205389,1807
1179206389,1781
1179216816,1398
1179217816,1505
1179218816,1647
1179219816,1779
1179220816,1920
1179221816,1991
1179222816,1947
1179223816,1984
1179224816,2023
1179225816,2081
1179226816,2179
1179227816,2181
1179228816,1964
1179229816,1756
1179230816,1680
1179231816,1535
1179232816,1455
1179233816,1655
1179234816,1837
1179235816,1935
1179246251,1481
1179247251,1589
1179248251,1743
1179249251,1673
1179250251,1747
1179251251,1856
1179252251,1908
1179253251,1983
1179254251,1977
1179255251,1949
1179256251,1919
1179257251,1814
1179258251,1739
1179259251,1729
1179260251,1881
1179261251,1957
1179262251,1936
1179263251,1891
1179264251,1927
1179274698,1840
1179275698,1779
1179276698,1796
1179277698,1921
1179278698,1941
1179279698,1847
1179280698,1849
1179281698,1901
1179282698,1750
1179283698,1760
1179284698,1757
1179285698,1776
1179286698,1783
1179287698,1778
1179288698,1849
1179289698,1903
1179290698,1988
1179291698,2021
1179292698,2033
1179293698,2201
1179304124,1856
1179305124,1871
1179306124,1968
1179307124,2017
1179308124,1999
1179309124,1956
1179310124,2004
1179311124,2043
1179312124,1865
1179313124,1707
1179314124,1643
1179315124,1587
1179316124,1495
1179317124,1611
1179318124,1751
1179319124,1891
1179320124,2000
1179321124,1977
1179322124,1994
1179323124,1947
1179333573,1632
1179334573,1945
1179335573,2078
1179336573,2089
1179337573,1982
1179338573,1872
1179339573,1771
1179340573,1709
1179341573,1573
1179342573,1580
1179343573,1755
1179344573,1969
1179345573,2016
1179346573,1936
1179347573,1950
1179348573,1873
1179349573,1711
1179350573,1725
1179351573,1727
1179352573,1733
1179362995,1808
1179363995,1692
1179364995,1646
1179365995,1535
1179366995,1651
1179367995,1846
1179368995,1970
1179369995,2060
1179370995,2035
1179371995,2073
1179372995,2001
1179373995,1887
1179374995,1807
1179375995,1750
1179376995,1808
1179377995,1735
1179378995,1599
1179379995,1530
1179380995,1601
1179381995,1585
1179392422,1771
1179393422,1853
1179394422,2077
1179395422,2046
1179396422,1945
1179397422,1872
1179398422,1728
1179399422,1593
1179400422,1595
1179401422,1616
1179402422,1641
1179403422,1743
1179404422,1807
1179405422,1926
1179406422,1969
1179407422,1903
1179408422,1837
1179409422,1839
1179410422,2061
1179411422,2009
1179421849,1977
1179422849,1968
1179423849,1927
1179424849,1835
1179425849,1762
1179426849,1739
1179427849,1712
1179428849,1670
1179429849,1598
1179430849,1647
1179431849,1681
1179432849,1697
1179433849,1857
1179434849,1995
1179435849,1933
1179436849,1887
1179437849,1772
1179438849,1805
1179439849,1828
1179450303,1749
1179451303,1905
1179452303,1994
1179453303,1975
1179454303,1856
1179455303,1870
1179456303,1875
1179457303,1893
1179458303,1911
1179459303,1894
1179460303,1968
1179461303,1915
1179462303,1743
1179463303,1600
1179464303,1677
1179465303,1691
1179466303,1776
1179467303,1832
1179468303,1899
1179469303,1933
1179479730,1740
1179480730,1657
1179481730,1703
1179482730,1739
1179483730,1874
1179484730,2069
1179485730,2113
1179486730,2081
1179487730,1931
1179488730,1908
1179489730,1857
1179490730,1797
1179491730,1810
1179492730,1805
1179493730,2084
1179494730,1986
1179495730,1771
1179496730,1601
1179497730,1620
1179498730,1404
1179509174,1811
1179510174,1916
1179511174,1967
1179512174,1833
1179513174,1717
1179514174,1778
1179515174,1805
1179516174,1873
1179517174,2058
1179518174,2150
1179519174,2069
1179520174,1915
1179521174,1782
1179522174,1835
1179523174,1776
1179524174,1706
1179525174,1670
1179526174,1702
1179527174,1909
1179528174,1794
1179538601,1881
1179539601,2009
1179540601,2128
1179541601,2096
1179542601,2077
1179543601,2159
1179544601,2058
1179545601,1797
1179546601,1598
1179547601,1599
1179548601,1488
1179549601,1514
1179550601,1685
1179551601,1826
1179552601,1862
1179553601,1835
1179554601,1809
1179555601,1905
1179556601,1943
1179557601,1849
1179568028,2087
1179569028,2015
1179570028,1939
1179571028,1777
1179572028,1695
1179573028,1587
1179574028,1563
1179575028,1523
1179576028,1693
1179577028,2031
1179578028,2068
1179579028,1965
1179580028,1823
1179581028,1855
1179582028,1751
1179583028,1706
1179584028,1754
1179585028,1841
1179586028,1913
1179587028,1948
1179597455,1486
1179598455,1584
1179599455,1652
1179600455,1853
1179601455,1936
1179602455,1909
1179603455,1868
1179604455,1724
1179605455,1817
1179606455,1811
1179607455,1892
1179608455,1939
1179609455,1867
1179610455,1981
1179611455,1973
1179612455,1879
1179613455,1792
1179614455,1789
1179615455,1795
1179625909,1863
1179626909,2041
1179627909,2018
1179628909,1815
1179629909,1669
1179630909,1648
1179631909,1574
1179632909,1569
1179633909,1675
1179634909,1872
1179635909,1941
1179636909,2007
1179637909,1968
1179638909,2080
1179639909,2085
1179640909,1970
1179641909,1810
1179642909,1633
1179643909,1788
1179644909,1716
1179655336,1813
1179656336,1844
1179657336,1927
1179658336,1891
1179659336,1853
1179660336,2043
1179661336,2095
1179662336,1983
1179663336,1821
1179664336,1741
1179665336,1535
1179666336,1431
1179667336,1488
1179668336,1561
1179669336,1677
1179670336,1811
1179671336,1897
1179672336,1995
1179673336,2000
1179674336,1934
1179684780,1948
1179685780,1941
1179686780,1821
1179687780,1690
1179688780,1769
1179689780,1809
1179690780,1808
1179691780,1751
1179692780,1781
1179693780,2047
1179694780,1947
1179695780,1743
1179696780,1641
1179697780,1645
1179698780,1629
1179699780,1829
1179700780,2013
1179701780,2124
1179702780,2083
1179703780,1979
1179714207,1517
1179715207,1490
1179716207,1662
1179717207,1829
1179718207,2003
1179719207,1984
1179720207,1844
1179721207,1716
1179722207,1845
1179723207,1916
1179724207,1892
1179725207,1821
1179726207,1879
1179727207,2169
1179728207,2125
1179729207,1967
1179730207,1823
1179731207,1845
1179732207,1691
1179733207,1744
1179743634,1861
1179744634,1845
1179745634,1815
1179746634,1766
1179747634,1793
1179748634,1723
1179749634,1645
1179750634,1740
1179751634,1842
1179752634,1904
1179753634,1939
1179754634,1867
1179755634,1951
1179756634,2045
1179757634,2092
1179758634,2083
1179759634,2101
1179760634,2220
1179761634,1999
1179762634,1680
1179773061,1987
1179774061,2014
1179775061,1966
1179776061,1968
1179777061,2185
1179778061,2132
1179779061,1943
1179780061,1647
1179781061,1568
1179782061,1529
1179783061,1671
1179784061,1883
1179785061,2039
1179786061,2077
1179787061,2064
1179788061,1942
1179789061,1968
1179790061,2009
1179791061,2015
1179801515,1904
1179802515,1974
1179803515,1981
1179804515,1947
1179805515,2001
1179806515,1921
1179807515,1787
1179808515,1699
1179809515,1760
1179810515,2054
1179811515,2147
1179812515,2174
1179813515,2124
1179814515,2105
1179815515,1820
1179816515,1712
1179817515,1679
1179818515,1641
1179819515,1592
1179820515,1635
1179830942,1715
1179831942,1499
1179832942,1367
1179833942,1645
1179834942,1893
1179835942,1963
1179836942,2000
1179837942,1912
1179838942,1978
1179839942,2074
1179840942,2097
1179841942,2063
1179842942,2001
1179843942,2014
1179844942,1807
1179845942,1672
1179846942,1667
1179847942,1729
1179848942,1535
1179849942,1680
1179860386,2125
1179861386,2093
1179862386,1979
1179863386,1933
1179864386,1984
1179865386,1908
1179866386,1897
1179867386,1830
1179868386,1765
1179869386,1601
1179870386,1437
1179871386,1365
1179872386,1535
1179873386,1699
1179874386,1789
1179875386,1829
1179876386,1893
1179877386,2113
1179878386,2080
1179879386,2047
1179889813,1681
1179890813,1744
1179891813,1776
1179892813,1853
1179893813,2086
1179894813,2045
1179895813,1967
1179896813,1897
1179897813,1840
1179898813,1669
1179899813,1697
1179900813,1801
1179901813,1817
1179902813,1843
1179903813,1818
1179904813,1737
1179905813,1749
1179906813,1792
1179907813,1797
1179908813,1769
1179919248,1938
1179920248,1826
1179921248,1619
1179922248,1617
1179923248,1513
1179924248,1477
1179925248,1572
1179926248,1752
1179927248,2103
1179928248,2082
1179929248,1972
1179930248,1853
1179931248,1859
1179932248,1695
1179933248,1663
1179934248,1812
1179935248,1959
1179936248,2007
1179937248,1981
1179938248,1882
1179948667,2007
1179949667,1872
1179950667,1732
1179951667,1636
1179952667,1567
1179953667,1612
1179954667,1676
1179955667,1887
1179956667,1906
1179957667,1939
1179958667,1843
1179959667,1811
1179960667,1963
1179961667,1905
1179962667,1763
1179963667,1689
1179964667,1711
1179965667,1611
1179966667,1619
1179977121,1587
1179978121,1660
1179979121,1691
1179980121,1727
1179981121,1827
1179982121,1693
1179983121,1699
1179984121,1851
1179985121,2033
1179986121,2063
1179987121,1989
1179988121,1871
1179989121,1892
1179990121,1903
1179991121,1855
1179992121,1834
1179993121,1955
1179994121,2267
1179995121,2161
1179996121,1933
1180006548,2031
1180007548,1980
1180008548,2000
1180009548,1935
1180010548,2067
1180011548,1974
1180012548,1801
1180013548,1743
1180014548,1761
1180015548,1746
1180016548,1913
1180017548,2061
1180018548,2032
1180019548,1897
1180020548,1748
1180021548,1625
1180022548,1648
1180023548,1675
1180024548,1653
1180025548,1726
1180035992,2169
1180036992,2138
1180037992,1986
1180038992,1877
1180039992,1804
1180040992,1772
1180041992,1698
1180042992,1631
1180043992,1857
1180044992,1728
1180045992,1567
1180046992,1517
1180047992,1649
1180048992,1570
1180049992,1741
1180050992,2019
1180051992,2161
1180052992,2169
1180053992,2145
1180054992,2169
1180065419,1567
1180066419,1593
1180067419,1661
1180068419,1833
1180069419,2016
1180070419,2133
1180071419,2096
1180072419,2094
1180073419,2004
1180074419,1968
1180075419,1852
1180076419,1739
1180077419,1959
1180078419,1965
1180079419,1939
1180080419,1872
1180081419,1785
1180082419,1600
1180083419,1628
1180084419,1746
1180094846,1891
1180095846,1706
1180096846,1524
1180097846,1535
1180098846,1409
1180099846,1553
1180100846,1793
1180101846,1953
1180102846,2005
1180103846,2001
1180104846,2004
1180105846,2099
1180106846,2107
1180107846,2064
1180108846,2016
1180109846,1968
1180110846,2027
1180111846,1763
1180112846,1495
1180113846,1360
1180124273,1742
1180125273,1803
1180126273,1825
1180127273,2021
1180128273,1905
1180129273,1719
1180130273,1609
1180131273,1761
1180132273,1649
1180133273,1718
1180134273,1830
1180135273,1860
1180136273,1909
1180137273,1936
1180138273,1936
1180139273,1981
1180140273,1991
1180141273,2023
1180142273,2037
1180152727,1776
1180153727,1840
1180154727,1867
1180155727,1989
1180156727,1951
1180157727,1936
1180158727,2002
1180159727,2024
1180160727,2113
1180161727,1808
1180162727,1535
1180163727,1535
1180164727,1634
1180165727,1535
1180166727,1759
1180167727,2029
1180168727,2130
1180169727,2020
1180170727,1905
1180171727,1931
1180182154,1733
1180183154,1791
1180184154,1817
1180185154,1763
1180186154,1708
1180187154,1729
1180188154,1765
1180189154,1904
1180190154,1948
1180191154,1897
1180192154,1833
1180193154,1770
1180194154,1903
1180195154,1849
1180196154,1823
1180197154,1901
1180198154,1968
1180199154,1824
1180200154,1953
1180201154,2032
1180211598,2068
1180212598,1921
1180213598,1723
1180214598,1670
1180215598,1515
1180216598,1588
1180217598,1758
1180218598,1831
1180219598,1802
1180220598,1773
1180221598,1803
1180222598,1952
1180223598,2031
1180224598,1999
1180225598,1894
1180226598,1909
1180227598,2056
1180228598,1962
1180229598,1795
1180230598,1727
1180241025,1829
1180242025,1904
1180243025,1964
1180244025,2303
1180245025,2285
1180246025,2099
1180247025,1895
1180248025,1755
1180249025,1520
1180250025,1520
1180251025,1616
1180252025,1595
1180253025,1582
1180254025,1667
1180255025,1753
1180256025,1772
1180257025,1755
1180258025,1727
1180259025,1781
1180260025,1948
1180270452,1886
1180271452,1775
1180272452,1805
1180273452,1806
1180274452,1782
1180275452,1721
1180276452,1729
1180277452,1953
1180278452,1808
1180279452,1641
1180280452,1567
1180281452,1609
1180282452,1573
1180283452,1737
1180284452,1919
1180285452,1969
1180286452,1998
1180287452,1961
1180288452,2007
1180289452,1987
1180299878,1804
1180300878,1855
1180301878,1985
1180302878,2047
1180303878,1985
1180304878,1872
1180305878,1776
1180306878,1733
1180307878,1669
1180308878,1594
1180309878,1707
1180310878,2062
1180311878,2128
1180312878,2057
1180313878,1931
1180314878,1896
1180315878,1732
1180316878,1755
1180317878,1721
1180328333,2101
1180329333,1920
1180330333,1777
1180331333,1740
1180332333,1566
1180333333,1675
1180334333,1914
1180335333,1909
1180336333,1867
1180337333,1858
1180338333,1809
1180339333,1763
1180340333,1694
1180341333,1648
1180342333,1630
1180343333,1815
1180344333,1956
1180345333,1989
1180346333,1985
1180347333,2065
1180357760,1951
1180358760,2042
1180359760,2042
1180360760,2209
1180361760,1903
1180362760,1553
1180363760,1364
1180364760,1381
1180365760,1417
1180366760,1747
1180367760,2047
1180368760,2160
1180369760,2073
1180370760,1925
1180371760,1851
1180372760,1829
1180373760,1835
1180374760,1782
1180375760,1865
1180376760,2012
1180387204,1586
1180388204,1573
1180389204,1693
1180390204,1830
1180391204,1903
1180392204,1969
1180393204,2000
1180394204,2061
1180395204,1909
1180396204,1746
1180397204,1755
1180398204,1775
1180399204,1649
1180400204,1769
1180401204,1910
1180402204,1969
1180403204,2007
1180404204,1971
1180405204,1985
1180406204,2026
1180416631,1715
1180417631,1923
1180418631,1965
1180419631,1970
1180420631,1942
1180421631,1939
1180422631,2001
1180423631,1964
1180424631,1935
1180425631,1916
1180426631,2000
1180427631,2006
1180428631,1807
1180429631,1697
1180430631,1655
1180431631,1745
1180432631,1815
1180433631,1977
1180434631,2128
1180435631,2175
1180446057,1930
1180447057,1811
1180448057,1818
1180449057,1663
1180450057,1712
1180451057,1897
1180452057,2045
1180453057,2124
1180454057,2089
1180455057,2016
1180456057,1959
1180457057,1876
1180458057,1776
1180459057,1643
1180460057,1597
1180461057,1723
1180462057,1761
1180463057,1712
1180464057,1772
1180465057,1801
1180475484,2016
1180476484,2022
1180477484,2171
1180478484,2041
1180479484,1830
1180480484,1671
1180481484,1618
1180482484,1529
1180483484,1665
1180484484,1941
1180485484,1989
1180486484,1925
1180487484,1823
1180488484,1749
1180489484,1653
1180490484,1700
1180491484,1747
1180492484,1806
1180493484,1874
1180503939,1718
1180504939,1943
1180505939,2184
1180506939,2238
1180507939,2146
1180508939,1943
1180509939,1891
1180510939,1913
1180511939,1676
1180512939,1466
1180513939,1472
1180514939,1447
1180515939,1473
1180516939,1661
1180517939,1953
1180518939,2173
1180519939,2224
1180520939,2211
1180521939,2192
1180522939,2062
1180533366,1829
1180534366,2103
1180535366,2310
1180536366,2287
1180537366,2112
1180538366,1840
1180539366,1628
1180540366,1529
1180541366,1515
1180542366,1510
1180543366,1557
1180544366,1715
1180545366,1724
1180546366,1680
1180547366,1739
1180548366,1804
1180549366,1793
1180550366,1921
1180551366,2156
1180552366,2314
1180562810,1838
1180563810,1778
1180564810,1777
1180565810,1567
1180566810,1605
1180567810,1813
1180568810,1792
1180569810,1745
1180570810,1808
1180571810,1922
1180572810,1967
1180573810,1933
1180574810,1885
1180575810,1776
1180576810,1977
1180577810,2129
1180578810,2028
1180579810,1893
1180580810,1894
1180581810,1851
1180592244,2031
1180593244,2116
1180594244,2351
1180595244,2300
1180596244,2077
1180597244,1735
1180598244,1507
1180599244,1397
1180600244,1503
1180601244,1661
1180602244,1735
1180603244,1743
1180604244,1794
1180605244,1879
1180606244,1919
1180607244,1953
1180608244,1911
1180609244,1841
1180610244,2007
1180611244,1977
1180621663,1937
1180622663,1883
1180623663,1813
1180624663,1689
1180625663,1612
1180626663,1689
1180627663,1840
1180628663,1681
1180629663,1515
1180630663,1527
1180631663,1512
1180632663,1535
1180633663,1835
1180634663,2070
1180635663,2097
1180636663,2054
1180637663,1969
1180638663,2080
1180639663,2083
1180640663,1961
1180651090,1744
1180652090,1808
1180653090,1895
1180654090,1879
1180655090,1968
1180656090,2006
1180657090,1953
1180658090,1892
1180659090,1851
1180660090,1857
1180661090,1832
1180662090,1692
1180663090,1553
1180664090,1648
1180665090,1765
1180666090,1820
1180667090,1893
1180668090,1921
1180669090,1873
1180679545,1312
1180680545,1295
1180681545,1445
1180682545,1582
1180683545,1879
1180684545,2133
1180685545,2137
1180686545,2033
1180687545,1920
1180688545,1872
1180689545,1990
1180690545,2109
1180691545,2190
1180692545,2143
1180693545,2215
1180694545,2005
1180695545,1705
1180696545,1446
1180697545,1381
1180698545,1313
1180708972,2101
1180709972,2083
1180710972,2027
1180711972,1774
1180712972,1507
1180713972,1535
1180714972,1652
1180715972,1731
1180716972,1824
1180717972,1889
1180718972,1932
1180719972,1915
1180720972,1801
1180721972,1875
1180722972,1886
1180723972,1948
1180724972,1941
1180725972,1904
1180726972,1985
1180727972,1910
1180738415,1894
1180739415,1873
1180740415,1863
1180741415,1808
1180742415,1814
1180743415,2013
1180744415,2142
1180745415,1996
1180746415,1762
1180747415,1769
1180748415,1759
1180749415,1771
1180750415,1904
1180751415,1918
1180752415,1872
1180753415,1809
1180754415,1712
1180755415,1772
1180756415,1744
1180757415,1775
1180767842,2081
1180768842,2141
1180769842,2126
1180770842,2029
1180771842,2067
1180772842,1947
1180773842,1819
1180774842,1648
1180775842,1633
1180776842,1863
1180777842,1776
1180778842,1613
1180779842,1475
1180780842,1613
1180781842,1712
1180782842,1780
1180783842,1935
1180784842,2145
1180785842,2210
1180786842,2194
1180797269,1813
1180798269,1783
1180799269,1667
1180800269,1726
1180801269,1747
1180802269,1722
1180803269,1707
1180804269,1762
1180805269,1847
1180806269,1941
1180807269,2169
1180808269,2281
1180809269,2212
1180810269,2205
1180811269,1951
1180812269,1647
1180813269,1488
1180814269,1456
1180815269,1332
1180816269,1484
1180826696,2070
1180827696,2038
1180828696,1858
1180829696,1660
1180830696,1679
1180831696,1671
1180832696,1689
1180833696,1778
1180834696,1830
1180835696,1839
1180836696,1890
1180837696,1884
1180838696,1968
1180839696,1935
1180840696,1830
1180841696,1585
1180842696,1561
1180843696,1893
1180844696,1914
1180855151,2054
1180856151,2170
1180857151,2214
1180858151,2097
1180859151,1886
1180860151,1811
1180861151,1649
1180862151,1453
1180863151,1305
1180864151,1351
1180865151,1440
1180866151,1581
1180867151,1767
1180868151,1865
1180869151,1805
1180870151,1780
1180871151,1806
1180872151,2069
1180873151,2164
1180874151,2175
1180884578,1694
1180885578,1717
1180886578,1684
1180887578,1698
1180888578,1851
1180889578,1971
1180890578,2163
1180891578,2161
1180892578,2065
1180893578,2119
1180894578,1917
1180895578,1716
1180896578,1556
1180897578,1527
1180898578,1535
1180899578,1811
1180900578,2064
1180901578,2160
1180902578,2054
1180903578,1903
1180914021,1963
1180915021,2103
1180916021,2155
1180917021,2249
1180918021,2148
1180919021,1859
1180920021,1652
1180921021,1517
1180922021,1579
1180923021,1647
1180924021,1733
1180925021,1792
1180926021,1808
1180927021,2037
1180928021,1943
1180929021,1777
1180930021,1695
1180931021,1805
1180932021,1747
1180933021,1781
1180943448,1582
1180944448,1629
1180945448,1535
1180946448,1556
1180947448,1770
1180948448,1859
1180949448,1951
1180950448,2047
1180951448,2132
1180952448,2174
1180953448,2138
1180954448,1951
1180955448,1927
1180956448,1883
1180957448,1781
1180958448,1698
1180959448,1619
1180960448,1727
1180961448,1613
1180962448,1585
1180972875,2185
1180973875,2218
1180974875,2097
1180975875,2000
1180976875,2119
1180977875,2023
1180978875,1795
1180979875,1569
1180980875,1580
1180981875,1482
1180982875,1555
1180983875,1697
1180984875,1824
1180985875,1889
1180986875,1867
1180987875,1724
1180988875,1769
1180989875,1840
1180990875,1854
1180991875,1857
1181002302,2070
1181003302,1972
1181004302,1824
1181005302,1911
1181006302,1968
1181007302,1991
1181008302,1914
1181009302,1881
1181010302,2111
1181011302,1981
1181012302,1819
1181013302,1701
1181014302,1712
1181015302,1531
1181016302,1616
1181017302,1835
1181018302,1980
1181019302,1936
1181020302,1830
1181030756,1872
1181031756,1777
1181032756,1750
1181033756,1840
1181034756,1931
1181035756,1882
1181036756,1808
1181037756,1813
1181038756,1914
1181039756,1918
1181040756,1877
1181041756,1820
1181042756,1742
1181043756,1903
1181044756,1803
1181045756,1671
1181046756,1621
1181047756,1731
1181048756,1682
1181049756,1872
1181060183,1927
1181061183,1952
1181062183,1851
1181063183,1753
1181064183,1755
1181065183,1617
1181066183,1659
1181067183,1845
1181068183,2057
1181069183,2055
1181070183,1963
1181071183,1780
1181072183,1847
1181073183,1874
1181074183,1780
1181075183,1743
1181076183,1837
1181077183,2160
1181078183,2097
1181079183,1974
1181089627,1994
1181090627,1909
1181091627,1782
1181092627,1713
1181093627,1907
1181094627,1789
1181095627,1652
1181096627,1565
1181097627,1617
1181098627,1551
1181099627,1600
1181100627,1705
1181101627,1829
1181102627,1921
1181103627,1968
1181104627,1931
1181105627,2031
1181106627,2066
1181107627,1962
1181108627,1875
1181119054,1734
1181120054,1719
1181121054,1712
1181122054,1778
1181123054,1845
1181124054,1927
1181125054,1968
1181126054,1991
1181127054,2153
1181128054,2031
1181129054,1843
1181130054,1708
1181131054,1657
1181132054,1535
1181133054,1623
1181134054,1782
1181135054,1927
1181136054,1968
1181137054,2028
1181138054,1957
1181148481,1785
1181149481,1840
1181150481,1941
1181151481,1972
1181152481,1949
1181153481,1903
1181154481,1893
1181155481,1969
1181156481,1903
1181157481,1819
1181158481,1693
1181159481,1753
1181160481,1942
1181161481,1871
1181162481,1747
1181163481,1651
1181164481,1838
1181165481,1744
1181166481,1860
1181167481,1987
1181177908,2004
1181178908,1905
1181179908,1803
1181180908,1829
1181181908,1731
1181182908,1893
1181183908,2085
1181184908,2190
1181185908,2128
1181186908,1972
1181187908,1777
1181188908,1696
1181189908,1667
1181190908,1667
1181191908,1649
1181192908,1670
1181193908,1890
1181194908,1806
1181195908,1701
1181206362,1712
1181207362,1701
1181208362,1725
1181209362,1790
1181210362,2087
1181211362,2064
1181212362,1935
1181213362,1776
1181214362,1758
1181215362,1647
1181216362,1711
1181217362,1801
1181218362,1875
1181219362,1873
1181220362,1888
1181221362,1904
1181222362,1943
1181223362,1971
1181224362,1940
1181225362,1877
1181235789,1855
1181236789,1831
1181237789,1754
1181238789,1857
1181239789,1896
1181240789,1882
1181241789,1857
1181242789,1809
1181243789,2001
1181244789,1921
1181245789,1817
1181246789,1793
1181247789,1869
1181248789,1793
1181249789,1891
1181250789,1993
1181251789,1971
1181252789,1905
1181253789,1840
1181254789,1773
1181265241,1718
1181266241,1763
1181267241,1881
1181268241,1994
1181269241,1993
1181270241,1964
1181271241,1876
1181272241,1894
1181273241,1871
1181274241,1794
1181275241,1717
1181276241,1696
1181277241,1964
1181278241,1916
1181279241,1810
1181280241,1751
1181281241,1807
1181282241,1697
1181283241,1797
1181284241,1900
1181294660,1968
1181295660,1831
1181296660,1715
1181297660,1719
1181298660,1628
1181299660,1740
1181300660,1887
1181301660,1981
1181302660,1953
1181303660,1909
1181304660,1839
1181305660,1857
1181306660,1865
1181307660,1827
1181308660,1810
1181309660,1795
1181310660,1981
1181311660,1873
1181312660,1731
1181313660,1685
1181324087,1773
1181325087,1783
1181326087,1837
1181327087,2046
1181328087,1919
1181329087,1759
1181330087,1669
1181331087,1717
1181332087,1657
1181333087,1735
1181334087,1881
1181335087,1957
1181336087,1967
1181337087,1921
1181338087,1866
1181339087,1897
1181340087,1841
1181341087,1667
1181342087,1535
1181343087,1649
1181353514,1858
1181354514,1829
1181355514,1888
1181356514,1902
1181357514,1888
1181358514,1978
1181359514,2029
1181360514,2121
1181361514,1967
1181362514,1853
1181363514,1782
1181364514,1791
1181365514,1653
1181366514,1716
1181367514,1883
1181368514,1919
1181369514,1917
1181370514,1899
1181371514,1872
1181381968,1673
1181382968,1744
1181383968,1873
1181384968,1951
1181385968,1905
1181386968,1845
1181387968,1751
1181388968,1805
1181389968,1847
1181390968,1855
1181391968,1836
1181392968,1805
1181393968,1913
1181394968,1780
1181395968,1601
1181396968,1586
1181397968,1712
1181398968,1663
1181399968,1870
1181400968,2036
1181411395,1849
1181412395,1675
1181413395,1616
1181414395,1735
1181415395,1648
1181416395,1741
1181417395,1888
1181418395,1961
1181419395,1961
1181420395,1935
1181421395,1849
1181422395,1876
1181423395,1901
1181424395,1871
1181425395,1825
1181426395,1863
1181427395,2031
1181428395,1903
1181429395,1722
1181430395,1665
1181440839,1889
1181441839,1853
1181442839,1839
1181443839,2018
1181444839,1921
1181445839,1807
1181446839,1781
1181447839,1825
1181448839,1689
1181449839,1803
1181450839,1937
1181451839,1965
1181452839,1934
1181453839,1873
1181454839,1844
1181455839,1859
1181456839,1889
1181457839,1842
1181458839,1797
1181459839,1825
1181470268,1855
1181471268,1793
1181472268,1859
1181473268,1888
1181474268,1889
1181475268,1895
1181476268,1930
1181477268,2077
1181478268,1919
1181479268,1717
1181480268,1685
1181481268,1741
1181482268,1648
1181483268,1766
1181484268,1904
1181485268,1917
1181486268,1835
1181487268,1778
1181488268,1772
1181489268,1858
1181499693,1776
1181500693,1915
1181501693,1975
1181502693,1933
1181503693,1893
1181504693,1809
1181505693,1813
1181506693,1794
1181507693,1764
1181508693,1778
1181509693,1821
1181510693,2000
1181511693,1889
1181512693,1727
1181513693,1699
1181514693,1712
1181515693,1657
1181516693,1775
1181517693,1887
1181518693,1920
1181529120,1788
1181530120,1711
1181531120,1729
1181532120,1598
1181533120,1705
1181534120,1801
1181535120,1877
1181536120,1868
1181537120,1862
1181538120,1839
1181539120,1904
1181540120,1920
1181541120,1905
1181542120,1892
1181543120,1929
1181544120,2012
1181545120,1857
1181546120,1662
1181547120,1617
1181557579,1863
1181558579,1872
1181559579,1894
1181560579,2092
1181561579,1947
1181562579,1772
1181563579,1708
1181564579,1759
1181565579,1679
1181566579,1782
1181567579,1905
1181568579,1938
1181569579,1882
1181570579,1826
1181571579,1830
1181572579,1849
1181573579,1879
1181574579,1855
1181575579,1847
1181576579,1969
1181587001,1886
1181588001,1811
1181589001,1811
1181590001,1831
1181591001,1830
1181592001,1813
1181593001,1863
1181594001,2101
1181595001,1985
1181596001,1804
1181597001,1708
1181598001,1713
1181599001,1639
1181600001,1776
1181601001,1925
1181602001,1951
1181603001,1938
1181604001,1899
1181605001,1871
1181606001,1897
1181616445,1731
1181617445,1873
1181618445,1929
1181619445,1913
1181620445,1901
1181621445,1853
1181622445,1933
1181623445,1958
1181624445,1860
1181625445,1843
1181626445,1865
1181627445,1970
1181628445,1857
1181629445,1727
1181630445,1721
1181631445,1728
1181632445,1675
1181633445,1789
1181634445,1909
1181635445,1910
1181645872,1749
1181646872,1680
1181647872,1745
1181648872,1648
1181649872,1774
1181650872,1913
1181651872,1956
1181652872,1904
1181653872,1841
1181654872,1821
1181655872,1843
1181656872,1853
1181657872,1829
1181658872,1839
1181659872,1923
1181660872,1945
1181661872,1838
1181662872,1708
1181663872,1715
1181664872,1725
1181675299,1885
1181676299,1856
1181677299,1991
1181678299,1849
1181679299,1677
1181680299,1623
1181681299,1679
1181682299,1587
1181683299,1745
1181684299,1930
1181685299,1973
1181686299,1975
1181687299,1899
1181688299,1879
1181689299,1863
1181690299,1872
1181691299,1829
1181692299,1823
1181693299,1969
1181694299,1984
1181704725,1863
1181705725,1905
1181706725,1905
1181707725,1858
1181708725,1845
1181709725,1872
1181710725,2001
1181711725,1881
1181712725,1749
1181713725,1722
1181714725,1745
1181715725,1701
1181716725,1791
1181717725,1920
1181718725,1903
1181719725,1925
1181720725,1799
1181721725,1845
1181722725,1859
1181733180,1753
1181734180,1904
1181735180,1949
1181736180,1929
1181737180,1896
1181738180,1885
1181739180,1882
1181740180,1869
1181741180,1815
1181742180,1810
1181743180,1904
1181744180,1965
1181745180,1847
1181746180,1697
1181747180,1715
1181748180,1701
1181749180,1665
1181750180,1780
1181751180,1900
1181752180,1907
1181762607,1727
1181763607,1713
1181764607,1744
1181765607,1632
1181766607,1762
1181767607,1908
1181768607,1931
1181769607,1904
1181770607,1856
1181771607,1881
1181772607,1881
1181773607,1873
1181774607,1829
1181775607,1813
1181776607,1857
1181777607,1889
1181778607,1829
1181779607,1742
1181780607,1801
1181781607,1745
1181792051,1873
1181793051,1903
1181794051,2016
1181795051,1893
1181796051,1748
1181797051,1707
1181798051,1707
1181799051,1648
1181800051,1761
1181801051,1871
1181802051,1898
1181803051,1872
1181804051,1815
1181805051,1845
1181806051,1887
1181807051,1901
1181808051,1847
1181809051,1855
1181810051,2012
1181811051,1957
1181821478,1849
1181822478,1875
1181823478,1900
1181824478,1855
1181825478,1855
1181826478,1929
1181827478,1979
1181828478,1790
1181829478,1719
1181830478,1711
1181831478,1708
1181832478,1673
1181833478,1765
1181834478,1855
1181835478,1863
1181836478,1879
1181837478,1825
1181838478,1884
1181839478,1921
1181840478,1946
1181850904,1871
1181851904,1857
1181852904,1844
1181853904,1797
1181854904,1851
1181855904,1903
1181856904,1906
1181857904,1872
1181858904,1844
1181859904,1958
1181860904,1993
1181861904,1863
1181862904,1728
1181863904,1729
1181864904,1712
1181865904,1710
1181866904,1833
1181867904,1922
1181868904,1914
1181869904,1881
1181880331,1715
1181881331,1755
1181882331,1680
1181883331,1804
1181884331,1918
1181885331,1930
1181886331,1894
1181887331,1837
1181888331,1856
1181889331,1872
1181890331,1878
1181891331,1843
1181892331,1833
1181893331,1973
1181894331,1967
1181895331,1834
1181896331,1711
1181897331,1729
1181898331,1679
1181908786,1836
1181909786,1919
1181910786,1993
1181911786,1875
1181912786,1771
1181913786,1728
1181914786,1718
1181915786,1695
1181916786,1812
1181917786,1919
1181918786,1939
1181919786,1905
1181920786,1837
1181921786,1893
1181922786,1872
1181923786,1853
1181924786,1790
1181925786,1744
1181926786,1949
1181927786,1932
1181938213,1868
1181939213,1900
1181940213,1913
1181941213,1872
1181942213,1845
1181943213,1953
1181944213,1971
1181945213,1844
1181946213,1693
1181947213,1712
1181948213,1689
1181949213,1687
1181950213,1803
1181951213,1917
1181952213,1918
1181953213,1894
1181954213,1819
1181955213,1889
1181956213,1885
1181957213,1875
1181967657,1910
1181968657,1933
1181969657,1905
1181970657,1845
1181971657,1872
1181972657,1865
1181973657,1888
1181974657,1846
1181975657,1833
1181976657,1977
1181977657,1965
1181978657,1811
1181979657,1648
1181980657,1722
1181981657,1677
1181982657,1689
1181983657,1813
1181984657,1905
1181985657,1876
1181986657,1876
1181997083,1737
1181998083,1726
1181999083,1659
1182000083,1789
1182001083,1892
1182002083,1918
1182003083,1904
1182004083,1831
1182005083,1883
1182006083,1888
1182007083,1887
1182008083,1849
1182009083,1839
1182010083,2000
1182011083,1937
1182012083,1813
1182013083,1713
1182014083,1744
1182015083,1667
1182016083,1719
1182026510,1924
1182027510,1959
1182028510,1853
1182029510,1707
1182030510,1713
1182031510,1744
1182032510,1703
1182033510,1813
1182034510,1923
1182035510,1931
1182036510,1889
1182037510,1825
1182038510,1873
1182039510,1893
1182040510,1876
1182041510,1840
1182042510,1834
1182043510,2009
1182044510,1955
1182045510,1804
1182055937,1890
1182056937,1913
1182057937,1872
1182058937,1854
1182059937,1974
1182060937,1964
1182061937,1805
1182062937,1682
1182063937,1705
1182064937,1675
1182065937,1702
1182066937,1821
1182067937,1919
1182068937,1936
1182069937,1908
1182070937,1823
1182071937,1872
1182072937,1874
1182073937,1883
1182084392,1881
1182085392,1889
1182086392,1873
1182087392,1819
1182088392,1885
1182089392,1901
1182090392,1887
1182091392,1849
1182092392,1831
1182093392,1988
1182094392,1955
1182095392,1831
1182096392,1733
1182097392,1760
1182098392,1673
1182099392,1726
1182100392,1831
1182101392,1907
1182102392,1903
1182103392,1893
1182113819,1723
1182114819,1698
1182115819,1687
1182116819,1807
1182117819,1905
1182118819,1933
1182119819,1891
1182120819,1814
1182121819,1871
1182122819,1885
1182123819,1868
1182124819,1844
1182125819,1829
1182126819,2018
1182127819,1942
1182128819,1813
1182129819,1697
1182130819,1746
1182131819,1644
1182132819,1725
1182143262,1965
1182144262,1963
1182145262,1843
1182146262,1742
1182147262,1724
1182148262,1711
1182149262,1725
1182150262,1831
1182151262,1919
1182152262,1905
1182153262,1889
1182154262,1820
1182155262,1923
1182156262,1904
1182157262,1897
1182158262,1872
1182159262,1844
1182160262,2021
1182161262,1923
1182162262,1784
1182172689,1935
1182173689,1926
1182174689,1863
1182175689,1824
1182176689,1961
1182177689,1895
1182178689,1833
1182179689,1713
1182180689,1756
1182181689,1671
1182182689,1723
1182183689,1839
1182184689,1927
1182185689,1913
1182186689,1895
1182187689,1835
1182188689,1889
1182189689,1911
1182190689,1876
1182191689,1855
1182202116,1908
1182203116,1875
1182204116,1796
1182205116,1872
1182206116,1933
1182207116,1904
1182208116,1888
1182209116,1838
1182210116,1987
1182211116,1909
1182212116,1793
1182213116,1681
1182214116,1739
1182215116,1668
1182216116,1747
1182217116,1864
1182218116,1921
1182219116,1904
1182220116,1894
1182221116,1827
1182231543,1683
1182232543,1712
1182233543,1835
1182234543,1957
1182235543,1933
1182236543,1902
1182237543,1809
1182238543,1870
1182239543,1906
1182240543,1866
1182241543,1840
1182242543,1814
1182243543,2015
1182244543,1929
1182245543,1791
1182246543,1691
1182247543,1728
1182248543,1633
1182249543,1715
1182259998,1985
1182260998,1955
1182261998,1811
1182262998,1697
1182263998,1737
1182264998,1685
1182265998,1727
1182266998,1841
1182267998,1932
1182268998,1933
1182269998,1897
1182270998,1823
1182271998,1873
1182272998,1889
1182273998,1904
1182274998,1860
1182275998,1837
1182276998,2023
1182277998,1915
1182278998,1766
1182289424,1901
1182290424,1900
1182291424,1856
1182292424,1827
1182293424,2005
1182294424,1943
1182295424,1808
1182296424,1697
1182297424,1729
1182298424,1629
1182299424,1711
1182300424,1841
1182301424,1918
1182302424,1929
1182303424,1887
1182304424,1840
1182305424,1876
1182306424,1889
1182307424,1871
1182308424,1839
1182318868,1905
1182319868,1900
1182320868,1840
1182321868,1867
1182322868,1904
1182323868,1888
1182324868,1846
1182325868,1840
1182326868,2023
1182327868,1936
1182328868,1809
1182329868,1707
1182330868,1746
1182331868,1635
1182332868,1712
1182333868,1835
1182334868,1905
1182335868,1914
1182336868,1906
1182337868,1863
1182348295,1649
1182349295,1709
1182350295,1841
1182351295,1936
1182352295,1936
1182353295,1889
1182354295,1842
1182355295,1936
1182356295,1887
1182357295,1841
1182358295,1813
1182359295,1804
1182360295,2007
1182361295,1927
1182362295,1783
1182363295,1713
1182364295,1744
1182365295,1649
1182366295,1739
1182367295,1892
1182377722,1950
1182378722,1814
1182379722,1696
1182380722,1699
1182381722,1664
1182382722,1715
1182383722,1856
1182384722,1937
1182385722,1917
1182386722,1895
1182387722,1841
1182388722,1892
1182389722,1877
1182390722,1847
1182391722,1825
1182392722,1830
1182393722,2033
1182394722,1893
1182395722,1790
1182396722,1723
1182407149,1881
1182408149,1843
1182409149,1838
1182410149,2023
1182411149,1948
1182412149,1807
1182413149,1698
1182414149,1731
1182415149,1648
1182416149,1713
1182417149,1856
1182418149,1908
1182419149,1902
1182420149,1879
1182421149,1837
1182422149,1887
1182423149,1903
1182424149,1872
1182425149,1851
1182435603,1913
1182436603,1883
1182437603,1821
1182438603,1870
1182439603,1894
1182440603,1881
1182441603,1856
1182442603,1833
1182443603,2017
1182444603,1919
1182445603,1776
1182446603,1600
1182447603,1734
1182448603,1627
1182449603,1717
1182450603,1861
1182451603,1935
1182452603,1903
1182453603,1911
1182454603,1871
1182465030,1667
1182466030,1725
1182467030,1843
1182468030,1923
1182469030,1911
1182470030,1881
1182471030,1802
1182472030,1856
1182473030,1871
1182474030,1844
1182475030,1871
1182476030,1835
1182477030,2016
1182478030,1907
1182479030,1794
1182480030,1728
1182481030,1782
1182482030,1671
1182483030,1759
1182484030,1904
1182494474,1931
1182495474,1720
1182496474,1696
1182497474,1735
1182498474,1649
1182499474,1738
1182500474,1852
1182501474,1921
1182502474,1928
1182503474,1891
1182504474,1849
1182505474,1890
1182506474,1904
1182507474,1861
1182508474,1836
1182509474,1837
1182510474,1999
1182511474,1895
1182512474,1751
1182513474,1701
1182523901,1879
1182524901,1847
1182525901,1841
1182526901,2062
1182527901,1925
1182528901,1786
1182529901,1683
1182530901,1744
1182531901,1625
1182532901,1760
1182533901,1853
1182534901,1936
1182535901,1878
1182536901,1878
1182537901,1847
1182538901,1899
1182539901,1919
1182540901,1871
1182541901,1840
1182542901,1861
1182553328,1904
1182554328,1841
1182555328,1889
1182556328,1895
1182557328,1869
1182558328,1830
1182559328,1808
1182560328,2002
1182561328,1904
1182562328,1773
1182563328,1712
1182564328,1765
1182565328,1657
1182566328,1737
1182567328,1872
1182568328,1919
1182569328,1883
1182570328,1877
1182571328,1849
1182572328,1879
1182582755,1719
1182583755,1841
1182584755,1952
1182585755,1923
1182586755,1895
1182587755,1867
1182588755,1891
1182589755,1901
1182590755,1869
1182591755,1836
1182592755,1827
1182593755,1984
1182594755,1898
1182595755,1769
1182596755,1707
1182597755,1744
1182598755,1655
1182599755,1741
1182600755,1870
1182611209,1933
1182612209,1809
1182613209,1746
1182614209,1749
1182615209,1677
1182616209,1744
1182617209,1838
1182618209,1904
1182619209,1907
1182620209,1888
1182621209,1863
1182622209,1835
1182623209,1837
1182624209,1833
1182625209,1840
1182626209,1833
1182627209,1862
1182628209,1878
1182629209,1877
1182630209,1849
1182640636,1847
1182641636,1855
1182642636,1859
1182643636,1871
1182644636,1881
1182645636,1873
1182646636,1863
1182647636,1849
1182648636,1814
1182649636,1806
1182650636,1787
1182651636,1806
1182652636,1823
1182653636,1849
1182654636,1838
1182655636,1837
1182656636,1856
1182657636,1858
1182658636,1855
1182659636,1855
1182670080,1846
1182671080,1852
1182672080,1817
1182673080,1842
1182674080,1856
1182675080,1856
1182676080,1857
1182677080,1867
1182678080,1887
1182679080,1892
1182680080,1877
1182681080,1873
1182682080,1849
1182683080,1830
1182684080,1825
1182685080,1846
1182686080,1861
1182687080,1874
1182688080,1868
1182689080,1869
1182699507,1838
1182700507,1829
1182701507,1831
1182702507,1855
1182703507,1870
1182704507,1862
1182705507,1866
1182706507,1872
1182707507,1919
1182708507,1879
1182709507,1872
1182710507,1887
1182711507,1905
1182712507,1901
1182713507,1892
1182714507,1872
1182715507,1849
1182716507,1825
1182717507,1825
1182718507,1834
1182728934,1909
1182729934,1883
1182730934,1876
1182731934,1857
1182732934,1841
1182733934,1817
1182734934,1839
1182735934,1857
1182736934,1882
1182737934,1876
1182738934,1857
1182739934,1893
1182740934,1877
1182741934,1900
1182742934,1885
1182743934,1902
1182744934,1904
1182745934,1901
1182746934,1881
1182747934,1868
1182758361,1861
1182759361,1856
1182760361,1873
1182761361,1872
1182762361,1889
1182763361,1854
1182764361,1877
1182765361,1836
1182766361,1868
1182767361,1823
1182768361,1829
1182769361,1850
1182770361,1877
1182771361,1892
1182772361,1861
1182773361,1868
1182774361,1869
1182775361,1867
1182776361,1873
1182786815,1857
1182787815,1872
1182788815,1872
1182789815,1872
1182790815,1874
1182791815,1904
1182792815,1877
1182793815,1883
1182794815,1902
1182795815,1902
1182796815,1885
1182797815,1872
1182798815,1872
1182799815,1830
1182800815,1821
1182801815,1840
1182802815,1849
1182803815,1871
1182804815,1866
1182805815,1871
1182816244,1847
1182817244,1835
1182818244,1835
1182819244,1851
1182820244,1861
1182821244,1911
1182822244,1873
1182823244,1882
1182824244,1868
1182825244,1877
1182826244,1863
1182827244,1879
1182828244,1905
1182829244,1877
1182830244,1887
1182831244,1872
1182832244,1839
1182833244,1845
1182834244,1839
1182835244,1838
1182845686,1904
1182846686,1875
1182847686,1873
1182848686,1867
1182849686,1842
1182850686,1828
1182851686,1827
1182852686,1853
1182853686,1871
1182854686,1870
1182855686,1857
1182856686,1875
1182857686,1886
1182858686,1880
1182859686,1883
1182860686,1889
1182861686,1899
1182862686,1895
1182863686,1877
1182864686,1876
1182875113,1865
1182876113,1863
1182877113,1878
1182878113,1902
1182879113,1902
1182880113,1875
1182881113,1885
1182882113,1856
1182883113,1829
1182884113,1830
1182885113,1842
1182886113,1856
1182887113,1872
1182888113,1872
1182889113,1871
1182890113,1883
1182891113,1881
1182892113,1876
1182893113,1877
1182894113,1888
1182904540,1863
1182905540,1866
1182906540,1868
1182907540,1865
1182908540,1859
1182909540,1871
1182910540,1895
1182911540,1909
1182912540,1885
1182913540,1886
1182914540,1873
1182915540,1863
1182916540,1842
1182917540,1840
1182918540,1842
1182919540,1863
1182920540,1870
1182921540,1835
1182922540,1867
1182923540,1865
1182933967,1830
1182934967,1835
1182935967,1831
1182936967,1841
1182937967,1849
1182938967,1856
1182939967,1867
1182940967,1881
1182941967,1872
1182942967,1873
1182943967,1904
1182944967,1930
1182945967,1907
1182946967,1889
1182947967,1873
1182948967,1856
1182949967,1833
1182950967,1823
1182951967,1835
1182962421,1901
1182963421,1883
1182964421,1867
1182965421,1833
1182966421,1807
1182967421,1812
1182968421,1839
1182969421,1831
1182970421,1866
1182971421,1868
1182972421,1855
1182973421,1871
1182974421,1885
1182975421,1883
1182976421,1883
1182977421,1904
1182978421,1910
1182979421,1903
1182980421,1883
1182981421,1871
1182991848,1881
1182992848,1890
1182993848,1887
1182994848,1904
1182995848,1892
1182996848,1874
1182997848,1858
1182998848,1853
1182999848,1836
1183000848,1820
1183001848,1837
1183002848,1849
1183003848,1863
1183004848,1865
1183005848,1865
1183006848,1877
1183007848,1882
1183008848,1879
1183009848,1887
1183010848,1904
1183021292,1863
1183022292,1872
1183023292,1881
1183024292,1876
1183025292,1873
1183026292,1869
1183027292,1892
1183028292,1921
1183029292,1917
1183030292,1904
1183031292,1881
1183032292,1845
1183033292,1834
1183034292,1818
1183035292,1830
1183036292,1833
1183037292,1855
1183038292,1854
1183039292,1867
1183040292,1865
1183050719,1813
1183051719,1829
1183052719,1841
1183053719,1869
1183054719,1873
1183055719,1872
1183056719,1883
1183057719,1893
1183058719,1887
1183059719,1889
1183060719,1944
1183061719,1917
1183062719,1894
1183063719,1879
1183064719,1865
1183065719,1833
1183066719,1799
1183067719,1821
1183068719,1841
1183069719,1853
1183080146,1888
1183081146,1873
1183082146,1833
1183083146,1830
1183084146,1818
1183085146,1833
1183086146,1857
1183087146,1863
1183088146,1856
1183089146,1870
1183090146,1873
1183091146,1882
1183092146,1881
1183093146,1872
1183094146,1891
1183095146,1903
1183096146,1898
1183097146,1876
1183098146,1868
1183099146,1842
1183109577,1859
1183110577,1879
1183111577,1904
1183112577,1899
1183113577,1891
1183114577,1873
1183115577,1876
1183116577,1872
1183117577,1831
1183118577,1837
1183119577,1856
1183120577,1863
1183121577,1871
1183122577,1872
1183123577,1870
1183124577,1873
1183125577,1887
1183126577,1881
1183127577,1902
1183138027,1863
1183139027,1872
1183140027,1871
1183141027,1884
1183142027,1883
1183143027,1873
1183144027,1888
1183145027,1901
1183146027,1892
1183147027,1881
1183148027,1867
1183149027,1853
1183150027,1827
1183151027,1825
1183152027,1819
1183153027,1858
1183154027,1865
1183155027,1901
1183156027,1872
1183157027,1883
1183167454,1824
1183168454,1836
1183169454,1845
1183170454,1843
1183171454,1905
1183172454,1873
1183173454,1882
1183174454,1892
1183175454,1872
1183176454,1868
1183177454,1887
1183178454,1905
1183179454,1879
1183180454,1865
1183181454,1849
1183182454,1843
1183183454,1827
1183184454,1831
1183185454,1844
1183186454,1851
1183196898,1881
1183197898,1878
1183198898,1847
1183199898,1835
1183200898,1823
1183201898,1827
1183202898,1856
1183203898,1859
1183204898,1857
1183205898,1851
1183206898,1867
1183207898,1872
1183208898,1872
1183209898,1885
1183210898,1904
1183211898,1910
1183212898,1915
1183213898,1893
1183214898,1902
1183215898,1861
1183226325,1872
1183227325,1902
1183228325,1918
1183229325,1897
1183230325,1889
1183231325,1874
1183232325,1849
1183233325,1831
1183234325,1825
1183235325,1834
1183236325,1913
1183237325,1857
1183238325,1870
1183239325,1875
1183240325,1889
1183241325,1877
1183242325,1875
1183243325,1882
1183244325,1903
1183245325,1904
1183255752,1904
1183256752,1881
1183257752,1886
1183258752,1875
1183259752,1873
1183260752,1903
1183261752,1904
1183262752,1901
1183263752,1888
1183264752,1885
1183265752,1847
1183266752,1824
1183267752,1813
1183268752,1836
1183269752,1855
1183270752,1862
1183271752,1872
1183272752,1860
1183273752,1877
1183274752,1879
1183285178,1844
1183286178,1868
1183287178,1872
1183288178,1874
1183289178,1872
1183290178,1883
1183291178,1878
1183292178,1879
1183293178,1876
1183294178,1895
1183295178,1904
1183296178,1891
1183297178,1879
1183298178,1871
1183299178,1845
1183300178,1824
1183301178,1824
1183302178,1845
1183303178,1858
1183313633,1877
1183314633,1870
1183315633,1840
1183316633,1821
1183317633,1780
1183318633,1837
1183319633,1845
1183320633,1857
1183321633,1868
1183322633,1869
1183323633,1892
1183324633,1873
1183325633,1872
1183326633,1881
1183327633,1911
1183328633,1916
1183329633,1899
1183330633,1879
1183331633,1863
1183332633,1834
1183343060,1881
1183344060,1904
1183345060,1904
1183346060,1904
1183347060,1936
1183348060,1867
1183349060,1845
1183350060,1822
1183351060,1821
1183352060,1841
1183353060,1872
1183354060,1865
1183355060,1876
1183356060,1876
1183357060,1866
1183358060,1905
1183359060,1891
1183360060,1893
1183361060,1904
1183362060,1906
1183372504,1867
1183373504,1887
1183374504,1883
1183375504,1873
1183376504,1883
1183377504,1895
1183378504,1912
1183379504,1894
1183380504,1889
1183381504,1877
1183382504,1851
1183383504,1833
1183384504,1830
1183385504,1840
1183386504,1852
1183387504,1856
1183388504,1865
1183389504,1877
1183390504,1880
1183391504,1872
1183401931,1840
1183402931,1862
1183403931,1872
1183404931,1879
1183405931,1880
1183406931,1883
1183407931,1884
1183408931,1851
1183409931,1883
1183410931,1921
1183411931,1909
1183412931,1901
1183413931,1877
1183414931,1861
1183415931,1840
1183416931,1819
1183417931,1825
1183418931,1825
1183419931,1856
1183420931,1865
1183431357,1870
1183432357,1839
1183433357,1828
1183434357,1821
1183435357,1833
1183436357,1852
1183437357,1858
1183438357,1869
1183439357,1862
1183440357,1885
1183441357,1881
1183442357,1870
1183443357,1875
1183444357,1904
1183445357,1905
1183446357,1892
1183447357,1887
1183448357,1859
1183449357,1840
1183450357,1819
1183460784,1919
1183461784,1906
1183462784,1901
1183463784,1883
1183464784,1871
1183465784,1845
1183466784,1825
1183467784,1819
1183468784,1840
1183469784,1860
1183470784,1851
1183471784,1849
1183472784,1864
1183473784,1904
1183474784,1869
1183475784,1873
1183476784,1878
1183477784,1903
1183478784,1907
1183489240,1871
1183490240,1885
1183491240,1879
1183492240,1882
1183493240,1879
1183494240,1904
1183495240,1910
1183496240,1895
1183497240,1875
1183498240,1862
1183499240,1841
1183500240,1824
1183501240,1824
1183502240,1841
1183503240,1853
1183504240,1856
1183505240,1872
1183506240,1866
1183507240,1885
1183508240,1873
1183518666,1840
1183519666,1851
1183520666,1869
1183521666,1859
1183522666,1872
1183523666,1883
1183524666,1879
1183525666,1917
1183526666,1884
1183527666,1902
1183528666,1914
1183529666,1903
1183530666,1882
1183531666,1856
1183532666,1840
1183533666,1814
1183534666,1829
1183535666,1840
1183536666,1865
1183537666,1871
1183548110,1856
1183549110,1852
1183550110,1821
1183551110,1825
1183552110,1825
1183553110,1858
1183554110,1877
1183555110,1881
1183556110,1881
1183557110,1891
1183558110,1902
1183559110,1873
1183560110,1878
1183561110,1901
1183562110,1894
1183563110,1874
1183564110,1856
1183565110,1856
1183566110,1776
1183567110,1815
1183577536,1898
1183578536,1906
1183579536,1883
1183580536,1879
1183581536,1866
1183582536,1841
1183583536,1827
1183584536,1831
1183585536,1853
1183586536,1859
1183587536,1862
1183588536,1858
1183589536,1858
1183590536,1861
1183591536,1857
1183592536,1870
1183593536,1888
1183594536,1917
1183595536,1921
1183596536,1904
1183606963,1873
1183607963,1877
1183608963,1878
1183609963,1888
1183610963,1904
1183611963,1916
1183612963,1904
1183613963,1887
1183614963,1859
1183615963,1843
1183616963,1825
1183617963,1821
1183618963,1846
1183619963,1846
1183620963,1861
1183621963,1856
1183622963,1874
1183623963,1873
1183624963,1875
1183625963,1899
1183636390,1859
1183637390,1853
1183638390,1866
1183639390,1872
1183640390,1879
1183641390,1875
1183642390,1881
1183643390,1886
1183644390,1881
1183645390,1904
1183646390,1899
1183647390,1875
1183648390,1859
1183649390,1845
1183650390,1831
1183651390,1840
1183652390,1840
1183653390,1857
1183654390,1856
1183664845,1862
1183665845,1834
1183666845,1815
1183667845,1824
1183668845,1839
1183669845,1851
1183670845,1867
1183671845,1859
1183672845,1869
1183673845,1873
1183674845,1872
1183675845,1875
1183676845,1893
1183677845,1915
1183678845,1936
1183679845,1900
1183680845,1883
1183681845,1833
1183682845,1820
1183683845,1811
1183694272,1904
1183695272,1906
1183696272,1899
1183697272,1875
1183698272,1864
1183699272,1839
1183700272,1795
1183701272,1824
1183702272,1840
1183703272,1856
1183704272,1860
1183705272,1874
1183706272,1876
1183707272,1873
1183708272,1884
1183709272,1875
1183710272,1851
1183711272,1904
1183712272,1909
1183713272,1889
1183723715,1872
1183724715,1882
1183725715,1875
1183726715,1899
1183727715,1913
1183728715,1905
1183729715,1904
1183730715,1883
1183731715,1852
1183732715,1835
1183733715,1831
1183734715,1840
1183735715,1859
1183736715,1871
1183737715,1867
1183738715,1808
1183739715,1876
1183740715,1873
1183741715,1887
1183742715,1881
1183753142,1855
1183754142,1862
1183755142,1863
1183756142,1874
1183757142,1887
1183758142,1881
1183759142,1885
1183760142,1882
1183761142,1904
1183762142,1917
1183763142,1903
1183764142,1882
1183765142,1847
1183766142,1833
1183767142,1811
1183768142,1839
1183769142,1840
1183770142,1841
1183771142,1867
1183772142,1867
1183782574,1837
1183783574,1822
1183784574,1824
1183785574,1843
1183786574,1851
1183787574,1870
1183788574,1865
1183789574,1869
1183790574,1879
1183791574,1877
1183792574,1847
1183793574,1889
1183794574,1909
1183795574,1914
1183796574,1897
1183797574,1867
1183798574,1855
1183799574,1815
1183800574,1808
1183801574,1823
1183811996,1904
1183812996,1904
1183813996,1889
1183814996,1867
1183815996,1833
1183816996,1814
1183817996,1821
1183818996,1839
1183819996,1843
1183820996,1855
1183821996,1861
1183822996,1869
1183823996,1873
1183824996,1873
1183825996,1888
1183826996,1897
1183827996,1907
1183828996,1915
1183829996,1898
1183840451,1878
1183841451,1883
1183842451,1879
1183843451,1893
1183844451,1905
1183845451,1916
1183846451,1901
1183847451,1912
1183848451,1854
1183849451,1833
1183850451,1818
1183851451,1829
1183852451,1843
1183853451,1859
1183854451,1858
1183855451,1869
1183856451,1853
1183857451,1887
1183858451,1885
1183859451,1886
1183869877,1824
1183870877,1853
1183871877,1844
1183872877,1843
1183873877,1855
1183874877,1865
1183875877,1873
1183876877,1886
1183877877,1911
1183878877,1913
1183879877,1901
1183880877,1879
1183881877,1862
1183882877,1835
1183883877,1814
1183884877,1824
1183885877,1840
1183886877,1873
1183887877,1865
1183888877,1859
1183899321,1850
1183900321,1829
1183901321,1827
1183902321,1847
1183903321,1852
1183904321,1858
1183905321,1836
1183906321,1855
1183907321,1872
1183908321,1904
1183909321,1861
1183910321,1886
1183911321,1905
1183912321,1904
1183913321,1893
1183914321,1873
1183915321,1855
1183916321,1878
1183917321,1823
1183918321,1829
1183928748,1883
1183929748,1909
1183930748,1893
1183931748,1861
1183932748,1852
1183933748,1817
1183934748,1827
1183935748,1841
1183936748,1857
1183937748,1871
1183938748,1870
1183939748,1872
1183940748,1876
1183941748,1874
1183942748,1887
1183943748,1904
1183944748,1907
1183945748,1907
1183946748,1885
1183947748,1883
1183958175,1876
1183959175,1871
1183960175,1885
1183961175,1897
1183962175,1910
1183963175,1900
1183964175,1879
1183965175,1857
1183966175,1841
1183967175,1820
1183968175,1834
1183969175,1842
1183970175,1856
1183971175,1858
1183972175,1858
1183973175,1867
1183974175,1865
1183975175,1867
1183976175,1875
1183977175,1897
1183987602,1863
1183988602,1857
1183989602,1869
1183990602,1871
1183991602,1872
1183992602,1883
1183993602,1904
1183994602,1911
1183995602,1916
1183996602,1900
1183997602,1878
1183998602,1845
1183999602,1827
1184000602,1813
1184001602,1832
1184002602,1845
1184003602,1865
1184004602,1849
1184005602,1867
1184016056,1835
1184017056,1817
1184018056,1844
1184019056,1838
1184020056,1856
1184021056,1861
1184022056,1858
1184023056,1861
1184024056,1877
1184025056,1871
1184026056,1879
1184027056,1897
1184028056,1913
1184029056,1903
1184030056,1904
1184031056,1872
1184032056,1846
1184033056,1829
1184034056,1812
1184035056,1839
1184045483,1915
1184046483,1891
1184047483,1873
1184048483,1856
1184049483,1831
1184050483,1809
1184051483,1831
1184052483,1838
1184053483,1861
1184054483,1863
1184055483,1860
1184056483,1877
1184057483,1881
1184058483,1875
1184059483,1881
1184060483,1893
1184061483,1919
1184062483,1915
1184063483,1890
1184064483,1869
1184074927,1877
1184075927,1875
1184076927,1893
1184077927,1924
1184078927,1919
1184079927,1904
1184080927,1883
1184081927,1857
1184082927,1827
1184083927,1817
1184084927,1823
1184085927,1840
1184086927,1853
1184087927,1843
1184088927,1859
1184089927,1872
1184090927,1903
1184091927,1906
1184092927,1904
1184093927,1921
1184104354,1849
1184105354,1835
1184106354,1822
1184107354,1799
1184108354,1783
1184109354,1756
1184110354,1822
1184111354,1847
1184112354,1858
1184113354,1877
1184114354,1881
1184115354,1849
1184116354,1840
1184117354,1837
1184118354,1849
1184119354,1872
1184120354,1876
1184121354,1875
1184122354,1872
1184123354,1886
1184133781,1817
1184134781,1825
1184135781,1851
1184136781,1852
1184137781,1867
1184138781,1872
1184139781,1878
1184140781,1887
1184141781,1884
1184142781,1886
1184143781,1899
1184144781,1924
1184145781,1915
1184146781,1885
1184147781,1873
1184148781,1851
1184149781,1821
1184150781,1814
1184151781,1851
1184152781,1825
1184163208,1897
1184164208,1879
1184165208,1856
1184166208,1823
1184167208,1809
1184168208,1814
1184169208,1848
1184170208,1854
1184171208,1859
1184172208,1858
1184173208,1871
1184174208,1877
1184175208,1879
1184176208,1876
1184177208,1906
1184178208,1916
1184179208,1911
1184180208,1887
1184181208,1872
1184191662,1880
1184192662,1875
1184193662,1898
1184194662,1931
1184195662,1933
1184196662,1917
1184197662,1900
1184198662,1860
1184199662,1839
1184200662,1782
1184201662,1819
1184202662,1837
1184203662,1841
1184204662,1844
1184205662,1856
1184206662,1904
1184207662,1865
1184208662,1863
1184209662,1871
1184210662,1902
1184221089,1902
1184222089,1870
1184223089,1881
1184224089,1891
1184225089,1884
1184226089,1881
1184227089,1899
1184228089,1911
1184229089,1907
1184230089,1897
1184231089,1877
1184232089,1847
1184233089,1828
1184234089,1818
1184235089,1839
1184236089,1857
1184237089,1855
1184238089,1867
1184239089,1869
1184240089,1888
1184250533,1825
1184251533,1824
1184252533,1840
1184253533,1873
1184254533,1868
1184255533,1870
1184256533,1872
1184257533,1892
1184258533,1877
1184259533,1888
1184260533,1903
1184261533,1905
1184262533,1911
1184263533,1895
1184264533,1867
1184265533,1844
1184266533,1811
1184267533,1809
1184268533,1815
1184269533,1839
1184279960,1899
1184280960,1882
1184281960,1847
1184282960,1826
1184283960,1819
1184284960,1804
1184285960,1829
1184286960,1855
1184287960,1861
1184288960,1874
1184289960,1890
1184290960,1897
1184291960,1883
1184292960,1877
1184293960,1895
1184294960,1915
1184295960,1904
1184296960,1877
1184297960,1863
1184298960,1834
1184309387,1892
1184310387,1910
1184311387,1905
1184312387,1916
1184313387,1899
1184314387,1884
1184315387,1853
1184316387,1831
1184317387,1827
1184318387,1837
1184319387,1850
1184320387,1861
1184321387,1870
1184322387,1867
1184323387,1876
1184324387,1879
1184325387,1881
1184326387,1889
1184327387,1906
1184328387,1918
1184338814,1868
1184339814,1877
1184340814,1885
1184341814,1874
1184342814,1884
1184343814,1908
1184344814,1914
1184345814,1913
1184346814,1899
1184347814,1876
1184348814,1851
1184349814,1835
1184350814,1830
1184351814,1831
1184352814,1842
1184353814,1857
1184354814,1863
1184355814,1872
1184356814,1868
1184367268,1817
1184368268,1767
1184369268,1845
1184370268,1872
1184371268,1878
1184372268,1896
1184373268,1902
1184374268,1855
1184375268,1893
1184376268,1893
1184377268,1905
1184378268,1925
1184379268,1894
1184380268,1875
1184381268,1869
1184382268,1829
1184383268,1729
1184384268,1811
1184385268,1829
1184386268,1859
1184396695,1899
1184397695,1881
1184398695,1851
1184399695,1827
1184400695,1815
1184401695,1838
1184402695,1860
1184403695,1865
1184404695,1867
1184405695,1861
1184406695,1878
1184407695,1875
1184408695,1875
1184409695,1893
1184410695,1905
1184411695,1919
1184412695,1971
1184413695,1893
1184414695,1872
1184415695,1845
1184426139,1887
1184427139,1903
1184428139,1917
1184429139,1895
1184430139,1895
1184431139,1877
1184432139,1849
1184433139,1828
1184434139,1824
1184435139,1829
1184436139,1845
1184437139,1858
1184438139,1865
1184439139,1889
1184440139,1872
1184441139,1872
1184442139,1872
1184443139,1884
1184444139,1906
1184445139,1919
1184455568,1857
1184456568,1932
1184457568,1888
1184458568,1883
1184459568,1903
1184460568,1943
1184461568,1919
1184462568,1911
1184463568,1897
1184464568,1879
1184465568,1847
1184466568,1835
1184467568,1827
1184468568,1831
1184469568,1854
1184470568,1867
1184471568,1857
1184472568,1873
1184473568,1875
1184474568,1881
1184484993,1829
1184485993,1853
1184486993,1859
1184487993,1872
1184488993,1878
1184489993,1881
1184490993,1891
1184491993,1879
1184492993,1879
1184493993,1901
1184494993,1915
1184495993,1900
1184496993,1872
1184497993,1860
1184498993,1827
1184499993,1818
1184500993,1824
1184501993,1837
1184502993,1852
1184503993,1863
1184514420,1884
1184515420,1856
1184516420,1836
1184517420,1825
1184518420,1835
1184519420,1850
1184520420,1860
1184521420,1867
1184522420,1861
1184523420,1885
1184524420,1879
1184525420,1879
1184526420,1889
1184527420,1919
1184528420,1924
1184529420,1906
1184530420,1887
1184531420,1815
1184532420,1837
1184542874,1886
1184543874,1916
1184544874,1919
1184545874,1907
1184546874,1883
1184547874,1873
1184548874,1843
1184549874,1818
1184550874,1815
1184551874,1828
1184552874,1848
1184553874,1859
1184554874,1860
1184555874,1869
1184556874,1876
1184557874,1888
1184558874,1873
1184559874,1887
1184560874,1904
1184561874,1917
1184572301,1867
1184573301,1877
1184574301,1880
1184575301,1874
1184576301,1897
1184577301,1912
1184578301,1933
1184579301,1911
1184580301,1947
1184581301,1883
1184582301,1846
1184583301,1817
1184584301,1819
1184585301,1829
1184586301,1842
1184587301,1851
1184588301,1855
1184589301,1872
1184590301,1886
1184591301,1877
1184601745,1836
1184602745,1841
1184603745,1863
1184604745,1861
1184605745,1863
1184606745,1883
1184607745,1883
1184608745,1880
1184609745,1892
1184610745,1911
1184611745,1921
1184612745,1904
1184613745,1888
1184614745,1865
1184615745,1837
1184616745,1828
1184617745,1814
1184618745,1838
1184619745,1845
1184620745,1867
1184631172,1873
1184632172,1809
1184633172,1839
1184634172,1814
1184635172,1836
1184636172,1852
1184637172,1854
1184638172,1862
1184639172,1870
1184640172,1877
1184641172,1879
1184642172,1878
1184643172,1881
1184644172,1908
1184645172,1927
1184646172,1899
1184647172,1889
1184648172,1869
1184649172,1830
1184650172,1827
1184660599,1903
1184661599,1905
1184662599,1913
1184663599,1881
1184664599,1853
1184665599,1865
1184666599,1828
1184667599,1833
1184668599,1791
1184669599,1861
1184670599,1862
1184671599,1858
1184672599,1859
1184673599,1883
1184674599,1868
1184675599,1873
1184676599,1872
1184677599,1916
1184678599,1902
1184679599,1893
1184690025,1873
1184691025,1877
1184692025,1872
1184693025,1884
1184694025,1910
1184695025,1918
1184696025,1902
1184697025,1901
1184698025,1859
1184699025,1843
1184700025,1815
1184701025,1819
1184702025,1837
1184703025,1855
1184704025,1861
1184705025,1857
1184706025,1855
1184707025,1872
1184708025,1863
1184718489,1851
1184719489,1854
1184720489,1859
1184721489,1842
1184722489,1840
1184723489,1839
1184724489,1847
1184725489,1845
1184726489,1855
1184727489,1894
1184728489,1900
1184729489,1916
1184730489,1907
1184731489,1893
1184732489,1871
1184733489,1843
1184734489,1841
1184735489,1840
1184736489,1847
1184737489,1847
1184747907,1885
1184748907,1861
1184749907,1827
1184750907,1821
1184751907,1839
1184752907,1841
1184753907,1856
1184754907,1865
1184755907,1863
1184756907,1872
1184757907,1886
1184758907,1877
1184759907,1897
1184760907,1920
1184761907,1920
1184762907,1905
1184763907,1898
1184764907,1866
1184765907,1841
1184766907,1808
1184777351,1913
1184778351,1920
1184779351,1905
1184780351,1891
1184781351,1873
1184782351,1838
1184783351,1817
1184784351,1815
1184785351,1829
1184786351,1845
1184787351,1853
1184788351,1829
1184789351,1872
1184790351,1871
1184791351,1877
1184792351,1877
1184793351,1899
1184794351,1911
1184795351,1917
1184796351,1902
1184806778,1872
1184807778,1885
1184808778,1879
1184809778,1894
1184810778,1901
1184811778,1925
1184812778,1908
1184813778,1891
1184814778,1872
1184815778,1840
1184816778,1817
1184817778,1820
1184818778,1827
1184819778,1846
1184820778,1850
1184821778,1860
1184822778,1862
1184823778,1869
1184824778,1869
1184825778,1872
1184836204,1849
1184837204,1860
1184838204,1865
1184839204,1871
1184840204,1879
1184841204,1875
1184842204,1874
1184843204,1904
1184844204,1905
1184845204,1926
1184846204,1911
1184847204,1889
1184848204,1872
1184849204,1840
1184850204,1815
1184851204,1819
1184852204,1839
1184853204,1851
1184854204,1857
1184855204,1859
1184865631,1840
1184866631,1814
1184867631,1815
1184868631,1827
1184869631,1851
1184870631,1841
1184871631,1895
1184872631,1861
1184873631,1867
1184874631,1876
1184875631,1872
1184876631,1894
1184877631,1919
1184878631,1923
1184879631,1905
1184880631,1895
1184881631,1870
1184882631,1827
1184883631,1819
1184894086,1907
1184895086,1919
1184896086,1911
1184897086,1889
1184898086,1862
1184899086,1840
1184900086,1815
1184901086,1807
1184902086,1838
1184903086,1854
1184904086,1856
1184905086,1865
1184906086,1872
1184907086,1872
1184908086,1872
1184909086,1889
1184910086,1901
1184911086,1920
1184912086,1930
1184913086,1903
1184923513,1847
1184924513,1876
1184925513,1883
1184926513,1891
1184927513,1905
1184928513,1915
1184929513,1904
1184930513,1885
1184931513,1866
1184932513,1837
1184933513,1811
1184934513,1817
1184935513,1836
1184936513,1853
1184937513,1861
1184938513,1854
1184939513,1880
1184940513,1873
1184941513,1877
1184942513,1890
1184952957,1853
1184953957,1869
1184954957,1870
1184955957,1875
1184956957,1886
1184957957,1890
1184958957,1881
1184959957,1901
1184960957,1907
1184961957,1920
1184962957,1909
1184963957,1881
1184964957,1859
1184965957,1831
1184966957,1813
1184967957,1829
1184968957,1848
1184969957,1845
1184970957,1847
1184971957,1857
1184982383,1842
1184983383,1812
1184984383,1819
1184985383,1841
1184986383,1853
1184987383,1865
1184988383,1861
1184989383,1919
1184990383,1877
1184991383,1878
1184992383,1877
1184993383,1897
1184994383,1920
1184995383,1910
1184996383,1900
1184997383,1887
1184998383,1855
1184999383,1807
1185000383,1812
1185001383,1827
1185011810,1927
1185012810,1904
1185013810,1890
1185014810,1866
1185015810,1834
1185016810,1808
1185017810,1820
1185018810,1835
1185019810,1859
1185020810,1861
1185021810,1871
1185022810,1876
1185023810,1872
1185024810,1879
1185025810,1904
1185026810,1901
1185027810,1907
1185028810,1921
1185029810,1878
1185030810,1883
1185041245,1883
1185042245,1887
1185043245,1901
1185044245,1909
1185045245,1915
1185046245,1901
1185047245,1891
1185048245,1861
1185049245,1829
1185050245,1817
1185051245,1819
1185052245,1829
1185053245,1842
1185054245,1841
1185055245,1854
1185056245,1867
1185057245,1872
1185058245,1861
1185059245,1888
1185069692,1856
1185070692,1857
1185071692,1873
1185072692,1871
1185073692,1880
1185074692,1882
1185075692,1885
1185076692,1950
1185077692,1922
1185078692,1913
1185079692,1871
1185080692,1886
1185081692,1847
1185082692,1829
1185083692,1815
1185084692,1820
1185085692,1849
1185086692,1856
1185087692,1857
1185088692,1863
1185099119,1840
1185100119,1814
1185101119,1824
1185102119,1839
1185103119,1856
1185104119,1861
1185105119,1868
1185106119,1869
1185107119,1887
1185108119,1883
1185109119,1883
1185110119,1901
1185111119,1917
1185112119,1925
1185113119,1908
1185114119,1865
1185115119,1854
1185116119,1824
1185117119,1822
1185118119,1828
1185128565,1919
1185129565,1905
1185130565,1895
1185131565,1860
1185132565,1836
1185133565,1808
1185134565,1828
1185135565,1837
1185136565,1853
1185137565,1853
1185138565,1868
1185139565,1882
1185140565,1879
1185141565,1899
1185142565,1889
1185143565,1903
1185144565,1915
1185145565,1919
1185146565,1893
1185147565,1876
1185157989,1885
1185158989,1876
1185159989,1900
1185160989,1931
1185161989,1910
1185162989,1895
1185163989,1876
1185164989,1840
1185165989,1825
1185166989,1805
1185167989,1823
1185168989,1831
1185169989,1856
1185170989,1855
1185171989,1860
1185172989,1869
1185173989,1872
1185174989,1877
1185175989,1876
1185176989,1904
1185187416,1871
1185188416,1852
1185189416,1872
1185190416,1882
1185191416,1885
1185192416,1886
1185193416,1908
1185194416,1901
1185195416,1921
1185196416,1904
1185197416,1882
1185198416,1857
1185199416,1824
1185200416,1803
1185201416,1823
1185202416,1834
1185203416,1851
1185204416,1861
1185205416,1872
1185206416,1875
1185216843,1808
1185217843,1823
1185218843,1838
1185219843,1855
1185220843,1855
1185221843,1861
1185222843,1877
1185223843,1888
1185224843,1891
1185225843,1884
1185226843,1911
1185227843,1931
1185228843,1921
1185229843,1908
1185230843,1887
1185231843,1866
1185232843,1830
1185233843,1815
1185234843,1818
1185245298,1927
1185246298,1905
1185247298,1886
1185248298,1868
1185249298,1837
1185250298,1828
1185251298,1833
1185252298,1840
1185253298,1861
1185254298,1857
1185255298,1863
1185256298,1868
1185257298,1876
1185258298,1870
1185259298,1877
1185260298,1894
1185261298,1921
1185262298,1921
1185263298,1891
1185264298,1875
1185274724,1872
1185275724,1876
1185276724,1903
1185277724,1921
1185278724,1919
1185279724,1901
1185280724,1881
1185281724,1854
1185282724,1829
1185283724,1819
1185284724,1825
1185285724,1839
1185286724,1863
1185287724,1866
1185288724,1857
1185289724,1875
1185290724,1875
1185291724,1886
1185292724,1906
1185293724,1934
1185304168,1863
1185305168,1857
1185306168,1878
1185307168,1875
1185308168,1881
1185309168,1887
1185310168,1899
1185311168,1937
1185312168,1918
1185313168,1915
1185314168,1886
1185315168,1853
1185316168,1827
1185317168,1804
1185318168,1835
1185319168,1843
1185320168,1840
1185321168,1867
1185322168,1863
1185323168,1877
1185333596,1805
1185334596,1819
1185335596,1840
1185336596,1853
1185337596,1861
1185338596,1863
1185339596,1869
1185340596,1873
1185341596,1873
1185342596,1876
1185343596,1905
1185344596,1917
1185345596,1915
1185346596,1894
1185347596,1884
1185348596,1856
1185349596,1824
1185350596,1812
1185351596,1836
1185352596,1844
1185363022,1897
1185364022,1894
1185365022,1861
1185366022,1822
1185367022,1813
1185368022,1837
1185369022,1843
1185370022,1861
1185371022,1862
1185372022,1863
1185373022,1877
1185374022,1871
1185375022,1876
1185376022,1888
1185377022,1906
1185378022,1917
1185379022,1909
1185380022,1901
1185381022,1881
1185382022,1840
1185392449,1884
1185393449,1903
1185394449,1897
1185395449,1907
1185396449,1904
1185397449,1888
1185398449,1861
1185399449,1843
1185400449,1840
1185401449,1833
1185402449,1840
1185403449,1858
1185404449,1857
1185405449,1865
1185406449,1873
1185407449,1884
1185408449,1875
1185409449,1881
1185410449,1895
1185420903,1860
1185421903,1858
1185422903,1869
1185423903,1872
1185424903,1875
1185425903,1889
1185426903,1905
1185427903,1911
1185428903,1913
1185429903,1904
1185430903,1878
1185431903,1846
1185432903,1828
1185433903,1806
1185434903,1825
1185435903,1845
1185436903,1859
1185437903,1856
1185438903,1862
1185439903,1876
1185450330,1809
1185451330,1815
1185452330,1834
1185453330,1845
1185454330,1851
1185455330,1843
1185456330,1872
1185457330,1881
1185458330,1887
1185459330,1886
1185460330,1899
1185461330,1925
1185462330,1917
1185463330,1908
1185464330,1875
1185465330,1842
1185466330,1777
1185467330,1812
1185468330,1819
1185469330,1855
1185479774,1903
1185480774,1894
1185481774,1856
1185482774,1825
1185483774,1811
1185484774,1825
1185485774,1852
1185486774,1858
1185487774,1867
1185488774,1817
1185489774,1875
1185490774,1877
1185491774,1878
1185492774,1905
1185493774,1919
1185494774,1922
1185495774,1913
1185496774,1936
1185497774,1867
1185498774,1839
1185509201,1878
1185510201,1895
1185511201,1911
1185512201,1904
1185513201,1897
1185514201,1874
1185515201,1844
1185516201,1819
1185517201,1808
1185518201,1823
1185519201,1840
1185520201,1853
1185521201,1857
1185522201,1857
1185523201,1870
1185524201,1872
1185525201,1872
1185526201,1887
1185527201,1906
1185528201,1913
1185538628,1865
1185539628,1889
1185540628,1877
1185541628,1873
1185542628,1889
1185543628,1909
1185544628,1921
1185545628,1909
1185546628,1895
1185547628,1873
1185548628,1845
1185549628,1809
1185550628,1785
1185551628,1833
1185552628,1845
1185553628,1865
1185554628,1859
1185555628,1861
1185556628,1872
1185557628,1873
1185568055,1832
1185569055,1847
1185570055,1853
1185571055,1854
1185572055,1865
1185573055,1879
1185574055,1883
1185575055,1883
1185576055,1889
1185577055,1907
1185578055,1919
1185579055,1911
1185580055,1891
1185581055,1874
1185582055,1843
1185583055,1811
1185584055,1813
1185585055,1825
1185586055,1850
1185596509,1904
1185597509,1873
1185598509,1856
1185599509,1818
1185600509,1811
1185601509,1824
1185602509,1843
1185603509,1858
1185604509,1861
1185605509,1870
1185606509,1884
1185607509,1884
1185608509,1881
1185609509,1888
1185610509,1907
1185611509,1929
1185612509,1913
1185613509,1895
1185614509,1875
1185615509,1844
1185625936,1878
1185626936,1900
1185627936,1904
1185628936,1903
1185629936,1877
1185630936,1869
1185631936,1844
1185632936,1824
1185633936,1824
1185634936,1837
1185635936,1854
1185636936,1869
1185637936,1856
1185638936,1853
1185639936,1879
1185640936,1889
1185641936,1875
1185642936,1881
1185643936,1907
1185644936,1915
1185655380,1857
1185656380,1877
1185657380,1904
1185658380,1878
1185659380,1900
1185660380,1924
1185661380,1986
1185662380,1925
1185663380,1903
1185664380,1879
1185665380,1847
1185666380,1815
1185667380,1804
1185668380,1821
1185669380,1839
1185670380,1847
1185671380,1853
1185672380,1856
1185673380,1882
1185674380,1884
1185684807,1815
1185685807,1844
1185686807,1859
1185687807,1869
1185688807,1870
1185689807,1916
1185690807,1873
1185691807,1880
1185692807,1904
1185693807,1895
1185694807,1923
1185695807,1908
1185696807,1886
1185697807,1869
1185698807,1839
1185699807,1808
1185700807,1815
1185701807,1840
1185702807,1830
1185703807,1865
1185714242,1871
1185715242,1840
1185716242,1822
1185717242,1808
1185718242,1827
1185719242,1841
1185720242,1857
1185721242,1855
1185722242,1855
1185723242,1876
1185724242,1877
1185725242,1885
1185726242,1892
1185727242,1919
1185728242,1919
1185729242,1907
1185730242,1892
1185731242,1863
1185732242,1837
1185733242,1815
1185743661,1907
1185744661,1924
1185745661,1914
1185746661,1920
1185747661,1875
1185748661,1851
1185749661,1813
1185750661,1843
1185751661,1832
1185752661,1843
1185753661,1857
1185754661,1866
1185755661,1872
1185756661,1890
1185757661,1877
1185758661,1875
1185759661,1888
1185760661,1914
1185761661,1924
1185772115,1865
1185773115,1872
1185774115,1873
1185775115,1883
1185776115,1890
1185777115,1903
1185778115,1925
1185779115,1901
1185780115,1906
1185781115,1847
1185782115,1805
1185783115,1807
1185784115,1818
1185785115,1829
1185786115,1841
1185787115,1854
1185788115,1813
1185789115,1860
1185790115,1877
1185791115,1882
1185801542,1826
1185802542,1840
1185803542,1855
1185804542,1856
1185805542,1863
1185806542,1878
1185807542,1877
1185808542,1875
1185809542,1895
1185810542,1919
1185811542,1918
1185812542,1909
1185813542,1890
1185814542,1872
1185815542,1840
1185816542,1817
1185817542,1825
1185818542,1835
1185819542,1851
1185820542,1861
1185830986,1877
1185831986,1853
1185832986,1817
1185833986,1821
1185834986,1836
1185835986,1851
1185836986,1856
1185837986,1856
1185838986,1860
1185839986,1873
1185840986,1875
1185841986,1872
1185842986,1881
1185843986,1905
1185844986,1913
1185845986,1913
1185846986,1881
1185847986,1865
1185848986,1833
1185849986,1792
1185860413,1904
1185861413,1919
1185862413,1903
1185863413,1899
1185864413,1872
1185865413,1843
1185866413,1817
1185867413,1823
1185868413,1833
1185869413,1847
1185870413,1855
1185871413,1856
1185872413,1857
1185873413,1883
1185874413,1875
1185875413,1886
1185876413,1893
1185877413,1921
1185878413,1920
1185879413,1906
1185889840,1872
1185890840,1897
1185891840,1877
1185892840,1885
1185893840,1916
1185894840,1920
1185895840,1904
1185896840,1888
1185897840,1872
1185898840,1840
1185899840,1818
1185900840,1796
1185901840,1827
1185902840,1850
1185903840,1862
1185904840,1858
1185905840,1872
1185906840,1884
1185907840,1875
1185908840,1874
1185919268,1845
1185920268,1855
1185921268,1852
1185922268,1855
1185923268,1879
1185924268,1865
1185925268,1872
1185926268,1886
1185927268,1909
1185928268,1907
1185929268,1905
1185930268,1875
1185931268,1859
1185932268,1829
1185933268,1819
1185934268,1806
1185935268,1836
1185936268,1855
1185937268,1854
1185947721,1888
1185948721,1846
1185949721,1808
1185950721,1801
1185951721,1827
1185952721,1840
1185953721,1846
1185954721,1857
1185955721,1863
1185956721,1872
1185957721,1872
1185958721,1872
1185959721,1883
1185960721,1905
1185961721,1917
1185962721,1907
1185963721,1884
1185964721,1866
1185965721,1832
1185966721,1808
1185977148,1900
1185978148,1919
1185979148,1883
1185980148,1888
1185981148,1843
1185982148,1835
1185983148,1804
1185984148,1825
1185985148,1846
1185986148,1855
1185987148,1865
1185988148,1872
1185989148,1874
1185990148,1877
1185991148,1875
1185992148,1872
1185993148,1871
1185994148,1920
1185995148,1941
1185996148,1933
1186006596,1851
1186007596,1873
1186008596,1883
1186009596,1893
1186010596,1915
1186011596,1904
1186012596,1907
1186013596,1895
1186014596,1863
1186015596,1838
1186016596,1815
1186017596,1828
1186018596,1813
1186019596,1851
1186020596,1859
1186021596,1853
1186022596,1861
1186023596,1872
1186024596,1879
1186025596,1878
1186036019,1841
1186037019,1852
1186038019,1850
1186039019,1870
1186040019,1873
1186041019,1874
1186042019,1872
1186043019,1891
1186044019,1903
1186045019,1918
1186046019,1902
1186047019,1885
1186048019,1859
1186049019,1830
1186050019,1815
1186051019,1813
1186052019,1839
1186053019,1840
1186054019,1856
1186055019,1867
1186065446,1839
1186066446,1811
1186067446,1820
1186068446,1838
1186069446,1852
1186070446,1855
1186071446,1858
1186072446,1852
1186073446,1872
1186074446,1910
1186075446,1875
1186076446,1904
1186077446,1919
1186078446,1919
1186079446,1898
1186080446,1882
1186081446,1857
1186082446,1831
1186083446,1818
1186084446,1819
1186094873,1919
1186095873,1918
1186096873,1899
1186097873,1899
1186098873,1843
1186099873,1822
1186100873,1818
1186101873,1844
1186102873,1851
1186103873,1856
1186104873,1860
1186105873,1869
1186106873,1872
1186107873,1877
1186108873,1872
1186109873,1899
1186110873,1922
1186111873,1921
1186112873,1886
1186123327,1875
1186124327,1879
1186125327,1872
1186126327,1883
1186127327,1908
1186128327,1920
1186129327,1905
1186130327,1890
1186131327,1857
1186132327,1837
1186133327,1795
1186134327,1819
1186135327,1852
1186136327,1843
1186137327,1855
1186138327,1858
1186139327,1869
1186140327,1875
1186141327,1854
1186142327,1872
1186152754,1849
1186153754,1857
1186154754,1863
1186155754,1873
1186156754,1875
1186157754,1872
1186158754,1875
1186159754,1902
1186160754,1875
1186161754,1927
1186162754,1909
1186163754,1888
1186164754,1872
1186165754,1829
1186166754,1818
1186167754,1816
1186168754,1846
1186169754,1841
1186170754,1855
1186171754,1855
1186182198,1833
1186183198,1808
1186184198,1821
1186185198,1837
1186186198,1822
1186187198,1863
1186188198,1866
1186189198,1872
1186190198,1869
1186191198,1876
1186192198,1881
1186193198,1893
1186194198,1905
1186195198,1914
1186196198,1894
1186197198,1873
1186198198,1847
1186199198,1817
1186200198,1811
1186201198,1826
1186211625,1925
1186212625,1899
1186213625,1885
1186214625,1855
1186215625,1825
1186216625,1808
1186217625,1825
1186218625,1831
1186219625,1833
1186220625,1867
1186221625,1862
1186222625,1865
1186223625,1881
1186224625,1883
1186225625,1883
1186226625,1904
1186227625,1916
1186228625,1916
1186229625,1901
1186230625,1883
1186241052,1886
1186242052,1872
1186243052,1883
1186244052,1911
1186245052,1919
1186246052,1905
1186247052,1879
1186248052,1855
1186249052,1831
1186250052,1811
1186251052,1824
1186252052,1847
1186253052,1845
1186254052,1857
1186255052,1857
1186256052,1875
1186257052,1874
1186258052,1874
1186259052,1887
1186260052,1905
1186270478,1853
1186271478,1853
1186272478,1863
1186273478,1872
1186274478,1871
1186275478,1879
1186276478,1903
1186277478,1918
1186278478,1931
1186279478,1909
1186280478,1878
1186281478,1844
1186282478,1813
1186283478,1797
1186284478,1812
1186285478,1833
1186286478,1854
1186287478,1861
1186288478,1858
1186298933,1835
1186299933,1788
1186300933,1830
1186301933,1834
1186302933,1873
1186303933,1851
1186304933,1860
1186305933,1857
1186306933,1870
1186307933,1867
1186308933,1884
1186309933,1898
1186310933,1922
1186311933,1922
1186312933,1905
1186313933,1886
1186314933,1859
1186315933,1837
1186316933,1819
1186317933,1831
1186328360,1914
1186329360,1901
1186330360,1887
1186331360,1862
1186332360,1835
1186333360,1814
1186334360,1821
1186335360,1833
1186336360,1829
1186337360,1863
1186338360,1856
1186339360,1865
1186340360,1872
1186341360,1884
1186342360,1883
1186343360,1849
1186344360,1917
1186345360,1919
1186346360,1904
1186347360,1879
1186357804,1887
1186358804,1813
1186359804,1901
1186360804,1920
1186361804,1915
1186362804,1925
1186363804,1887
1186364804,1874
1186365804,1827
1186366804,1808
1186367804,1817
1186368804,1829
1186369804,1847
1186370804,1851
1186371804,1886
1186372804,1873
1186373804,1871
1186374804,1879
1186375804,1888
1186376804,1910
1186387238,1860
1186388238,1857
1186389238,1859
1186390238,1874
1186391238,1875
1186392238,1883
1186393238,1903
1186394238,1919
1186395238,1920
1186396238,1909
1186397238,1879
1186398238,1865
1186399238,1823
1186400238,1817
1186401238,1815
1186402238,1836
1186403238,1852
1186404238,1853
1186405238,1857
1186406238,1872
1186416657,1815
1186417657,1827
1186418657,1841
1186419657,1849
1186420657,1859
1186421657,1860
1186422657,1867
1186423657,1881
1186424657,1881
1186425657,1881
1186426657,1909
1186427657,1933
1186428657,1921
1186429657,1901
1186430657,1887
1186431657,1847
1186432657,1821
1186433657,1794
1186434657,1819
1186435657,1831
1186446084,1908
1186447084,1894
1186448084,1872
1186449084,1835
1186450084,1809
1186451084,1829
1186452084,1840
1186453084,1857
1186454084,1862
1186455084,1868
1186456084,1867
1186457084,1883
1186458084,1881
1186459084,1888
1186460084,1899
1186461084,1916
1186462084,1920
1186463084,1949
1186464084,1872
1186474539,1885
1186475539,1875
1186476539,1967
1186477539,1921
1186478539,1919
1186479539,1908
1186480539,1878
1186481539,1862
1186482539,1824
1186483539,1807
1186484539,1821
1186485539,1837
1186486539,1847
1186487539,1852
1186488539,1872
1186489539,1874
1186490539,1870
1186491539,1875
1186492539,1856
1186493539,1913
1186503966,1859
1186504966,1856
1186505966,1874
1186506966,1873
1186507966,1875
1186508966,1879
1186509966,1908
1186510966,1919
1186511966,1919
1186512966,1897
1186513966,1877
1186514966,1835
1186515966,1814
1186516966,1805
1186517966,1830
1186518966,1838
1186519966,1855
1186520966,1857
1186521966,1865
1186522966,1872
1186533410,1808
1186534410,1825
1186535410,1831
1186536410,1847
1186537410,1863
1186538410,1863
1186539410,1867
1186540410,1879
1186541410,1872
1186542410,1888
1186543410,1910
1186544410,1927
1186545410,1935
1186546410,1904
1186547410,1886
1186548410,1849
1186549410,1820
1186550410,1808
1186551410,1819
1186552410,1833
1186562836,1909
1186563836,1882
1186564836,1847
1186565836,1835
1186566836,1801
1186567836,1816
1186568836,1836
1186569836,1846
1186570836,1855
1186571836,1867
1186572836,1869
1186573836,1845
1186574836,1881
1186575836,1888
1186576836,1911
1186577836,1935
1186578836,1926
1186579836,1903
1186580836,1874
1186581836,1843
1186592268,1888
1186593268,1904
1186594268,1933
1186595268,1931
1186596268,1906
1186597268,1888
1186598268,1861
1186599268,1819
1186600268,1808
1186601268,1818
1186602268,1827
1186603268,1840
1186604268,1845
1186605268,1857
1186606268,1869
1186607268,1873
1186608268,1881
1186609268,1891
1186610268,1913
1186611268,1936
1186621690,1869
1186622690,1872
1186623690,1875
1186624690,1887
1186625690,1889
1186626690,1905
1186627690,1923
1186628690,1921
1186629690,1892
1186630690,1869
1186631690,1845
1186632690,1817
1186633690,1804
1186634690,1809
1186635690,1833
1186636690,1840
1186637690,1857
1186638690,1859
1186639690,1862
1186650145,1815
1186651145,1814
1186652145,1836
1186653145,1857
1186654145,1863
1186655145,1871
1186656145,1882
1186657145,1888
1186658145,1884
1186659145,1892
1186660145,1916
1186661145,1925
1186662145,1926
1186663145,1902
1186664145,1873
1186665145,1838
1186666145,1802
1186667145,1791
1186668145,1815
1186669145,1829
1186679577,1916
1186680577,1885
1186681577,1851
1186682577,1829
1186683577,1772
1186684577,1812
1186685577,1827
1186686577,1840
1186687577,1859
1186688577,1857
1186689577,1867
1186690577,1882
1186691577,1884
1186692577,1889
1186693577,1915
1186694577,1929
1186695577,1927
1186696577,1902
1186697577,1876
1186698577,1840
1186709015,1873
1186710015,1904
1186711015,1927
1186712015,1915
1186713015,1899
1186714015,1877
1186715015,1831
1186716015,1815
1186717015,1805
1186718015,1827
1186719015,1837
1186720015,1853
1186721015,1851
1186722015,1862
1186723015,1879
1186724015,1885
1186725015,1882
1186726015,1901
1186727015,1925
1186728015,1971
1186738442,1855
1186739442,1871
1186740442,1877
1186741442,1872
1186742442,1894
1186743442,1911
1186744442,1941
1186745442,1925
1186746442,1904
1186747442,1875
1186748442,1811
1186749442,1812
1186750442,1807
1186751442,1833
1186752442,1819
1186753442,1855
1186754442,1891
1186755442,1862
1186756442,1872
1186757442,1875
1186767869,1819
1186768869,1823
1186769869,1839
1186770869,1855
1186771869,1865
1186772869,1850
1186773869,1882
1186774869,1872
1186775869,1889
1186776869,1908
1186777869,1924
1186778869,1919
1186779869,1897
1186780869,1879
1186781869,1839
1186782869,1796
1186783869,1808
1186784869,1821
1186785869,1835
1186786869,1843
1186797296,1883
1186798296,1843
1186799296,1815
1186800296,1809
1186801296,1836
1186802296,1840
1186803296,1847
1186804296,1847
1186805296,1857
1186806296,1877
1186807296,1886
1186808296,1875
1186809296,1897
1186810296,1916
1186811296,1926
1186812296,1929
1186813296,1896
1186814296,1869
1186815296,1840
1186825751,1882
1186826751,1878
1186827751,1933
1186828751,1949
1186829751,1910
1186830751,1878
1186831751,1839
1186832751,1806
1186833751,1808
1186834751,1833
1186835751,1839
1186836751,1856
1186837751,1865
1186838751,1865
1186839751,1872
1186840751,1872
1186841751,1879
1186842751,1895
1186843751,1915
1186844751,1935
1186855177,1865
1186856177,1881
1186857177,1881
1186858177,1877
1186859177,1895
1186860177,1919
1186861177,1927
1186862177,1919
1186863177,1910
1186864177,1888
1186865177,1836
1186866177,1819
1186867177,1811
1186868177,1825
1186869177,1843
1186870177,1851
1186871177,1841
1186872177,1851
1186873177,1877
1186874177,1871
1186884621,1858
1186885621,1820
1186886621,1857
1186887621,1843
1186888621,1866
1186889621,1890
1186890621,1863
1186891621,1884
1186892621,1887
1186893621,1923
1186894621,1931
1186895621,1921
1186896621,1901
1186897621,1872
1186898621,1841
1186899621,1803
1186900621,1819
1186901621,1836
1186902621,1857
1186903621,1856
1186914048,1874
1186915048,1849
1186916048,1809
1186917048,1804
1186918048,1823
1186919048,1831
1186920048,1845
1186921048,1857
1186922048,1853
1186923048,1873
1186924048,1876
1186925048,1870
1186926048,1895
1186927048,1917
1186928048,1927
1186929048,1916
1186930048,1889
1186931048,1883
1186932048,1837
1186933048,1805
1186943475,1923
1186944475,1927
1186945475,1927
1186946475,1904
1186947475,1878
1186948475,1840
1186949475,1825
1186950475,1809
1186951475,1833
1186952475,1892
1186953475,1857
1186954475,1850
1186955475,1866
1186956475,1862
1186957475,1865
1186958475,1877
1186959475,1887
1186960475,1911
1186961475,1917
1186962475,1915
1186972902,1851
1186973902,1877
1186974902,1884
1186975902,1887
1186976902,1920
1186977902,1929
1186978902,1917
1186979902,1904
1186980902,1882
1186981902,1843
1186982902,1809
1186983902,1810
1186984902,1838
1186985902,1846
1186986902,1866
1186987902,1863
1186988902,1865
1186989902,1878
1186990902,1877
1187001356,1821
1187002356,1832
1187003356,1841
1187004356,1839
1187005356,1835
1187006356,1867
1187007356,1861
1187008356,1867
1187009356,1883
1187010356,1921
1187011356,1903
1187012356,1919
1187013356,1899
1187014356,1860
1187015356,1837
1187016356,1819
1187017356,1818
1187018356,1830
1187019356,1840
1187020356,1860
1187030783,1883
1187031783,1846
1187032783,1813
1187033783,1811
1187034783,1826
1187035783,1840
1187036783,1860
1187037783,1856
1187038783,1868
1187039783,1873
1187040783,1879
1187041783,1882
1187042783,1891
1187043783,1910
1187044783,1920
1187045783,1914
1187046783,1888
1187047783,1861
1187048783,1826
1187049783,1801
1187060236,1918
1187061236,1926
1187062236,1921
1187063236,1901
1187064236,1865
1187065236,1840
1187066236,1808
1187067236,1809
1187068236,1826
1187069236,1840
1187070236,1856
1187071236,1859
1187072236,1872
1187073236,1873
1187074236,1874
1187075236,1885
1187076236,1904
1187077236,1924
1187078236,1933
1187079236,1917
1187089654,1875
1187090654,1874
1187091654,1873
1187092654,1895
1187093654,1915
1187094654,1921
1187095654,1909
1187096654,1898
1187097654,1869
1187098654,1834
1187099654,1797
1187100654,1809
1187101654,1833
1187102654,1853
1187103654,1858
1187104654,1858
1187105654,1875
1187106654,1882
1187107654,1882
1187108654,1878
1187119081,1839
1187120081,1863
1187121081,1858
1187122081,1858
1187123081,1878
1187124081,1879
1187125081,1861
1187126081,1879
1187127081,1887
1187128081,1919
1187129081,1905
1187130081,1889
1187131081,1852
1187132081,1821
1187133081,1814
1187134081,1824
1187135081,1833
1187136081,1843
1187137081,1866
1187138081,1856
1187148508,1843
1187149508,1809
1187150508,1813
1187151508,1839
1187152508,1844
1187153508,1844
1187154508,1862
1187155508,1865
1187156508,1874
1187157508,1876
1187158508,1882
1187159508,1903
1187160508,1933
1187161508,1936
1187162508,1917
1187163508,1894
1187164508,1857
1187165508,1826
1187166508,1798
1187176962,1919
1187177962,1935
1187178962,1917
1187179962,1897
1187180962,1872
1187181962,1840
1187182962,1809
1187183962,1809
1187184962,1831
1187185962,1843
1187186962,1857
1187187962,1845
1187188962,1872
1187189962,1883
1187190962,1875
1187191962,1877
1187192962,1907
1187193962,1915
1187194962,1927
1187195962,1928
1187206389,1865
1187207389,1871
1187208389,1888
1187209389,1896
1187210389,1923
1187211389,1934
1187212389,1918
1187213389,1898
1187214389,1874
1187215389,1825
1187216389,1793
1187217389,1795
1187218389,1823
1187219389,1853
1187220389,1854
1187221389,1857
1187222389,1864
1187223389,1878
1187224389,1876
1187225389,1884
1187235833,1842
1187236833,1856
1187237833,1850
1187238833,1866
1187239833,1872
1187240833,1881
1187241833,1884
1187242833,1901
1187243833,1924
1187244833,1918
1187245833,1904
1187246833,1879
1187247833,1855
1187248833,1819
1187249833,1808
1187250833,1810
1187251833,1835
1187252833,1843
1187253833,1856
1187254833,1859
