timestamp_us,adc_raw
2592039,1842
1092593039,1872
1092594039,1932
1092595039,1991
1092596039,2081
1092597039,2096
1092598039,2102
1092599039,2094
1092600039,2076
1092601039,2089
1092602039,2061
1092603039,2041
1092604039,2003
1092605039,2000
1092606039,1937
1092607039,1861
1092608039,1853
1092618465,2054
1092619465,2044
1092620465,2012
1092621465,2004
1092622465,1968
1092623465,1896
1092624465,1861
1092625465,1853
1092626465,1872
1092627465,1964
1092628465,2006
1092629465,2080
1092630465,2101
1092631465,2112
1092632465,2095
1092633465,2096
1092634465,2082
1092635465,2058
1092636465,2047
1092637465,2035
1092647892,2103
1092648892,2096
1092649892,2096
1092650892,2081
1092651892,2061
1092652892,2032
1092653892,2013
1092654892,2000
1092655892,1950
1092656892,1890
1092657892,1853
1092658892,1869
1092659892,1873
1092660892,1930
1092661892,2024
1092662892,2081
1092663892,2097
1092664892,2097
1092665892,2099
1092666892,2095
1092677319,1914
1092678319,1997
1092679319,2079
1092680319,2101
1092681319,2111
1092682319,2103
1092683319,2094
1092684319,2085
1092685319,2064
1092686319,2032
1092687319,2025
1092688319,2010
1092689319,1941
1092690319,1893
1092691319,1857
1092692319,1856
1092693319,1877
1092694319,1937
1092695319,2014
1092705774,1954
1092706774,1893
1092707774,1861
1092708774,1853
1092709774,1871
1092710774,1921
1092711774,1998
1092712774,2073
1092713774,2101
1092714774,2098
1092715774,2093
1092716774,2085
1092717774,2085
1092718774,2063
1092719774,2030
1092720774,2014
1092721774,2000
1092722774,1936
1092723774,1875
1092724774,1856
1092735201,2064
1092736201,2027
1092737201,2013
1092738201,2010
1092739201,1969
1092740201,1904
1092741201,1857
1092742201,1856
1092743201,1861
1092744201,1963
1092745201,2002
1092746201,2066
1092747201,2075
1092748201,2096
1092749201,2093
1092750201,2094
1092751201,2069
1092752201,2047
1092753201,2039
1092754201,2017
1092764644,2092
1092765644,2081
1092766644,2092
1092767644,2083
1092768644,2059
1092769644,2031
1092770644,2009
1092771644,2000
1092772644,1953
1092773644,1892
1092774644,1855
1092775644,1859
1092776644,1865
1092777644,1934
1092778644,2015
1092779644,2075
1092780644,2102
1092781644,2096
1092782644,2091
1092783644,2077
1092794071,1917
1092795071,1984
1092796071,2063
1092797071,2095
1092798071,2096
1092799071,2079
1092800071,2082
1092801071,2082
1092802071,2044
1092803071,2033
1092804071,2023
1092805071,2000
1092806071,1941
1092807071,1885
1092808071,1822
1092809071,1833
1092810071,1878
1092811071,1926
1092812071,2007
1092813071,2089
1092823498,1914
1092824498,1867
1092825498,1857
1092826498,1867
1092827498,1916
1092828498,1999
1092829498,2077
1092830498,2102
1092831498,2105
1092832498,2094
1092833498,2092
1092834498,2062
1092835498,2076
1092836498,2031
1092837498,2021
1092838498,2011
1092839498,1949
1092840498,1888
1092841498,1867
1092842498,1856
1092852925,2047
1092853925,2026
1092854925,2018
1092855925,1966
1092856925,1903
1092857925,1867
1092858925,1867
1092859925,1872
1092860925,1933
1092861925,2000
1092862925,2079
1092863925,2096
1092864925,2101
1092865925,2099
1092866925,2108
1092867925,2082
1092868925,2064
1092869925,2032
1092870925,2013
1092881379,2113
1092882379,2104
1092883379,2093
1092884379,2074
1092885379,2064
1092886379,2033
1092887379,2013
1092888379,2009
1092889379,1951
1092890379,1904
1092891379,1860
1092892379,1839
1092893379,1886
1092894379,1936
1092895379,2005
1092896379,2078
1092897379,2097
1092898379,2097
1092899379,2086
1092900379,2089
1092910806,1936
1092911806,1987
1092912806,2062
1092913806,2095
1092914806,2112
1092915806,2096
1092916806,2093
1092917806,2087
1092918806,2099
1092919806,2063
1092920806,2035
1092921806,2013
1092922806,1950
1092923806,1893
1092924806,1853
1092925806,1842
1092926806,1853
1092927806,1903
1092928806,1978
1092929806,2039
1092940258,1913
1092941258,1878
1092942258,1877
1092943258,1879
1092944258,1936
1092945258,2007
1092946258,2090
1092947258,2114
1092948258,2111
1092949258,2101
1092950258,2096
1092951258,2073
1092952258,2065
1092953258,2032
1092954258,2010
1092955258,1989
1092956258,1921
1092957258,1867
1092958258,1840
1092959258,1843
1092969677,2051
1092970677,2034
1092971677,2013
1092972677,1969
1092973677,1914
1092974677,1875
1092975677,1872
1092976677,1888
1092977677,1936
1092978677,2001
1092979677,2067
1092980677,2103
1092981677,2109
1092982677,2097
1092983677,2102
1092984677,2097
1092985677,2073
1092986677,2064
1092987677,2037
1092988677,2017
1092999104,2085
1093000104,2087
1093001104,2086
1093002104,2069
1093003104,2038
1093004104,2022
1093005104,2004
1093006104,1956
1093007104,1893
1093008104,1831
1093009104,1869
1093010104,1870
1093011104,1937
1093012104,2017
1093013104,2071
1093014104,2109
1093015104,2119
1093016104,2121
1093017104,2109
1093018104,2087
1093028531,1991
1093029531,2060
1093030531,2095
1093031531,2096
1093032531,2087
1093033531,2087
1093034531,2091
1093035531,2082
1093036531,2069
1093037531,2055
1093038531,2043
1093039531,1991
1093040531,1931
1093041531,1889
1093042531,1872
1093043531,1875
1093044531,1904
1093045531,1968
1093046531,2013
1093056985,1913
1093057985,1887
1093058985,1881
1093059985,1893
1093060985,1940
1093061985,1998
1093062985,2069
1093063985,2096
1093064985,2096
1093065985,2091
1093066985,2087
1093067985,2087
1093068985,2067
1093069985,2038
1093070985,2028
1093071985,2019
1093072985,1968
1093073985,1911
1093074985,1893
1093075985,1914
1093086412,1936
1093087412,1916
1093088412,1910
1093089412,1867
1093090412,1829
1093091412,1808
1093092412,1845
1093093412,1914
1093094412,2016
1093095412,2121
1093096412,2223
1093097412,2217
1093098412,2226
1093099412,2192
1093100412,2129
1093101412,2067
1093102412,2061
1093103412,1999
1093104412,1996
1093105412,1947
1093115856,2061
1093116856,2045
1093117856,2083
1093118856,2131
1093119856,2094
1093120856,2085
1093121856,2095
1093122856,2042
1093123856,1989
1093124856,1977
1093125856,1937
1093126856,1922
1093127856,1957
1093128856,2000
1093129856,2027
1093130856,2033
1093131856,2020
1093132856,2027
1093133856,2021
1093134856,2015
1093145283,2005
1093146283,2080
1093147283,2117
1093148283,2126
1093149283,2112
1093150283,2099
1093151283,2083
1093152283,2059
1093153283,2058
1093154283,2047
1093155283,2047
1093156283,2021
1093157283,1983
1093158283,1989
1093159283,2009
1093160283,2031
1093161283,2062
1093162283,2077
1093163283,2097
1093164283,2021
1093174710,1849
1093175710,1839
1093176710,1833
1093177710,1861
1093178710,1909
1093179710,1981
1093180710,2045
1093181710,2096
1093182710,2179
1093183710,2226
1093184710,2229
1093185710,2201
1093186710,2170
1093187710,2102
1093188710,2047
1093189710,1935
1093190710,1850
1093191710,1774
1093192710,1731
1093193710,1744
1093204137,2063
1093205137,2042
1093206137,2033
1093207137,1993
1093208137,1999
1093209137,1956
1093210137,1991
1093211137,2023
1093212137,2093
1093213137,2117
1093214137,2116
1093215137,2114
1093216137,2060
1093217137,2016
1093218137,1990
1093219137,1968
1093220137,1922
1093221137,1909
1093222137,1904
1093232591,2098
1093233591,2045
1093234591,2047
1093235591,2035
1093236591,2023
1093237591,2019
1093238591,2034
1093239591,1983
1093240591,1951
1093241591,1903
1093242591,1875
1093243591,1872
1093244591,1898
1093245591,1939
1093246591,1988
1093247591,2015
1093248591,2001
1093249591,2045
1093250591,2055
1093251591,2063
1093262018,1980
1093263018,2016
1093264018,2044
1093265018,2047
1093266018,2039
1093267018,2019
1093268018,2003
1093269018,1985
1093270018,1963
1093271018,1956
1093272018,1983
1093273018,1975
1093274018,1979
1093275018,1964
1093276018,1954
1093277018,1967
1093278018,2001
1093279018,2044
1093280018,2081
1093281018,2085
1093291462,1907
1093292462,1888
1093293462,1875
1093294462,1899
1093295462,1950
1093296462,2018
1093297462,2083
1093298462,2114
1093299462,2112
1093300462,2096
1093301462,2073
1093302462,2041
1093303462,2016
1093304462,2007
1093305462,2000
1093306462,1989
1093307462,1936
1093308462,1897
1093309462,1901
1093310462,1899
1093320889,2106
1093321889,2073
1093322889,1991
1093323889,1979
1093324889,1925
1093325889,1903
1093326889,1887
1093327889,1872
1093328889,1933
1093329889,1981
1093330889,2021
1093331889,2053
1093332889,2044
1093333889,2022
1093334889,1997
1093335889,1986
1093336889,1968
1093337889,1975
1093338889,1973
1093339889,1967
1093350316,2047
1093351316,2041
1093352316,2059
1093353316,2077
1093354316,2090
1093355316,2094
1093356316,2064
1093357316,2004
1093358316,1939
1093359316,1915
1093360316,1881
1093361316,1871
1093362316,1904
1093363316,1955
1093364316,1997
1093365316,2031
1093366316,2041
1093367316,2045
1093368316,2062
1093369316,2064
1093379743,1991
1093380743,2061
1093381743,2102
1093382743,2124
1093383743,2118
1093384743,2091
1093385743,2059
1093386743,2012
1093387743,1973
1093388743,1946
1093389743,1936
1093390743,1913
1093391743,1877
1093392743,1878
1093393743,1890
1093394743,1941
1093395743,2005
1093396743,2062
1093397743,2085
1093408197,1967
1093409197,1928
1093410197,1889
1093411197,1901
1093412197,1917
1093413197,1969
1093414197,2033
1093415197,2073
1093416197,2105
1093417197,2141
1093418197,2159
1093419197,2135
1093420197,2113
1093421197,2065
1093422197,1999
1093423197,1943
1093424197,1862
1093425197,1795
1093426197,1772
1093427197,1775
1093437624,2156
1093438624,2071
1093439624,2000
1093440624,1931
1093441624,1861
1093442624,1831
1093443624,1811
1093444624,1829
1093445624,1870
1093446624,1927
1093447624,1989
1093448624,2031
1093449624,2045
1093450624,2064
1093451624,2089
1093452624,2065
1093453624,2064
1093454624,2044
1093455624,2061
1093456624,2033
1093467068,2081
1093468068,2057
1093469068,2064
1093470068,2032
1093471068,2010
1093472068,2046
1093473068,2035
1093474068,2000
1093475068,1969
1093476068,1942
1093477068,1939
1093478068,1935
1093479068,1927
1093480068,1969
1093481068,2017
1093482068,2028
1093483068,2045
1093484068,2045
1093485068,2054
1093486068,2047
1093496495,1946
1093497495,1975
1093498495,2000
1093499495,2000
1093500495,2010
1093501495,2014
1093502495,2023
1093503495,2017
1093504495,2012
1093505495,2014
1093506495,2011
1093507495,1982
1093508495,1958
1093509495,1949
1093510495,1939
1093511495,1938
1093512495,1951
1093513495,1983
1093514495,2000
1093515495,2020
1093525922,1933
1093526922,1916
1093527922,1915
1093528922,1930
1093529922,1975
1093530922,2002
1093531922,2014
1093532922,2017
1093533922,2021
1093534922,2027
1093535922,2054
1093536922,2016
1093537922,2013
1093538922,2021
1093539922,2021
1093540922,1987
1093541922,1975
1093542922,1941
1093543922,1915
1093544922,1904
1093555349,1902
1093556349,1909
1093557349,1901
1093558349,1870
1093559349,1849
1093560349,1831
1093561349,1848
1093562349,1861
1093563349,1901
1093564349,1937
1093565349,1969
1093566349,1944
1093567349,1952
1093568349,1952
1093569349,1969
1093570349,1965
1093571349,1971
1093572349,1999
1093573349,2015
1093583803,1909
1093584803,1904
1093585803,1905
1093586803,1921
1093587803,1921
1093588803,1927
1093589803,1936
1093590803,1918
1093591803,1885
1093592803,1865
1093593803,1841
1093594803,1846
1093595803,1863
1093596803,1907
1093597803,1936
1093598803,1935
1093599803,1964
1093600803,1959
1093601803,1953
1093602803,1953
1093613238,1923
1093614238,1941
1093615238,1945
1093616238,1922
1093617238,1891
1093618238,1889
1093619238,1867
1093620238,1871
1093621238,1881
1093622238,1884
1093623238,1920
1093624238,1893
1093625238,1903
1093626238,1838
1093627238,1813
1093628238,1824
1093629238,1854
1093630238,1902
1093631238,1959
1093632238,1967
1093642674,1904
1093643674,1881
1093644674,1885
1093645674,1902
1093646674,1938
1093647674,1954
1093648674,1968
1093649674,1974
1093650674,1968
1093651674,1965
1093652674,1969
1093653674,1963
1093654674,1958
1093655674,1982
1093656674,1973
1093657674,1935
1093658674,1900
1093659674,1876
1093660674,1870
1093661674,1872
1093672101,2013
1093673101,2021
1093674101,2002
1093675101,1994
1093676101,1931
1093677101,1904
1093678101,1898
1093679101,1904
1093680101,1968
1093681101,1949
1093682101,1964
1093683101,1947
1093684101,1919
1093685101,1965
1093686101,1969
1093687101,1968
1093688101,1979
1093689101,1988
1093690101,1991
1093691101,1968
1093701528,2001
1093702528,1990
1093703528,1943
1093704528,1910
1093705528,1913
1093706528,1901
1093707528,1889
1093708528,1849
1093709528,1879
1093710528,1904
1093711528,1927
1093712528,1953
1093713528,2000
1093714528,2023
1093715528,2032
1093716528,2033
1093717528,2015
1093718528,2033
1093719528,2033
1093720528,2031
1093730954,1991
1093731954,1985
1093732954,1969
1093733954,1964
1093734954,1938
1093735954,1964
1093736954,1935
1093737954,1936
1093738954,1941
1093739954,1927
1093740954,1885
1093741954,1857
1093742954,1840
1093743954,1843
1093744954,1867
1093745954,1903
1093746954,1964
1093747954,1988
1093748954,2016
1093759409,1857
1093760409,1870
1093761409,1905
1093762409,1951
1093763409,2016
1093764409,2054
1093765409,2081
1093766409,2095
1093767409,2093
1093768409,2090
1093769409,2078
1093770409,2071
1093771409,2058
1093772409,2061
1093773409,2030
1093774409,2000
1093775409,1961
1093776409,1927
1093777409,1932
1093778409,1949
1093788836,1985
1093789836,1993
1093790836,1937
1093791836,1902
1093792836,1885
1093793836,1922
1093794836,1923
1093795836,1969
1093796836,2006
1093797836,2030
1093798836,2045
1093799836,2057
1093800836,2063
1093801836,2066
1093802836,2064
1093803836,2057
1093804836,2033
1093805836,2023
1093806836,2007
1093807836,1937
1093818280,2043
1093819280,2064
1093820280,2032
1093821280,2023
1093822280,2020
1093823280,1979
1093824280,1914
1093825280,1900
1093826280,1901
1093827280,1915
1093828280,1952
1093829280,1993
1093830280,2031
1093831280,2065
1093832280,2080
1093833280,2083
1093834280,2066
1093835280,2096
1093836280,2059
1093837280,2021
1093847707,2076
1093848707,2091
1093849707,2082
1093850707,2064
1093851707,2064
1093852707,2057
1093853707,2036
1093854707,2038
1093855707,2041
1093856707,2010
1093857707,1985
1093858707,1985
1093859707,1966
1093860707,1952
1093861707,1952
1093862707,1979
1093863707,1996
1093864707,2002
1093865707,1981
1093866707,1966
1093877133,1889
1093878133,1904
1093879133,1968
1093880133,2069
1093881133,2043
1093882133,2043
1093883133,2073
1093884133,2065
1093885133,2065
1093886133,2072
1093887133,2039
1093888133,2037
1093889133,1995
1093890133,1967
1093891133,1918
1093892133,1890
1093893133,1905
1093894133,1911
1093895133,1955
1093896133,2001
1093906562,1983
1093907562,1935
1093908562,1903
1093909562,1894
1093910562,1901
1093911562,1931
1093912562,1984
1093913562,2038
1093914562,2063
1093915562,2076
1093916562,2082
1093917562,2075
1093918562,2073
1093919562,2045
1093920562,2032
1093921562,2019
1093922562,2002
1093923562,1965
1093924562,1919
1093935015,2069
1093936015,2059
1093937015,2046
1093938015,2032
1093939015,2017
1093940015,1970
1093941015,1925
1093942015,1898
1093943015,1891
1093944015,1904
1093945015,1936
1093946015,2000
1093947015,2047
1093948015,2068
1093949015,2076
1093950015,2070
1093951015,2069
1093952015,2073
1093953015,2060
1093954015,2032
1093964442,2064
1093965442,2071
1093966442,2079
1093967442,2081
1093968442,2064
1093969442,2083
1093970442,2024
1093971442,2014
1093972442,1968
1093973442,1962
1093974442,1915
1093975442,1891
1093976442,1888
1093977442,1909
1093978442,1949
1093979442,2003
1093980442,2058
1093981442,2079
1093982442,2085
1093983442,2080
1093993886,1886
1093994886,1931
1093995886,1973
1093996886,2031
1093997886,2065
1093998886,2079
1093999886,2073
1094000886,2069
1094001886,2073
1094002886,2061
1094003886,2032
1094004886,2022
1094005886,2010
1094006886,1957
1094007886,1917
1094008886,1895
1094009886,1868
1094010886,1932
1094011886,1953
1094012886,2013
1094023312,1963
1094024312,1893
1094025312,1885
1094026312,1878
1094027312,1895
1094028312,1929
1094029312,1995
1094030312,2044
1094031312,2069
1094032312,2083
1094033312,2085
1094034312,2077
1094035312,2078
1094036312,2065
1094037312,2029
1094038312,2011
1094039312,1986
1094040312,1947
1094041312,1907
1094042312,1872
1094052739,2044
1094053739,2029
1094054739,2016
1094055739,2006
1094056739,1975
1094057739,1929
1094058739,1884
1094059739,1897
1094060739,1892
1094061739,1927
1094062739,1988
1094063739,2053
1094064739,2077
1094065739,2081
1094066739,2081
1094067739,2071
1094068739,2065
1094069739,2042
1094070739,2029
1094071739,2023
1094082166,2058
1094083166,2067
1094084166,2077
1094085166,2070
1094086166,2045
1094087166,2029
1094088166,2023
1094089166,2005
1094090166,1967
1094091166,1921
1094092166,1894
1094093166,1895
1094094166,1904
1094095166,1955
1094096166,2022
1094097166,2073
1094098166,2093
1094099166,2097
1094100166,2096
1094110621,1892
1094111621,1924
1094112621,2005
1094113621,2033
1094114621,2070
1094115621,2077
1094116621,2087
1094117621,2105
1094118621,2102
1094119621,2077
1094120621,2038
1094121621,2065
1094122621,2041
1094123621,1952
1094124621,1905
1094125621,1873
1094126621,1856
1094127621,1862
1094128621,1904
1094129621,1967
1094140048,1975
1094141048,1925
1094142048,1904
1094143048,1893
1094144048,1904
1094145048,1924
1094146048,1987
1094147048,2045
1094148048,2065
1094149048,2075
1094150048,2064
1094151048,2071
1094152048,2061
1094153048,2042
1094154048,2025
1094155048,2006
1094156048,1999
1094157048,1963
1094158048,1914
1094159048,1903
1094169500,2039
1094170500,2027
1094171500,2015
1094172500,1999
1094173500,1961
1094174500,1917
1094175500,1904
1094176500,1903
1094177500,1911
1094178500,1952
1094179500,1988
1094180500,2055
1094181500,2084
1094182500,2078
1094183500,2067
1094184500,2068
1094185500,2063
1094186500,2063
1094187500,2031
1094188500,2020
1094198918,2084
1094199918,2078
1094200918,2075
1094201918,2071
1094202918,2056
1094203918,2036
1094204918,2027
1094205918,1995
1094206918,1968
1094207918,1923
1094208918,1884
1094209918,1872
1094210918,1891
1094211918,1924
1094212918,1979
1094213918,2029
1094214918,2045
1094215918,2066
1094216918,2071
1094217918,2061
1094228345,1939
1094229345,1975
1094230345,2023
1094231345,2062
1094232345,2063
1094233345,2065
1094234345,2058
1094235345,2063
1094236345,2040
1094237345,2035
1094238345,2033
1094239345,2016
1094240345,1999
1094241345,1936
1094242345,1907
1094243345,1902
1094244345,1922
1094245345,1935
1094246345,1985
1094247345,2027
1094257772,1952
1094258772,1925
1094259772,1919
1094260772,1917
1094261772,1939
1094262772,1977
1094263772,2015
1094264772,2047
1094265772,2058
1094266772,2060
1094267772,2053
1094268772,2061
1094269772,2032
1094270772,2060
1094271772,2006
1094272772,2006
1094273772,1968
1094274772,1936
1094275772,1918
1094286234,2057
1094287234,2032
1094288234,2021
1094289234,2021
1094290234,1981
1094291234,1954
1094292234,1914
1094293234,1909
1094294234,1905
1094295234,1922
1094296234,1968
1094297234,2013
1094298234,2035
1094299234,2066
1094300234,2067
1094301234,2068
1094302234,2055
1094303234,2037
1094304234,2025
1094305234,2013
1094315653,2036
1094316653,2054
1094317653,2057
1094318653,2071
1094319653,2045
1094320653,2031
1094321653,2018
1094322653,2021
1094323653,1984
1094324653,1952
1094325653,1917
1094326653,1919
1094327653,1922
1094328653,1931
1094329653,1977
1094330653,2019
1094331653,2060
1094332653,2059
1094333653,2043
1094334653,2058
1094345097,1925
1094346097,1963
1094347097,2000
1094348097,2014
1094349097,2021
1094350097,2032
1094351097,2033
1094352097,2030
1094353097,2017
1094354097,2018
1094355097,2005
1094356097,2011
1094357097,1995
1094358097,1954
1094359097,1921
1094360097,1915
1094361097,1909
1094362097,1913
1094363097,2004
1094364097,1975
1094374524,1909
1094375524,1879
1094376524,1894
1094377524,1871
1094378524,1897
1094379524,1926
1094380524,1959
1094381524,1969
1094382524,1989
1094383524,1987
1094384524,1984
1094385524,1984
1094386524,1985
1094387524,1973
1094388524,1953
1094389524,1939
1094390524,1931
1094391524,1899
1094392524,1882
1094393524,1872
1094403951,1961
1094404951,1952
1094405951,1960
1094406951,1937
1094407951,1903
1094408951,1872
1094409951,1866
1094410951,1862
1094411951,1885
1094412951,1910
1094413951,1987
1094414951,1966
1094415951,1974
1094416951,1984
1094417951,1975
1094418951,1994
1094419951,1986
1094420951,1984
1094421951,1993
1094422951,1979
1094433378,2022
1094434378,2032
1094435378,2035
1094436378,2056
1094437378,2036
1094438378,2003
1094439378,1994
1094440378,1972
1094441378,1906
1094442378,1895
1094443378,1900
1094444378,1885
1094445378,1909
1094446378,1967
1094447378,1987
1094448378,1983
1094449378,1987
1094450378,1989
1094451378,1986
1094461832,1906
1094462832,1921
1094463832,1957
1094464832,1961
1094465832,1976
1094466832,1995
1094467832,1993
1094468832,2002
1094469832,2001
1094470832,1994
1094471832,1989
1094472832,1977
1094473832,1955
1094474832,1905
1094475832,1881
1094476832,1879
1094477832,1882
1094478832,1904
1094479832,1934
1094480832,1963
1094491259,1907
1094492259,1872
1094493259,1869
1094494259,1868
1094495259,1882
1094496259,1919
1094497259,1956
1094498259,1972
1094499259,1984
1094500259,1975
1094501259,1989
1094502259,1986
1094503259,1984
1094504259,1969
1094505259,1956
1094506259,1943
1094507259,1920
1094508259,1878
1094509259,1859
1094510259,1867
1094520703,1951
1094521703,1968
1094522703,1953
1094523703,1937
1094524703,1887
1094525703,1866
1094526703,1879
1094527703,1895
1094528703,1902
1094529703,1949
1094530703,1985
1094531703,2009
1094532703,2021
1094533703,2033
1094534703,2015
1094535703,2033
1094536703,2015
1094537703,1994
1094538703,1975
1094539703,1935
1094550130,2021
1094551130,2027
1094552130,2035
1094553130,2044
1094554130,2027
1094555130,2004
1094556130,2000
1094557130,1956
1094558130,1917
1094559130,1891
1094560130,1895
1094561130,1900
1094562130,1917
1094563130,1958
1094564130,1996
1094565130,2027
1094566130,2025
1094567130,2025
1094568130,2032
1094569130,2033
1094579557,1974
1094580557,1989
1094581557,2001
1094582557,2031
1094583557,2013
1094584557,2025
1094585557,2017
1094586557,2017
1094587557,2016
1094588557,1990
1094589557,1993
1094590557,1935
1094591557,1897
1094592557,1890
1094593557,1881
1094594557,1907
1094595557,1941
1094596557,1977
1094597557,2013
1094598557,2010
1094608984,1877
1094609984,1877
1094610984,1891
1094611984,1932
1094612984,1986
1094613984,2031
1094614984,2053
1094615984,2063
1094616984,2058
1094617984,2108
1094618984,2059
1094619984,2063
1094620984,2032
1094621984,2043
1094622984,2033
1094623984,2016
1094624984,1966
1094625984,1937
1094626984,1918
1094637438,1921
1094638438,1904
1094639438,1892
1094640438,1885
1094641438,1857
1094642438,1850
1094643438,1858
1094644438,1883
1094645438,1903
1094646438,1959
1094647438,1980
1094648438,2003
1094649438,2008
1094650438,2009
1094651438,2015
1094652438,2023
1094653438,2002
1094654438,2000
1094655438,1989
1094656438,1972
1094666865,2038
1094667865,2037
1094668865,2023
1094669865,2035
1094670865,2024
1094671865,2000
1094672865,1978
1094673865,1937
1094674865,1905
1094675865,1872
1094676865,1884
1094677865,1925
1094678865,1953
1094679865,1994
1094680865,2027
1094681865,2033
1094682865,2042
1094683865,2045
1094684865,2061
1094685865,2052
1094696309,1989
1094697309,2017
1094698309,2033
1094699309,2014
1094700309,2019
1094701309,2023
1094702309,2030
1094703309,1989
1094704309,1979
1094705309,1968
1094706309,1937
1094707309,1881
1094708309,1868
1094709309,1812
1094710309,1909
1094711309,1919
1094712309,1948
1094713309,2005
1094714309,2039
1094715309,2064
1094725736,1904
1094726736,1911
1094727736,1917
1094728736,1952
1094729736,1989
1094730736,2047
1094731736,2068
1094732736,2072
1094733736,2082
1094734736,2101
1094735736,2069
1094736736,2063
1094737736,2033
1094738736,2027
1094739736,2014
1094740736,1969
1094741736,1921
1094742736,1912
1094743736,1909
1094744736,1921
1094755163,2033
1094756163,2023
1094757163,1995
1094758163,1953
1094759163,1956
1094760163,1919
1094761163,1923
1094762163,1963
1094763163,2013
1094764163,2065
1094765163,2080
1094766163,2068
1094767163,2065
1094768163,2053
1094769163,2038
1094770163,1981
1094771163,2003
1094772163,2016
1094773163,1958
1094774163,1927
1094784592,2066
1094785592,2068
1094786592,2043
1094787592,2017
1094788592,2045
1094789592,2054
1094790592,2011
1094791592,1968
1094792592,1932
1094793592,1918
1094794592,1911
1094795592,1931
1094796592,1998
1094797592,2016
1094798592,2034
1094799592,2034
1094800592,2043
1094801592,2037
1094802592,2037
1094813044,1997
1094814044,2037
1094815044,2066
1094816044,2067
1094817044,2064
1094818044,2051
1094819044,2045
1094820044,2039
1094821044,2019
1094822044,2027
1094823044,2007
1094824044,1977
1094825044,1945
1094826044,1917
1094827044,1928
1094828044,1959
1094829044,1980
1094830044,2025
1094831044,2034
1094832044,2045
1094842471,1893
1094843471,1878
1094844471,1909
1094845471,1941
1094846471,2000
1094847471,2033
1094848471,2039
1094849471,2064
1094850471,2063
1094851471,2078
1094852471,2077
1094853471,2067
1094854471,2042
1094855471,2021
1094856471,2007
1094857471,1963
1094858471,1926
1094859471,1895
1094860471,1885
1094861471,1904
1094871915,2046
1094872915,2033
1094873915,1993
1094874915,1955
1094875915,1919
1094876915,1910
1094877915,1902
1094878915,1906
1094879915,1964
1094880915,1999
1094881915,2013
1094882915,2062
1094883915,2011
1094884915,2021
1094885915,2039
1094886915,2025
1094887915,2060
1094888915,2008
1094889915,1991
1094890915,1963
1094901342,2031
1094902342,2031
1094903342,2001
1094904342,1975
1094905342,1967
1094906342,1947
1094907342,1950
1094908342,1911
1094909342,1889
1094910342,1892
1094911342,1916
1094912342,1946
1094913342,2005
1094914342,2061
1094915342,2084
1094916342,2073
1094917342,2065
1094918342,2070
1094919342,2059
1094920342,2043
1094930769,2032
1094931769,2045
1094932769,2061
1094933769,2061
1094934769,2055
1094935769,2064
1094936769,2024
1094937769,2023
1094938769,2016
1094939769,2000
1094940769,1971
1094941769,1923
1094942769,1900
1094943769,1902
1094944769,1923
1094945769,1963
1094946769,2013
1094947769,2062
1094948769,2075
1094949769,2077
1094960196,1967
1094961196,1965
1094962196,1973
1094963196,2000
1094964196,2009
1094965196,2000
1094966196,1983
1094967196,1947
1094968196,1949
1094969196,1955
1094970196,1940
1094971196,1946
1094972196,1971
1094973196,1963
1094974196,1962
1094975196,1946
1094976196,1925
1094977196,1888
1094978196,1899
1094988650,1867
1094989650,1873
1094990650,1872
1094991650,1854
1094992650,1808
1094993650,1830
1094994650,1824
1094995650,1858
1094996650,1905
1094997650,1941
1094998650,1969
1094999650,1981
1095000650,1998
1095001650,1996
1095002650,2003
1095003650,2007
1095004650,2009
1095005650,2089
1095006650,2020
1095007650,1951
1095018077,1924
1095019077,1930
1095020077,1935
1095021077,1933
1095022077,1933
1095023077,1924
1095024077,1884
1095025077,1840
1095026077,1824
1095027077,1822
1095028077,1859
1095029077,1892
1095030077,1945
1095031077,1978
1095032077,1986
1095033077,1984
1095034077,2001
1095035077,2014
1095036077,2025
1095037077,2039
1095047521,1965
1095048521,1965
1095049521,1958
1095050521,1935
1095051521,1937
1095052521,1936
1095053521,1952
1095054521,1946
1095055521,1937
1095056521,1920
1095057521,1885
1095058521,1830
1095059521,1855
1095060521,1837
1095061521,1874
1095062521,1917
1095063521,1968
1095064521,2004
1095065521,2033
1095066521,2092
1095076948,1815
1095077948,1778
1095078948,1786
1095079948,1768
1095080948,1877
1095081948,1949
1095082948,1984
1095083948,2035
1095084948,2093
1095085948,2091
1095086948,2117
1095087948,2103
1095088948,2142
1095089948,2147
1095090948,2170
1095091948,2087
1095092948,2030
1095093948,1989
1095094948,1951
1095095948,1936
1095106375,2031
1095107375,2047
1095108375,2038
1095109375,2011
1095110375,1980
1095111375,1952
1095112375,1954
1095113375,1966
1095114375,1999
1095115375,1993
1095116375,2002
1095117375,1975
1095118375,1981
1095119375,1936
1095120375,1934
1095121375,1907
1095122375,1909
1095123375,1920
1095124375,1918
1095125375,1919
1095135801,2288
1095136801,2210
1095137801,2100
1095138801,1962
1095139801,1833
1095140801,1709
1095141801,1616
1095142801,1568
1095143801,1581
1095144801,1648
1095145801,1751
1095146801,1886
1095147801,1983
1095148801,2065
1095149801,2085
1095150801,2093
1095151801,2096
1095152801,2089
1095153801,2111
1095164256,1910
1095165256,1858
1095166256,1801
1095167256,1765
1095168256,1739
1095169256,1774
1095170256,1813
1095171256,1872
1095172256,1909
1095173256,1978
1095174256,2043
1095175256,2143
1095176256,2166
1095177256,2161
1095178256,2203
1095179256,2285
1095180256,2330
1095181256,2313
1095182256,2255
1095183256,2165
1095193683,1842
1095194683,1967
1095195683,2096
1095196683,2201
1095197683,2289
1095198683,2327
1095199683,2311
1095200683,2247
1095201683,2179
1095202683,2085
1095203683,1977
1095204683,1893
1095205683,1838
1095206683,1810
1095207683,1796
1095208683,1822
1095209683,1857
1095210683,1879
1095211683,1875
1095212683,1940
1095223127,2208
1095224127,2221
1095225127,2190
1095226127,2209
1095227127,2251
1095228127,2184
1095229127,2145
1095230127,2099
1095231127,2037
1095232127,1936
1095233127,1857
1095234127,1767
1095235127,1693
1095236127,1663
1095237127,1639
1095238127,1691
1095239127,1783
1095240127,1871
1095241127,1970
1095242127,2060
1095252554,2081
1095253554,2133
1095254554,2172
1095255554,2188
1095256554,2225
1095257554,2229
1095258554,2161
1095259554,2083
1095260554,1955
1095261554,1824
1095262554,1707
1095263554,1648
1095264554,1653
1095265554,1680
1095266554,1755
1095267554,1835
1095268554,1936
1095269554,2031
1095270554,2163
1095271554,2322
1095281981,1493
1095282981,1507
1095283981,1597
1095284981,1691
1095285981,1828
1095286981,1888
1095287981,1968
1095288981,2001
1095289981,2035
1095290981,2054
1095291981,2090
1095292981,2095
1095293981,2153
1095294981,2172
1095295981,2171
1095296981,2195
1095297981,2234
1095298981,2207
1095299981,2198
1095300981,2125
1095311407,1840
1095312407,1840
1095313407,1840
1095314407,1904
1095315407,2055
1095316407,2166
1095317407,2192
1095318407,2195
1095319407,2203
1095320407,2192
1095321407,2195
1095322407,2180
1095323407,2113
1095324407,2065
1095325407,1962
1095326407,1891
1095327407,1828
1095328407,1772
1095329407,1729
1095339862,2292
1095340862,2311
1095341862,2262
1095342862,2221
1095343862,2175
1095344862,2113
1095345862,2071
1095346862,2031
1095347862,1976
1095348862,1904
1095349862,1838
1095350862,1793
1095351862,1780
1095352862,1807
1095353862,1814
1095354862,1830
1095355862,1825
1095356862,1830
1095357862,1817
1095358862,1813
1095369289,2414
1095370289,2481
1095371289,2551
1095372289,2477
1095373289,2332
1095374289,2128
1095375289,1889
1095376289,1632
1095377289,1425
1095378289,1251
1095379289,1191
1095380289,1219
1095381289,1324
1095382289,1475
1095383289,1632
1095384289,1741
1095385289,1845
1095386289,1959
1095387289,2017
1095388289,2071
1095398733,2459
1095399733,2411
1095400733,2288
1095401733,2122
1095402733,1915
1095403733,1735
1095404733,1584
1095405733,1521
1095406733,1535
1095407733,1607
1095408733,1703
1095409733,1803
1095410733,1887
1095411733,1919
1095412733,1985
1095413733,2099
1095414733,2256
1095415733,2381
1095416733,2445
1095417733,2449
1095428160,1692
1095429160,1729
1095430160,1779
1095431160,1820
1095432160,1860
1095433160,1927
1095434160,1972
1095435160,2021
1095436160,2081
1095437160,2165
1095438160,2277
1095439160,2384
1095440160,2436
1095441160,2448
1095442160,2393
1095443160,2284
1095444160,2135
1095445160,1965
1095446160,1793
1095447160,1679
1095457589,2224
1095458589,2229
1095459589,2244
1095460589,2253
1095461589,2224
1095462589,2158
1095463589,2095
1095464589,2066
1095465589,2007
1095466589,1964
1095467589,1903
1095468589,1856
1095469589,1819
1095470589,1813
1095471589,1792
1095472589,1849
1095473589,1980
1095474589,2115
1095475589,2237
1095476589,2269
1095487013,1778
1095488013,1814
1095489013,1870
1095490013,1969
1095491013,2081
1095492013,2163
1095493013,2258
1095494013,2287
1095495013,2246
1095496013,2205
1095497013,2157
1095498013,2069
1095499013,1955
1095500013,1855
1095501013,1776
1095502013,1747
1095503013,1781
1095504013,1872
1095505013,2064
1095515468,1691
1095516468,1619
1095517468,1589
1095518468,1600
1095519468,1667
1095520468,1789
1095521468,1891
1095522468,2017
1095523468,2075
1095524468,2107
1095525468,2083
1095526468,2011
1095527468,1924
1095528468,1883
1095529468,1857
1095530468,1872
1095531468,1904
1095532468,1974
1095533468,2033
1095534468,2067
1095544895,2068
1095545895,2064
1095546895,2103
1095547895,2145
1095548895,2103
1095549895,2032
1095550895,1987
1095551895,2065
1095552895,2141
1095553895,2147
1095554895,2147
1095555895,2143
1095556895,2096
1095557895,1990
1095558895,1885
1095559895,1748
1095560895,1671
1095561895,1623
1095562895,1614
1095563895,1652
1095574339,2384
1095575339,2160
1095576339,1923
1095577339,1679
1095578339,1488
1095579339,1385
1095580339,1394
1095581339,1473
1095582339,1633
1095583339,1776
1095584339,1895
1095585339,1965
1095586339,2021
1095587339,2094
1095588339,2139
1095589339,2163
1095590339,2161
1095591339,2130
1095592339,2097
1095593339,2139
1095603765,1751
1095604765,1805
1095605765,1904
1095606765,2064
1095607765,2207
1095608765,2241
1095609765,2268
1095610765,2221
1095611765,2100
1095612765,1998
1095613765,1897
1095614765,1809
1095615765,1856
1095616765,1990
1095617765,2139
1095618765,2226
1095619765,2247
1095620765,2223
1095621765,2158
1095622765,2009
1095633192,2155
1095634192,2197
1095635192,2242
1095636192,2273
1095637192,2225
1095638192,2190
1095639192,2171
1095640192,2237
1095641192,2183
1095642192,2189
1095643192,2241
1095644192,2198
1095645192,2110
1095646192,2030
1095647192,1908
1095648192,1839
1095649192,1756
1095650192,1655
1095651192,1636
1095652192,1665
1095662619,2144
1095663619,2185
1095664619,2181
1095665619,2130
1095666619,2089
1095667619,2034
1095668619,2010
1095669619,2042
1095670619,2007
1095671619,1989
1095672619,1952
1095673619,1918
1095674619,1883
1095675619,1838
1095676619,1798
1095677619,1780
1095678619,1763
1095679619,1797
1095680619,1917
1095691074,1968
1095692074,1970
1095693074,1907
1095694074,1887
1095695074,1903
1095696074,1911
1095697074,1921
1095698074,1968
1095699074,2058
1095700074,2093
1095701074,2147
1095702074,2130
1095703074,2146
1095704074,2163
1095705074,2094
1095706074,2035
1095707074,1987
1095708074,1941
1095709074,1962
1095710074,1903
1095720501,2029
1095721501,1947
1095722501,1885
1095723501,1886
1095724501,1959
1095725501,2034
1095726501,2247
1095727501,2349
1095728501,2353
1095729501,2316
1095730501,2253
1095731501,2157
1095732501,1991
1095733501,1818
1095734501,1657
1095735501,1535
1095736501,1520
1095737501,1557
1095738501,1633
1095739501,1733
1095749944,2175
1095750944,2039
1095751944,1929
1095752944,1835
1095753944,1761
1095754944,1718
1095755944,1734
1095756944,1776
1095757944,1776
1095758944,1830
1095759944,1920
1095760944,1973
1095761944,2057
1095762944,2095
1095763944,2152
1095764944,2176
1095765944,2153
1095766944,2180
1095767944,2247
1095768944,2268
1095779371,1471
1095780371,1597
1095781371,1746
1095782371,1888
1095783371,2016
1095784371,2089
1095785371,2111
1095786371,2100
1095787371,2113
1095788371,2159
1095789371,2240
1095790371,2299
1095791371,2288
1095792371,2240
1095793371,2163
1095794371,2037
1095795371,1908
1095796371,1782
1095797371,1718
1095798371,1713
1095808798,2064
1095809798,2119
1095810798,2164
1095811798,2179
1095812798,2266
1095813798,2287
1095814798,2282
1095815798,2286
1095816798,2287
1095817798,2207
1095818798,2076
1095819798,1909
1095820798,1782
1095821798,1673
1095822798,1631
1095823798,1646
1095824798,1711
1095825798,1799
1095826798,1925
1095827798,2019
1095838230,2160
1095839230,2273
1095840230,2398
1095841230,2389
1095842231,2268
1095843231,2096
1095844231,1872
1095845231,1712
1095846231,1588
1095847231,1508
1095848231,1456
1095849231,1488
1095850231,1597
1095851231,1699
1095852231,1977
1095853231,2156
1095854231,2209
1095855231,2184
1095856231,2164
1095866680,2117
1095867680,1974
1095868680,1885
1095869680,1802
1095870680,1712
1095871680,1670
1095872680,1673
1095873680,1725
1095874680,1794
1095875680,1859
1095876680,1892
1095877680,1928
1095878680,1965
1095879680,2037
1095880680,2154
1095881680,2268
1095882680,2313
1095883680,2341
1095884680,2400
1095885680,2387
1095896106,1803
1095897106,1758
1095898106,1781
1095899106,1792
1095900106,1803
1095901106,1860
1095902106,1927
1095903106,2032
1095904106,2076
1095905106,2041
1095906106,2064
1095907106,2053
1095908106,1985
1095909106,1913
1095910106,1899
1095911106,1904
1095912106,1955
1095913106,2046
1095914106,2190
1095915106,2316
1095925550,2036
1095926550,2209
1095927550,2416
1095928550,2423
1095929550,2299
1095930550,2151
1095931550,1987
1095932550,1826
1095933550,1675
1095934550,1554
1095935550,1507
1095936550,1532
1095937550,1603
1095938550,1757
1095939550,1875
1095940550,1988
1095941550,2074
1095942550,2104
1095943550,2087
1095944550,2103
1095954977,1947
1095955977,1811
1095956977,1712
1095957977,1607
1095958977,1522
1095959977,1519
1095960977,1580
1095961977,1659
1095962977,1781
1095963977,2023
1095964977,2255
1095965977,2355
1095966977,2389
1095967977,2292
1095968977,2160
1095969977,2026
1095970977,1899
1095971977,1805
1095972977,1743
1095973977,1796
1095984404,1659
1095985404,1643
1095986404,1717
1095987404,1814
1095988404,1917
1095989404,2045
1095990404,2158
1095991404,2211
1095992404,2201
1095993404,2220
1095994404,2205
1095995404,2151
1095996404,2158
1095997404,2247
1095998404,2274
1095999404,2203
1096000404,2081
1096001404,1949
1096002404,1808
1096003404,1737
1096013831,2382
1096014831,2426
1096015831,2399
1096016831,2257
1096017831,2053
1096018831,1839
1096019831,1638
1096020831,1506
1096021831,1412
1096022831,1397
1096023831,1559
1096024831,1712
1096025831,1836
1096026831,1972
1096027831,2079
1096028831,2128
1096029831,2234
1096030831,2398
1096031831,2520
1096042285,1852
1096043285,1891
1096044285,1959
1096045285,2027
1096046285,2064
1096047285,2034
1096048285,2025
1096049285,1980
1096050285,1958
1096051285,1935
1096052285,1869
1096053285,1836
1096054285,1833
1096055285,1866
1096056285,1937
1096057285,2071
1096058285,2131
1096059285,2145
1096060285,2142
1096061285,2101
1096071712,1557
1096072712,1478
1096073712,1478
1096074712,1520
1096075712,1609
1096076712,1808
1096077712,1935
1096078712,2031
1096079712,2144
1096080712,2301
1096081712,2427
1096082712,2479
1096083712,2405
1096084712,2229
1096085712,2045
1096086712,1908
1096087712,1799
1096088712,1712
1096089712,1713
1096090712,1766
1096101156,2057
1096102156,2186
1096103156,2340
1096104156,2383
1096105156,2430
1096106156,2401
1096107156,2317
1096108156,2197
1096109156,2064
1096110156,1885
1096111156,1745
1096112156,1655
1096113156,1599
1096114156,1616
1096115156,1686
1096116156,1735
1096117156,1776
1096118156,1831
1096119156,1840
1096120156,1924
1096130589,1599
1096131589,1638
1096132589,1684
1096133589,1761
1096134589,1808
1096135589,1872
1096136589,1897
1096137589,2012
1096138589,2285
1096139589,2439
1096140589,2451
1096141589,2331
1096142589,2302
1096143589,2297
1096144589,2192
1096145589,1981
1096146589,1782
1096147589,1689
1096148589,1600
1096149589,1629
1096160010,2498
1096161010,2640
1096162010,2671
1096163010,2594
1096164010,2373
1096165010,2122
1096166010,1866
1096167010,1649
1096168010,1513
1096169010,1488
1096170010,1504
1096171010,1535
1096172010,1611
1096173010,1665
1096174010,1749
1096175010,1839
1096176010,1959
1096177010,2157
1096178010,2297
1096179010,2389
1096189437,1491
1096190437,1602
1096191437,1737
1096192437,1849
1096193437,1943
1096194437,1974
1096195437,1968
1096196437,2035
1096197437,2103
1096198437,2173
1096199437,2239
1096200437,2276
1096201437,2335
1096202437,2518
1096203437,2699
1096204437,2624
1096205437,2384
1096206437,2119
1096207437,1872
1096217891,2395
1096218891,2225
1096219891,2046
1096220891,1871
1096221891,1765
1096222891,1756
1096223891,1809
1096224891,1912
1096225891,2149
1096226891,2447
1096227891,2621
1096228891,2537
1096229891,2311
1096230891,2067
1096231891,1862
1096232891,1709
1096233891,1574
1096234891,1529
1096235891,1587
1096236891,1744
1096247318,1789
1096248318,2000
1096249318,2348
1096250318,2579
1096251318,2610
1096252318,2496
1096253318,2280
1096254318,2030
1096255318,1841
1096256318,1714
1096257318,1652
1096258318,1629
1096259318,1641
1096260318,1693
1096261318,1730
1096262318,1773
1096263318,1764
1096264318,1789
1096265318,1846
1096266318,1919
1096276762,1764
1096277762,1814
1096278762,1818
1096279762,1793
1096280762,1828
1096281762,1913
1096282762,1899
1096283762,1833
1096284762,1777
1096285762,1721
1096286762,1725
1096287762,1819
1096288762,1857
1096289762,1961
1096290762,2096
1096291762,2293
1096292762,2589
1096293762,2871
1096294762,2887
1096295762,2627
1096306189,1963
1096307189,2065
1096308189,2158
1096309189,2265
1096310189,2239
1096311189,2156
1096312189,2015
1096313189,1919
1096314189,1872
1096315189,1993
1096316189,2101
1096317189,2141
1096318189,2215
1096319189,2241
1096320189,2160
1096321189,2004
1096322189,1808
1096323189,1655
1096324189,1806
1096325189,1968
1096335616,1840
1096336616,1949
1096337616,2036
1096338616,2149
1096339616,2404
1096340616,2749
1096341616,2909
1096342616,2739
1096343616,2415
1096344616,2036
1096345616,1700
1096346616,1426
1096347616,1299
1096348616,1287
1096349616,1358
1096350616,1614
1096351616,1857
1096352616,2018
1096353616,2128
1096354616,2138
1096365043,2371
1096366043,2390
1096367043,2269
1096368043,2090
1096369043,1898
1096370043,1823
1096371043,1815
1096372043,1911
1096373043,2004
1096374043,2099
1096375043,2112
1096376043,2103
1096377043,2073
1096378043,1946
1096379043,1750
1096380043,1581
1096381043,1492
1096382043,1520
1096383043,1650
1096393497,2789
1096394497,2559
1096395497,2318
1096396497,2022
1096397497,1669
1096398497,1387
1096399497,1201
1096400497,1216
1096401497,1277
1096402497,1496
1096403497,1707
1096404497,1929
1096405497,2191
1096406497,2384
1096407497,2471
1096408497,2407
1096409497,2243
1096410497,2083
1096411497,2064
1096412497,2345
1096422924,1825
1096423924,2051
1096424924,2100
1096425924,2064
1096426924,1979
1096427924,1872
1096428924,1743
1096429924,1805
1096430924,1961
1096431924,2051
1096432924,2124
1096433924,2156
1096434924,2122
1096435924,2085
1096436924,2134
1096437924,2368
1096438924,2451
1096439924,2481
1096440924,2384
1096441924,2185
1096452368,2384
1096453368,2177
1096454368,1968
1096455368,1797
1096456368,1689
1096457368,1695
1096458368,1872
1096459368,1984
1096460368,2029
1096461368,2064
1096462368,1973
1096463368,1872
1096464368,1792
1096465368,1824
1096466368,1967
1096467368,2097
1096468368,2160
1096469368,2203
1096470368,2235
1096471368,2163
1096481795,1833
1096482795,1696
1096483795,1621
1096484795,1648
1096485795,1736
1096486795,1844
1096487795,1961
1096488795,2112
1096489795,2559
1096490795,2912
1096491795,2778
1096492795,2495
1096493795,2149
1096494795,1909
1096495795,1601
1096496795,1401
1096497795,1359
1096498795,1414
1096499795,1647
1096500795,1840
1096511229,2198
1096512230,2299
1096513230,2345
1096514230,2286
1096515230,2096
1096516230,2063
1096517230,1959
1096518231,1847
1096519231,1799
1096520231,1787
1096521231,1824
1096522231,1938
1096523231,2045
1096524231,2182
1096525231,2139
1096526231,2025
1096527231,1949
1096528231,2000
1096529231,2173
1096530231,2145
1096540649,1633
1096541649,1535
1096542649,1559
1096543649,1668
1096544649,1871
1096545649,1991
1096546649,2089
1096547649,2109
1096548649,2075
1096549649,1990
1096550649,1918
1096551649,1918
1096552649,1965
1096553649,2173
1096554649,2369
1096555649,2418
1096556649,2378
1096557649,2265
1096558649,2115
1096569103,1876
1096570103,1757
1096571103,1809
1096572103,2059
1096573103,2317
1096574103,2382
1096575103,2271
1096576103,2032
1096577103,1766
1096578103,1521
1096579103,1376
1096580103,1326
1096581103,1405
1096582103,1618
1096583103,1847
1096584103,2000
1096585103,2143
1096586103,2236
1096587103,2288
1096588103,2283
1096598530,1920
1096599530,1995
1096600530,2029
1096601530,1972
1096602530,1936
1096603530,2089
1096604530,2269
1096605530,2269
1096606530,2148
1096607530,1936
1096608530,1872
1096609530,1806
1096610530,1707
1096611530,1659
1096612530,1709
1096613530,1735
1096614530,1747
1096615530,1868
1096616530,1975
1096617530,2079
1096627974,1643
1096628974,1535
1096629974,1529
1096630974,1578
1096631974,1706
1096632974,1941
1096633974,2252
1096634974,2416
1096635974,2367
1096636974,2240
1096637974,2183
1096638974,2045
1096639974,1999
1096640974,2144
1096641974,2192
1096642974,2035
1096643974,1835
1096644974,1696
1096645974,1573
1096646974,1571
1096657401,2611
1096658401,2512
1096659401,2275
1096660401,2045
1096661401,1839
1096662401,1582
1096663401,1410
1096664401,1437
1096665401,1794
1096666401,2013
1096667401,2025
1096668401,1964
1096669401,1923
1096670401,1905
1096671401,1855
1096672401,1847
1096673401,1888
1096674401,2047
1096675401,2213
1096676401,2356
1096686828,1901
1096687828,1925
1096688828,1979
1096689828,2032
1096690828,2179
1096691828,2217
1096692828,2096
1096693828,1933
1096694828,1813
1096695828,1841
1096696828,2069
1096697828,2313
1096698828,2435
1096699828,2347
1096700828,2157
1096701828,1955
1096702828,1771
1096703828,1677
1096704828,1670
1096705828,1745
1096716262,2590
1096717262,2436
1096718262,2329
1096719262,2080
1096720262,1814
1096721262,1584
1096722262,1380
1096723262,1403
1096724262,1489
1096725262,1617
1096726262,1714
1096727262,1795
1096728262,1896
1096729262,2016
1096730262,2129
1096731262,2205
1096732262,2426
1096733262,2608
1096734262,2661
1096744709,1441
1096745709,1433
1096746709,1503
1096747709,1635
1096748709,1810
1096749709,1942
1096750709,2112
1096751709,2246
1096752709,2283
1096753709,2352
1096754709,2405
1096755709,2454
1096756709,2503
1096757709,2399
1096758709,2263
1096759709,2124
1096760709,1959
1096761709,1808
1096762709,1632
1096763709,1575
1096774136,2065
1096775136,2063
1096776136,1988
1096777136,1948
1096778136,1953
1096779136,2164
1096780136,2270
1096781136,2299
1096782136,2323
1096783136,2343
1096784136,2174
1096785136,1945
1096786136,1811
1096787136,1827
1096788136,1850
1096789136,1768
1096790136,1729
1096791136,1775
1096792136,1808
1096793136,1839
1096803586,2401
1096804586,2243
1096805586,2132
1096806586,2076
1096807586,2159
1096808586,2056
1096809586,1853
1096810586,1744
1096811586,1589
1096812586,1437
1096813586,1387
1096814586,1511
1096815586,1727
1096816586,1913
1096817586,2145
1096818586,2219
1096819586,2211
1096820586,2146
1096821586,2027
1096822586,2195
1096833007,1715
1096834007,1776
1096835007,1803
1096836007,1807
1096837007,1840
1096838007,1864
1096839007,1936
1096840007,2059
1096841007,2255
1096842007,2395
1096843007,2619
1096844007,2718
1096845007,2614
1096846007,2352
1096847007,2135
1096848007,1892
1096849007,1737
1096850007,1761
1096851007,1716
1096852007,1711
1096862433,1789
1096863433,1854
1096864433,1983
1096865433,2352
1096866433,2785
1096867433,2768
1096868433,2442
1096869433,2106
1096870433,1813
1096871433,1584
1096872433,1472
1096873433,1486
1096874433,1712
1096875433,1880
1096876433,1978
1096877433,2009
1096878433,2037
1096879433,2032
1096880433,2001
1096881433,1999
1096891860,2149
1096892860,2389
1096893860,2327
1096894860,2067
1096895860,1745
1096896860,1534
1096897860,1459
1096898860,1644
1096899860,1913
1096900860,2245
1096901860,2339
1096902860,2245
1096903860,2096
1096904860,1959
1096905860,1855
1096906860,1781
1096907860,1785
1096908860,1861
1096909860,1915
1096920315,2677
1096921315,2371
1096922315,1936
1096923315,1571
1096924315,1339
1096925315,1323
1096926315,1525
1096927315,1610
1096928315,1616
1096929315,1677
1096930315,1744
1096931315,1827
1096932315,1897
1096933315,1954
1096934315,2095
1096935315,2320
1096936315,2480
1096937315,2559
1096938315,2453
1096939315,2271
1096949742,1630
1096950742,1807
1096951742,2064
1096952742,2320
1096953742,2437
1096954742,2484
1096955742,2512
1096956742,2559
1096957742,2391
1096958742,2083
1096959742,1760
1096960742,1508
1096961742,1456
1096962742,1478
1096963742,1535
1096964742,1648
1096965742,1837
1096966742,1999
1096967742,2129
1096968742,2373
1096979186,1670
1096980186,1721
1096981186,1873
1096982186,2112
1096983186,2400
1096984186,2501
1096985186,2544
1096986186,2453
1096987186,2208
1096988186,1936
1096989186,1713
1096990186,1535
1096991186,1522
1096992186,1641
1096993186,1775
1096994186,1909
1096995186,1942
1096996186,1967
1096997186,2099
1096998186,2158
1097008612,2129
1097009612,2080
1097010612,1851
1097011612,1780
1097012612,1772
1097013612,1695
1097014612,1622
1097015612,1643
1097016612,1765
1097017612,1913
1097018612,2115
1097019612,2198
1097020612,2226
1097021612,2135
1097022612,2061
1097023612,2017
1097024612,2096
1097025612,2128
1097026612,2073
1097027612,2015
1097038039,1668
1097039039,1731
1097040039,1861
1097041039,2077
1097042039,2229
1097043039,2187
1097044039,2103
1097045039,2081
1097046039,2044
1097047039,2027
1097048039,2151
1097049039,2490
1097050039,2608
1097051039,2385
1097052039,2106
1097053039,1935
1097054039,1750
1097055039,1562
1097056039,1411
1097057039,1456
1097067466,1812
1097068466,1933
1097069466,2103
1097070466,2189
1097071466,2324
1097072466,2433
1097073466,2448
1097074466,2337
1097075466,2365
1097076466,2209
1097077466,1955
1097078466,1648
1097079466,1438
1097080466,1365
1097081466,1535
1097082466,1977
1097083466,2157
1097084466,2160
1097085466,2112
1097095921,1895
1097096921,1860
1097097921,1899
1097098921,1958
1097099921,1984
1097100921,2112
1097101921,2178
1097102921,2178
1097103921,2219
1097104921,2333
1097105921,2372
1097106921,2465
1097107921,2347
1097108921,2080
1097109921,1810
1097110921,1651
1097111921,1584
1097112921,1589
1097113921,1627
1097114921,1676
1097125348,2023
1097126348,1956
1097127348,1967
1097128348,1970
1097129348,1916
1097130348,1893
1097131348,1905
1097132348,1931
1097133348,1974
1097134348,2046
1097135348,2062
1097136348,2102
1097137348,2147
1097138348,2100
1097139348,2091
1097140348,2045
1097141348,2023
1097142348,2000
1097143348,2145
1097144348,2302
1097154791,2458
1097155791,2186
1097156791,1842
1097157791,1648
1097158791,1598
1097159791,1648
1097160791,1776
1097161791,1928
1097162791,2023
1097163791,2156
1097164791,2265
1097165791,2279
1097166791,2287
1097167791,2239
1097168791,2165
1097169791,2191
1097170791,2064
1097171791,1909
1097172791,1787
1097173791,1751
1097184218,2003
1097185218,2011
1097186218,2129
1097187218,2126
1097188218,2007
1097189218,1879
1097190218,1758
1097191218,1744
1097192218,1744
1097193218,1805
1097194218,1886
1097195218,2100
1097196218,2278
1097197218,2453
1097198218,2436
1097199218,2251
1097200218,1987
1097201218,1716
1097202218,1552
1097203218,1584
1097213645,2114
1097214645,1997
1097215645,2015
1097216645,1969
1097217645,1968
1097218645,1985
1097219645,2000
1097220645,1945
1097221645,1914
1097222645,1873
1097223645,1881
1097224645,1980
1097225645,2073
1097226645,2247
1097227645,2283
1097228645,2253
1097229645,2192
1097230645,2204
1097231645,2114
1097232645,1857
1097243072,2269
1097244072,2197
1097245072,2124
1097246072,2027
1097247072,1951
1097248072,1973
1097249072,1998
1097250072,2016
1097251072,1954
1097252072,1904
1097253072,1919
1097254072,1969
1097255072,2007
1097256072,2059
1097257072,2094
1097258072,2125
1097259072,2068
1097260072,1965
1097261072,1872
1097271527,2131
1097272527,1974
1097273527,1875
1097274527,1836
1097275527,1841
1097276527,1733
1097277527,1693
1097278527,1707
1097279527,1772
1097280527,1841
1097281527,1937
1097282527,2016
1097283527,2084
1097284527,2117
1097285527,2151
1097286527,2209
1097287527,2161
1097288527,2076
1097289527,2060
1097290527,2161
1097300953,1953
1097301953,1776
1097302953,1695
1097303953,1777
1097304953,1856
1097305953,1969
1097306953,2189
1097307953,2285
1097308953,2202
1097309953,2117
1097310953,2036
1097311953,1935
1097312953,1837
1097313953,1781
1097314953,1840
1097315953,1936
1097316953,2012
1097317953,2012
1097318953,2171
1097319953,2330
1097330397,1891
1097331397,1921
1097332397,1940
1097333397,1999
1097334397,2064
1097335397,2097
1097336397,2220
1097337397,2337
1097338397,2346
1097339397,2212
1097340397,2073
1097341397,1936
1097342397,1811
1097343397,1805
1097344397,1803
1097345397,1809
1097346397,1835
1097347397,1857
1097348397,1921
1097349397,2017
1097359824,2035
1097360824,1950
1097361824,1876
1097362824,1915
1097363824,1984
1097364824,2012
1097365824,2032
1097366824,2096
1097367824,2085
1097368824,2018
1097369824,1977
1097370824,1984
1097371824,1981
1097372824,1970
1097373824,1985
1097374824,2029
1097375824,2016
1097376824,1972
1097377824,1945
1097378824,1964
1097389259,1951
1097390259,1915
1097391259,1974
1097392259,1997
1097393259,2004
1097394259,1997
1097395259,1958
1097396259,1911
1097397259,1939
1097398259,2014
1097399259,2093
1097400259,2147
1097401259,2131
1097402259,2057
1097403259,1951
1097404259,1920
1097405259,1936
1097406259,2000
1097407259,2102
1097408259,2193
1097418678,2010
1097419678,1983
1097420678,1985
1097421678,2041
1097422678,2113
1097423678,2107
1097424678,2160
1097425678,2132
1097426678,2081
1097427678,1985
1097428678,1950
1097429678,1942
1097430678,1950
1097431678,1899
1097432678,1919
1097433678,1956
1097434678,2019
1097435678,1994
1097436678,2027
1097447132,1815
1097448132,1852
1097449132,1910
1097450132,1985
1097451132,2044
1097452132,2109
1097453132,2117
1097454132,2149
1097455132,2085
1097456132,2022
1097457132,2013
1097458132,2032
1097459132,2033
1097460132,2033
1097461132,2019
1097462132,1973
1097463132,1936
1097464132,1968
1097465132,1997
1097466132,2058
1097476560,1937
1097477560,1853
1097478560,1835
1097479560,1840
1097480560,1855
1097481560,1866
1097482560,1869
1097483560,1904
1097484560,1875
1097485560,1867
1097486560,1906
1097487560,1978
1097488560,2058
1097489560,2096
1097490560,2138
1097491560,2131
1097492560,2111
1097493560,2053
1097494560,2022
1097495560,1990
1097506003,2055
1097507003,1886
1097508003,1799
1097509003,1840
1097510003,1914
1097511003,2061
1097512003,2094
1097513003,2128
1097514003,2063
1097515003,1939
1097516003,1901
1097517003,1923
1097518003,1959
1097519003,1952
1097520003,2020
1097521003,2075
1097522003,2044
1097523003,1963
1097524003,1950
1097525003,1939
1097535430,1929
1097536430,2021
1097537430,2143
1097538430,2204
1097539430,2192
1097540430,2137
1097541430,2107
1097542430,2047
1097543430,2000
1097544430,2005
1097545430,2065
1097546430,2103
1097547430,2007
1097548430,1904
1097549430,1789
1097550430,1776
1097551430,1777
1097552430,1830
1097553430,1950
1097554430,2054
1097564857,2001
1097565857,2007
1097566857,1985
1097567857,1893
1097568857,1859
1097569857,1879
1097570857,1953
1097571857,2035
1097572857,2057
1097573857,2162
1097574857,2250
1097575857,2304
1097576857,2270
1097577857,2097
1097578857,1929
1097579857,1809
1097580857,1708
1097581857,1797
1097582857,1921
1097583857,2029
1097594284,2033
1097595284,1995
1097596284,1989
1097597284,1979
1097598284,1985
1097599284,2110
1097600284,2204
1097601284,2169
1097602284,2085
1097603284,2014
1097604284,1959
1097605284,2005
1097606284,2064
1097607284,2101
1097608284,2156
1097609284,2123
1097610284,2009
1097611284,1890
1097612284,1784
1097622738,2255
1097623738,2273
1097624738,2192
1097625738,1968
1097626738,1808
1097627738,1692
1097628738,1615
1097629738,1661
1097630738,1736
1097631738,1904
1097632738,1991
1097633738,1989
1097634738,1981
1097635738,1991
1097636738,2013
1097637738,2038
1097638738,2096
1097639738,2129
1097640738,2161
1097641738,2161
1097652165,1650
1097653165,1809
1097654165,2047
1097655165,2145
1097656165,2243
1097657165,2236
1097658165,2179
1097659165,2101
1097660165,1995
1097661165,1921
1097662165,1830
1097663165,1780
1097664165,1787
1097665165,1840
1097666165,1901
1097667165,1936
1097668165,1988
1097669165,2057
1097670165,2116
1097671165,2152
1097681609,1648
1097682609,1647
1097683609,1639
1097684609,1673
1097685609,1804
1097686609,1955
1097687609,2027
1097688609,2023
1097689609,2013
1097690609,2144
1097691609,2244
1097692609,2313
1097693609,2365
1097694609,2209
1097695609,1958
1097696609,1743
1097697609,1616
1097698609,1631
1097699609,1728
1097700609,1824
1097711036,2079
1097712036,2064
1097713036,2009
1097714036,1876
1097715036,1749
1097716036,1687
1097717036,1825
1097718036,2064
1097719036,2151
1097720036,2117
1097721036,2112
1097722036,2064
1097723036,1949
1097724036,1904
1097725036,1936
1097726036,1967
1097727036,1979
1097728036,2017
1097729036,2137
1097730036,2127
1097740463,2082
1097741463,2142
1097742463,2125
1097743463,2079
1097744463,1977
1097745463,1915
1097746463,1846
1097747463,1871
1097748463,1921
1097749463,2001
1097750463,2064
1097751463,2117
1097752463,2199
1097753463,2175
1097754463,2105
1097755463,2074
1097756463,2046
1097757463,2096
1097758463,2162
1097759463,2129
1097769890,2099
1097770890,2119
1097771890,2084
1097772890,2032
1097773890,2000
1097774890,1953
1097775890,1936
1097776890,1959
1097777890,1971
1097778890,1949
1097779890,1925
1097780890,1874
1097781890,1878
1097782890,1963
1097783890,1938
1097784890,1929
1097785890,1931
1097786890,1953
1097787890,2065
1097798344,1671
1097799344,1825
1097800344,1895
1097801344,1936
1097802344,1990
1097803344,2063
1097804344,2147
1097805344,2192
1097806344,2288
1097807344,2315
1097808344,2241
1097809344,2107
1097810344,1980
1097811344,1891
1097812344,1856
1097813344,1869
1097814344,1867
1097815344,1876
1097816344,1927
1097817344,1953
1097827771,2121
1097828771,2000
1097829771,1899
1097830771,1784
1097831771,1735
1097832771,1765
1097833771,1797
1097834771,1812
1097835771,1841
1097836771,1909
1097837771,1974
1097838771,2181
1097839771,2411
1097840771,2437
1097841771,2317
1097842771,2138
1097843771,1970
1097844771,1885
1097845771,1808
1097846771,1721
1097857215,1968
1097858215,1856
1097859215,1809
1097860215,1788
1097861215,1782
1097862215,1808
1097863215,1870
1097864215,2046
1097865215,2157
1097866215,2160
1097867215,2146
1097868215,2081
1097869215,2011
1097870215,1962
1097871215,1985
1097872215,2071
1097873215,2096
1097874215,2109
1097875215,2085
1097876215,2043
1097886642,2117
1097887642,2006
1097888642,1917
1097889642,1870
1097890642,1921
1097891642,2003
1097892642,2047
1097893642,2061
1097894642,2099
1097895642,2101
1097896642,2105
1097897642,2123
1097898642,2063
1097899642,1977
1097900642,1957
1097901642,1818
1097902642,1729
1097903642,1721
1097904642,1794
1097905642,1862
1097916069,2046
1097917069,2055
1097918069,1968
1097919069,1936
1097920069,1949
1097921069,1936
1097922069,1909
1097923069,1875
1097924069,1857
1097925069,1828
1097926069,1836
1097927069,1915
1097928069,1965
1097929069,2059
1097930069,2102
1097931069,2070
1097932069,2025
1097933069,2008
1097934069,2051
1097935069,2089
1097945496,2370
1097946496,2113
1097947496,1915
1097948496,1742
1097949496,1639
1097950496,1587
1097951496,1712
1097952496,1841
1097953496,1956
1097954496,2065
1097955496,2059
1097956496,1995
1097957496,1991
1097958496,2000
1097959496,1939
1097960496,1861
1097961496,1847
1097962496,1885
1097963496,1900
1097973950,2256
1097974950,2155
1097975950,2000
1097976950,1911
1097977950,1803
1097978950,1722
1097979950,1699
1097980950,1729
1097981950,1813
1097982950,1943
1097983950,2053
1097984950,2074
1097985950,2041
1097986950,2039
1097987950,2143
1097988950,2171
1097989950,2042
1097990950,2021
1097991950,2004
1097992950,1967
1098003377,2109
1098004377,2107
1098005377,2007
1098006377,1957
1098007377,1939
1098008377,1915
1098009377,1871
1098010377,1949
1098011377,1959
1098012377,1922
1098013377,1904
1098014377,1905
1098015377,1926
1098016377,1986
1098017377,1945
1098018377,1936
1098019377,1968
1098020377,2005
1098021377,2034
1098022377,2064
1098032821,1865
1098033821,1787
1098034821,1728
1098035821,1728
1098036821,1808
1098037821,1969
1098038821,2057
1098039821,2082
1098040821,2149
1098041821,2215
1098042821,2165
1098043821,2121
1098044821,2138
1098045821,2125
1098046821,2035
1098047821,2015
1098048821,2105
1098049821,2096
1098050821,1999
1098051821,1875
1098062256,2127
1098063256,2085
1098064256,1997
1098065256,1933
1098066256,1985
1098067256,2042
1098068256,2117
1098069256,2029
1098070256,1897
1098071256,1904
1098072256,1921
1098073256,1939
1098074256,1973
1098075256,1963
1098076256,1966
1098077256,2103
1098078256,2231
1098079256,2195
1098080256,2027
1098081256,1905
1098091675,2209
1098092675,2288
1098093675,2240
1098094675,2197
1098095675,2101
1098096675,1993
1098097675,1903
1098098675,1834
1098099675,1852
1098100675,1881
1098101675,1855
1098102675,1909
1098103675,1975
1098104675,2032
1098105675,2032
1098106675,2021
1098107675,2059
1098108675,2045
1098109675,2000
1098110675,1952
1098121102,2253
1098122102,2252
1098123102,2160
1098124102,2125
1098125102,2101
1098126102,2077
1098127102,1991
1098128102,1868
1098129102,1771
1098130102,1663
1098131102,1598
1098132102,1623
1098133102,1697
1098134102,1761
1098135102,1869
1098136102,2099
1098137102,2229
1098138102,2219
1098139102,2128
1098149556,2145
1098150556,2405
1098151556,2624
1098152556,2597
1098153556,2480
1098154556,2272
1098155556,2013
1098156556,1756
1098157556,1582
1098158556,1477
1098159556,1469
1098160556,1520
1098161556,1633
1098162556,1775
1098163556,1893
1098164556,1940
1098165556,2085
1098166556,2125
1098167556,2109
1098168556,2082
1098178983,1897
1098179983,1889
1098180983,1951
1098181983,2070
1098182983,2154
1098183983,2138
1098184983,2113
1098185983,2047
1098186983,2009
1098187983,2001
1098188983,1968
1098189983,1936
1098190983,1936
1098191983,1983
1098192983,2032
1098193983,2096
1098194983,2203
1098195983,2155
1098196983,2025
1098197983,1961
1098208427,2190
1098209427,2134
1098210427,2003
1098211427,1892
1098212427,1813
1098213427,1729
1098214427,1697
1098215427,1778
1098216427,1965
1098217427,2180
1098218427,2301
1098219427,2304
1098220427,2362
1098221427,2288
1098222427,2128
1098223427,1936
1098224427,1762
1098225427,1653
1098226427,1643
1098227427,1616
1098237854,1718
1098238854,1730
1098239854,1827
1098240854,1996
1098241854,2141
1098242854,2192
1098243854,2167
1098244854,2113
1098245854,2032
1098246854,1953
1098247854,1886
1098248854,1896
1098249854,1924
1098250854,1953
1098251854,1997
1098252854,2039
1098253854,2129
1098254854,2224
1098255854,2227
1098256854,2198
1098267281,1898
1098268281,1965
1098269281,2064
1098270281,2096
1098271281,2108
1098272281,2080
1098273281,2032
1098274281,2042
1098275281,2042
1098276281,2285
1098277281,2459
1098278281,2442
1098279281,2284
1098280281,2019
1098281281,1797
1098282281,1660
1098283281,1535
1098284281,1557
1098285281,1729
1098286281,1997
1098296707,1771
1098297707,1926
1098298707,2085
1098299707,2185
1098300707,2223
1098301707,2184
1098302707,2095
1098303707,2000
1098304707,1948
1098305707,1936
1098306707,2005
1098307707,2151
1098308707,2193
1098309707,2192
1098310707,2067
1098311707,1997
1098312707,1905
1098313707,1855
1098314707,1813
1098325162,1965
1098326162,2000
1098327162,2004
1098328162,1989
1098329162,1951
1098330162,1911
1098331162,1873
1098332162,1898
1098333162,1952
1098334162,1999
1098335162,2045
1098336162,2149
1098337162,2222
1098338162,2261
1098339162,2183
1098340162,2072
1098341162,2030
1098342162,1985
1098343162,1962
1098344162,1933
1098354589,1868
1098355589,1749
1098356589,1695
1098357589,1701
1098358589,1755
1098359589,1803
1098360589,1809
1098361589,1748
1098362589,1745
1098363589,1805
1098364589,1897
1098365589,2044
1098366589,2267
1098367589,2407
1098368589,2379
1098369589,2271
1098370589,2138
1098371589,1973
1098372589,1845
1098373589,1777
1098384033,1681
1098385033,1817
1098386033,1943
1098387033,2057
1098388033,2128
1098389033,2109
1098390033,2095
1098391033,2113
1098392033,2112
1098393033,2090
1098394033,2065
1098395033,2008
1098396033,1984
1098397033,1966
1098398033,1936
1098399033,1983
1098400033,2032
1098401033,2047
1098402033,2036
1098403033,2006
1098413460,1996
1098414460,1903
1098415460,1871
1098416460,1853
1098417460,1840
1098418460,1877
1098419460,2021
1098420460,2169
1098421460,2207
1098422460,2140
1098423460,2107
1098424460,2076
1098425460,1955
1098426460,1839
1098427460,1767
1098428460,1742
1098429460,1746
1098430460,1765
1098431460,1808
1098432460,1981
1098442886,1999
1098443886,1869
1098444886,1744
1098445886,1658
1098446886,1640
1098447886,1712
1098448886,1878
1098449886,2070
1098450886,2192
1098451886,2240
1098452886,2174
1098453886,2064
1098454886,1952
1098455886,1868
1098456886,1904
1098457886,2066
1098458886,2236
1098459886,2355
1098460886,2338
1098461886,2233
1098472313,2120
1098473313,2216
1098474313,2276
1098475313,2252
1098476313,2160
1098477313,2075
1098478313,1965
1098479313,1839
1098480313,1779
1098481313,1739
1098482313,1765
1098483313,1872
1098484313,2054
1098485313,2202
1098486313,2300
1098487313,2361
1098488313,2345
1098489313,2244
1098490313,2126
1098500768,2224
1098501768,2185
1098502768,2093
1098503768,2058
1098504768,2115
1098505768,2179
1098506768,2160
1098507768,2128
1098508768,2044
1098509768,1936
1098510768,1803
1098511768,1730
1098512768,1713
1098513768,1764
1098514768,1829
1098515768,1883
1098516768,1967
1098517768,2057
1098518768,2068
1098519768,2123
1098530195,1651
1098531195,1685
1098532195,1777
1098533195,1840
1098534195,1951
1098535195,2012
1098536195,2096
1098537195,2273
1098538195,2375
1098539195,2385
1098540195,2327
1098541195,2259
1098542195,2160
1098543195,1985
1098544195,1845
1098545195,1721
1098546195,1645
1098547195,1639
1098548195,1662
1098549195,1803
1098559639,2088
1098560639,2068
1098561639,2113
1098562639,2268
1098563639,2352
1098564639,2362
1098565639,2319
1098566639,2177
1098567639,1954
1098568639,1725
1098569639,1535
1098570639,1456
1098571639,1485
1098572639,1535
1098573639,1668
1098574639,1869
1098575639,2039
1098576639,2192
1098577639,2320
1098578639,2384
1098589065,1925
1098590065,2065
1098591065,2214
1098592065,2320
1098593065,2383
1098594065,2416
1098595065,2367
1098596065,2223
1098597065,2004
1098598065,1779
1098599065,1635
1098600065,1535
1098601065,1521
1098602065,1645
1098603065,1781
1098604065,1935
1098605065,2064
1098606065,2128
1098607065,2148
1098608065,2127
1098618492,1943
1098619492,1908
1098620492,1901
1098621492,1933
1098622492,1952
1098623492,1971
1098624492,2031
1098625492,2096
1098626492,2108
1098627492,2086
1098628492,2141
1098629492,2244
1098630492,2356
1098631492,2395
1098632492,2386
1098633492,2294
1098634492,2118
1098635492,1899
1098636492,1696
1098637492,1535
1098647919,1968
1098648919,2010
1098649919,2039
1098650919,2033
1098651919,2029
1098652919,2034
1098653919,2009
1098654919,2052
1098655919,2112
1098656919,2157
1098657919,2197
1098658919,2194
1098659919,2153
1098660919,2041
1098661919,1917
1098662919,1809
1098663919,1749
1098664919,1728
1098665919,1781
1098676374,2112
1098677374,1968
1098678374,1883
1098679374,1809
1098680374,1780
1098681374,1934
1098682374,2099
1098683374,2166
1098684374,2208
1098685374,2189
1098686374,2092
1098687374,2032
1098688374,2016
1098689374,1930
1098690374,1825
1098691374,1796
1098692374,1799
1098693374,1796
1098694374,1859
1098695374,1903
1098705801,2181
1098706801,2112
1098707801,2106
1098708801,2122
1098709801,2162
1098710801,2170
1098711801,2163
1098712801,2087
1098713801,1985
1098714801,1903
1098715801,1841
1098716801,1779
1098717801,1791
1098718801,1812
1098719801,1851
1098720801,1898
1098721801,1949
1098722801,1958
1098723801,1948
1098724801,1967
1098735252,2402
1098736252,2351
1098737252,2244
1098738252,2080
1098739252,1950
1098740252,1828
1098741252,1791
1098742252,1783
1098743252,1811
1098744252,1862
1098745252,1911
1098746252,1933
1098747252,1922
1098748252,1932
1098749252,1990
1098750252,2017
1098751252,2063
1098752252,2068
1098753252,2075
1098754252,2100
1098764671,2080
1098765671,1999
1098766671,1923
1098767671,1833
1098768671,1732
1098769671,1657
1098770671,1633
1098771671,1677
1098772671,1756
1098773671,1841
1098774671,2000
1098775671,2131
1098776671,2198
1098777671,2215
1098778671,2181
1098779671,2095
1098780671,2041
1098781671,2007
1098782671,1979
1098783671,1968
1098794098,1859
1098795098,1817
1098796098,1741
1098797098,1702
1098798098,1758
1098799098,1908
1098800098,2063
1098801098,2133
1098802098,2127
1098803098,2097
1098804098,2057
1098805098,1972
1098806098,1909
1098807098,1882
1098808098,1914
1098809098,2000
1098810098,2043
1098811098,2066
1098812098,2101
1098813098,2141
1098823525,1621
1098824525,1721
1098825525,1842
1098826525,1968
1098827525,2032
1098828525,2080
1098829525,2105
1098830525,2145
1098831525,2145
1098832525,2173
1098833525,2154
1098834525,2128
1098835525,2042
1098836525,2012
1098837525,1993
1098838525,1978
1098839525,1994
1098840525,1970
1098841525,1998
1098851980,2000
1098852980,2035
1098853980,2131
1098854980,2186
1098855980,2235
1098856980,2214
1098857980,2219
1098858980,2192
1098859980,2137
1098860980,2115
1098861980,2077
1098862980,2087
1098863980,2032
1098864980,1982
1098865980,1939
1098866980,1872
1098867980,1803
1098868980,1721
1098869980,1655
1098870980,1647
1098881406,2028
1098882406,2067
1098883406,2123
1098884406,2159
1098885406,2142
1098886406,2144
1098887406,2118
1098888406,2097
1098889406,2098
1098890406,2165
1098891406,2215
1098892406,2194
1098893406,2129
1098894406,2038
1098895406,1953
1098896406,1857
1098897406,1780
1098898406,1712
1098899406,1679
1098900406,1694
1098910850,1845
1098911850,1771
1098912850,1776
1098913850,1778
1098914850,1822
1098915850,1932
1098916850,2138
1098917850,2263
1098918850,2282
1098919850,2250
1098920850,2219
1098921850,2129
1098922850,2019
1098923850,1921
1098924850,1893
1098925850,1858
1098926850,1822
1098927850,1827
1098928850,1835
1098929850,1874
1098940277,2053
1098941277,2054
1098942277,2062
1098943277,2069
1098944277,2081
1098945277,2135
1098946277,2167
1098947277,2209
1098948277,2220
1098949277,2185
1098950277,2155
1098951277,2070
1098952277,1968
1098953277,1883
1098954277,1804
1098955277,1781
1098956277,1766
1098957277,1825
1098958277,1908
1098959277,1958
1098969704,1974
1098970704,1986
1098971704,1903
1098972704,1844
1098973704,1805
1098974704,1807
1098975704,1846
1098976704,1854
1098977704,1872
1098978704,1943
1098979704,1978
1098980704,2010
1098981704,2059
1098982704,2096
1098983704,2115
1098984704,2116
1098985704,2101
1098986704,2096
1098987704,2077
1098988704,2044
1098999131,1983
1099000131,2029
1099001131,2073
1099002131,2103
1099003131,2114
1099004131,2127
1099005131,2117
1099006131,2097
1099007131,2038
1099008131,2029
1099009131,1999
1099010131,1956
1099011131,1895
1099012131,1865
1099013131,1857
1099014131,1872
1099015131,1926
1099016131,2003
1099017131,2093
1099027586,1889
1099028586,1783
1099029586,1700
1099030586,1690
1099031586,1723
1099032586,1779
1099033586,1901
1099034586,1986
1099035586,2033
1099036586,2080
1099037586,2102
1099038586,2141
1099039586,2180
1099040586,2223
1099041586,2288
1099042586,2293
1099043586,2225
1099044586,2108
1099045586,1954
1099046586,1781
1099057012,2305
1099058012,2203
1099059012,2062
1099060012,1863
1099061012,1666
1099062012,1575
1099063012,1502
1099064012,1487
1099065012,1572
1099066012,1712
1099067012,1839
1099068012,1977
1099069012,2077
1099070012,2128
1099071012,2130
1099072012,2154
1099073012,2103
1099074012,2125
1099075012,2157
1099076012,2149
1099086456,2029
1099087456,2057
1099088456,2063
1099089456,2041
1099090456,2031
1099091456,2055
1099092456,2062
1099093456,2035
1099094456,1993
1099095456,1985
1099096456,1979
1099097456,2037
1099098456,2129
1099099456,2209
1099100456,2253
1099101456,2224
1099102456,2147
1099103456,2046
1099104456,1905
1099105456,1796
1099115883,1954
1099116883,1968
1099117883,2051
1099118883,2174
1099119883,2271
1099120883,2335
1099121883,2298
1099122883,2256
1099123883,2187
1099124883,2097
1099125883,1989
1099126883,1836
1099127883,1711
1099128883,1646
1099129883,1651
1099130883,1776
1099131883,1843
1099132883,1998
1099133883,2100
1099134883,2141
1099145310,2200
1099146310,2190
1099147310,2161
1099148310,2095
1099149310,2000
1099150310,1934
1099151310,1837
1099152310,1744
1099153310,1697
1099154310,1737
1099155310,1776
1099156310,1827
1099157310,1913
1099158310,2012
1099159310,2080
1099160310,2032
1099161310,2055
1099162310,2015
1099163310,1987
1099164310,1965
1099174737,2000
1099175737,1979
1099176737,1954
1099177737,1913
1099178737,1919
1099179737,1919
1099180737,1905
1099181737,1935
1099182737,1967
1099183737,2016
1099184737,2011
1099185737,2037
1099186737,2033
1099187737,2099
1099188737,2184
1099189737,2242
1099190737,2281
1099191737,2317
1099192737,2290
1099203191,1846
1099204191,1904
1099205191,1957
1099206191,2022
1099207191,2055
1099208191,2097
1099209191,2087
1099210191,2098
1099211191,2046
1099212191,2079
1099213191,2167
1099214191,2245
1099215191,2275
1099216191,2273
1099217191,2242
1099218191,2160
1099219191,2057
1099220191,1900
1099221191,1826
1099222191,1729
1099232618,1986
1099233618,2031
1099234618,2063
1099235618,2074
1099236618,2074
1099237618,2085
1099238618,2090
1099239618,2080
1099240618,2085
1099241618,2146
1099242618,2192
1099243618,2189
1099244618,2157
1099245618,2096
1099246618,2032
1099247618,1941
1099248618,1872
1099249618,1840
1099250618,1820
1099251618,1827
1099262062,1989
1099263062,1959
1099264062,1931
1099265062,1941
1099266062,1966
1099267062,2011
1099268062,2065
1099269062,2100
1099270062,2112
1099271062,2144
1099272062,2142
1099273062,2121
1099274062,2087
1099275062,2071
1099276062,2025
1099277062,1963
1099278062,1904
1099279062,1875
1099280062,1852
1099281062,1839
1099291489,2091
1099292489,2085
1099293489,2064
1099294489,2014
1099295489,1968
1099296489,1927
1099297489,1874
1099298489,1865
1099299489,1906
1099300489,1922
1099301489,1915
1099302489,1889
1099303489,1901
1099304489,1919
1099305489,1927
1099306489,1922
1099307489,1943
1099308489,2000
1099309489,2032
1099310489,2067
1099320916,1959
1099321916,1989
1099322916,1993
1099323916,1989
1099324916,2029
1099325916,2047
1099326916,2039
1099327916,2001
1099328916,1972
1099329916,1927
1099330916,1917
1099331916,1918
1099332916,1961
1099333916,1991
1099334916,2006
1099335916,2028
1099336916,2037
1099337916,2062
1099338916,2055
1099339916,2059
1099350343,2011
1099351343,2009
1099352343,2022
1099353343,2027
1099354343,2056
1099355343,2039
1099356343,2043
1099357343,2021
1099358343,2044
1099359343,2063
1099360343,2020
1099361343,2055
1099362343,2061
1099363343,2076
1099364343,2095
1099365343,2137
1099366343,2159
1099367343,2129
1099368343,2080
1099378797,2017
1099379797,1953
1099380797,1885
1099381797,1869
1099382797,1875
1099383797,1904
1099384797,1932
1099385797,2000
1099386797,2032
1099387797,2089
1099388797,2128
1099389797,2113
1099390797,2127
1099391797,2151
1099392797,2157
1099393797,2133
1099394797,2032
1099395797,1983
1099396797,1909
1099397797,1857
1099408230,1995
1099409230,2001
1099410230,1992
1099411230,1983
1099412230,1967
1099413230,1941
1099414230,1936
1099415230,1923
1099416230,1968
1099417231,1985
1099418231,2027
1099419231,2038
1099420231,2064
1099421231,2090
1099422231,2086
1099423231,2080
1099424231,2077
1099425231,2091
1099426231,2097
1099427231,2061
1099437668,1990
1099438668,2019
1099439668,2059
1099440668,2032
1099441668,2070
1099442668,2062
1099443668,2032
1099444668,1999
1099445668,1948
1099446668,1936
1099447668,1927
1099448668,1920
1099449668,1953
1099450668,2003
1099451668,2043
1099452668,2089
1099453668,2128
1099454668,2170
1099455668,2171
1099456668,2156
1099467095,1952
1099468095,2005
1099469095,2032
1099470095,2056
1099471095,2063
1099472095,2061
1099473095,2068
1099474095,2076
1099475095,2112
1099476095,2121
1099477095,2144
1099478095,2169
1099479095,2164
1099480095,2097
1099481095,2043
1099482095,2005
1099483095,1968
1099484095,1916
1099485095,1872
1099486095,1811
1099496522,1969
1099497522,1935
1099498522,1919
1099499522,1968
1099500522,2000
1099501522,2021
1099502522,2039
1099503522,2047
1099504522,2071
1099505522,2066
1099506522,2063
1099507522,2063
1099508522,2076
1099509522,2045
1099510522,2031
1099511522,1995
1099512522,1954
1099513522,1923
1099514522,1897
1099515522,1909
1099525949,2054
1099526949,2038
1099527949,1996
1099528949,1967
1099529949,1935
1099530949,1905
1099531949,1913
1099532949,1953
1099533949,1987
1099534949,2006
1099535949,2020
1099536949,2015
1099537949,2035
1099538949,2045
1099539949,2027
1099540949,2042
1099541949,2061
1099542949,2054
1099543949,2028
1099554403,2035
1099555403,2063
1099556403,2054
1099557403,2067
1099558403,2044
1099559403,2043
1099560403,1991
1099561403,1980
1099562403,1947
1099563403,1918
1099564403,1899
1099565403,1907
1099566403,1948
1099567403,1981
1099568403,2011
1099569403,2019
1099570403,2025
1099571403,2045
1099572403,2043
1099573403,2035
1099583830,1977
1099584830,2004
1099585830,2017
1099586830,2023
1099587830,2019
1099588830,2032
1099589830,2029
1099590830,2038
1099591830,2087
1099592830,2128
1099593830,2112
1099594830,2084
1099595830,2034
1099596830,1987
1099597830,1931
1099598830,1888
1099599830,1903
1099600830,1907
1099601830,1919
1099602830,1929
1099613274,1923
1099614274,1907
1099615274,1903
1099616274,1964
1099617274,1997
1099618274,2018
1099619274,2032
1099620274,2042
1099621274,2060
1099622274,2055
1099623274,2076
1099624274,2047
1099625274,2076
1099626274,2069
1099627274,2032
1099628274,1995
1099629274,1958
1099630274,1924
1099631274,1904
1099632274,1910
1099642701,2080
1099643701,2042
1099644701,1993
1099645701,1968
1099646701,1934
1099647701,1909
1099648701,1937
1099649701,1937
1099650701,1969
1099651701,2011
1099652701,2009
1099653701,2009
1099654701,2037
1099655701,2030
1099656701,2023
1099657701,2020
1099658701,2031
1099659701,2038
1099660701,2011
1099661701,1988
1099672128,1989
1099673128,1953
1099674128,1979
1099675128,2032
1099676128,2033
1099677128,1983
1099678128,1963
1099679128,1961
1099680128,1893
1099681128,1887
1099682128,1899
1099683128,1955
1099684128,1981
1099685128,1999
1099686128,2007
1099687128,2002
1099688128,1982
1099689128,2025
1099690128,2006
1099691128,2026
1099701554,2023
1099702554,2027
1099703554,2022
1099704554,2043
1099705554,2037
1099706554,2042
1099707554,1998
1099708554,2059
1099709554,2069
1099710554,2034
1099711554,2001
1099712554,1958
1099713554,1917
1099714554,1871
1099715554,1914
1099716554,1963
1099717554,1985
1099718554,1995
1099719554,1987
1099730009,1872
1099731009,1857
1099732009,1885
1099733009,1932
1099734009,1985
1099735009,2000
1099736009,2000
1099737009,2003
1099738009,2015
1099739009,2029
1099740009,2023
1099741009,2015
1099742009,2031
1099743009,2015
1099744009,1977
1099745009,1934
1099746009,1900
1099747009,1878
1099748009,1894
1099749009,1919
1099759436,2047
1099760436,2029
1099761436,1990
1099762436,1948
1099763436,1909
1099764436,1908
1099765436,1915
1099766436,1953
1099767436,1983
1099768436,1989
1099769436,1992
1099770436,1983
1099771436,2023
1099772436,1985
1099773436,1989
1099774436,1991
1099775436,2022
1099776436,2018
1099777436,1991
1099778436,1937
1099788880,2012
1099789880,2000
1099790880,1998
1099791880,2018
1099792880,2011
1099793880,1989
1099794880,1937
1099795880,1904
1099796880,1881
1099797880,1871
1099798880,1894
1099799880,1950
1099800880,1988
1099801880,2018
1099802880,1983
1099803880,1997
1099804880,1999
1099805880,2016
1099806880,2010
1099807880,2001
1099818307,1994
1099819307,2005
1099820307,2011
1099821307,2017
1099822307,2016
1099823307,2032
1099824307,2058
1099825307,2095
1099826307,2099
1099827307,2083
1099828307,2032
1099829307,1987
1099830307,1927
1099831307,1881
1099832307,1888
1099833307,1903
1099834307,1936
1099835307,1955
1099836307,1969
1099837307,1970
1099847733,1921
1099848733,1920
1099849733,1968
1099850733,1995
1099851733,2014
1099852733,2031
1099853733,2029
1099854733,2055
1099855733,2047
1099856733,2024
1099857733,2004
1099858733,2034
1099859733,2042
1099860733,2016
1099861733,1965
1099862733,1936
1099863733,1903
1099864733,1888
1099865733,1920
1099866733,1968
1099877160,2010
1099878160,1973
1099879160,1934
1099880160,1902
1099881160,1889
1099882160,1923
1099883160,1953
1099884160,1991
1099885160,2023
1099886160,2000
1099887160,2023
1099888160,2030
1099889160,2035
1099890160,2020
1099891160,2027
1099892160,2045
1099893160,2033
1099894160,2032
1099895160,1963
1099905615,1971
1099906615,1975
1099907615,1977
1099908615,2000
1099909615,2000
1099910615,1982
1099911615,1945
1099912615,1918
1099913615,1872
1099914615,1870
1099915615,1891
1099916615,1929
1099917615,1974
1099918615,1984
1099919615,1987
1099920615,1993
1099921615,2020
1099922615,2011
1099923615,2029
1099924615,2047
1099935042,2018
1099936042,2042
1099937042,2044
1099938042,2080
1099939042,2064
1099940042,2064
1099941042,2041
1099942042,2045
1099943042,2041
1099944042,2000
1099945042,1952
1099946042,1925
1099947042,1899
1099948042,1895
1099949042,1905
1099950042,1965
1099951042,1995
1099952042,2035
1099953042,2054
1099954042,2064
1099964494,1917
1099965494,1932
1099966494,1949
1099967494,1984
1099968494,2007
1099969494,2001
1099970494,1994
1099971494,2000
1099972494,1961
1099973494,1995
1099974494,1964
1099975494,1971
1099976494,1977
1099977494,1939
1099978494,1906
1099979494,1879
1099980494,1892
1099981494,1872
1099982494,1909
1099983494,1945
1099993912,2000
1099994912,1938
1099995912,1891
1099996912,1884
1099997912,1861
1099998912,1905
1099999912,1937
1100000912,1979
1100001912,2005
1100002912,2006
1100003912,2001
1100004912,2019
1100005912,2029
1100006912,2037
1100007912,2064
1100008912,2041
1100009912,2079
1100010912,2064
1100011912,2010
1100012912,1995
1100023339,1929
1100024339,1936
1100025339,2018
1100026339,1993
1100027339,2003
1100028339,1967
1100029339,1909
1100030339,1856
1100031339,1837
1100032339,1869
1100033339,1914
1100034339,1979
1100035339,2031
1100036339,2047
1100037339,2045
1100038339,2073
1100039339,2094
1100040339,2093
1100041339,2108
1100042339,2143
1100052766,1816
1100053766,1834
1100054766,1865
1100055766,1918
1100056766,1947
1100057766,1985
1100058766,2042
1100059766,2067
1100060766,2032
1100061766,2025
1100062766,1987
1100063766,1958
1100064766,1936
1100065766,1955
1100066766,1988
1100067766,2027
1100068766,2036
1100069766,2039
1100070766,2054
1100081221,1984
1100082221,2013
1100083221,2039
1100084221,2037
1100085221,2080
1100086221,2031
1100087221,2006
1100088221,1982
1100089221,1903
1100090221,1874
1100091221,1844
1100092221,1857
1100093221,1903
1100094221,1943
1100095221,2055
1100096221,2143
1100097221,2174
1100098221,2163
1100099221,2143
1100100221,2103
1100110648,2218
1100111648,2211
1100112648,2134
1100113648,2071
1100114648,2001
1100115648,1982
1100116648,1968
1100117648,1943
1100118648,1927
1100119648,1872
1100120648,1820
1100121648,1806
1100122648,1776
1100123648,1795
1100124648,1831
1100125648,1906
1100126648,1977
1100127648,1987
1100128648,1974
1100129648,1985
1100140091,2031
1100141091,2064
1100142091,2130
1100143091,2176
1100144091,2209
1100145091,2222
1100146091,2191
1100147091,2110
1100148091,2004
1100149091,1933
1100150091,1879
1100151091,1877
1100152091,1885
1100153091,1916
1100154091,1935
1100155091,1993
1100156091,2037
1100157091,2045
1100158091,2043
1100159091,2071
1100169518,2026
1100170518,1991
1100171518,1983
1100172518,2028
1100173518,2047
1100174518,2069
1100175518,2080
1100176518,2031
1100177518,1975
1100178518,1917
1100179518,1885
1100180518,1836
1100181518,1779
1100182518,1808
1100183518,1899
1100184518,2040
1100185518,2197
1100186518,2254
1100187518,2246
1100188518,2205
1100198945,1936
1100199945,2077
1100200945,2159
1100201945,2197
1100202945,2201
1100203945,2175
1100204945,2144
1100205945,2067
1100206945,2015
1100207945,1938
1100208945,1933
1100209945,1926
1100210945,1879
1100211945,1842
1100212945,1845
1100213945,1910
1100214945,2031
1100215945,2166
1100216945,2283
1100217945,2352
1100228372,1948
1100229372,2020
1100230372,2066
1100231372,2083
1100232372,2112
1100233372,2139
1100234372,2160
1100235372,2236
1100236372,2307
1100237372,2384
1100238372,2419
1100239372,2389
1100240372,2317
1100241372,2333
1100242372,2285
1100243372,2127
1100244372,1923
1100245372,1745
1100246372,1603
1100256827,2124
1100257827,2143
1100258827,2224
1100259827,2195
1100260827,2143
1100261827,2031
1100262827,1961
1100263827,1927
1100264827,1823
1100265827,1731
1100266827,1729
1100267827,1741
1100268827,1753
1100269827,1808
1100270827,1892
1100271827,1952
1100272827,2002
1100273827,2000
1100274827,2059
1100275827,2096
1100286256,1872
1100287256,1777
1100288256,1744
1100289256,1726
1100290256,1760
1100291256,1829
1100292256,1929
1100293256,2019
1100294256,2047
1100295256,2016
1100296256,1968
1100297256,1897
1100298256,1872
1100299256,1953
1100300256,2192
1100301256,2416
1100302256,2559
1100303256,2672
1100304256,2883
1100305256,2959
1100315697,1459
1100316697,1616
1100317697,1744
1100318697,1838
1100319697,1900
1100320697,1904
1100321697,1997
1100322697,2144
1100323697,2423
1100324697,2750
1100325697,2960
1100326697,3001
1100327697,2865
1100328697,2591
1100329697,2269
1100330697,1857
1100331697,1500
1100332697,1203
1100333697,1045
1100334697,1017
1100345124,2623
1100346124,2507
1100347124,2315
1100348124,2095
1100349124,1869
1100350124,1705
1100351124,1589
1100352124,1506
1100353124,1484
1100354124,1531
1100355124,1671
1100356124,1855
1100357124,2027
1100358124,2204
1100359124,2353
1100360124,2445
1100361124,2420
1100362124,2341
1100363124,2276
1100364124,2166
1100374551,2270
1100375551,2315
1100376551,2334
1100377551,2323
1100378551,2172
1100379551,1990
1100380551,1749
1100381551,1535
1100382551,1426
1100383551,1390
1100384551,1452
1100385551,1580
1100386551,1744
1100387551,1975
1100388551,2245
1100389551,2419
1100390551,2480
1100391551,2431
1100392551,2407
1100393551,2306
1100403978,2213
1100404978,2559
1100405978,2839
1100406978,2981
1100407978,3033
1100408978,2945
1100409978,2655
1100410978,2233
1100411978,1754
1100412978,1311
1100413978,939
1100414978,835
1100415978,784
1100416978,939
1100417978,1163
1100418978,1448
1100419978,1775
1100420978,2017
1100421978,2169
1100422978,2256
1100433405,2016
1100434405,1897
1100435405,1765
1100436405,1665
1100437405,1611
1100438405,1600
1100439405,1568
1100440405,1573
1100441405,1571
1100442405,1615
1100443405,1779
1100444405,1966
1100445405,2108
1100446405,2253
1100447405,2446
1100448405,2553
1100449405,2549
1100450405,2458
1100451405,2298
1100452405,2105
1100462831,2325
1100463831,2320
1100464831,2224
1100465831,2079
1100466831,1930
1100467831,1794
1100468831,1717
1100469831,1703
1100470831,1729
1100471831,1871
1100472831,2167
1100473831,2437
1100474831,2559
1100475831,2559
1100476831,2449
1100477831,2189
1100478831,1847
1100479831,1535
1100480831,1280
1100481831,1177
1100492266,2683
1100493266,2640
1100494266,2519
1100495266,2355
1100496266,2220
1100497266,2090
1100498266,1882
1100499266,1679
1100500266,1583
1100501266,1476
1100502266,1454
1100503266,1492
1100504266,1573
1100505266,1730
1100506266,1958
1100507266,2158
1100508266,2281
1100509266,2403
1100510266,2505
1100511266,2548
1100521685,1636
1100522685,1849
1100523685,2064
1100524685,2412
1100525685,2688
1100526685,2761
1100527685,2698
1100528685,2475
1100529685,2162
1100530685,1778
1100531685,1398
1100532685,1155
1100533685,1072
1100534685,1132
1100535685,1291
1100536685,1497
1100537685,1935
1100538685,2304
1100539685,2528
1100550140,1795
1100551140,2108
1100552140,2409
1100553140,2514
1100554140,2479
1100555140,2355
1100556140,2192
1100557140,1998
1100558140,1804
1100559140,1685
1100560140,1535
1100561140,1505
1100562140,1630
1100563140,1869
1100564140,2223
1100565140,2430
1100566140,2529
1100567140,2521
1100568140,2357
1100569140,2112
1100579571,2559
1100580571,2414
1100581571,2226
1100582571,2105
1100583571,2128
1100584571,2119
1100585571,2066
1100586571,2000
1100587571,1893
1100588571,1776
1100589571,1659
1100590571,1600
1100591571,1568
1100592571,1647
1100593571,1725
1100594571,1793
1100595571,2081
1100596571,2339
1100597571,2435
1100598571,2487
1100609010,1966
1100610010,2118
1100611010,2202
1100612010,2224
1100613010,2229
1100614010,2215
1100615010,2257
1100616010,2261
1100617010,2187
1100618010,2070
1100619010,1975
1100620010,1890
1100621010,1868
1100622010,1903
1100623010,1870
1100624010,1819
1100625010,1813
1100626010,1840
1100627010,1848
1100628010,1853
1100638437,2320
1100639437,2002
1100640437,1694
1100641437,1444
1100642437,1300
1100643437,1296
1100644437,1328
1100645437,1404
1100646437,1646
1100647437,1993
1100648437,2287
1100649437,2362
1100650437,2403
1100651437,2355
1100652437,2235
1100653437,2119
1100654437,2002
1100655437,1881
1100656437,1743
1100657437,1712
1100667864,1933
1100668864,1767
1100669864,1648
1100670864,1599
1100671864,1584
1100672864,1647
1100673864,1761
1100674864,1931
1100675864,2113
1100676864,2197
1100677864,2226
1100678864,2201
1100679864,2281
1100680864,2325
1100681864,2288
1100682864,2203
1100683864,2111
1100684864,1983
1100685864,1901
1100686864,1892
1100697291,1843
1100698291,1844
1100699291,1934
1100700291,2036
1100701291,2155
1100702291,2205
1100703291,2229
1100704291,2227
1100705291,2209
1100706291,2196
1100707291,2250
1100708291,2453
1100709291,2651
1100710291,2675
1100711291,2500
1100712291,2222
1100713291,1897
1100714291,1675
1100715291,1471
1100725745,1870
1100726745,1968
1100727745,2073
1100728745,2194
1100729745,2427
1100730745,2624
1100731745,2627
1100732745,2485
1100733745,2295
1100734745,2096
1100735745,1951
1100736745,1762
1100737745,1589
1100738745,1497
1100739745,1660
1100740745,1872
1100741745,2001
1100742745,2096
1100743745,2094
1100744745,2043
1100755172,2429
1100756172,2419
1100757172,2345
1100758172,2227
1100759172,2029
1100760172,1877
1100761172,1754
1100762172,1818
1100763172,1964
1100764172,2123
1100765172,2163
1100766172,2110
1100767172,2032
1100768172,1955
1100769172,1872
1100770172,1744
1100771172,1712
1100772172,1777
1100773172,1797
1100774172,1840
1100784616,2409
1100785616,2533
1100786616,2559
1100787616,2447
1100788616,2255
1100789616,2028
1100790616,1771
1100791616,1555
1100792616,1441
1100793616,1444
1100794616,1575
1100795616,1898
1100796616,2318
1100797616,2702
1100798616,2885
1100799616,2764
1100800616,2453
1100801616,2080
1100802616,1699
1100803616,1334
1100814043,2484
1100815043,2343
1100816043,2256
1100817043,2238
1100818043,2149
1100819043,2069
1100820043,2087
1100821043,2221
1100822043,2383
1100823043,2559
1100824043,2592
1100825043,2465
1100826043,2235
1100827043,1903
1100828043,1535
1100829043,1267
1100830043,1105
1100831043,1019
1100832043,1021
1100833043,1229
1100843479,2445
1100844479,2416
1100845479,2427
1100846479,2286
1100847479,2061
1100848479,1807
1100849479,1535
1100850479,1403
1100851479,1375
1100852479,1392
1100853479,1437
1100854479,1583
1100855479,1764
1100856479,1909
1100857479,2073
1100858479,2205
1100859479,2335
1100860479,2351
1100861479,2313
1100862479,2229
1100872897,1356
1100873897,1317
1100874897,1489
1100875897,1632
1100876897,1746
1100877897,1873
1100878897,1970
1100879897,2009
1100880897,1995
1100881897,2031
1100882897,2127
1100883897,2206
1100884897,2303
1100885897,2345
1100886897,2255
1100887897,2098
1100888897,1872
1100889897,1699
1100890897,1697
1100901351,1845
1100902351,1865
1100903351,1902
1100904351,1968
1100905351,2007
1100906351,2025
1100907351,2112
1100908351,2377
1100909351,2828
1100910351,2979
1100911351,2772
1100912351,2384
1100913351,1934
1100914351,1517
1100915351,1188
1100916351,982
1100917351,1040
1100918351,1152
1100919351,1355
1100920351,1696
1100930778,2240
1100931778,2349
1100932778,2381
1100933778,2311
1100934778,2224
1100935778,2079
1100936778,1895
1100937778,1755
1100938778,1680
1100939778,1715
1100940778,1958
1100941778,2471
1100942778,2723
1100943778,2704
1100944778,2441
1100945778,2109
1100946778,1712
1100947778,1329
1100948778,1079
1100949778,1078
1100960205,2047
1100961205,2031
1100962205,2189
1100963205,2801
1100964205,3006
1100965205,2813
1100966205,2405
1100967205,2004
1100968205,1652
1100969205,1328
1100970205,1023
1100971205,999
1100972205,1142
1100973205,1417
1100974205,1782
1100975205,2165
1100976205,2473
1100977205,2545
1100978205,2503
1100979205,2400
1100989632,2321
1100990632,2478
1100991632,2419
1100992632,2320
1100993632,2114
1100994632,1889
1100995632,1683
1100996632,1567
1100997632,1493
1100998632,1562
1100999632,1789
1101000632,2256
1101001632,2618
1101002632,2638
1101003632,2422
1101004632,2161
1101005632,2083
1101006632,1919
1101007632,1706
1101008632,1567
1101019076,1839
1101020076,1711
1101021076,1669
1101022076,1756
1101023076,1872
1101024076,1967
1101025076,2096
1101026076,2236
1101027076,2256
1101028076,2176
1101029076,2075
1101030076,1966
1101031076,1931
1101032076,1885
1101033076,1860
1101034076,2064
1101035076,2443
1101036076,2611
1101037076,2559
1101038076,2377
1101048503,2753
1101049503,2418
1101050503,2064
1101051503,1744
1101052503,1395
1101053503,1222
1101054503,1136
1101055503,1303
1101056503,1561
1101057503,1817
1101058503,2058
1101059503,2272
1101060503,2441
1101061503,2559
1101062503,2687
1101063503,2637
1101064503,2464
1101065503,2169
1101066503,1991
1101067503,1799
1101077929,2353
1101078929,2198
1101079929,2030
1101080929,1914
1101081929,1827
1101082929,1963
1101083929,2092
1101084929,2034
1101085929,1935
1101086929,1776
1101087929,1723
1101088929,1940
1101089929,2060
1101090929,2076
1101091929,2063
1101092929,2111
1101093929,2151
1101094929,2141
1101095929,2112
1101096929,2101
1101107356,1667
1101108356,1837
1101109356,2080
1101110356,2343
1101111356,2539
1101112356,2507
1101113356,2367
1101114356,2173
1101115356,1968
1101116356,1812
1101117356,1708
1101118356,1658
1101119356,1668
1101120356,1783
1101121356,1872
1101122356,1987
1101123356,2039
1101124356,2075
1101125356,2174
1101135811,1232
1101136811,1457
1101137811,1757
1101138811,2079
1101139811,2287
1101140811,2379
1101141811,2473
1101142811,2539
1101143811,2495
1101144811,2294
1101145811,2023
1101146811,1824
1101147811,1645
1101148811,1605
1101149811,1681
1101150811,1947
1101151811,2188
1101152811,2289
1101153811,2349
1101154811,2358
1101165245,1648
1101166245,1999
1101167245,2380
1101168245,2559
1101169245,2487
1101170245,2231
1101171245,1941
1101172245,1722
1101173245,1599
1101174245,1615
1101175245,1835
1101176245,2001
1101177245,2045
1101178245,2137
1101179245,2188
1101180245,2128
1101181245,2071
1101182245,2053
1101183245,2106
1101184245,2247
1101194682,1921
1101195682,2021
1101196682,2096
1101197682,2099
1101198682,2064
1101199682,2005
1101200682,1993
1101201682,2000
1101202682,1936
1101203682,1900
1101204682,1916
1101205682,1961
1101206682,2247
1101207682,2549
1101208682,2537
1101209682,2366
1101210682,2119
1101211682,2047
1101212682,2141
1101213682,2016
1101224108,1904
1101225108,1779
1101226108,1781
1101227108,1829
1101228108,1887
1101229108,1853
1101230108,1810
1101231108,1835
1101232108,1891
1101233108,1970
1101234108,2055
1101235108,2116
1101236108,2137
1101237108,2143
1101238108,2134
1101239108,2251
1101240108,2267
1101241108,2261
1101242108,2479
1101243108,2669
1101253535,1904
1101254535,2149
1101255535,2393
1101256535,2490
1101257535,2416
1101258535,2371
1101259535,2257
1101260535,2114
1101261535,1941
1101262535,1763
1101263535,1740
1101264535,2003
1101265535,2130
1101266535,2188
1101267535,2089
1101268535,1950
1101269535,1833
1101270535,1775
1101271535,1723
1101272535,1739
1101282962,1691
1101283962,1743
1101284962,1766
1101285962,1813
1101286962,1911
1101287962,1984
1101288962,2031
1101289962,2171
1101290962,2450
1101291962,2453
1101292962,2271
1101293962,2112
1101294962,1893
1101295962,1669
1101296962,1509
1101297962,1364
1101298962,1347
1101299962,1535
1101300962,1788
1101311417,1427
1101312417,1323
1101313417,1377
1101314417,1489
1101315417,1696
1101316417,1910
1101317417,2159
1101318417,2295
1101319417,2299
1101320417,2253
1101321417,2271
1101322417,2368
1101323417,2326
1101324417,2203
1101325417,2164
1101326417,2160
1101327417,2034
1101328417,1847
1101329417,1714
1101330417,1749
1101340844,2394
1101341844,2253
1101342844,2037
1101343844,1826
1101344844,1623
1101345844,1619
1101346844,1776
1101347844,1859
1101348844,1917
1101349844,1963
1101350844,1964
1101351844,2033
1101352844,2122
1101353844,2121
1101354844,2096
1101355844,2073
1101356844,2047
1101357844,2071
1101358844,2201
1101359844,2169
1101370287,2243
1101371287,2108
1101372287,1975
1101373287,1905
1101374287,1869
1101375287,1802
1101376287,1858
1101377287,2039
1101378287,2141
1101379287,2143
1101380287,2042
1101381287,1943
1101382287,1860
1101383287,1802
1101384287,1842
1101385287,1904
1101386287,2000
1101387287,2060
1101388287,2035
1101389287,2087
1101399714,1779
1101400714,1795
1101401714,1874
1101402714,1907
1101403714,2045
1101404714,2323
1101405714,2459
1101406714,2333
1101407714,2160
1101408714,2036
1101409714,1962
1101410714,1838
1101411714,1701
1101412714,1645
1101413714,1641
1101414714,1657
1101415714,1752
1101416714,1905
1101417714,2032
1101418714,2229
1101429141,1902
1101430141,2057
1101431141,2192
1101432141,2423
1101433141,2763
1101434141,2937
1101435141,2668
1101436141,2192
1101437141,1697
1101438141,1374
1101439141,1213
1101440141,1168
1101441141,1250
1101442141,1491
1101443141,1844
1101444141,2160
1101445141,2294
1101446141,2416
1101447141,2544
1101448141,2663
1101458571,2448
1101459571,2452
1101460571,2299
1101461571,2160
1101462571,2006
1101463571,1882
1101464571,1767
1101465571,1664
1101466571,1653
1101467571,1765
1101468571,1886
1101469571,1973
1101470571,2033
1101471571,2100
1101472571,2168
1101473571,2278
1101474571,2461
1101475571,2768
1101476571,2774
1101487023,2114
1101488023,2112
1101489023,2067
1101490023,2016
1101491023,1990
1101492023,2096
1101493023,2181
1101494023,2174
1101495023,2080
1101496023,1947
1101497023,1856
1101498023,1904
1101499023,1953
1101500023,1991
1101501023,2065
1101502023,2079
1101503023,2021
1101504023,1890
1101505023,1839
1101506023,1872
1101516449,1535
1101517449,1213
1101518449,1090
1101519449,1056
1101520449,1232
1101521449,1527
1101522449,1860
1101523449,2139
1101524449,2255
1101525449,2301
1101526449,2353
1101527449,2355
1101528449,2321
1101529449,2241
1101530449,2128
1101531449,1988
1101532449,1968
1101533449,2024
1101534449,2155
1101535449,2310
1101545893,1989
1101546893,2016
1101547893,1987
1101548893,2031
1101549893,2091
1101550893,2128
1101551893,2173
1101552893,2234
1101553893,2243
1101554893,2169
1101555893,2031
1101556893,1856
1101557893,1731
1101558893,1651
1101559893,1673
1101560893,1738
1101561893,1866
1101562893,2193
1101563893,2434
1101564893,2337
1101575320,2238
1101576320,2173
1101577320,2091
1101578320,1950
1101579320,1843
1101580320,1864
1101581320,1900
1101582320,1953
1101583320,2084
1101584320,2185
1101585320,2224
1101586320,2202
1101587320,2129
1101588320,2205
1101589320,2081
1101590320,1853
1101591320,1664
1101592320,1593
1101593320,1623
1101594320,1559
1101604747,2034
1101605747,1961
1101606747,1989
1101607747,2064
1101608747,2114
1101609747,2080
1101610747,2011
1101611747,1889
1101612747,1833
1101613747,1813
1101614747,1803
1101615747,1827
1101616747,1955
1101617747,2105
1101618747,2218
1101619747,2288
1101620747,2359
1101621747,2448
1101622747,2393
1101623747,2176
1101634174,2224
1101635174,2325
1101636174,2356
1101637174,2256
1101638174,2113
1101639174,1976
1101640174,1791
1101641174,1703
1101642174,1757
1101643174,1884
1101644174,1937
1101645174,1976
1101646174,1979
1101647174,1979
1101648174,1961
1101649174,1938
1101650174,2026
1101651174,2193
1101652174,2244
1101662628,2211
1101663628,2311
1101664628,2368
1101665628,2302
1101666628,2145
1101667628,1946
1101668628,1712
1101669628,1479
1101670628,1404
1101671628,1519
1101672628,1765
1101673628,1906
1101674628,2093
1101675628,2318
1101676628,2503
1101677628,2555
1101678628,2461
1101679628,2314
1101680628,2083
1101681628,1936
1101692055,2013
1101693055,2095
1101694055,2125
1101695055,2079
1101696055,2007
1101697055,1999
1101698055,1942
1101699055,1985
1101700055,2059
1101701055,2171
1101702055,2370
1101703055,2347
1101704055,2241
1101705055,2096
1101706055,2021
1101707055,1888
1101708055,1740
1101709055,1678
1101710055,1765
1101711055,1833
1101721499,1988
1101722499,1728
1101723499,1476
1101724499,1424
1101725499,1659
1101726499,1904
1101727499,2062
1101728499,2127
1101729499,2103
1101730499,1979
1101731499,1947
1101732499,2020
1101733499,2201
1101734499,2250
1101735499,2164
1101736499,1965
1101737499,1776
1101738499,1681
1101739499,1724
1101740499,1833
1101750926,1817
1101751926,1985
1101752926,2085
1101753926,1999
1101754926,1958
1101755926,2061
1101756926,2058
1101757926,1967
1101758926,1884
1101759926,1876
1101760926,2067
1101761926,2141
1101762926,2133
1101763926,2064
1101764926,1905
1101765926,1760
1101766926,1685
1101767926,1760
1101768926,1987
1101769926,2157
1101780353,1974
1101781353,1957
1101782353,1871
1101783353,1820
1101784353,1794
1101785353,1819
1101786353,1948
1101787353,2072
1101788353,2112
1101789353,2239
1101790353,2304
1101791353,2249
1101792353,2182
1101793353,2243
1101794353,2261
1101795353,2064
1101796353,1917
1101797353,1796
1101798353,1699
1101799353,1647
1101809780,2100
1101810780,2118
1101811780,2055
1101812780,1998
1101813780,1931
1101814780,1817
1101815780,1788
1101816780,1793
1101817780,1841
1101818780,1973
1101819780,2185
1101820780,2316
1101821780,2453
1101822780,2438
1101823780,2238
1101824780,1973
1101825780,1819
1101826780,1795
1101827780,1809
1101838242,2211
1101839242,2236
1101840242,2178
1101841242,2132
1101842242,2102
1101843242,2103
1101844242,2166
1101845242,2304
1101846242,2325
1101847242,2203
1101848242,1951
1101849242,1725
1101850242,1637
1101851242,1691
1101852242,1717
1101853242,1757
1101854242,1854
1101855242,1966
1101856242,1997
1101857242,2065
1101867661,1952
1101868661,2035
1101869661,2058
1101870661,2070
1101871661,2064
1101872661,2031
1101873661,1919
1101874661,1825
1101875661,1824
1101876661,1859
1101877661,1849
1101878661,1968
1101879661,2444
1101880661,2642
1101881661,2460
1101882661,2140
1101883661,1812
1101884661,1513
1101885661,1376
1101886661,1446
1101897105,1767
1101898105,1761
1101899105,1805
1101900105,1922
1101901105,2042
1101902105,2087
1101903105,2091
1101904105,2124
1101905105,2196
1101906105,2164
1101907105,2064
1101908105,1946
1101909105,1840
1101910105,1776
1101911105,1791
1101912105,1856
1101913105,1992
1101914105,2077
1101915105,2102
1101916105,2096
1101926532,1769
1101927532,1968
1101928532,2121
1101929532,2160
1101930532,2186
1101931532,2119
1101932532,2117
1101933532,2128
1101934532,2074
1101935532,2030
1101936532,1915
1101937532,1778
1101938532,1811
1101939532,1932
1101940532,2185
1101941532,2341
1101942532,2335
1101943532,2176
1101944532,1892
1101945532,1648
1101955959,2343
1101956959,2285
1101957959,2446
1101958959,2441
1101959959,2266
1101960959,1973
1101961959,1680
1101962959,1510
1101963959,1421
1101964959,1383
1101965959,1461
1101966959,1664
1101967959,1825
1101968959,1988
1101969959,2157
1101970959,2281
1101971959,2334
1101972959,2285
1101973959,2205
1101974959,2147
1101985386,1775
1101986386,1726
1101987386,1675
1101988386,1685
1101989386,1696
1101990386,1732
1101991386,1870
1101992386,1978
1101993386,2163
1101994386,2327
1101995386,2356
1101996386,2341
1101997386,2350
1101998386,2301
1101999386,2148
1102000386,1984
1102001386,1846
1102002386,1767
1102003386,1708
1102013840,2315
1102014840,2109
1102015840,1824
1102016840,1572
1102017840,1449
1102018840,1516
1102019840,1712
1102020840,1847
1102021840,1953
1102022840,2102
1102023840,2163
1102024840,2146
1102025840,2261
1102026840,2300
1102027840,2285
1102028840,2128
1102029840,1890
1102030840,1769
1102031840,1769
1102032840,1776
1102043267,1574
1102044267,1769
1102045267,1937
1102046267,1977
1102047267,1977
1102048267,1978
1102049267,2077
1102050267,2401
1102051267,2622
1102052267,2483
1102053267,2160
1102054267,1741
1102055267,1491
1102056267,1471
1102057267,1533
1102058267,1683
1102059267,1883
1102060267,2190
1102061267,2275
1102062267,2229
1102072711,1802
1102073711,1971
1102074711,2064
1102075711,2081
1102076711,2108
1102077711,2070
1102078711,1997
1102079711,1963
1102080711,1931
1102081711,1906
1102082711,1923
1102083711,1925
1102084711,1937
1102085711,2000
1102086711,2069
1102087711,2148
1102088711,2156
1102089711,2292
1102090711,2370
1102091711,2234
1102102138,2055
1102103138,2012
1102104138,1957
1102105138,2029
1102106138,2250
1102107138,2559
1102108138,2559
1102109138,2389
1102110138,2165
1102111138,1820
1102112138,1497
1102113138,1350
1102114138,1373
1102115138,1488
1102116138,1706
1102117138,2032
1102118138,2502
1102119138,2704
1102120138,2593
1102121138,2347
1102131571,1988
1102132571,2087
1102133571,2241
1102134571,2443
1102135571,2508
1102136571,2341
1102137571,2109
1102138571,1868
1102139571,1700
1102140571,1723
1102141571,1809
1102142571,1909
1102143571,2033
1102144571,2057
1102145571,1905
1102146571,1797
1102147571,1853
1102148571,2038
1102149571,2188
1102150571,2195
1102160992,2272
1102161992,2204
1102162992,2108
1102163992,2005
1102164992,1915
1102165992,1861
1102166992,1849
1102167992,1875
1102168992,1878
1102169992,1921
1102170992,1961
1102171992,2000
1102172992,2043
1102173992,2096
1102174992,2183
1102175992,2215
1102176992,2187
1102177992,2075
1102178992,1948
1102189446,2179
1102190446,1991
1102191446,2123
1102192446,2251
1102193446,2211
1102194446,2106
1102195446,1872
1102196446,1665
1102197446,1527
1102198446,1520
1102199446,1612
1102200446,1777
1102201446,2029
1102202446,2160
1102203446,2113
1102204446,1984
1102205446,1921
1102206446,1961
1102207446,1999
1102208446,2015
1102218873,1913
1102219873,2000
1102220873,2023
1102221873,2032
1102222873,2040
1102223873,2147
1102224873,2185
1102225873,2209
1102226873,2288
1102227873,2253
1102228873,2075
1102229873,1888
1102230873,1776
1102231873,1679
1102232873,1672
1102233873,1743
1102234873,1797
1102235873,1907
1102236873,2108
1102237873,2172
1102248317,1700
1102249317,1677
1102250317,1780
1102251317,1913
1102252317,2001
1102253317,2064
1102254317,2110
1102255317,2151
1102256317,2256
1102257317,2320
1102258317,2232
1102259317,2069
1102260317,1937
1102261317,1776
1102262317,1727
1102263317,1729
1102264317,1801
1102265317,1887
1102266317,1990
1102267317,1998
1102277744,1766
1102278744,1743
1102279744,1799
1102280744,1908
1102281744,1935
1102282744,1938
1102283744,1959
1102284744,1965
1102285744,2074
1102286744,2139
1102287744,2162
1102288744,2128
1102289744,2059
1102290744,1991
1102291744,1895
1102292744,1899
1102293744,2037
1102294744,2081
1102295744,2064
1102296744,2044
1102307171,1808
1102308171,1869
1102309171,2059
1102310171,2209
1102311171,2256
1102312171,2199
1102313171,2096
1102314171,1934
1102315171,1749
1102316171,1647
1102317171,1652
1102318171,1744
1102319171,1843
1102320171,1984
1102321171,2174
1102322171,2246
1102323171,2171
1102324171,2066
1102325171,1997
1102326171,1957
1102336602,2144
1102337602,2134
1102338602,2101
1102339602,2061
1102340602,1988
1102341602,1893
1102342602,1888
1102343602,1972
1102344602,2045
1102345602,2027
1102346602,2021
1102347602,1990
1102348602,1999
1102349602,1993
1102350602,2033
1102351602,2075
1102352602,2067
1102353602,1951
1102354602,1837
1102365052,1883
1102366052,1807
1102367052,1819
1102368052,1870
1102369052,1952
1102370052,1971
1102371052,1998
1102372052,2176
1102373052,2422
1102374052,2397
1102375052,2231
1102376052,2057
1102377052,1921
1102378052,1815
1102379052,1698
1102380052,1767
1102381052,1843
1102382052,1861
1102383052,1885
1102384052,1899
1102394479,2107
1102395479,2014
1102396479,1936
1102397479,1892
1102398479,1829
1102399479,1825
1102400479,1821
1102401479,1839
1102402479,1937
1102403479,1990
1102404479,1965
1102405479,1936
1102406479,1968
1102407479,2038
1102408479,2086
1102409479,2124
1102410479,2167
1102411479,2230
1102412479,2183
1102413479,2099
1102423923,2095
1102424923,2039
1102425923,2017
1102426923,2119
1102427923,2096
1102428923,1985
1102429923,1867
1102430923,1772
1102431923,1725
1102432923,1840
1102433923,2029
1102434923,2131
1102435923,2156
1102436923,2086
1102437923,1986
1102438923,1883
1102439923,1840
1102440923,1805
1102441923,1812
1102442923,1879
1102453350,2111
1102454350,2015
1102455350,1936
1102456350,1977
1102457350,1990
1102458350,1951
1102459350,1999
1102460350,2033
1102461350,2017
1102462350,1965
1102463350,1932
1102464350,1953
1102465350,1908
1102466350,1909
1102467350,1939
1102468350,1996
1102469350,2078
1102470350,2169
1102471350,2127
1102472350,2078
1102482777,1873
1102483777,1811
1102484777,1836
1102485777,1845
1102486777,1878
1102487777,1978
1102488777,1996
1102489777,2000
1102490777,1991
1102491777,1969
1102492777,1959
1102493777,1986
1102494777,2002
1102495777,2001
1102496777,2057
1102497777,2101
1102498777,2098
1102499777,2064
1102500777,2038
1102501777,2012
1102512203,2091
1102513203,2096
1102514203,2145
1102515203,2151
1102516203,2077
1102517203,1987
1102518203,1891
1102519203,1817
1102520203,1777
1102521203,1767
1102522203,1855
1102523203,2027
1102524203,2185
1102525203,2291
1102526203,2249
1102527203,2224
1102528203,2191
1102529203,2065
1102530203,1935
1102540658,2032
1102541658,1922
1102542658,1875
1102543658,1916
1102544658,1968
1102545658,1990
1102546658,2004
1102547658,2016
1102548658,1993
1102549658,1964
1102550658,1987
1102551658,2010
1102552658,2007
1102553658,1985
1102554658,1968
1102555658,1948
1102556658,1945
1102557658,1952
1102558658,1987
1102559658,2078
1102570085,1979
1102571085,2012
1102572085,2055
1102573085,2036
1102574085,2046
1102575085,2077
1102576085,2081
1102577085,2127
1102578085,2287
1102579085,2266
1102580085,2115
1102581085,1931
1102582085,1785
1102583085,1684
1102584085,1709
1102585085,1818
1102586085,1865
1102587085,1975
1102588085,2095
1102589085,2243
1102599529,2396
1102600529,2297
1102601529,2093
1102602529,1809
1102603529,1606
1102604529,1526
1102605529,1530
1102606529,1712
1102607529,1888
1102608529,2025
1102609529,2128
1102610529,2249
1102611529,2322
1102612529,2226
1102613529,2107
1102614529,2039
1102615529,1984
1102616529,1936
1102617529,1935
1102618529,1964
1102628956,2223
1102629956,2138
1102630956,2057
1102631956,1925
1102632956,1883
1102633956,1904
1102634956,2115
1102635956,2377
1102636956,2432
1102637956,2280
1102638956,1989
1102639956,1777
1102640956,1606
1102641956,1583
1102642956,1660
1102643956,1819
1102644956,1957
1102645956,2092
1102646956,2114
1102647956,2071
1102658382,2085
1102659382,2085
1102660382,2078
1102661382,2029
1102662382,1962
1102663382,1891
1102664382,1845
1102665382,1869
1102666382,1917
1102667382,2032
1102668382,2141
1102669382,2139
1102670382,2077
1102671382,2071
1102672382,2127
1102673382,2129
1102674382,2085
1102675382,2059
1102676382,2019
1102677382,1969
1102687809,2138
1102688809,2348
1102689809,2427
1102690809,2267
1102691809,2064
1102692809,1911
1102693809,1791
1102694809,1740
1102695809,1725
1102696809,1788
1102697809,1901
1102698809,2002
1102699809,2047
1102700809,2078
1102701809,2206
1102702809,2281
1102703809,2288
1102704809,2262
1102705809,2195
1102716264,2064
1102717264,2077
1102718264,2087
1102719264,2063
1102720264,2007
1102721264,1952
1102722264,1926
1102723264,1969
1102724264,1941
1102725264,1962
1102726264,2071
1102727264,2161
1102728264,2143
1102729264,2113
1102730264,2130
1102731264,2080
1102732264,1931
1102733264,1829
1102734264,1812
1102735264,1935
1102745691,2012
1102746691,2031
1102747691,2047
1102748691,1989
1102749691,1971
1102750691,1980
1102751691,2029
1102752691,2129
1102753691,2339
1102754691,2455
1102755691,2407
1102756691,2167
1102757691,1986
1102758691,1793
1102759691,1707
1102760691,1723
1102761691,1753
1102762691,1779
1102763691,1839
1102764691,1878
1102775135,1980
1102776135,1946
1102777135,2085
1102778135,2214
1102779135,2163
1102780135,2055
1102781135,1940
1102782135,1838
1102783135,1744
1102784135,1776
1102785135,1812
1102786135,1954
1102787135,2122
1102788135,2165
1102789135,2105
1102790135,2055
1102791135,1991
1102792135,1961
1102793135,1979
1102794135,2060
1102804563,2174
1102805563,2031
1102806563,1911
1102807563,1855
1102808563,1840
1102809563,1906
1102810563,2032
1102811563,2136
1102812563,2207
1102813563,2208
1102814563,2187
1102815563,2096
1102816563,1939
1102817563,1869
1102818563,1856
1102819563,1829
1102820563,1801
1102821563,1776
1102822563,1791
1102823563,1827
1102833988,1977
1102834988,2053
1102835988,2020
1102836988,1972
1102837988,1837
1102838988,1871
1102839988,2203
1102840988,2308
1102841988,2181
1102842988,2038
1102843988,1939
1102844988,1838
1102845988,1751
1102846988,1738
1102847988,1717
1102848988,1748
1102849988,1787
1102850988,1902
1102851988,1986
1102852988,2062
1102863415,1821
1102864415,1750
1102865415,1739
1102866415,1735
1102867415,1787
1102868415,1840
1102869415,1906
1102870415,2020
1102871415,2081
1102872415,2065
1102873415,2064
1102874415,2174
1102875415,2287
1102876415,2391
1102877415,2384
1102878415,2262
1102879415,2096
1102880415,1903
1102881415,1709
1102891870,2226
1102892870,2304
1102893870,2284
1102894870,2186
1102895870,2028
1102896870,2070
1102897870,2103
1102898870,1981
1102899870,1861
1102900870,1916
1102901870,2172
1102902870,2219
1102903870,2117
1102904870,1937
1102905870,1755
1102906870,1645
1102907870,1589
1102908870,1596
1102909870,1740
1102910870,1920
1102921297,1872
1102922297,1842
1102923297,1850
1102924297,1855
1102925297,1923
1102926297,2002
1102927297,2101
1102928297,2183
1102929297,2230
1102930297,2187
1102931297,2069
1102932297,1916
1102933297,1791
1102934297,1725
1102935297,1728
1102936297,1767
1102937297,1883
1102938297,1986
1102939297,2099
1102940297,2212
1102950740,1875
1102951740,2009
1102952740,2037
1102953740,2047
1102954740,2062
1102955740,2006
1102956740,2064
1102957740,2060
1102958740,2080
1102959740,2095
1102960740,2099
1102961740,2171
1102962740,2249
1102963740,2261
1102964740,2228
1102965740,2115
1102966740,2028
1102967740,1904
1102968740,1859
1102969740,1775
1102980167,2160
1102981167,2167
1102982167,2064
1102983167,1937
1102984167,1866
1102985167,1877
1102986167,1993
1102987167,2063
1102988167,2021
1102989167,1952
1102990167,1877
1102991167,1891
1102992167,1904
1102993167,1982
1102994167,2224
1102995167,2351
1102996167,2261
1102997167,2105
1102998167,1915
1102999167,1774
1103009597,2163
1103010597,2160
1103011597,2135
1103012597,2135
1103013597,2084
1103014597,1981
1103015597,1880
1103016597,1808
1103017597,1796
1103018597,1844
1103019597,1919
1103020597,1995
1103021597,2089
1103022597,2161
1103023597,2277
1103024597,2422
1103025597,2451
1103026597,2345
1103027597,2154
1103028597,1920
1103039021,2157
1103040021,2287
1103041021,2349
1103042021,2288
1103043021,2189
1103044021,2096
1103045021,2006
1103046021,1932
1103047021,2001
1103048021,2163
1103049021,2235
1103050021,2173
1103051021,2081
1103052021,1989
1103053021,1992
1103054021,2081
1103055021,2127
1103056021,2082
1103057021,1996
1103067476,2092
1103068476,2106
1103069476,2079
1103070476,2057
1103071476,2015
1103072476,1971
1103073476,1967
1103074476,1973
1103075476,2026
1103076476,2116
1103077476,2218
1103078476,2229
1103079476,2189
1103080476,2177
1103081476,2128
1103082476,2133
1103083476,2118
1103084476,2037
1103085476,1936
1103086476,1819
1103096902,2106
1103097902,2061
1103098902,1984
1103099902,1925
1103100902,1909
1103101902,1958
1103102902,2000
1103103902,2071
1103104902,2107
1103105902,2116
1103106902,2262
1103107902,2371
1103108902,2352
1103109902,2247
1103110902,2108
1103111902,1930
1103112902,1779
1103113902,1667
1103114902,1622
1103115902,1616
1103126346,1744
1103127346,1942
1103128346,2221
1103129346,2290
1103130346,2278
1103131346,2115
1103132346,1937
1103133346,1722
1103134346,1648
1103135346,1733
1103136346,1775
1103137346,1808
1103138346,1823
1103139346,1905
1103140346,1909
1103141346,1891
1103142346,1859
1103143346,1943
1103144346,2025
1103145346,2116
1103155773,2320
1103156773,2320
1103157773,2241
1103158773,2090
1103159773,1977
1103160773,1892
1103161773,1776
1103162773,1706
1103163773,1710
1103164773,1741
1103165773,1803
1103166773,1871
1103167773,1932
1103168773,1985
1103169773,1990
1103170773,1989
1103171773,2004
1103172773,2061
1103173773,2084
1103174773,2117
1103185200,1648
1103186200,1648
1103187200,1684
1103188200,1765
1103189200,1873
1103190200,1963
1103191200,2005
1103192200,2031
1103193200,2106
1103194200,2191
1103195200,2235
1103196200,2193
1103197200,2194
1103198200,2276
1103199200,2318
1103200200,2253
1103201200,2147
1103202200,2018
1103203200,1879
1103204200,1730
1103214627,2198
1103215627,2093
1103216627,2035
1103217627,2078
1103218627,2044
1103219627,1968
1103220627,1916
1103221627,1890
1103222627,1845
1103223627,1837
1103224627,1859
1103225627,1876
1103226627,1939
1103227627,2031
1103228627,2166
1103229627,2267
1103230627,2288
1103231627,2212
1103232627,2068
1103243081,1969
1103244081,2013
1103245081,2043
1103246081,2027
1103247081,2030
1103248081,2004
1103249081,2037
1103250081,2092
1103251081,2128
1103252081,2176
1103253081,2121
1103254081,2045
1103255081,1929
1103256081,1840
1103257081,1778
1103258081,1776
1103259081,1815
1103260081,1904
1103261081,1946
1103262081,2007
1103272508,1689
1103273508,1653
1103274508,1660
1103275508,1747
1103276508,1840
1103277508,1946
1103278508,2011
1103279508,2041
1103280508,2032
1103281508,2058
1103282508,2031
1103283508,1975
1103284508,1940
1103285508,1949
1103286508,1935
1103287508,1936
1103288508,2000
1103289508,2114
1103290508,2160
1103291508,2141
1103301952,2063
1103302952,2173
1103303952,2192
1103304952,2160
1103305952,2091
1103306952,2045
1103307952,2075
1103308952,2086
1103309952,2071
1103310952,2039
1103311952,1986
1103312952,1968
1103313952,2006
1103314952,1973
1103315952,1884
1103316952,1805
1103317952,1767
1103318952,1771
1103319952,1815
1103320952,1831
1103331379,2367
1103332379,2188
1103333379,1968
1103334379,1795
1103335379,1675
1103336379,1603
1103337379,1535
1103338379,1559
1103339379,1623
1103340379,1712
1103341379,1869
1103342379,1997
1103343379,2128
1103344379,2211
1103345379,2199
1103346379,2147
1103347379,2099
1103348379,2065
1103349379,2128
1103350379,2289
1103360806,1725
1103361806,1804
1103362806,1856
1103363806,1892
1103364806,1905
1103365806,1884
1103366806,1840
1103367806,1850
1103368806,1941
1103369806,2085
1103370806,2229
1103371806,2349
1103372806,2386
1103373806,2352
1103374806,2205
1103375806,2033
1103376806,1917
1103377806,1856
1103378806,1776
1103379806,1749
1103390241,1716
1103391241,1769
1103392241,1803
1103393241,1904
1103394241,2004
1103395241,2054
1103396241,2031
1103397241,2097
1103398241,2255
1103399241,2634
1103400241,2911
1103401241,2957
1103402241,2811
1103403241,2490
1103404241,2105
1103405241,1708
1103406241,1322
1103407241,1040
1103408241,925
1103409241,961
1103419660,2246
1103420660,2153
1103421660,2037
1103422660,1931
1103423660,1860
1103424660,1821
1103425660,1818
1103426660,1888
1103427660,1993
1103428660,2083
1103429660,2083
1103430660,2119
1103431660,2067
1103432660,2029
1103433660,2079
1103434660,2161
1103435660,2243
1103436660,2334
1103437660,2369
1103438660,2339
1103449086,1879
1103450086,1974
1103451086,2046
1103452086,2288
1103453086,2336
1103454086,2291
1103455086,2209
1103456086,2077
1103457086,1936
1103458086,1821
1103459086,1735
1103460086,1727
1103461086,1757
1103462086,1779
1103463086,1820
1103464086,1875
1103465086,1931
1103466086,2013
1103467086,2107
1103477541,2032
1103478541,2160
1103479541,2261
1103480541,2323
1103481541,2370
1103482541,2319
1103483541,2174
1103484541,2021
1103485541,1898
1103486541,1776
1103487541,1707
1103488541,1693
1103489541,1842
1103490541,2015
1103491541,2096
1103492541,2112
1103493541,2097
1103494541,2001
1103495541,1861
1103496541,1772
1103506968,2004
1103507968,1942
1103508968,1923
1103509968,2021
1103510968,2145
1103511968,2256
1103512968,2309
1103513968,2255
1103514968,2140
1103515968,1984
1103516968,1845
1103517968,1793
1103518968,1824
1103519968,1916
1103520968,1921
1103521968,1937
1103522968,1974
1103523968,1994
1103524968,1967
1103525968,2014
1103536412,1982
1103537412,1903
1103538412,1859
1103539412,1807
1103540412,1809
1103541412,1835
1103542412,1876
1103543412,1972
1103544412,2090
1103545412,2127
1103546412,2128
1103547412,2128
1103548412,2075
1103549412,2012
1103550412,1981
1103551412,2022
1103552412,2171
1103553412,2283
1103554412,2370
1103555412,2384
1103565839,1908
1103566839,1827
1103567839,1774
1103568839,1731
1103569839,1703
1103570839,1677
1103571839,1701
1103572839,1769
1103573839,1870
1103574839,1963
1103575839,2031
1103576839,2224
1103577839,2350
1103578839,2357
1103579839,2256
1103580839,2166
1103581839,2051
1103582839,1939
1103583839,1892
1103584839,1994
1103595267,1721
1103596267,1791
1103597267,1899
1103598267,2014
1103599267,2087
1103600267,2099
1103601267,2059
1103602267,1981
1103603267,1899
1103604267,1825
1103605267,1747
1103606267,1751
1103607267,1808
1103608267,1842
1103609267,1934
1103610267,2086
1103611267,2200
1103612267,2246
1103613267,2278
1103614267,2285
1103624692,2069
1103625692,2010
1103626692,1958
1103627692,1895
1103628692,1834
1103629692,1797
1103630692,1737
1103631692,1877
1103632692,1987
1103633692,2109
1103634692,2205
1103635692,2215
1103636692,2192
1103637692,2096
1103638692,1970
1103639692,1874
1103640692,1805
1103641692,1749
1103642692,1696
1103653147,2030
1103654147,2016
1103655147,2016
1103656147,2043
1103657147,2101
1103658147,2125
1103659147,2151
1103660147,2181
1103661147,2187
1103662147,2148
1103663147,2085
1103664147,2023
1103665147,2064
1103666147,2149
1103667147,2151
1103668147,2137
1103669147,2113
1103670147,2023
1103671147,1892
1103672147,1764
1103682576,1937
1103683576,1793
1103684576,1702
1103685576,1682
1103686576,1715
1103687576,1809
1103688576,1901
1103689576,2111
1103690576,2237
1103691576,2308
1103692576,2295
1103693576,2299
1103694576,2224
1103695576,2112
1103696576,1973
1103697576,1886
1103698576,1797
1103699576,1753
1103700576,1731
1103701576,1779
1103712018,2065
1103713018,2038
1103714018,1968
1103715018,1922
1103716018,1877
1103717018,1887
1103718018,1904
1103719018,1941
1103720018,1948
1103721018,2005
1103722018,2045
1103723018,2071
1103724018,2117
1103725018,2133
1103726018,2157
1103727018,2273
1103728018,2336
1103729018,2334
1103730018,2246
1103731018,2097
1103741444,2025
1103742444,1964
1103743444,1945
1103744444,1948
1103745444,1981
1103746444,2020
1103747444,2012
1103748444,2021
1103749444,2035
1103750444,1989
1103751444,2023
1103752444,2067
1103753444,2128
1103754444,2193
1103755444,2240
1103756444,2261
1103757444,2216
1103758444,2096
1103759444,1965
1103760444,1860
1103770871,2420
1103771871,2337
1103772871,2285
1103773871,2155
1103774871,1984
1103775871,1827
1103776871,1728
1103777871,1684
1103778871,1667
1103779871,1675
1103780871,1713
1103781871,1751
1103782871,1846
1103783871,1932
1103784871,2032
1103785871,2085
1103786871,2091
1103787871,2132
1103788871,2131
1103789871,2115
1103800298,1838
1103801298,1883
1103802298,1945
1103803298,1997
1103804298,2044
1103805298,2070
1103806298,2044
1103807298,2006
1103808298,1984
1103809298,1941
1103810298,1957
1103811298,2021
1103812298,2092
1103813298,2141
1103814298,2121
1103815298,2115
1103816298,2111
1103817298,2101
1103818298,2124
1103828753,1726
1103829753,1677
1103830753,1677
1103831753,1681
1103832753,1679
1103833753,1718
1103834753,1828
1103835753,1915
1103836753,2013
1103837753,2092
1103838753,2111
1103839753,2145
1103840753,2159
1103841753,2188
1103842753,2196
1103843753,2235
1103844753,2268
1103845753,2245
1103846753,2269
1103847753,2307
1103858180,1433
1103859180,1471
1103860180,1614
1103861180,1791
1103862180,1945
1103863180,2033
1103864180,2093
1103865180,2074
1103866180,2032
1103867180,2023
1103868180,2068
1103869180,2091
1103870180,2116
1103871180,2142
1103872180,2105
1103873180,2131
1103874180,2126
1103875180,2107
1103876180,2083
1103877180,2108
1103887623,1979
1103888623,1943
1103889623,1934
1103890623,1918
1103891623,1927
1103892623,1935
1103893623,1981
1103894623,2043
1103895623,2064
1103896623,2036
1103897623,2000
1103898623,1973
1103899623,1893
1103900623,1873
1103901623,1945
1103902623,1968
1103903623,2029
1103904623,2059
1103905623,2128
1103906623,2233
1103917050,1665
1103918050,1659
1103919050,1673
1103920050,1679
1103921050,1728
1103922050,1833
1103923050,1974
1103924050,2063
1103925050,2105
1103926050,2107
1103927050,2129
1103928050,2129
1103929050,2082
1103930050,1969
1103931050,1889
1103932050,1846
1103933050,1872
1103934050,1958
1103935050,2065
1103936050,2128
1103946477,1783
1103947477,1742
1103948477,1740
1103949477,1801
1103950477,1852
1103951477,1963
1103952477,2051
1103953477,2146
1103954477,2165
1103955477,2162
1103956477,2132
1103957477,2080
1103958477,1968
1103959477,1913
1103960477,1919
1103961477,1967
1103962477,2007
1103963477,2040
1103964477,2060
1103965477,2044
1103975904,1996
1103976904,2061
1103977904,2081
1103978904,2098
1103979904,2054
1103980904,2016
1103981904,1971
1103982904,1927
1103983904,1897
1103984904,1945
1103985904,2000
1103986904,2029
1103987904,2044
1103988904,2064
1103989904,2051
1103990904,2065
1103991904,2019
1103992904,2046
1103993904,2069
1104004359,1963
1104005359,1919
1104006359,1873
1104007359,1869
1104008359,1872
1104009359,1893
1104010359,1960
1104011359,2030
1104012359,2071
1104013359,2068
1104014359,2032
1104015359,2000
1104016359,1969
1104017359,1956
1104018359,2022
1104019359,2128
1104020359,2200
1104021359,2227
1104022359,2219
1104023359,2172
1104033786,1940
1104034786,2036
1104035786,2105
1104036786,2128
1104037786,2102
1104038786,2034
1104039786,2085
1104040786,2004
1104041786,1965
1104042786,1943
1104043786,1966
1104044786,2002
1104045786,1992
1104046786,2000
1104047786,2031
1104048786,2001
1104049786,1986
1104050786,1987
1104051786,2023
1104052786,2060
1104063237,2018
1104064237,2004
1104065237,1970
1104066237,1932
1104067237,1891
1104068237,1927
1104069237,1971
1104070237,2003
1104071237,2026
1104072237,2020
1104073237,2045
1104074237,2053
1104075237,2055
1104076237,2042
1104077237,2083
1104078237,2107
1104079237,2096
1104080237,2066
1104081237,2036
1104082237,1973
1104092656,2091
1104093656,2095
1104094656,2115
1104095656,2159
1104096656,2160
1104097656,2157
1104098656,2081
1104099656,2083
1104100656,2089
1104101656,2068
1104102656,2015
1104103656,1977
1104104656,1883
1104105656,1777
1104106656,1700
1104107656,1680
1104108656,1696
1104109656,1743
1104110656,1836
1104111656,1937
1104122083,1998
1104123083,2007
1104124083,2016
1104125083,2031
1104126083,2033
1104127083,2096
1104128083,2128
1104129083,2130
1104130083,2109
1104131083,2075
1104132083,2012
1104133083,1972
1104134083,1923
1104135083,1923
1104136083,1932
1104137083,1939
1104138083,1920
1104139083,1945
1104140083,1995
1104141083,2029
1104151510,1874
1104152510,1916
1104153510,1939
1104154510,1984
1104155510,2007
1104156510,2032
1104157510,2055
1104158510,2059
1104159510,2038
1104160510,2070
1104161510,2066
1104162510,2032
1104163510,1989
1104164510,1982
1104165510,1974
1104166510,1924
1104167510,1921
1104168510,1993
1104169510,2055
1104179964,1940
1104180964,1892
1104181964,1849
1104182964,1823
1104183964,1809
1104184964,1843
1104185964,1909
1104186964,1924
1104187964,1988
1104188964,2001
1104189964,2022
1104190964,2032
1104191964,2015
1104192964,2022
1104193964,2061
1104194964,2055
1104195964,2023
1104196964,1979
1104197964,1941
1104198964,1926
1104209391,2147
1104210391,2091
1104211391,2028
1104212391,1937
1104213391,1824
1104214391,1761
1104215391,1736
1104216391,1749
1104217391,1760
1104218391,1800
1104219391,1871
1104220391,1927
1104221391,1985
1104222391,2042
1104223391,2082
1104224391,2113
1104225391,2119
1104226391,2106
1104227391,2117
1104228391,2077
1104238835,2064
1104239835,2064
1104240835,2096
1104241835,2077
1104242835,2077
1104243835,2084
1104244835,2096
1104245835,2073
1104246835,2036
1104247835,2000
1104248835,1974
1104249835,1926
1104250835,1933
1104251835,1975
1104252835,1985
1104253835,2013
1104254835,2029
1104255835,2029
1104256835,2034
1104257835,2033
1104268263,1940
1104269263,1966
1104270263,1998
1104271263,2017
1104272263,2014
1104273263,2025
1104274263,2035
1104275263,2055
1104276263,2045
1104277263,2081
1104278263,2096
1104279263,2075
1104280263,2030
1104281263,1997
1104282263,1940
1104283263,1913
1104284263,1899
1104285263,1925
1104286263,1952
1104287263,1971
1104297689,1908
1104298689,1915
1104299689,1918
1104300689,1921
1104301689,2001
1104302689,2105
1104303689,2186
1104304689,2225
1104305689,2231
1104306689,2220
1104307689,2144
1104308689,2036
1104309689,1920
1104310689,1840
1104311689,1750
1104312689,1690
1104313689,1667
1104314689,1710
1104315689,1756
1104316689,1831
1104327116,2096
1104328116,2097
1104329116,2070
1104330116,2018
1104331116,1971
1104332116,1941
1104333116,1911
1104334116,1909
1104335116,1945
1104336116,1985
1104337116,2003
1104338116,2023
1104339116,2025
1104340116,2041
1104341116,2053
1104342116,2030
1104343116,2032
1104344116,2057
1104345116,2057
1104355573,2017
1104356573,2041
1104357573,2069
1104358573,2065
1104359573,2045
1104360573,2065
1104361573,2064
1104362573,2035
1104363573,1991
1104364573,1961
1104365573,1916
1104366573,1888
1104367573,1886
1104368573,1927
1104369573,1972
1104370573,2000
1104371573,2007
1104372573,2014
1104373573,2029
1104374573,2032
1104384997,2096
1104385997,2141
1104386997,2166
1104387997,2128
1104388997,2063
1104389997,1982
1104390997,1919
1104391997,1856
1104392997,1833
1104393997,1860
1104394997,1904
1104395997,1919
1104396997,1923
1104397997,1939
1104398997,1921
1104399997,1921
1104400997,1934
1104401997,1953
1104402997,1984
1104403997,1987
1104414441,1993
1104415441,1968
1104416441,1947
1104417441,1933
1104418441,1963
1104419441,2016
1104420441,2044
1104421441,2064
1104422441,2066
1104423441,2064
1104424441,2060
1104425441,2011
1104426441,1996
1104427441,2000
1104428441,1989
1104429441,1962
1104430441,1936
1104431441,1913
1104432441,1901
1104433441,1894
1104443868,2063
1104444868,2071
1104445868,2047
1104446868,2016
1104447868,1982
1104448868,1937
1104449868,1913
1104450868,1909
1104451868,1936
1104452868,1980
1104453868,2001
1104454868,2023
1104455868,2030
1104456868,2039
1104457868,2045
1104458868,2055
1104459868,2039
1104460868,2066
1104461868,2080
1104462868,1999
1104473295,2065
1104474295,2041
1104475295,2005
1104476295,1985
1104477295,1969
1104478295,1987
1104479295,1984
1104480295,1934
1104481295,1910
1104482295,1907
1104483295,1920
1104484295,1935
1104485295,1993
1104486295,2043
1104487295,2083
1104488295,2095
1104489295,2089
1104490295,2092
1104491295,2096
1104492295,2068
1104502722,1969
1104503722,1990
1104504722,1985
1104505722,1969
1104506722,1967
1104507722,1972
1104508722,1981
1104509722,2001
1104510722,2044
1104511722,2064
1104512722,2059
1104513722,2023
1104514722,1977
1104515722,1936
1104516722,1891
1104517722,1924
1104518722,1967
1104519722,1965
1104520722,2013
1104531176,1973
1104532176,1923
1104533176,1901
1104534176,1895
1104535176,1936
1104536176,1977
1104537176,2010
1104538176,2031
1104539176,2024
1104540176,2032
1104541176,2033
1104542176,2029
1104543176,2023
1104544176,2039
1104545176,2044
1104546176,2015
1104547176,1984
1104548176,1939
1104549176,1904
1104550176,1889
1104560603,2018
1104561603,2032
1104562603,2027
1104563603,1988
1104564603,1947
1104565603,1910
1104566603,1888
1104567603,1898
1104568603,1909
1104569603,2010
1104570603,2002
1104571603,2007
1104572603,2000
1104573603,2005
1104574603,2020
1104575603,2017
1104576603,1993
1104577603,2021
1104578603,2027
1104579603,2003
1104590047,2094
1104591047,2108
1104592047,2096
1104593047,2076
1104594047,2105
1104595047,2075
1104596047,2029
1104597047,1959
1104598047,1908
1104599047,1876
1104600047,1809
1104601047,1812
1104602047,1868
1104603047,1934
1104604047,1975
1104605047,2028
1104606047,2035
1104607047,2043
1104608047,2060
1104609047,2065
1104619483,1951
1104620483,1980
1104621483,2000
1104622483,2021
1104623483,2028
1104624483,2034
1104625483,2035
1104626483,2024
1104627483,2070
1104628483,2037
1104629483,2033
1104630483,1990
1104631483,1959
1104632483,1897
1104633483,1905
1104634483,1903
1104635483,1969
1104636483,1991
1104637483,2016
1104638483,2031
1104648901,1932
1104649901,1903
1104650901,1877
1104651901,1939
1104652901,1974
1104653901,1997
1104654901,2000
1104655901,2017
1104656901,2003
1104657901,2033
1104658901,2035
1104659901,2036
1104660901,2066
1104661901,2059
1104662901,2037
1104663901,1995
1104664901,1965
1104665901,1932
1104666901,1910
1104667901,1905
1104678328,2067
1104679328,2041
1104680328,1979
1104681328,1958
1104682328,1923
1104683328,1902
1104684328,1897
1104685328,1936
1104686328,1970
1104687328,2005
1104688328,2022
1104689328,2020
1104690328,2017
1104691328,2022
1104692328,2015
1104693328,2007
1104694328,2033
1104695328,2064
1104696328,2021
1104706782,2021
1104707782,2030
1104708782,2032
1104709782,2022
1104710782,2035
1104711782,2063
1104712782,2021
1104713782,1982
1104714782,1921
1104715782,1904
1104716782,1893
1104717782,1908
1104718782,1990
1104719782,1987
1104720782,2012
1104721782,2009
1104722782,2027
1104723782,2023
1104724782,2029
1104725782,2011
1104736209,2000
1104737209,1989
1104738209,2001
1104739209,2064
1104740209,2032
1104741209,2045
1104742209,2037
1104743209,2032
1104744209,2055
1104745209,2047
1104746209,2029
1104747209,1978
1104748209,1925
1104749209,1893
1104750209,1873
1104751209,1879
1104752209,1945
1104753209,1980
1104754209,2000
1104755209,2020
1104765653,1919
1104766653,1895
1104767653,1903
1104768653,1950
1104769653,1986
1104770653,2011
1104771653,2019
1104772653,2012
1104773653,2033
1104774653,2016
1104775653,2021
1104776653,2017
1104777653,2035
1104778653,2044
1104779653,2027
1104780653,1999
1104781653,1953
1104782653,1904
1104783653,1892
1104784653,1910
1104795080,2043
1104796080,2016
1104797080,1979
1104798080,1933
1104799080,1904
1104800080,1895
1104801080,1906
1104802080,1942
1104803080,2000
1104804080,2012
1104805080,2005
1104806080,2005
1104807080,2023
1104808080,2025
1104809080,2029
1104810080,2007
1104811080,2030
1104812080,2046
1104813080,2009
1104814080,1969
1104824507,2023
1104825507,2011
1104826507,2001
1104827507,2017
1104828507,2033
1104829507,1974
1104830507,1966
1104831507,1935
1104832507,1887
1104833507,1888
1104834507,1904
1104835507,1925
1104836507,1992
1104837507,2000
1104838507,2002
1104839507,2003
1104840507,2009
1104841507,2021
1104842507,2014
1104843507,2016
1104853933,1989
1104854933,2006
1104855933,2002
1104856933,2016
1104857933,2002
1104858933,2020
1104859933,1994
1104860933,2042
1104861933,2032
1104862933,2006
1104863933,1961
1104864933,1925
1104865933,1911
1104866933,1885
1104867933,1901
1104868933,1949
1104869933,1955
1104870933,2001
1104871933,2011
1104882388,1911
1104883388,1878
1104884388,1901
1104885388,1939
1104886388,1965
1104887388,2004
1104888388,2000
1104889388,2011
1104890388,2005
1104891388,2018
1104892388,2013
1104893388,2061
1104894388,2032
1104895388,2042
1104896388,2019
1104897388,1955
1104898388,1917
1104899388,1902
1104900388,1892
1104901388,1923
1104911815,2028
1104912815,2016
1104913815,1980
1104914815,1933
1104915815,1899
1104916815,1884
1104917815,1895
1104918815,1941
1104919815,1987
1104920815,2003
1104921815,2000
1104922815,2000
1104923815,2007
1104924815,2007
1104925815,2000
1104926815,1998
1104927815,2021
1104928815,2033
1104929815,2010
1104930815,1970
1104941266,2011
1104942266,2007
1104943266,2001
1104944266,2030
1104945266,2038
1104946266,2023
1104947266,1968
1104948266,1929
1104949266,1902
1104950266,1892
1104951266,1907
1104952266,1956
1104953266,2003
1104954266,2009
1104955266,2010
1104956266,2000
1104957266,2023
1104958266,2020
1104959266,2009
1104960266,1997
1104970686,1965
1104971686,2004
1104972686,2011
1104973686,2030
1104974686,2062
1104975686,2070
1104976686,2078
1104977686,2096
1104978686,2102
1104979686,2065
1104980686,1985
1104981686,1956
1104982686,1905
1104983686,1877
1104984686,1867
1104985686,1922
1104986686,1957
1104987686,1995
1104988686,2012
1104989686,2017
1105000112,1925
1105001112,1910
1105002112,1951
1105003112,1995
1105004112,2010
1105005112,2029
1105006112,2029
1105007112,2044
1105008112,2053
1105009112,2043
1105010112,2045
1105011112,2079
1105012112,2094
1105013112,2087
1105014112,2045
1105015112,2021
1105016112,1977
1105017112,1950
1105018112,1936
1105019112,1951
1105029539,2027
1105030539,1999
1105031539,1963
1105032539,1923
1105033539,1907
1105034539,1925
1105035539,1974
1105036539,2019
1105037539,2051
1105038539,2063
1105039539,2069
1105040539,2080
1105041539,2070
1105042539,2032
1105043539,1990
1105044539,1973
1105045539,1947
1105046539,1911
1105047539,1891
1105057994,2071
1105058994,2066
1105059994,2069
1105060994,2131
1105061994,2166
1105062994,2190
1105063994,2181
1105064994,2150
1105065994,2127
1105066994,2135
1105067994,2155
1105068994,2146
1105069994,2103
1105070994,1996
1105071994,1927
1105072994,1865
1105073994,1831
1105074994,1850
1105075994,1839
1105076994,1850
1105087421,2055
1105088421,2140
1105089421,2233
1105090421,2320
1105091421,2352
1105092421,2313
1105093421,2244
1105094421,2161
1105095421,2041
1105096421,1869
1105097421,1751
1105098421,1661
1105099421,1613
1105100421,1628
1105101421,1685
1105102421,1789
1105103421,1883
1105104421,1942
1105105421,1974
1105106421,2018
1105116865,2135
1105117865,2081
1105118865,2063
1105119865,1985
1105120865,1947
1105121865,1892
1105122865,1903
1105123865,1952
1105124865,2004
1105125865,2035
1105126865,2061
1105127865,2075
1105128865,2047
1105129865,1959
1105130865,1865
1105131865,1792
1105132865,1703
1105133865,1665
1105134865,1691
1105135865,1787
1105146291,1831
1105147291,1579
1105148291,1403
1105149291,1413
1105150291,1491
1105151291,1626
1105152291,1836
1105153291,2041
1105154291,2208
1105155291,2269
1105156291,2187
1105157291,2082
1105158291,1917
1105159291,1767
1105160291,1663
1105161291,1653
1105162291,1678
1105163291,1719
1105164291,1808
1105165291,1903
1105175718,2327
1105176718,2192
1105177718,2068
1105178718,1904
1105179718,1732
1105180718,1634
1105181718,1487
1105182718,1488
1105183718,1642
1105184718,1983
1105185718,2370
1105186718,2627
1105187718,2752
1105188718,2800
1105189718,2693
1105190718,2518
1105191718,2255
1105192718,1916
1105193718,1601
1105194718,1328
1105205145,2641
1105206145,2662
1105207145,2660
1105208145,2559
1105209145,2397
1105210145,2161
1105211145,1927
1105212145,1712
1105213145,1532
1105214145,1392
1105215145,1376
1105216145,1435
1105217145,1572
1105218145,1769
1105219145,2014
1105220145,2229
1105221145,2323
1105222145,2395
1105223145,2398
1105233600,1759
1105234600,1906
1105235600,2096
1105236600,2215
1105237600,2321
1105238600,2449
1105239600,2546
1105240600,2624
1105241600,2559
1105242600,2507
1105243600,2417
1105244600,2305
1105245600,2032
1105246600,1791
1105247600,1535
1105248600,1361
1105249600,1235
1105250600,1213
1105251600,1274
1105252600,1413
1105263027,2334
1105264027,2265
1105265027,2192
1105266027,2063
1105267027,1985
1105268027,2039
1105269027,2178
1105270027,2192
1105271027,2162
1105272027,2098
1105273027,1988
1105274027,1857
1105275027,1771
1105276027,1678
1105277027,1655
1105278027,1836
1105279027,2030
1105280027,2167
1105281027,2211
1105282027,2224
1105292470,1628
1105293470,1751
1105294470,1875
1105295470,1978
1105296470,2046
1105297470,2069
1105298470,2080
1105299470,2071
1105300470,2076
1105301470,2105
1105302470,2181
1105303470,2208
1105304470,2224
1105305470,2167
1105306470,2124
1105307470,2093
1105308470,2030
1105309470,1968
1105310470,2030
1105311470,2303
1105321897,932
1105322897,831
1105323897,836
1105324897,957
1105325897,1199
1105326897,1583
1105327897,2023
1105328897,2435
1105329897,2743
1105330897,3003
1105331897,3215
1105332897,3152
1105333897,2896
1105334897,2559
1105335897,2250
1105336897,1897
1105337897,1535
1105338897,1245
1105339897,1071
1105340897,1008
1105351307,2224
1105352307,2269
1105353307,2301
1105354307,2297
1105355307,2368
1105356307,2446
1105357307,2672
1105358307,2829
1105359307,2826
1105360307,2724
1105361307,2559
1105362307,2306
1105363307,1978
1105364307,1625
1105365307,1321
1105366307,1095
1105367307,1019
1105368307,1083
1105369307,1300
1105370307,1529
1105380734,1952
1105381734,1715
1105382734,1517
1105383734,1347
1105384734,1301
1105385734,1376
1105386734,1611
1105387734,1975
1105388734,2261
1105389734,2559
1105390734,2933
1105391734,2998
1105392734,2865
1105393734,2601
1105394734,2275
1105395734,1899
1105396734,1527
1105397734,1232
1105398734,1065
1105399734,975
1105410161,2454
1105411161,2075
1105412161,1660
1105413161,1261
1105414161,931
1105415161,780
1105416161,862
1105417161,1165
1105418161,1669
1105419161,2192
1105420161,2559
1105421161,2748
1105422161,2727
1105423161,2621
1105424161,2442
1105425161,2210
1105426161,1949
1105427161,1764
1105428161,1645
1105429161,1575
1105430161,1535
1105440561,2352
1105441561,2081
1105442561,1803
1105443561,1577
1105444561,1435
1105445561,1353
1105446561,1419
1105447561,1517
1105448561,1692
1105449561,1962
1105450561,2313
1105451561,2530
1105452561,2597
1105453561,2552
1105454561,2448
1105455561,2288
1105456561,2069
1105457561,1825
1105458561,1597
1105469014,3003
1105470014,2859
1105471014,2554
1105472014,2168
1105473014,1761
1105474014,1381
1105475014,1095
1105476014,916
1105477014,970
1105478014,1104
1105479014,1327
1105480014,1621
1105481014,1923
1105482014,2165
1105483014,2294
1105484014,2330
1105485014,2352
1105486014,2339
1105487014,2294
1105488014,2217
1105489014,2183
1105499413,822
1105500413,480
1105501413,385
1105502413,473
1105503413,729
1105504413,1195
1105505413,1807
1105506413,2336
1105507413,2677
1105508413,2847
1105509413,2814
1105510413,2648
1105511413,2396
1105512413,2128
1105513413,1863
1105514413,1632
1105515413,1477
1105516413,1458
1105517413,1643
1105518413,2023
1105528823,1612
1105529823,1712
1105530823,2000
1105531823,2424
1105532823,2816
1105533823,3006
1105534823,3006
1105535823,2873
1105536823,2589
1105537823,2160
1105538823,1663
1105539823,1201
1105540823,860
1105541823,636
1105542823,567
1105543823,750
1105544823,1232
1105545823,1875
1105546823,2531
1105547823,2988
1105548823,3153
1105559221,1602
1105560221,2005
1105561221,2461
1105562221,2753
1105563221,2788
1105564221,2622
1105565221,2397
1105566221,2111
1105567221,1826
1105568221,1648
1105569221,1517
1105570221,1457
1105571221,1483
1105572221,1572
1105573221,1710
1105574221,2135
1105575221,2637
1105576221,3003
1105577221,3163
1105578221,3115
1105588648,1851
1105589648,2255
1105590648,2537
1105591648,2673
1105592648,2611
1105593648,2454
1105594648,2241
1105595648,2055
1105596648,1932
1105597648,1803
1105598648,1775
1105599648,1977
1105600648,2209
1105601648,2340
1105602648,2429
1105603648,2421
1105604648,2288
1105605648,2047
1105606648,1767
1105617103,2243
1105618103,2096
1105619103,1975
1105620103,1935
1105621103,1990
1105622103,2065
1105623103,2096
1105624103,2081
1105625103,2060
1105626103,2003
1105627103,1985
1105628103,2011
1105629103,2013
1105630103,2023
1105631103,2023
1105632103,2021
1105633103,1953
1105634103,1917
1105635103,1919
1105636103,1904
1105646530,1717
1105647530,1421
1105648530,1199
1105649530,1039
1105650530,995
1105651530,1097
1105652530,1343
1105653530,1722
1105654530,2192
1105655530,2559
1105656530,2755
1105657530,2800
1105658530,2704
1105659530,2492
1105660530,2265
1105661530,2080
1105662530,1854
1105663530,1693
1105664530,1574
1105665530,1514
1105675957,1552
1105676957,1399
1105677957,1424
1105678957,1557
1105679957,1712
1105680957,1940
1105681957,2264
1105682957,2605
1105683957,2726
1105684957,2646
1105685957,2480
1105686957,2263
1105687957,2019
1105688957,1753
1105689957,1631
1105690957,1679
1105691957,1745
1105692957,1831
1105693957,1895
1105694957,2035
1105705400,1762
1105706400,1827
1105707400,1923
1105708400,2002
1105709400,2060
1105710400,2160
1105711400,2251
1105712400,2329
1105713400,2388
1105714400,2409
1105715400,2446
1105716400,2355
1105717400,2215
1105718400,2073
1105719400,1945
1105720400,1872
1105721400,1824
1105722400,1838
1105723400,1852
1105724400,1904
1105734827,1787
1105735827,1918
1105736827,2069
1105737827,2304
1105738827,2422
1105739827,2430
1105740827,2379
1105741827,2318
1105742827,2309
1105743827,2256
1105744827,2181
1105745827,2038
1105746827,1841
1105747827,1645
1105748827,1502
1105749827,1419
1105750827,1328
1105751827,1377
1105752827,1613
1105753827,1793
1105764262,1846
1105765262,1871
1105766262,1865
1105767262,1869
1105768262,2000
1105769262,2242
1105770262,2367
1105771262,2340
1105772262,2162
1105773262,1857
1105774262,1651
1105775262,1485
1105776262,1459
1105777262,1569
1105778262,1719
1105779262,1884
1105780262,2035
1105781262,2211
1105782262,2424
1105783262,2609
1105793681,1649
1105794681,1792
1105795681,1904
1105796681,1997
1105797681,2002
1105798681,1954
1105799681,1872
1105800681,1871
1105801681,1952
1105802681,2227
1105803681,2494
1105804681,2690
1105805681,2653
1105806681,2511
1105807681,2317
1105808681,2064
1105809681,1797
1105810681,1617
1105811681,1647
1105822136,1382
1105823136,1248
1105824136,1260
1105825136,1415
1105826136,1620
1105827136,1855
1105828136,2256
1105829136,2559
1105830136,2709
1105831136,2746
1105832136,2705
1105833136,2543
1105834136,2263
1105835136,1935
1105836136,1596
1105837136,1353
1105838136,1331
1105839136,1447
1105840136,1589
1105841136,1741
1105851568,2207
1105852568,2345
1105853568,2335
1105854568,2245
1105855568,2107
1105856568,1924
1105857568,1789
1105858568,1677
1105859568,1767
1105860568,1913
1105861568,2133
1105862568,2175
1105863568,2082
1105864568,1936
1105865568,1838
1105866568,1700
1105867568,1665
1105868568,1729
1105869568,1834
1105870568,1902
1105881006,2642
1105882006,2889
1105883006,2923
1105884006,2697
1105885006,2404
1105886006,2047
1105887006,1658
1105888006,1314
1105889006,1072
1105890006,988
1105891006,1112
1105892006,1360
1105893006,1648
1105894006,1900
1105895006,2179
1105896006,2371
1105897006,2415
1105898006,2349
1105899006,2201
1105900006,2033
1105910433,2253
1105911433,2260
1105912433,2182
1105913433,2036
1105914433,2089
1105915433,2169
1105916433,2160
1105917433,2057
1105918433,1886
1105919433,1728
1105920433,1625
1105921433,1564
1105922433,1589
1105923433,1664
1105924433,1815
1105925433,1997
1105926433,2058
1105927433,2080
1105928433,2105
1105929433,2044
1105939860,2192
1105940860,2026
1105941860,1840
1105942860,1637
1105943860,1503
1105944860,1501
1105945860,1585
1105946860,1718
1105947860,1859
1105948860,1959
1105949860,1983
1105950860,2036
1105951860,2072
1105952860,2261
1105953860,2336
1105954860,2294
1105955860,2323
1105956860,2624
1105957860,2777
1105958860,2636
1105969287,1681
1105970287,1867
1105971287,2007
1105972287,2145
1105973287,2214
1105974287,2374
1105975287,2774
1105976287,3172
1105977287,3238
1105978287,2992
1105979287,2551
1105980287,2093
1105981287,1627
1105982287,1233
1105983287,966
1105984287,834
1105985287,972
1105986287,1410
1105987287,1870
1105988287,2288
1105998713,1849
1105999713,1937
1106000713,1942
1106001713,2030
1106002713,2213
1106003713,2238
1106004713,2295
1106005713,2368
1106006713,2484
1106007713,2480
1106008713,2302
1106009713,2093
1106010713,1878
1106011713,1763
1106012713,1645
1106013713,1569
1106014713,1463
1106015713,1495
1106016713,1824
1106017713,2445
1106028140,1292
1106029140,1774
1106030140,2148
1106031140,2335
1106032140,2403
1106033140,2329
1106034140,2167
1106035140,1982
1106036140,1906
1106037140,1904
1106038140,1956
1106039140,2043
1106040140,2224
1106041140,2381
1106042140,2432
1106043140,2297
1106044140,2218
1106045140,2094
1106046140,2032
1106047140,1972
1106057571,2037
1106058571,2256
1106059571,2333
1106060571,2273
1106061571,2188
1106062571,2069
1106063571,1911
1106064571,1749
1106065571,1712
1106066571,1809
1106067571,2042
1106068571,2257
1106069571,2402
1106070571,2348
1106071571,2160
1106072571,1907
1106073571,1675
1106074571,1485
1106075571,1411
1106076571,1372
1106086994,2533
1106087994,2637
1106088994,2430
1106089994,2161
1106090994,1889
1106091994,1679
1106092994,1524
1106093994,1535
1106094994,1655
1106095994,1808
1106096994,2067
1106097994,2217
1106098994,2189
1106099994,2073
1106100994,1899
1106101994,1729
1106102994,1596
1106103994,1535
1106104994,1613
1106115449,2249
1106116449,2175
1106117449,2078
1106118449,1966
1106119449,1891
1106120449,1963
1106121449,2145
1106122449,2267
1106123449,2168
1106124449,2000
1106125449,1908
1106126449,1917
1106127449,1873
1106128449,1872
1106129449,1969
1106130449,1929
1106131449,1755
1106132449,1570
1106133449,1498
1106134449,1489
1106144875,1920
1106145875,2136
1106146875,2288
1106147875,2286
1106148875,2199
1106149875,1984
1106150875,1742
1106151875,1535
1106152875,1481
1106153875,1644
1106154875,1791
1106155875,1915
1106156875,2005
1106157875,2084
1106158875,2175
1106159875,2193
1106160875,2272
1106161875,2545
1106162875,2693
1106163875,2582
1106174319,1902
1106175319,2119
1106176319,2337
1106177319,2416
1106178319,2403
1106179319,2383
1106180319,2331
1106181319,2250
1106182319,2177
1106183319,2111
1106184319,2135
1106185319,2134
1106186319,2064
1106187319,1861
1106188319,1680
1106189319,1527
1106190319,1456
1106191319,1600
1106192319,1859
1106193319,2188
1106203746,1910
1106204746,2000
1106205746,2059
1106206746,2101
1106207746,2119
1106208746,2071
1106209746,2241
1106210746,2321
1106211746,2288
1106212746,2171
1106213746,2031
1106214746,1872
1106215746,1743
1106216746,1661
1106217746,1648
1106218746,1759
1106219746,1817
1106220746,1872
1106221746,1951
1106222746,2085
1106233173,1265
1106234173,1190
1106235173,1193
1106236173,1328
1106237173,1518
1106238173,1904
1106239173,2342
1106240173,2483
1106241173,2416
1106242173,2254
1106243173,2092
1106244173,1920
1106245173,1835
1106246173,1761
1106247173,1797
1106248173,2129
1106249173,2470
1106250173,2508
1106251173,2369
1106252173,2170
1106262601,2755
1106263601,2732
1106264601,2467
1106265601,2151
1106266601,1832
1106267601,1599
1106268601,1461
1106269601,1559
1106270601,1676
1106271601,1851
1106272601,2042
1106273601,2140
1106274601,2236
1106275601,2233
1106276601,2242
1106277601,2180
1106278601,2163
1106279601,2186
1106280601,2032
1106291054,2159
1106292054,1931
1106293054,1665
1106294054,1427
1106295054,1356
1106296054,1423
1106297054,1569
1106298054,1731
1106299054,1906
1106300054,2231
1106301054,2587
1106302054,2725
1106303054,2551
1106304054,2311
1106305054,2016
1106306054,1740
1106307054,1531
1106308054,1449
1106309054,1460
1106310054,1519
1106320481,2507
1106321481,2417
1106322481,2183
1106323481,1830
1106324481,1523
1106325481,1313
1106326481,1245
1106327481,1284
1106328481,1456
1106329481,1711
1106330481,1934
1106331481,2073
1106332481,2359
1106333481,2799
1106334481,2925
1106335481,2951
1106336481,2836
1106337481,2529
1106338481,2089
1106339481,1535
1106349925,2355
1106350925,2477
1106351925,2593
1106352925,2667
1106353925,2557
1106354925,2340
1106355925,2089
1106356925,1840
1106357925,1613
1106358925,1484
1106359925,1499
1106360925,1885
1106361925,2259
1106362925,2379
1106363925,2441
1106364925,2416
1106365925,2238
1106366925,1911
1106367925,1648
1106368925,1414
1106379352,1999
1106380352,2172
1106381352,2383
1106382352,2495
1106383352,2405
1106384352,2096
1106385352,1809
1106386352,1559
1106387352,1422
1106388352,1345
1106389352,1385
1106390352,1511
1106391352,1772
1106392352,2001
1106393352,2230
1106394352,2522
1106395352,2684
1106396352,2682
1106397352,2490
1106398352,2202
1106408779,2850
1106409779,2641
1106410779,2161
1106411779,1686
1106412779,1340
1106413779,1104
1106414779,1049
1106415779,1161
1106416779,1463
1106417779,1776
1106418779,2032
1106419779,2160
1106420779,2229
1106421779,2227
1106422779,2211
1106423779,2131
1106424779,2069
1106425779,2095
1106426779,2065
1106427779,2078
1106438206,1395
1106439206,1452
1106440206,1636
1106441206,1926
1106442206,2321
1106443206,2617
1106444206,2695
1106445206,2609
1106446206,2446
1106447206,2150
1106448206,1776
1106449206,1476
1106450206,1265
1106451206,1191
1106452206,1317
1106453206,1521
1106454206,1716
1106455206,1865
1106456206,2076
1106466660,2272
1106467660,1973
1106468660,1788
1106469660,1600
1106470660,1424
1106471660,1445
1106472660,1441
1106473660,1483
1106474660,1637
1106475660,1726
1106476660,1762
1106477660,1767
1106478660,1888
1106479660,2063
1106480660,2221
1106481660,2319
1106482660,2305
1106483660,2275
1106484660,2240
1106485660,2215
1106496087,2460
1106497087,2233
1106498087,1920
1106499087,1678
1106500087,1442
1106501087,1236
1106502087,1203
1106503087,1413
1106504087,1686
1106505087,2075
1106506087,2383
1106507087,2520
1106508087,2416
1106509087,2213
1106510087,2000
1106511087,1897
1106512087,1947
1106513087,2084
1106514087,2365
1106515087,2542
1106525531,2143
1106526531,2315
1106527531,2801
1106528531,3152
1106529531,3069
1106530531,2691
1106531531,2185
1106532531,1699
1106533531,1263
1106534531,996
1106535531,1003
1106536531,1236
1106537531,1487
1106538531,1725
1106539531,1929
1106540531,2195
1106541531,2337
1106542531,2431
1106543531,2391
1106544531,2258
1106554958,2672
1106555958,2533
1106556958,2273
1106557958,1937
1106558958,1579
1106559958,1274
1106560958,1161
1106561958,1311
1106562958,1527
1106563958,1707
1106564958,1932
1106565958,2157
1106566958,2242
1106567958,2278
1106568958,2256
1106569958,2247
1106570958,2271
1106571958,2387
1106572958,2485
1106573958,2390
1106584385,1839
1106585385,1834
1106586385,1857
1106587385,1879
1106588385,2032
1106589385,2198
1106590385,2227
1106591385,2215
1106592385,2123
1106593385,1966
1106594385,1861
1106595385,1963
1106596385,2093
1106597385,2270
1106598385,2447
1106599385,2369
1106600385,2127
1106601385,1839
1106602385,1600
1106603385,1403
1106613812,2559
1106614812,2385
1106615812,2127
1106616812,1844
1106617812,1597
1106618812,1459
1106619812,1409
1106620812,1477
1106621812,1607
1106622812,1717
1106623812,1923
1106624812,2132
1106625812,2161
1106626812,2171
1106627812,2167
1106628812,2190
1106629812,2133
1106630812,2169
1106631812,2449
1106632812,2513
1106643247,2309
1106644247,2290
1106645247,2241
1106646247,2103
1106647247,1943
1106648247,1801
1106649247,1776
1106650247,1815
1106651247,2156
1106652247,2447
1106653247,2469
1106654247,2271
1106655247,1999
1106656247,1711
1106657247,1513
1106658247,1455
1106659247,1652
1106660247,1968
1106661247,2267
1106671693,2550
1106672693,2389
1106673693,2202
1106674693,2011
1106675693,1744
1106676693,1630
1106677693,1652
1106678693,1789
1106679693,1961
1106680693,2011
1106681693,2064
1106682693,2062
1106683693,1972
1106684693,1844
1106685693,1930
1106686693,2185
1106687693,2223
1106688693,2207
1106689693,2228
1106690693,2186
1106701120,1279
1106702120,1335
1106703120,1568
1106704120,1847
1106705120,2068
1106706120,2224
1106707120,2243
1106708120,2338
1106709120,2438
1106710120,2449
1106711120,2401
1106712120,2312
1106713120,2279
1106714120,2323
1106715120,2421
1106716120,2437
1106717120,2113
1106718120,1652
1106719120,1340
1106720120,1201
1106730568,2012
1106731568,2025
1106732568,2097
1106733568,2275
1106734568,2347
1106735568,2427
1106736568,2480
1106737568,2306
1106738568,2009
1106739568,1647
1106740568,1411
1106741568,1393
1106742568,1456
1106743568,1556
1106744568,1723
1106745568,1911
1106746568,2065
1106747568,2144
1106748568,2176
1106749568,2240
1106759991,1820
1106760991,1901
1106761991,2009
1106762991,2161
1106763991,2158
1106764991,2089
1106765991,2016
1106766991,1888
1106767991,1799
1106768991,1749
1106769991,1732
1106770991,1766
1106771991,1806
1106772991,1805
1106773991,1818
1106774991,1936
1106775991,2103
1106776991,2613
1106777991,3008
1106778991,2933
1106789418,2132
1106790418,2116
1106791418,2046
1106792418,2063
1106793418,2145
1106794418,2179
1106795418,2209
1106796418,2189
1106797418,2101
1106798418,1988
1106799418,1935
1106800418,2005
1106801418,2127
1106802418,2141
1106803418,2158
1106804418,2167
1106805418,2099
1106806418,1943
1106807418,1957
1106808418,2043
1106818844,2134
1106819844,2367
1106820844,2387
1106821844,2267
1106822844,2063
1106823844,2032
1106824844,2013
1106825844,2025
1106826844,1934
1106827844,1787
1106828844,1806
1106829844,1899
1106830844,2054
1106831844,2198
1106832844,2349
1106833844,2365
1106834844,2288
1106835844,2055
1106836844,1811
1106847299,2275
1106848299,1968
1106849299,1675
1106850299,1442
1106851299,1375
1106852299,1499
1106853299,1797
1106854299,1995
1106855299,2137
1106856299,2125
1106857299,2042
1106858299,1942
1106859299,1899
1106860299,1963
1106861299,2062
1106862299,2128
1106863299,2257
1106864299,2368
1106865299,2342
1106866299,2238
1106876726,2151
1106877726,2089
1106878726,2160
1106879726,2123
1106880726,1985
1106881726,1807
1106882726,1651
1106883726,1621
1106884726,1595
1106885726,1535
1106886726,1591
1106887726,1677
1106888726,1904
1106889726,2128
1106890726,2304
1106891726,2346
1106892726,2353
1106893726,2525
1106894726,2659
1106895726,2525
1106906170,2112
1106907170,2128
1106908170,2160
1106909170,2193
1106910170,2358
1106911170,2647
1106912170,2861
1106913170,2769
1106914170,2353
1106915170,1901
1106916170,1564
1106917170,1328
1106918170,1296
1106919170,1555
1106920170,1954
1106921170,2289
1106922170,2454
1106923170,2370
1106924170,2115
1106925170,1892
1106935602,1855
1106936602,1911
1106937602,1974
1106938602,2118
1106939602,2301
1106940602,2396
1106941602,2464
1106942602,2427
1106943602,2223
1106944602,2069
1106945602,2116
1106946602,2033
1106947602,1820
1106948602,1606
1106949602,1508
1106950602,1473
1106951602,1503
1106952602,1627
1106953602,1810
1106954602,1958
1106965023,1783
1106966023,2020
1106967023,2384
1106968023,2489
1106969023,2321
1106970023,1950
1106971023,1512
1106972023,1245
1106973023,1188
1106974023,1311
1106975023,1639
1106976023,2026
1106977023,2275
1106978023,2323
1106979023,2320
1106980023,2388
1106981023,2521
1106982023,2646
1106983023,2592
1106984023,2323
1106994450,2378
1106995450,2421
1106996450,2383
1106997450,2249
1106998450,2080
1106999450,1911
1107000450,1827
1107001450,1696
1107002450,1723
1107003450,2135
1107004450,2625
1107005450,2693
1107006450,2418
1107007450,2052
1107008450,1703
1107009450,1472
1107010450,1332
1107011450,1360
1107012450,1584
1107022905,2029
1107023905,1936
1107024905,1807
1107025905,1744
1107026905,1817
1107027905,1808
1107028905,1914
1107029905,2064
1107030905,2135
1107031905,2214
1107032905,2372
1107033905,2585
1107034905,2427
1107035905,2224
1107036905,1936
1107037905,1561
1107038905,1232
1107039905,1143
1107040905,1272
1107041905,1562
1107052332,2130
1107053332,1696
1107054332,1357
1107055332,1263
1107056332,1346
1107057332,1590
1107058332,1861
1107059332,2067
1107060332,2157
1107061332,2113
1107062332,2051
1107063332,2024
1107064332,2018
1107065332,2015
1107066332,1993
1107067332,1936
1107068332,1913
1107069332,1895
1107070332,1925
1107071332,2005
1107081776,1504
1107082776,1535
1107083776,1652
1107084776,1785
1107085776,1851
1107086776,1912
1107087776,2001
1107088776,2071
1107089776,2117
1107090776,2279
1107091776,2559
1107092776,2629
1107093776,2448
1107094776,2168
1107095776,1897
1107096776,1647
1107097776,1429
1107098776,1388
1107099776,1516
1107100776,1692
1107111202,2281
1107112202,2271
1107113202,2224
1107114202,2134
1107115202,1991
1107116202,1861
1107117202,1703
1107118202,1626
1107119202,1674
1107120202,1799
1107121202,1947
1107122202,2082
1107123202,2140
1107124202,2170
1107125202,2171
1107126202,2085
1107127202,1969
1107128202,1968
1107129202,2045
1107130202,2098
1107140629,1709
1107141629,1872
1107142629,1969
1107143629,2032
1107144629,2057
1107145629,2134
1107146629,2196
1107147629,2225
1107148629,2211
1107149629,2182
1107150629,2059
1107151629,1924
1107152629,1874
1107153629,1925
1107154629,1983
1107155629,2033
1107156629,2031
1107157629,2032
1107158629,2023
1107159629,2013
1107170056,1933
1107171056,2080
1107172056,2223
1107173056,2224
1107174056,2086
1107175056,1968
1107176056,1809
1107177056,1702
1107178056,1745
1107179056,1907
1107180056,2009
1107181056,2066
1107182056,2151
1107183056,2160
1107184056,2059
1107185056,1956
1107186056,1895
1107187056,1890
1107188056,1904
1107198511,2155
1107199511,2161
1107200511,2007
1107201511,1923
1107202511,1839
1107203511,1831
1107204511,1844
1107205511,1865
1107206511,1855
1107207511,1841
1107208511,1915
1107209511,1984
1107210511,2019
1107211511,2131
1107212511,2308
1107213511,2346
1107214511,2293
1107215511,2154
1107216511,2009
1107217511,1900
1107227938,2139
1107228938,2176
1107229938,2187
1107230938,2184
1107231938,2202
1107232938,2132
1107233938,2061
1107234938,1952
1107235938,1878
1107236938,1862
1107237938,1789
1107238938,1776
1107239938,1777
1107240938,1812
1107241938,1981
1107242938,2146
1107243938,2176
1107244938,2149
1107245938,2119
1107246938,2031
1107257381,2059
1107258381,1991
1107259381,1878
1107260381,1833
1107261381,1871
1107262381,1951
1107263381,2092
1107264381,2145
1107265381,2132
1107266381,2083
1107267381,2000
1107268381,1933
1107269381,1961
1107270381,2081
1107271381,2185
1107272381,2185
1107273381,2059
1107274381,1890
1107275381,1792
1107276381,1767
1107286808,1809
1107287808,1909
1107288808,2017
1107289808,2083
1107290808,2167
1107291808,2201
1107292808,2174
1107293808,2167
1107294808,2139
1107295808,2089
1107296808,2001
1107297808,1911
1107298808,1895
1107299808,1936
1107300808,1947
1107301808,1897
1107302808,1872
1107303808,1908
1107304808,1931
1107305808,1904
1107316243,1895
1107317243,1952
1107318243,1945
1107319243,1929
1107320243,1867
1107321243,1844
1107322243,1849
1107323243,1856
1107324243,1915
1107325243,1968
1107326243,2041
1107327243,2070
1107328243,2137
1107329243,2222
1107330243,2242
1107331243,2189
1107332243,2059
1107333243,1904
1107334243,1857
1107335243,1857
1107345662,2155
1107346662,2219
1107347662,2218
1107348662,2155
1107349662,2086
1107350662,2000
1107351662,2012
1107352662,2000
1107353662,2051
1107354662,2077
1107355662,1984
1107356662,1862
1107357662,1761
1107358662,1781
1107359662,1790
1107360662,1817
1107361662,1921
1107362662,2082
1107363662,2113
1107374117,1943
1107375117,1895
1107376117,1852
1107377117,1830
1107378117,1892
1107379117,2061
1107380117,2156
1107381117,2203
1107382117,2207
1107383117,2192
1107384117,2135
1107385117,2096
1107386117,2020
1107387117,1909
1107388117,1881
1107389117,1895
1107390117,1866
1107391117,1822
1107392117,1821
1107393117,1867
1107403543,1967
1107404543,2032
1107405543,2023
1107406543,1994
1107407543,2000
1107408543,1978
1107409543,1955
1107410543,1936
1107411543,1980
1107412543,2075
1107413543,2125
1107414543,2096
1107415543,2044
1107416543,1941
1107417543,1839
1107418543,1788
1107419543,1825
1107420543,1918
1107421543,1951
1107422543,1980
1107432987,2027
1107433987,1981
1107434987,1911
1107435987,1841
1107436987,1872
1107437987,1917
1107438987,1962
1107439987,2028
1107440987,2071
1107441987,2043
1107442987,2013
1107443987,1997
1107444987,2007
1107445987,2064
1107446987,2128
1107447987,2123
1107448987,2095
1107449987,1999
1107450987,1987
1107451987,1952
1107462414,2070
1107463414,2155
1107464414,2084
1107465414,1980
1107466414,1955
1107467414,1980
1107468414,1985
1107469414,1981
1107470414,1969
1107471414,1987
1107472414,2008
1107473414,2057
1107474414,2140
1107475414,2229
1107476414,2272
1107477414,2192
1107478414,2108
1107479414,1984
1107480414,1867
1107481414,1791
1107491841,2141
1107492841,2225
1107493841,2299
1107494841,2271
1107495841,2179
1107496841,2032
1107497841,1857
1107498841,1741
1107499841,1729
1107500841,1740
1107501841,1793
1107502841,1888
1107503841,1971
1107504841,2016
1107505841,2037
1107506841,2032
1107507841,1982
1107508841,1999
1107509841,2041
1107510841,2148
1107521268,2033
1107522268,2154
1107523268,2147
1107524268,2089
1107525268,2003
1107526268,1968
1107527268,1936
1107528268,1949
1107529268,2006
1107530268,2150
1107531268,2227
1107532268,2165
1107533268,2034
1107534268,1909
1107535268,1831
1107536268,1758
1107537268,1847
1107538268,1903
1107539268,1913
1107549722,2028
1107550722,1869
1107551722,1822
1107552722,1765
1107553722,1811
1107554722,1911
1107555722,1995
1107556722,2082
1107557722,2099
1107558722,2100
1107559722,2071
1107560722,2010
1107561722,1958
1107562722,2057
1107563722,2132
1107564722,2141
1107565722,2089
1107566722,1990
1107567722,1861
1107568722,1793
1107579149,2071
1107580149,2128
1107581149,2205
1107582149,2209
1107583149,2126
1107584149,1968
1107585149,1771
1107586149,1641
1107587149,1632
1107588149,1753
1107589149,1908
1107590149,1986
1107591149,2047
1107592149,2138
1107593149,2114
1107594149,2096
1107595149,2032
1107596149,1997
1107597149,1973
1107598149,1915
1107608596,2066
1107609596,2207
1107610596,2284
1107611596,2269
1107612596,2274
1107613596,2226
1107614596,2073
1107615596,1889
1107616596,1791
1107617596,1707
1107618596,1691
1107619596,1798
1107620596,1866
1107621596,1932
1107622596,1973
1107623596,1987
1107624596,2032
1107625596,2071
1107626596,2105
1107627596,2139
1107638020,1875
1107639020,1993
1107640020,2059
1107641020,2061
1107642020,2087
1107643020,2063
1107644020,2000
1107645020,2031
1107646020,2075
1107647020,2107
1107648020,2146
1107649020,2121
1107650020,2098
1107651020,1979
1107652020,1858
1107653020,1767
1107654020,1728
1107655020,1744
1107656020,1776
1107657020,1787
1107667447,1998
1107668447,1936
1107669447,1894
1107670447,1906
1107671447,1936
1107672447,2083
1107673447,2237
1107674447,2138
1107675447,2069
1107676447,1999
1107677447,1852
1107678447,1785
1107679447,1846
1107680447,1984
1107681447,2129
1107682447,2226
1107683447,2228
1107684447,2110
1107685447,1924
1107686447,1757
1107696874,2241
1107697874,2131
1107698874,1957
1107699874,1983
1107700874,1951
1107701874,1930
1107702874,1913
1107703874,1919
1107704874,1925
1107705874,1866
1107706874,1829
1107707874,1869
1107708874,1942
1107709874,2000
1107710874,2000
1107711874,2044
1107712874,2100
1107713874,2111
1107714874,2099
1107725328,1953
1107726328,1884
1107727328,1853
1107728328,1949
1107729328,2063
1107730328,2139
1107731328,2117
1107732328,2080
1107733328,2009
1107734328,1922
1107735328,2001
1107736328,2107
1107737328,2149
1107738328,2080
1107739328,1926
1107740328,1730
1107741328,1683
1107742328,1683
1107743328,1726
1107744328,1780
1107754755,2078
1107755755,2076
1107756755,2064
1107757755,2045
1107758755,2065
1107759755,2098
1107760755,2101
1107761755,2112
1107762755,2139
1107763755,2112
1107764755,2046
1107765755,1999
1107766755,1984
1107767755,2066
1107768755,2089
1107769755,2032
1107770755,1968
1107771755,1925
1107772755,1828
1107773755,1721
1107784199,1941
1107785199,1844
1107786199,1800
1107787199,1819
1107788199,1887
1107789199,1981
1107790199,2142
1107791199,2301
1107792199,2356
1107793199,2379
1107794199,2368
1107795199,2336
1107796199,2288
1107797199,2116
1107798199,1871
1107799199,1661
1107800199,1525
1107801199,1475
1107802199,1518
1107803199,1626
1107813626,2251
1107814626,2203
1107815626,2086
1107816626,1959
1107817626,1821
1107818626,1751
1107819626,1729
1107820626,1807
1107821626,1885
1107822626,1948
1107823626,2032
1107824626,2094
1107825626,2165
1107826626,2199
1107827626,2322
1107828626,2420
1107829626,2363
1107830626,2256
1107831626,2124
1107832626,1910
1107843053,1911
1107844053,1872
1107845053,1919
1107846053,2135
1107847053,2271
1107848053,2251
1107849053,2112
1107850053,1909
1107851053,1703
1107852053,1569
1107853053,1600
1107854053,1739
1107855053,1835
1107856053,1881
1107857053,2032
1107858053,2153
1107859053,2192
1107860053,2197
1107861053,2272
1107862053,2283
1107872480,1977
1107873480,2071
1107874480,2080
1107875480,2039
1107876480,1999
1107877480,1871
1107878480,1815
1107879480,1860
1107880480,1897
1107881480,1904
1107882480,1903
1107883480,1931
1107884480,1935
1107885480,1947
1107886480,1935
1107887480,1942
1107888480,1948
1107889480,1999
1107890480,2064
1107900934,1905
1107901934,1855
1107902934,1821
1107903934,1814
1107904934,1872
1107905934,1904
1107906934,1917
1107907934,2034
1107908934,2228
1107909934,2320
1107910934,2297
1107911934,2225
1107912934,2135
1107913934,2069
1107914934,1985
1107915934,1965
1107916934,1879
1107917934,1747
1107918934,1677
1107919934,1644
1107930361,2039
1107931361,1980
1107932361,1936
1107933361,1911
1107934361,1867
1107935361,1929
1107936361,2054
1107937361,2238
1107938361,2384
1107939361,2373
1107940361,2265
1107941361,2145
1107942361,2034
1107943361,1927
1107944361,1840
1107945361,1861
1107946361,1964
1107947361,1997
1107948361,1995
1107949361,1998
1107959805,2091
1107960805,2181
1107961805,2174
1107962805,2145
1107963805,2062
1107964805,1954
1107965805,1859
1107966805,1777
1107967805,1723
1107968805,1713
1107969805,1744
1107970805,1827
1107971805,2014
1107972805,2227
1107973805,2288
1107974805,2202
1107975805,2096
1107976805,1996
1107977805,1907
1107978805,1885
1107989240,2001
1107990240,2119
1107991240,2175
1107992240,2189
1107993240,2160
1107994240,2068
1107995240,1964
1107996240,1935
1107997240,1873
1107998240,1869
1107999240,1957
1108000240,2010
1108001240,2044
1108002240,1986
1108003240,1995
1108004240,1953
1108005240,1914
1108006240,1879
1108007240,1907
1108008240,2045
1108018659,1897
1108019659,1759
1108020659,1797
1108021659,1712
1108022659,1753
1108023659,1771
1108024659,1807
1108025659,1895
1108026659,1985
1108027659,2203
1108028659,2416
1108029659,2599
1108030659,2493
1108031659,2281
1108032659,2003
1108033659,1729
1108034659,1524
1108035659,1428
1108036659,1485
1108037659,1620
1108048086,2116
1108049086,2325
1108050086,2431
1108051086,2400
1108052086,2219
1108053086,2006
1108054086,1838
1108055086,1698
1108056086,1604
1108057086,1557
1108058086,1580
1108059086,1665
1108060086,1782
1108061086,1897
1108062086,2042
1108063086,2253
1108064086,2349
1108065086,2285
1108066086,2205
1108076540,2272
1108077540,2195
1108078540,2096
1108079540,2095
1108080540,2094
1108081540,2041
1108082540,1947
1108083540,1810
1108084540,1718
1108085540,1867
1108086540,2148
1108087540,2290
1108088540,2208
1108089540,2040
1108090540,1853
1108091540,1695
1108092540,1584
1108093540,1535
1108094540,1652
1108095540,1751
1108105967,1725
1108106967,1616
1108107967,1582
1108108967,1627
1108109967,1712
1108110967,1802
1108111967,1953
1108112967,2173
1108113967,2323
1108114967,2442
1108115967,2480
1108116967,2365
1108117967,2171
1108118967,1975
1108119967,1835
1108120967,1763
1108121967,1729
1108122967,1713
1108123967,1742
1108124967,1762
1108135411,2148
1108136411,1966
1108137411,1826
1108138411,1741
1108139411,1662
1108140411,1594
1108141411,1616
1108142411,1699
1108143411,1887
1108144411,2080
1108145411,2253
1108146411,2373
1108147411,2385
1108148411,2230
1108149411,2079
1108150411,1891
1108151411,1723
1108152411,1616
1108153411,1577
1108154411,1598
1108164838,2245
1108165838,2058
1108166838,1883
1108167838,1733
1108168838,1609
1108169838,1584
1108170838,1612
1108171838,1711
1108172838,1845
1108173838,2003
1108174838,2123
1108175838,2219
1108176838,2341
1108177838,2384
1108178838,2331
1108179838,2225
1108180838,2071
1108181838,1900
1108182838,1791
1108183838,1716
1108194266,1984
1108195266,1971
1108196266,2073
1108197266,2157
1108198266,2176
1108199266,2159
1108200266,2080
1108201266,1933
1108202266,1808
1108203266,1748
1108204266,1743
1108205266,1788
1108206266,1862
1108207266,1955
1108208266,2043
1108209266,2156
1108210266,2224
1108211266,2233
1108212266,2308
1108213266,2451
1108223691,1856
1108224691,1984
1108225691,2058
1108226691,2089
1108227691,2047
1108228691,2011
1108229691,2112
1108230691,2176
1108231691,2235
1108232691,2300
1108233691,2258
1108234691,2112
1108235691,1947
1108236691,1824
1108237691,1723
1108238691,1665
1108239691,1655
1108240691,1663
1108241691,1684
1108252146,1805
1108253146,1726
1108254146,1737
1108255146,1784
1108256146,1859
1108257146,1915
1108258146,1979
1108259146,2046
1108260146,2131
1108261146,2224
1108262146,2281
1108263146,2320
1108264146,2318
1108265146,2255
1108266146,2223
1108267146,2142
1108268146,1997
1108269146,1840
1108270146,1776
1108271146,1753
1108281576,2231
1108282576,2414
1108283576,2588
1108284576,2709
1108285576,2580
1108286576,2320
1108287576,2022
1108288576,1729
1108289576,1468
1108290576,1285
1108291576,1239
1108292576,1314
1108293576,1403
1108294576,1556
1108295576,1807
1108296576,2057
1108297576,2226
1108298576,2317
1108299576,2310
1108300576,2319
1108311017,2023
1108312017,2143
1108313017,2248
1108314017,2288
1108315017,2214
1108316017,2115
1108317017,2013
1108318017,1895
1108319017,1825
1108320017,1814
1108321017,1847
1108322017,2020
1108323017,2265
1108324017,2401
1108325017,2413
1108326017,2356
1108327017,2224
1108328017,2064
1108329017,1904
1108330017,1760
1108340444,2352
1108341444,2455
1108342444,2544
1108343444,2473
1108344444,2302
1108345444,2095
1108346444,1921
1108347444,1763
1108348444,1615
1108349444,1569
1108350444,1599
1108351444,1680
1108352444,1816
1108353444,2027
1108354444,2183
1108355444,2251
1108356444,2228
1108357444,2217
1108358444,2148
1108359444,2096
1108369870,2114
1108370870,1936
1108371870,1762
1108372870,1600
1108373870,1449
1108374870,1353
1108375870,1360
1108376870,1429
1108377870,1535
1108378870,1712
1108379870,1883
1108380870,1989
1108381870,2016
1108382870,2001
1108383870,1984
1108384870,1970
1108385870,1971
1108386870,2027
1108387870,2105
1108388870,2156
1108399297,1874
1108400297,1796
1108401297,1723
1108402297,1772
1108403297,1930
1108404297,2137
1108405297,2229
1108406297,2236
1108407297,2162
1108408297,2042
1108409297,1970
1108410297,1824
1108411297,1773
1108412297,1739
1108413297,1797
1108414297,1856
1108415297,1906
1108416297,1947
1108417297,1984
1108427752,2201
1108428752,2162
1108429752,2127
1108430752,2026
1108431752,1870
1108432752,1709
1108433752,1597
1108434752,1535
1108435752,1552
1108436752,1664
1108437752,1825
1108438752,2004
1108439752,2151
1108440752,2283
1108441752,2347
1108442752,2336
1108443752,2272
1108444752,2157
1108445752,2031
1108446752,1953
1108457179,2320
1108458179,2267
1108459179,2190
1108460179,2070
1108461179,1936
1108462179,1831
1108463179,1777
1108464179,1721
1108465179,1676
1108466179,1643
1108467179,1644
1108468179,1680
1108469179,1775
1108470179,1911
1108471179,2090
1108472179,2227
1108473179,2313
1108474179,2325
1108475179,2368
1108476179,2515
1108486623,1170
1108487623,1389
1108488623,1768
1108489623,2071
1108490623,2305
1108491623,2450
1108492623,2494
1108493623,2429
1108494623,2288
1108495623,2129
1108496623,1997
1108497623,1861
1108498623,1744
1108499623,1690
1108500623,1657
1108501623,1663
1108502623,1766
1108503623,1808
1108504623,1909
1108505623,2016
1108516049,1860
1108517049,1802
1108518049,1750
1108519049,1759
1108520049,1831
1108521049,1918
1108522049,1985
1108523049,2032
1108524049,2122
1108525049,2244
1108526049,2357
1108527049,2399
1108528049,2359
1108529049,2292
1108530049,2231
1108531049,2096
1108532049,1903
1108533049,1785
1108534049,1661
1108535049,1584
1108545485,1999
1108546485,2125
1108547485,2189
1108548485,2203
1108549485,2159
1108550485,2067
1108551485,1947
1108552485,1807
1108553485,1729
1108554485,1685
1108555485,1668
1108556485,1696
1108557485,1741
1108558485,1833
1108559485,1938
1108560485,2007
1108561485,2077
1108562485,2133
1108563485,2192
1108564485,2192
1108574903,1818
1108575903,1680
1108576903,1584
1108577903,1574
1108578903,1641
1108579903,1785
1108580903,1936
1108581903,2002
1108582903,2035
1108583903,2039
1108584903,1995
1108585903,1933
1108586903,1917
1108587903,1939
1108588903,2001
1108589903,2037
1108590903,2070
1108591903,2215
1108592903,2269
1108603358,1921
1108604358,2147
1108605358,2384
1108606358,2464
1108607358,2457
1108608358,2341
1108609358,2164
1108610358,1952
1108611358,1748
1108612358,1571
1108613358,1501
1108614358,1488
1108615358,1509
1108616358,1600
1108617358,1706
1108618358,1821
1108619358,1928
1108620358,2033
1108621358,2160
1108622358,2226
1108632785,2038
1108633785,2027
1108634785,2043
1108635785,2148
1108636785,2246
1108637785,2309
1108638785,2289
1108639785,2193
1108640785,2062
1108641785,1823
1108642785,1692
1108643785,1534
1108644785,1425
1108645785,1420
1108646785,1557
1108647785,1697
1108648785,1907
1108649785,2059
1108650785,2173
1108651785,2213
1108662236,2229
1108663236,2394
1108664236,2448
1108665236,2387
1108666236,2259
1108667236,2084
1108668236,1894
1108669236,1733
1108670236,1649
1108671236,1633
1108672236,1661
1108673236,1727
1108674236,1809
1108675236,1907
1108676236,2030
1108677236,2121
1108678236,2163
1108679236,2211
1108680236,2236
1108681236,2199
1108691655,2370
1108692655,2400
1108693655,2372
1108694655,2282
1108695655,2186
1108696655,2083
1108697655,1968
1108698655,1789
1108699655,1664
1108700655,1559
1108701655,1531
1108702655,1579
1108703655,1731
1108704655,1847
1108705655,1973
1108706655,2071
1108707655,2131
1108708655,2201
1108709655,2269
1108710655,2288
1108721082,1892
1108722082,1946
1108723082,2005
1108724082,2023
1108725082,2027
1108726082,2014
1108727082,1985
1108728082,1955
1108729082,1926
1108730082,1945
1108731082,1986
1108732082,1979
1108733082,1987
1108734082,1973
1108735082,2005
1108736082,2093
1108737082,2209
1108738082,2306
1108739082,2339
1108740082,2313
1108750509,1856
1108751509,1939
1108752509,2019
1108753509,2122
1108754509,2182
1108755509,2225
1108756509,2215
1108757509,2178
1108758509,2119
1108759509,2032
1108760509,1951
1108761509,1877
1108762509,1851
1108763509,1880
1108764509,1911
1108765509,1911
1108766509,1928
1108767509,1909
1108768509,1894
1108778964,2084
1108779964,1923
1108780964,1744
1108781964,1580
1108782964,1471
1108783964,1407
1108784964,1422
1108785964,1519
1108786964,1679
1108787964,1871
1108788964,2064
1108789964,2223
1108790964,2401
1108791964,2559
1108792964,2599
1108793964,2554
1108794964,2463
1108795964,2352
1108796964,2234
1108797964,2012
1108808390,2083
1108809390,2108
1108810390,2116
1108811390,2128
1108812390,2140
1108813390,2178
1108814390,2176
1108815390,2178
1108816390,2164
1108817390,2096
1108818390,2046
1108819390,2002
1108820390,2001
1108821390,2017
1108822390,2073
1108823390,2097
1108824390,2082
1108825390,2047
1108826390,2032
1108827390,2000
1108837834,1943
1108838834,2053
1108839834,2096
1108840834,2111
1108841834,2123
1108842834,2147
1108843834,2133
1108844834,2128
1108845834,2179
1108846834,2229
1108847834,2221
1108848834,2199
1108849834,2176
1108850834,2143
1108851834,2064
1108852834,2013
1108853834,2000
1108854834,1985
1108855834,1940
1108856834,2009
1108867263,1441
1108868263,1377
1108869263,1395
1108870263,1532
1108871263,1728
1108872263,1872
1108873263,2000
1108874263,2064
1108875263,2128
1108876263,2132
1108877263,2116
1108878263,2098
1108879263,2096
1108880263,2150
1108881263,2195
1108882263,2175
1108883263,2135
1108884263,2091
1108885263,2039
1108886263,1981
1108896688,2228
1108897688,2261
1108898688,2209
1108899688,2151
1108900688,2063
1108901688,1975
1108902688,1892
1108903688,1843
1108904688,1841
1108905688,1819
1108906688,1805
1108907688,1836
1108908688,1903
1108909688,2000
1108910688,2094
1108911688,2161
1108912688,2220
1108913688,2209
1108914688,2149
1108915688,2042
1108926115,2294
1108927115,2347
1108928115,2339
1108929115,2277
1108930115,2183
1108931115,2022
1108932115,1858
1108933115,1704
1108934115,1623
1108935115,1576
1108936115,1589
1108937115,1675
1108938115,1805
1108939115,1897
1108940115,2000
1108941115,2032
1108942115,2081
1108943115,2146
1108944115,2112
1108954572,2017
1108955572,1927
1108956572,1827
1108957572,1749
1108958572,1733
1108959572,1739
1108960572,1760
1108961572,1826
1108962572,1881
1108963572,2032
1108964572,2075
1108965572,2066
1108966572,2034
1108967572,1979
1108968572,1954
1108969572,1941
1108970572,1968
1108971572,2017
1108972572,2032
1108973572,2059
1108983996,1863
1108984996,1774
1108985996,1697
1108986996,1684
1108987996,1731
1108988996,1793
1108989996,1894
1108990996,1983
1108991996,2080
1108992996,2155
1108993996,2186
1108994996,2167
1108995996,2149
1108996996,2121
1108997996,2064
1108998996,1979
1108999996,1889
1109000996,1792
1109001996,1776
1109002996,1769
1109013440,2233
1109014440,2203
1109015440,2132
1109016440,2127
1109017440,2022
1109018440,1943
1109019440,1875
1109020440,1869
1109021440,1860
1109022440,1855
1109023440,1861
1109024440,1879
1109025440,1905
1109026440,1919
1109027440,1967
1109028440,2001
1109029440,2070
1109030440,2144
1109031440,2192
1109032440,2175
1109042867,1872
1109043867,1923
1109044867,1985
1109045867,2076
1109046867,2144
1109047867,2141
1109048867,2130
1109049867,2071
1109050867,2043
1109051867,2011
1109052867,1999
1109053867,2010
1109054867,2035
1109055867,2045
1109056867,2039
1109057867,2062
1109058867,2119
1109059867,2114
1109060867,2078
1109061867,2035
1109072294,2006
1109073294,2101
1109074294,2194
1109075294,2258
1109076294,2280
1109077294,2223
1109078294,2129
1109079294,2095
1109080294,2031
1109081294,1947
1109082294,1845
1109083294,1770
1109084294,1695
1109085294,1680
1109086294,1690
1109087294,1771
1109088294,1884
1109089294,1973
1109090294,2038
1109091294,2070
1109101721,2025
1109102721,1999
1109103721,2031
1109104721,2065
1109105721,2064
1109106721,2034
1109107721,1982
1109108721,1937
1109109721,1917
1109110721,1923
1109111721,1916
1109112721,1984
1109113721,2080
1109114721,2095
1109115721,2086
1109116721,2051
1109117721,1968
1109118721,1911
1109119721,1873
1109130175,1966
1109131175,1949
1109132175,1916
1109133175,1939
1109134175,1963
1109135175,1950
1109136175,2016
1109137175,2047
1109138175,2074
1109139175,2051
1109140175,2011
1109141175,1975
1109142175,1945
1109143175,1933
1109144175,1931
1109145175,1952
1109146175,2007
1109147175,2043
1109148175,2043
1109149175,2054
1109159602,1848
1109160602,1777
1109161602,1723
1109162602,1754
1109163602,1821
1109164602,1872
1109165602,1925
1109166602,1947
1109167602,1937
1109168602,1932
1109169602,1932
1109170602,1969
1109171602,2007
1109172602,2039
1109173602,2060
1109174602,2076
1109175602,2087
1109176602,2106
1109177602,2128
1109178602,2189
1109189046,1680
1109190046,1696
1109191046,1764
1109192046,1840
1109193046,1923
1109194046,1991
1109195046,2029
1109196046,2077
1109197046,2090
1109198046,2071
1109199046,2029
1109200046,1998
1109201046,1972
1109202046,1948
1109203046,1953
1109204046,1978
1109205046,2027
1109206046,2043
1109207046,2064
1109208046,2045
1109218482,1943
1109219482,1926
1109220482,1939
1109221482,1994
1109222482,2006
1109223482,2032
1109224482,2064
1109225482,2101
1109226482,2128
1109227482,2128
1109228482,2096
1109229482,2078
1109230482,2021
1109231482,1950
1109232482,1860
1109233482,1815
1109234482,1751
1109235482,1758
1109236482,1788
1109237482,1923
1109247900,2003
1109248900,1963
1109249900,1906
1109250900,1874
1109251900,1849
1109252900,1859
1109253900,1923
1109254900,1974
1109255900,2017
1109256900,2037
1109257900,2032
1109258900,2038
1109259900,2060
1109260900,2062
1109261900,2038
1109262900,2064
1109263900,2069
1109264900,2047
1109265900,2011
1109266900,1974
1109277327,2096
1109278327,2064
1109279327,2067
1109280327,2092
1109281327,2035
1109282327,2012
1109283327,1959
1109284327,1917
1109285327,1861
1109286327,1837
1109287327,1852
1109288327,1895
1109289327,1934
1109290327,1920
1109291327,1977
1109292327,1977
1109293327,2034
1109294327,2061
1109295327,2063
1109305781,2002
1109306781,1984
1109307781,1944
1109308781,1899
1109309781,1913
1109310781,1916
1109311781,1926
1109312781,1991
1109313781,2032
1109314781,2025
1109315781,2019
1109316781,1986
1109317781,1948
1109318781,1925
1109319781,1904
1109320781,1936
1109321781,2022
1109322781,2019
1109323781,2064
1109324781,2064
1109335208,1927
1109336208,1902
1109337208,1923
1109338208,1968
1109339208,2001
1109340208,2021
1109341208,2033
1109342208,2031
1109343208,2047
1109344208,2042
1109345208,2035
1109346208,2057
1109347208,2064
1109348208,2032
1109349208,2000
1109350208,1968
1109351208,1923
1109352208,1897
1109353208,1899
1109354208,1937
1109364652,2055
1109365652,2007
1109366652,1986
1109367652,1936
1109368652,1905
1109369652,1904
1109370652,1932
1109371652,1968
1109372652,2003
1109373652,2017
1109374652,2017
1109375652,2031
1109376652,2046
1109377652,2037
1109378652,2025
1109379652,2058
1109380652,2063
1109381652,2032
1109382652,1975
1109383652,1953
1109394079,2042
1109395079,2029
1109396079,2044
1109397079,2064
1109398079,2063
1109399079,2002
1109400079,1972
1109401079,1936
1109402079,1929
1109403079,1904
1109404079,1927
1109405079,1979
1109406079,2000
1109407079,2006
1109408079,1996
1109409079,2035
1109410079,2065
1109411079,2034
1109412079,2025
1109413079,2057
1109423506,1997
1109424506,2003
1109425506,2011
1109426506,2018
1109427506,2033
1109428506,2029
1109429506,2057
1109430506,2058
1109431506,2023
1109432506,1965
1109433506,1904
1109434506,1863
1109435506,1840
1109436506,1837
1109437506,1885
1109438506,1941
1109439506,1999
1109440506,2026
1109441506,2033
1109442506,2062
1109452933,1904
1109453933,1937
1109454933,1962
1109455933,2000
1109456933,2002
1109457933,2014
1109458933,2025
1109459933,2035
1109460933,2037
1109461933,2023
1109462933,2064
1109463933,2055
1109464933,2015
1109465933,1968
1109466933,1929
1109467933,1888
1109468933,1905
1109469933,1873
1109470933,1922
1109481387,2039
1109482387,2011
1109483387,1973
1109484387,1936
1109485387,1907
1109486387,1897
1109487387,1924
1109488387,1972
1109489387,2004
1109490387,2023
1109491387,2022
1109492387,2022
1109493387,2032
1109494387,2028
1109495387,2025
1109496387,2037
1109497387,2067
1109498387,2020
1109499387,2005
1109500387,1968
1109510814,2043
1109511814,2013
1109512814,2053
1109513814,2064
1109514814,2055
1109515814,2013
1109516814,1968
1109517814,1927
1109518814,1907
1109519814,1903
1109520814,1937
1109521814,1977
1109522814,2000
1109523814,2011
1109524814,2029
1109525814,2032
1109526814,2033
1109527814,2019
1109528814,2027
1109529814,2043
1109540265,2018
1109541265,2019
1109542265,2027
1109543265,2032
1109544265,2035
1109545265,2019
1109546265,2045
1109547265,2064
1109548265,2059
1109549265,2026
1109550265,1997
1109551265,1943
1109552265,1925
1109553265,1919
1109554265,1958
1109555265,1997
1109556265,2000
1109557265,1985
1109558265,1968
1109559265,1949
1109569685,1903
1109570685,1897
1109571685,1973
1109572685,1971
1109573685,1987
1109574685,1984
1109575685,1998
1109576685,2011
1109577685,2001
1109578685,2002
1109579685,2015
1109580685,2033
1109581685,2022
1109582685,1985
1109583685,1936
1109584685,1895
1109585685,1879
1109586685,1917
1109587685,1954
1109588685,1985
1109599112,2003
1109600112,1951
1109601112,1896
1109602112,1882
1109603112,1903
1109604112,1927
1109605112,1987
1109606112,2003
1109607112,2022
1109608112,2019
1109609112,2014
1109610112,2018
1109611112,2023
1109612112,2006
1109613112,2031
1109614112,2053
1109615112,2023
1109616112,2028
1109617112,1939
1109618112,1899
1109628539,2013
1109629539,2029
1109630539,2039
1109631539,2034
1109632539,1998
1109633539,1947
1109634539,1904
1109635539,1881
1109636539,1892
1109637539,1942
1109638539,1985
1109639539,2032
1109640539,1999
1109641539,2019
1109642539,2023
1109643539,2034
1109644539,2035
1109645539,2027
1109646539,2046
1109656993,2020
1109657993,2015
1109658993,2023
1109659993,2038
1109660993,2022
1109661993,2005
1109662993,2025
1109663993,2059
1109664993,2036
1109665993,2000
1109666993,1949
1109667993,1911
1109668993,1885
1109669993,1901
1109670993,1941
1109671993,1987
1109672993,2001
1109673993,2016
1109674993,2015
1109675993,2020
1109686420,1893
1109687420,1941
1109688420,1998
1109689420,2019
1109690420,2015
1109691420,2017
1109692420,2021
1109693420,2027
1109694420,2030
1109695420,2012
1109696420,2022
1109697420,2047
1109698420,2034
1109699420,1993
1109700420,1941
1109701420,1888
1109702420,1879
1109703420,1895
1109704420,1943
1109705420,1984
1109715864,1983
1109716864,1967
1109717864,1888
1109718864,1891
1109719864,1887
1109720864,1907
1109721864,1979
1109722864,2011
1109723864,2027
1109724864,2027
1109725864,2030
1109726864,2041
1109727864,2031
1109728864,2081
1109729864,2055
1109730864,2061
1109731864,2022
1109732864,1984
1109733864,1951
1109734864,1903
1109745291,2032
1109746291,2055
1109747291,2069
1109748291,2041
1109749291,2000
1109750291,1973
1109751291,1916
1109752291,1887
1109753291,1903
1109754291,1935
1109755291,1980
1109756291,2005
1109757291,2016
1109758291,2022
1109759291,2025
1109760291,2032
1109761291,2029
1109762291,2032
1109763291,2057
1109764291,2064
1109774718,2006
1109775718,2023
1109776718,2032
1109777718,2039
1109778718,2025
1109779718,2054
1109780718,2061
1109781718,1979
1109782718,1991
1109783718,1946
1109784718,1906
1109785718,1859
1109786718,1888
1109787718,1938
1109788718,1984
1109789718,2016
1109790718,2027
1109791718,2046
1109792718,2045
1109793718,2060
1109804144,1924
1109805144,1949
1109806144,2000
1109807144,2064
1109808144,2028
1109809144,2034
1109810144,2041
1109811144,2045
1109812144,2021
1109813144,2059
1109814144,2069
1109815144,2039
1109816144,1997
1109817144,1970
1109818144,1909
1109819144,1906
1109820144,1905
1109821144,1969
1109822144,1995
1109832599,1971
1109833599,1923
1109834599,1899
1109835599,1888
1109836599,1895
1109837599,1917
1109838599,1979
1109839599,2011
1109840599,2032
1109841599,2032
1109842599,2062
1109843599,2062
1109844599,2045
1109845599,2031
1109846599,2058
1109847599,2057
1109848599,2019
1109849599,1984
1109850599,1939
1109851599,1902
1109862026,2007
1109863026,2021
1109864026,2023
1109865026,2000
1109866026,1950
1109867026,1936
1109868026,1916
1109869026,1904
1109870026,1917
1109871026,1947
1109872026,2003
1109873026,2043
1109874026,2064
1109875026,2063
1109876026,2064
1109877026,2079
1109878026,2053
1109879026,2032
1109880026,2071
1109881026,2099
1109891470,2033
1109892470,2079
1109893470,2132
1109894470,2124
1109895470,2119
1109896470,2117
1109897470,2096
1109898470,2032
1109899470,1957
1109900470,1895
1109901470,1835
1109902470,1840
1109903470,1849
1109904470,1974
1109905470,2125
1109906470,2221
1109907470,2242
1109908470,2256
1109909470,2223
1109910470,2170
1109920897,1894
1109921897,1997
1109922897,2059
1109923897,2096
1109924897,2097
1109925897,2113
1109926897,2128
1109927897,2133
1109928897,2101
1109929897,2107
1109930897,2103
1109931897,2064
1109932897,2011
1109933897,1985
1109934897,1937
1109935897,1932
1109936897,1945
1109937897,2023
1109938897,2097
1109939897,2112
1109950323,1890
1109951323,1842
1109952323,1842
1109953323,1861
1109954323,1935
1109955323,2014
1109956323,2087
1109957323,2109
1109958323,2096
1109959323,2066
1109960323,2003
1109961323,1970
1109962323,1941
1109963323,1952
1109964323,1979
1109965323,2000
1109966323,2017
1109967323,2039
1109968323,2021
1109969323,1991
1109979750,2113
1109980750,2154
1109981750,2111
1109982750,2077
1109983750,1977
1109984750,1886
1109985750,1796
1109986750,1760
1109987750,1804
1109988750,1851
1109989750,1934
1109990750,2033
1109991750,2139
1109992750,2229
1109993750,2227
1109994750,2217
1109995750,2177
1109996750,2151
1109997750,2096
1110008205,2218
1110009205,2208
1110010205,2134
1110011205,2023
1110012205,1903
1110013205,1821
1110014205,1792
1110015205,1768
1110016205,1776
1110017205,1829
1110018205,1883
1110019205,1945
1110020205,2006
1110021205,2112
1110022205,2191
1110023205,2240
1110024205,2256
1110025205,2260
1110026205,2243
1110027205,2187
1110037632,2070
1110038632,1891
1110039632,1683
1110040632,1479
1110041632,1288
1110042632,1205
1110043632,1251
1110044632,1360
1110045632,1523
1110046632,1766
1110047632,2032
1110048632,2241
1110049632,2325
1110050632,2337
1110051632,2314
1110052632,2221
1110053632,2159
1110054632,2096
1110055632,2024
1110056632,1965
1110067076,1913
1110068076,1655
1110069076,1465
1110070076,1380
1110071076,1456
1110072076,1585
1110073076,1823
1110074076,2043
1110075076,2191
1110076076,2241
1110077076,2218
1110078076,2137
1110079076,2012
1110080076,1903
1110081076,1792
1110082076,1742
1110083076,1768
1110084076,1891
1110085076,2013
1110086076,2103
1110096502,1621
1110097502,1798
1110098502,2099
1110099502,2375
1110100502,2593
1110101502,2743
1110102502,2764
1110103502,2671
1110104502,2512
1110105502,2267
1110106502,1937
1110107502,1636
1110108502,1406
1110109502,1328
1110110502,1281
1110111502,1379
1110112502,1495
1110113502,1679
1110114502,1808
1110115502,1845
1110125929,2666
1110126929,2663
1110127929,2617
1110128929,2444
1110129929,2236
1110130929,2005
1110131929,1760
1110132929,1530
1110133929,1383
1110134929,1327
1110135929,1359
1110136929,1457
1110137929,1636
1110138929,1876
1110139929,2073
1110140929,2232
1110141929,2335
1110142929,2401
1110143929,2437
1110144929,2475
1110155356,1775
1110156356,1839
1110157356,1869
1110158356,1852
1110159356,1911
1110160356,1943
1110161356,1966
1110162356,1981
1110163356,2008
1110164356,2010
1110165356,2006
1110166356,2027
1110167356,2145
1110168356,2267
1110169356,2359
1110170356,2426
1110171356,2502
1110172356,2492
1110173356,2417
1110183811,1398
1110184811,1359
1110185811,1396
1110186811,1504
1110187811,1687
1110188811,1872
1110189811,2063
1110190811,2239
1110191811,2374
1110192811,2597
1110193811,2809
1110194811,2941
1110195811,2978
1110196811,2881
1110197811,2677
1110198811,2395
1110199811,2017
1110200811,1673
1110201811,1337
1110202811,1088
1110213245,3081
1110214245,2955
1110215245,2693
1110216245,2318
1110217245,1903
1110218245,1480
1110219245,1167
1110220245,939
1110221245,868
1110222245,953
1110223245,1191
1110224245,1502
1110225245,2010
1110226245,2605
1110227245,2978
1110228245,3110
1110229245,3084
1110230245,2923
1110231245,2641
1110232245,2258
1110233245,1829
1110243637,2389
1110244637,2412
1110245637,2448
1110246637,2512
1110247637,2557
1110248637,2585
1110249637,2555
1110250637,2497
1110251637,2399
1110252637,2277
1110253637,2133
1110254637,1969
1110255637,1804
1110256637,1623
1110257637,1452
1110258637,1380
1110259637,1488
1110260637,1781
1110261637,2062
1110272091,1233
1110273091,1306
1110274091,1615
1110275091,1999
1110276091,2321
1110277091,2512
1110278091,2589
1110279091,2559
1110280091,2439
1110281091,2250
1110282091,1969
1110283091,1735
1110284091,1535
1110285091,1396
1110286091,1380
1110287091,1477
1110288091,1688
1110289091,1925
1110290091,2128
1110291091,2221
1110301518,2250
1110302518,2173
1110303518,2133
1110304518,2096
1110305518,1989
1110306518,1824
1110307518,1634
1110308518,1487
1110309518,1405
1110310518,1404
1110311518,1449
1110312518,1535
1110313518,1709
1110314518,1819
1110315518,1904
1110316518,1964
1110317518,2034
1110318518,2099
1110319518,2117
1110320518,2137
1110330962,1817
1110331962,1429
1110332962,1065
1110333962,780
1110334962,597
1110335962,581
1110336962,709
1110337962,988
1110338962,1360
1110339962,1702
1110340962,2038
1110341962,2336
1110342962,2655
1110343962,2901
1110344962,2962
1110345962,2961
1110346962,2899
1110347962,2725
1110348962,2433
1110349962,2109
1110350962,1778
1110361344,2189
1110362344,1831
1110363344,1523
1110364344,1246
1110365344,995
1110366344,864
1110367344,959
1110368344,1289
1110369344,1968
1110370344,2513
1110371344,2937
1110372344,3168
1110373344,3154
1110374344,2897
1110375344,2464
1110376344,1989
1110377344,1521
1110378344,1138
1110379344,850
1110380344,801
1110390753,2621
1110391753,2477
1110392753,2313
1110393753,2077
1110394753,1839
1110395753,1653
1110396753,1535
1110397753,1462
1110398753,1497
1110399753,1705
1110400753,1941
1110401753,2161
1110402753,2325
1110403753,2434
1110404753,2463
1110405753,2333
1110406753,2183
1110407753,1995
1110408753,1779
1110409753,1625
1110420180,2058
1110421180,1781
1110422180,1520
1110423180,1297
1110424180,1107
1110425180,993
1110426180,1069
1110427180,1213
1110428180,1499
1110429180,1868
1110430180,2225
1110431180,2483
1110432180,2607
1110433180,2559
1110434180,2481
1110435180,2320
1110436180,2114
1110437180,1936
1110438180,1875
1110439180,1919
1110449607,1464
1110450607,1225
1110451607,1072
1110452607,1059
1110453607,1193
1110454607,1504
1110455607,1890
1110456607,2222
1110457607,2405
1110458607,2480
1110459607,2484
1110460607,2379
1110461607,2215
1110462607,2033
1110463607,1918
1110464607,1810
1110465607,1715
1110466607,1669
1110467607,1748
1110468607,1933
1110479051,1886
1110480051,1863
1110481051,1830
1110482051,1769
1110483051,1703
1110484051,1658
1110485051,1642
1110486051,1787
1110487051,2061
1110488051,2445
1110489051,2721
1110490051,2832
1110491051,2780
1110492051,2554
1110493051,2236
1110494051,1837
1110495051,1413
1110496051,1055
1110497051,837
1110498051,816
1110508460,1905
1110509460,1524
1110510460,1214
1110511460,995
1110512460,912
1110513460,993
1110514460,1237
1110515460,1524
1110516460,1824
1110517460,2219
1110518460,2485
1110519460,2608
1110520460,2629
1110521460,2651
1110522460,2559
1110523460,2459
1110524460,2320
1110525460,2149
1110526460,1956
1110527460,1725
1110528460,1605
1110538859,2001
1110539859,1623
1110540859,1247
1110541859,955
1110542859,816
1110543859,848
1110544859,1073
1110545859,1353
1110546859,1727
1110547859,2096
1110548859,2546
1110549859,2927
1110550859,3044
1110551859,2975
1110552859,2768
1110553859,2480
1110554859,2221
1110555859,1903
1110556859,1628
1110557859,1369
1110568286,2514
1110569286,2165
1110570286,1833
1110571286,1607
1110572286,1431
1110573286,1292
1110574286,1255
1110575286,1360
1110576286,1604
1110577286,1936
1110578286,2261
1110579286,2519
1110580286,2834
1110581286,3002
1110582286,2899
1110583286,2650
1110584286,2349
1110585286,2016
1110586286,1687
1110587286,1409
1110597713,2966
1110598713,3018
1110599713,2895
1110600713,2785
1110601713,2537
1110602713,2181
1110603713,1803
1110604713,1460
1110605713,1165
1110606713,965
1110607713,959
1110608713,1122
1110609713,1327
1110610713,1535
1110611713,1820
1110612713,2133
1110613713,2457
1110614713,2629
1110615713,2651
1110616713,2607
1110627139,1693
1110628139,1683
1110629139,1693
1110630139,1792
1110631139,1850
1110632139,1865
1110633139,1835
1110634139,1798
1110635139,1816
1110636139,1919
1110637139,2158
1110638139,2495
1110639139,2851
1110640139,3005
1110641139,2869
1110642139,2530
1110643139,2164
1110644139,1725
1110645139,1324
1110646139,1069
1110656571,3088
1110657571,3285
1110658571,3225
1110659571,2966
1110660571,2594
1110661571,2155
1110662571,1740
1110663571,1422
1110664571,1227
1110665571,1223
1110666571,1293
1110667571,1402
1110668571,1805
1110669571,2265
1110670571,2518
1110671571,2592
1110672571,2491
1110673571,2243
1110674571,1915
1110675571,1625
1110685993,2650
1110686993,2163
1110687993,1745
1110688993,1367
1110689993,1110
1110690993,930
1110691993,926
1110692993,1136
1110693993,1414
1110694993,1735
1110695993,2064
1110696993,2557
1110697993,3154
1110698993,3395
1110699993,3233
1110700993,2914
1110701993,2470
1110702993,1995
1110703993,1616
1110704993,1296
1110715420,2131
1110716420,1712
1110717420,1388
1110718420,1166
1110719420,1049
1110720420,1060
1110721420,1225
1110722420,1641
1110723420,2197
1110724420,2592
1110725420,2719
1110726420,2671
1110727420,2559
1110728420,2514
1110729420,2399
1110730420,2241
1110731420,2081
1110732420,1845
1110733420,1625
1110734420,1495
1110744847,1807
1110745847,1743
1110746847,1744
1110747847,1851
1110748847,1975
1110749847,2043
1110750847,2078
1110751847,2096
1110752847,2117
1110753847,2133
1110754847,2234
1110755847,2311
1110756847,2336
1110757847,2337
1110758847,2357
1110759847,2357
1110760847,2343
1110761847,2261
1110762847,2124
1110773301,2076
1110774301,2348
1110775301,2855
1110776301,3142
1110777301,3027
1110778301,2717
1110779301,2318
1110780301,1956
1110781301,1649
1110782301,1370
1110783301,1189
1110784301,1141
1110785301,1173
1110786301,1370
1110787301,1580
1110788301,1825
1110789301,2132
1110790301,2386
1110791301,2539
1110792301,2559
1110802728,1589
1110803728,1585
1110804728,1699
1110805728,1936
1110806728,2083
1110807728,2159
1110808728,2193
1110809728,2223
1110810728,2254
1110811728,2209
1110812728,2135
1110813728,2064
1110814728,1996
1110815728,1934
1110816728,1872
1110817728,1836
1110818728,1821
1110819728,1966
1110820728,2219
1110821728,2549
1110832172,1765
1110833172,1919
1110834172,2053
1110835172,2399
1110836172,2938
1110837172,3037
1110838172,2802
1110839172,2450
1110840172,2073
1110841172,1682
1110842172,1362
1110843172,1207
1110844172,1256
1110845172,1437
1110846172,1643
1110847172,1829
1110848172,2067
1110849172,2241
1110850172,2282
1110851172,2199
1110861601,2044
1110862601,1925
1110863601,1937
1110864601,1939
1110865601,1945
1110866601,1872
1110867601,1806
1110868601,1883
1110869601,1897
1110870601,1873
1110871601,1828
1110872601,1792
1110873601,1747
1110874601,1679
1110875601,1681
1110876601,1757
1110877601,1854
1110878601,1919
1110879601,2086
1110880601,2425
1110891026,1010
1110892026,1381
1110893026,1840
1110894026,2367
1110895026,2833
1110896026,3035
1110897026,2932
1110898026,2636
1110899026,2288
1110900026,1931
1110901026,1599
1110902026,1307
1110903026,1171
1110904026,1232
1110905026,1513
1110906026,1839
1110907026,2100
1110908026,2298
1110909026,2423
1110910026,2415
1110920453,1615
1110921453,1413
1110922453,1345
1110923453,1330
1110924453,1367
1110925453,1484
1110926453,1651
1110927453,1825
1110928453,2026
1110929453,2182
1110930453,2415
1110931453,2693
1110932453,2781
1110933453,2704
1110934453,2640
1110935453,2489
1110936453,2241
1110937453,1916
1110938453,1638
1110948907,3003
1110949907,2599
1110950907,2154
1110951907,1712
1110952907,1381
1110953907,1098
1110954907,997
1110955907,1046
1110956907,1309
1110957907,1715
1110958907,2091
1110959907,2347
1110960907,2507
1110961907,2512
1110962907,2502
1110963907,2445
1110964907,2384
1110965907,2272
1110966907,2128
1110967907,1931
1110978334,2576
1110979334,2176
1110980334,1768
1110981334,1383
1110982334,1104
1110983334,918
1110984334,903
1110985334,1044
1110986334,1222
1110987334,1565
1110988334,1983
1110989334,2509
1110990334,3024
1110991334,3245
1110992334,3056
1110993334,2726
1110994334,2352
1110995334,2029
1110996334,1767
1110997334,1535
1110998334,1307
1111008733,2283
1111009733,1680
1111010733,1207
1111011733,845
1111012733,686
1111013733,816
1111014733,1045
1111015733,1343
1111016733,1680
1111017733,1985
1111018733,2231
1111019733,2381
1111020733,2629
1111021733,3127
1111022733,3335
1111023733,3060
1111024733,2653
1111025733,2212
1111026733,1822
1111027733,1471
1111038160,3049
1111039160,2724
1111040160,2314
1111041160,1884
1111042160,1473
1111043160,1259
1111044160,1035
1111045160,1023
1111046160,1200
1111047160,1462
1111048160,1726
1111049160,2000
1111050160,2309
1111051160,2544
1111052160,2588
1111053160,2443
1111054160,2262
1111055160,2172
1111056160,2150
1111057160,2111
1111067589,2499
1111068589,2370
1111069589,2128
1111070589,1863
1111071589,1907
1111072589,1953
1111073589,1840
1111074589,1729
1111075589,1727
1111076589,1808
1111077589,1965
1111078589,2231
1111079589,2288
1111080589,2172
1111081589,1968
1111082589,1744
1111083589,1607
1111084589,1501
1111085589,1424
1111086589,1390
1111097013,2331
1111098013,2286
1111099013,2297
1111100013,2316
1111101013,2257
1111102013,2032
1111103013,1794
1111104013,1607
1111105013,1471
1111106013,1413
1111107013,1451
1111108013,1527
1111109013,1760
1111110013,2107
1111111013,2411
1111112013,2500
1111113013,2437
1111114013,2283
1111115013,2074
1111125468,1898
1111126468,1581
1111127468,1320
1111128468,1223
1111129468,1286
1111130468,1483
1111131468,1766
1111132468,1989
1111133468,2145
1111134468,2219
1111135468,2167
1111136468,2160
1111137468,2429
1111138468,2880
1111139468,2933
1111140468,2704
1111141468,2329
1111142468,1983
1111143468,1625
1111144468,1457
1111154895,1895
1111155895,2091
1111156895,2320
1111157895,2433
1111158895,2386
1111159895,2283
1111160895,2197
1111161895,2226
1111162895,2193
1111163895,2163
1111164895,2087
1111165895,2000
1111166895,1935
1111167895,1812
1111168895,1666
1111169895,1600
1111170895,1661
1111171895,1744
1111172895,1807
1111173895,1951
1111184339,1063
1111185339,1063
1111186339,1201
1111187339,1424
1111188339,1862
1111189339,2673
1111190339,3131
1111191339,3014
1111192339,2635
1111193339,2156
1111194339,1699
1111195339,1331
1111196339,1147
1111197339,1121
1111198339,1293
1111199339,1496
1111200339,1705
1111201339,1874
1111202339,2004
1111203339,2096
1111213766,729
1111214766,860
1111215766,1204
1111216766,1643
1111217766,2013
1111218766,2277
1111219766,2621
1111220766,2864
1111221766,2855
1111222766,2665
1111223766,2427
1111224766,2169
1111225766,1901
1111226766,1713
1111227766,1572
1111228766,1526
1111229766,1535
1111230766,1724
1111231766,1999
1111232766,2278
1111243192,1255
1111244192,1563
1111245192,1904
1111246192,2197
1111247192,2365
1111248192,2432
1111249192,2384
1111250192,2325
1111251192,2229
1111252192,2115
1111253192,2145
1111254192,2310
1111255192,2495
1111256192,2418
1111257192,2113
1111258192,1879
1111259192,1609
1111260192,1456
1111261192,1519
1111262192,1659
1111272619,2496
1111273619,2343
1111274619,2095
1111275619,1818
1111276619,1680
1111277619,1556
1111278619,1519
1111279619,1603
1111280619,1829
1111281619,1994
1111282619,2229
1111283619,2441
1111284619,2661
1111285619,2606
1111286619,2351
1111287619,1968
1111288619,1695
1111289619,1523
1111290619,1461
1111291619,1657
1111302046,1807
1111303046,1891
1111304046,1933
1111305046,2007
1111306046,2081
1111307046,2133
1111308046,2116
1111309046,2077
1111310046,2269
1111311046,2437
1111312046,2526
1111313046,2404
1111314046,2196
1111315046,1936
1111316046,1685
1111317046,1451
1111318046,1328
1111319046,1397
1111320046,1535
1111321046,1748
1111331482,1821
1111332482,1511
1111333482,1329
1111334482,1297
1111335482,1355
1111336482,1505
1111337482,1871
1111338482,2192
1111339482,2400
1111340482,2380
1111341482,2233
1111342482,2042
1111343482,1914
1111344482,1831
1111345482,1872
1111346482,1906
1111347482,1980
1111348482,2209
1111349482,2492
1111359927,2111
1111360927,2148
1111361927,2237
1111362927,2370
1111363927,2361
1111364927,2237
1111365927,2017
1111366927,1918
1111367927,1782
1111368927,1678
1111369927,1572
1111370927,1515
1111371927,1623
1111372927,1772
1111373927,1873
1111374927,1993
1111375927,2084
1111376927,2201
1111377927,2306
1111378927,2414
1111389354,1788
1111390354,1723
1111391354,1745
1111392354,1941
1111393354,2061
1111394354,2044
1111395354,2032
1111396354,2098
1111397354,2224
1111398354,2288
1111399354,2179
1111400354,2083
1111401354,1967
1111402354,1791
1111403354,1655
1111404354,1593
1111405354,1763
1111406354,1945
1111407354,2103
1111408354,2195
1111418798,1873
1111419798,1747
1111420798,1712
1111421798,1730
1111422798,1909
1111423798,2327
1111424798,2768
1111425798,2899
1111426798,2822
1111427798,2532
1111428798,2094
1111429798,1699
1111430798,1430
1111431798,1233
1111432798,1167
1111433798,1281
1111434798,1497
1111435798,1684
1111436798,1866
1111437798,1998
1111448230,912
1111449230,1003
1111450231,1209
1111451231,1509
1111452231,1857
1111453231,2161
1111454231,2302
1111455231,2304
1111456231,2256
1111457231,2241
1111458231,2349
1111459231,2441
1111460231,2559
1111461231,2583
1111462231,2442
1111463231,2239
1111464231,1973
1111465231,1701
1111466231,1497
1111467231,1491
1111477652,2444
1111478652,2515
1111479652,2467
1111480652,2349
1111481652,2113
1111482652,1974
1111483652,1762
1111484652,1637
1111485652,1655
1111486652,1744
1111487652,1808
1111488652,1883
1111489652,1950
1111490652,1954
1111491652,1977
1111492652,2236
1111493652,2544
1111494652,2645
1111495652,2554
1111496652,2305
1111507079,2473
1111508079,2468
1111509079,2321
1111510079,2148
1111511079,1929
1111512079,1737
1111513079,1693
1111514079,1759
1111515079,1802
1111516079,1875
1111517079,2002
1111518079,2067
1111519079,2092
1111520079,2031
1111521079,2043
1111522079,2102
1111523079,2107
1111524079,2064
1111525079,2015
1111526079,2036
1111536506,1344
1111537506,1640
1111538506,1953
1111539506,2169
1111540506,2261
1111541506,2256
1111542506,2255
1111543506,2307
1111544506,2269
1111545506,2163
1111546506,2086
1111547506,2065
1111548506,2041
1111549506,1984
1111550506,1925
1111551506,2004
1111552506,2271
1111553506,2463
1111554506,2533
1111564960,2016
1111565960,1985
1111566960,1934
1111567960,1836
1111568960,1787
1111569960,1836
1111570960,2031
1111571960,2365
1111572960,2755
1111573960,2950
1111574960,2786
1111575960,2369
1111576960,1887
1111577960,1511
1111578960,1307
1111579960,1206
1111580960,1301
1111581960,1471
1111582960,1673
1111583960,1863
1111594387,1849
1111595387,1744
1111596387,1598
1111597387,1604
1111598387,1766
1111599387,2012
1111600387,2069
1111601387,2033
1111602387,2033
1111603387,2000
1111604387,1981
1111605387,2059
1111606387,2128
1111607387,2185
1111608387,2160
1111609387,2123
1111610387,2093
1111611387,2034
1111612387,2043
1111613387,2067
1111623831,1509
1111624831,1737
1111625831,1953
1111626831,2096
1111627831,2192
1111628831,2243
1111629831,2266
1111630831,2321
1111631831,2448
1111632831,2416
1111633831,2270
1111634831,2157
1111635831,2010
1111636831,1983
1111637831,1950
1111638831,1925
1111639831,1988
1111640831,2102
1111641831,2124
1111642831,2065
1111653265,1991
1111654265,1823
1111655265,1745
1111656265,1723
1111657265,1648
1111658265,1608
1111659265,1721
1111660265,1900
1111661265,2068
1111662265,2216
1111663265,2256
1111664265,2288
1111665265,2329
1111666265,2514
1111667265,2768
1111668265,2789
1111669265,2471
1111670265,1966
1111671265,1515
1111672265,1235
1111682685,2467
1111683685,2292
1111684685,2047
1111685685,1796
1111686685,1632
1111687685,1628
1111688685,1699
1111689685,1811
1111690685,1975
1111691685,2088
1111692685,2138
1111693685,2181
1111694685,2167
1111695685,2192
1111696685,2236
1111697685,2263
1111698685,2260
1111699685,2267
1111700685,2266
1111701685,2431
1111712111,1967
1111713111,2164
1111714111,2300
1111715111,2327
1111716111,2271
1111717111,2186
1111718111,2065
1111719111,1955
1111720111,1931
1111721111,1911
1111722111,1921
1111723111,2000
1111724111,2093
1111725111,2138
1111726111,2229
1111727111,2361
1111728111,2320
1111729111,2198
1111730111,2032
1111740571,1989
1111741571,1851
1111742571,1904
1111743571,2199
1111744571,2386
1111745571,2382
1111746571,2214
1111747571,2029
1111748571,1793
1111749571,1625
1111750571,1509
1111751571,1552
1111752571,1643
1111753571,1861
1111754571,2047
1111755571,2150
1111756571,2119
1111757571,2032
1111758571,1981
1111759571,1954
1111769993,2033
1111770993,1953
1111771993,1879
1111772993,1792
1111773993,1717
1111774993,1674
1111775993,1729
1111776993,1877
1111777993,1995
1111778993,2107
1111779993,2374
1111780993,2672
1111781993,2631
1111782993,2298
1111783993,1918
1111784993,1596
1111785993,1294
1111786993,1181
1111787993,1315
1111788993,1488
1111799437,2317
1111800437,2250
1111801437,2192
1111802437,2197
1111803437,2267
1111804437,2320
1111805437,2179
1111806437,1959
1111807437,1802
1111808437,1607
1111809437,1392
1111810437,1333
1111811437,1409
1111812437,1648
1111813437,1964
1111814437,2220
1111815437,2377
1111816437,2350
1111817437,2221
1111818437,2063
1111828864,1964
1111829864,2388
1111830864,2652
1111831864,2550
1111832864,2316
1111833864,1902
1111834864,1497
1111835864,1268
1111836864,1121
1111837864,1168
1111838864,1421
1111839864,1866
1111840864,2181
1111841864,2384
1111842864,2365
1111843864,2260
1111844864,2191
1111845864,2156
1111846864,2147
1111847864,2165
1111858290,2046
1111859290,2170
1111860290,2263
1111861290,2301
1111862290,2222
1111863290,2078
1111864290,1994
1111865290,1864
1111866290,1753
1111867290,1671
1111868290,1680
1111869290,1707
1111870290,1827
1111871290,2007
1111872290,2127
1111873290,2147
1111874290,2129
1111875290,2096
1111876290,1995
1111877290,1977
1111887717,1713
1111888717,1879
1111889717,1961
1111890717,1945
1111891717,1867
1111892717,1849
1111893717,1895
1111894717,1975
1111895717,2096
1111896717,2292
1111897717,2551
1111898717,2631
1111899717,2465
1111900717,2181
1111901717,1868
1111902717,1603
1111903717,1402
1111904717,1375
1111905717,1554
1111916172,2063
1111917172,2024
1111918172,1990
1111919172,1955
1111920172,1933
1111921172,1853
1111922172,1873
1111923172,1968
1111924172,2059
1111925172,2111
1111926172,2133
1111927172,2141
1111928172,2114
1111929172,2075
1111930172,2039
1111931172,2043
1111932172,2047
1111933172,2000
1111934172,1985
1111935172,1954
1111945599,2260
1111946599,2298
1111947599,2324
1111948599,2300
1111949599,2151
1111950599,1936
1111951599,1792
1111952599,1663
1111953599,1616
1111954599,1666
1111955599,1871
1111956599,2096
1111957599,2251
1111958599,2259
1111959599,2335
1111960599,2249
1111961599,2046
1111962599,1847
1111963599,1747
1111964599,1763
1111975043,2173
1111976043,2171
1111977043,2140
1111978043,2107
1111979043,2119
1111980043,2175
1111981043,2212
1111982043,2204
1111983043,2156
1111984043,2042
1111985043,1926
1111986043,1831
1111987043,1812
1111988043,1796
1111989043,1815
1111990043,1845
1111991043,1871
1111992043,1876
1111993043,1907
1111994043,1987
1112004478,1712
1112005478,1617
1112006478,1571
1112007478,1587
1112008478,1650
1112009478,1799
1112010478,2035
1112011478,2188
1112012478,2297
1112013478,2340
1112014478,2365
1112015478,2307
1112016478,2163
1112017478,2043
1112018478,1885
1112019478,1777
1112020478,1742
1112021478,1783
1112022478,1876
1112023478,1965
1112033896,2196
1112034896,1953
1112035896,1694
1112036896,1473
1112037896,1438
1112038896,1555
1112039896,1734
1112040896,1919
1112041896,2085
1112042896,2138
1112043896,2130
1112044896,2113
1112045896,2080
1112046896,2032
1112047896,2136
1112048896,2234
1112049896,2261
1112050896,2249
1112051896,2147
1112052896,1925
1112063323,2096
1112064323,2141
1112065323,2173
1112066323,2145
1112067323,2087
1112068323,2077
1112069323,2001
1112070323,1959
1112071323,1937
1112072323,1916
1112073323,1863
1112074323,1830
1112075323,1806
1112076323,1826
1112077323,1891
1112078323,1969
1112079323,2020
1112080323,2091
1112081323,2171
1112091778,1702
1112092778,1724
1112093778,1810
1112094778,1939
1112095778,2031
1112096778,2149
1112097778,2259
1112098778,2273
1112099778,2209
1112100778,2035
1112101778,1936
1112102778,1817
1112103778,1740
1112104778,1792
1112105778,1872
1112106778,1893
1112107778,1971
1112108778,2085
1112109778,2183
1112110778,2187
1112121205,2078
1112122205,2112
1112123205,2095
1112124205,2019
1112125205,1935
1112126205,1932
1112127205,1937
1112128205,1925
1112129205,1920
1112130205,1971
1112131205,2093
1112132205,2195
1112133205,2175
1112134205,2190
1112135205,2212
1112136205,2194
1112137205,2053
1112138205,1886
1112139205,1826
1112140205,1758
1112150648,1926
1112151648,1871
1112152648,1852
1112153648,1849
1112154648,1851
1112155648,1920
1112156648,2022
1112157648,2146
1112158648,2227
1112159648,2244
1112160648,2210
1112161648,2119
1112162648,1985
1112163648,1851
1112164648,1852
1112165648,1833
1112166648,1845
1112167648,1843
1112168648,1879
1112169648,1887
1112180075,2100
1112181075,2162
1112182075,2230
1112183075,2195
1112184075,2117
1112185075,2123
1112186075,2032
1112187075,1929
1112188075,1824
1112189075,1822
1112190075,1818
1112191075,1794
1112192075,1807
1112193075,1809
1112194075,1909
1112195075,1957
1112196075,2028
1112197075,2130
1112198075,2230
1112199075,2262
1112209502,1936
1112210502,2075
1112211502,2182
1112212502,2254
1112213502,2224
1112214502,2128
1112215502,1975
1112216502,1820
1112217502,1739
1112218502,1745
1112219502,1677
1112220502,1739
1112221502,1841
1112222502,2007
1112223502,2110
1112224502,2179
1112225502,2188
1112226502,2208
1112227502,2246
1112228502,2175
1112238929,1939
1112239929,1938
1112240929,1955
1112241929,1953
1112242929,1939
1112243929,1936
1112244929,1943
1112245929,1921
1112246929,1935
1112247929,2025
1112248929,2141
1112249929,2192
1112250929,2224
1112251929,2257
1112252929,2313
1112253929,2260
1112254929,2145
1112255929,2003
1112256929,1837
1112267384,2192
1112268384,2059
1112269384,1967
1112270384,1877
1112271384,1835
1112272384,1871
1112273384,1908
1112274384,1977
1112275384,1987
1112276384,2000
1112277384,2085
1112278384,2137
1112279384,2135
1112280384,2151
1112281384,2181
1112282384,2175
1112283384,2091
1112284384,1929
1112285384,1841
1112286384,1788
1112296810,1953
1112297810,2140
1112298810,2250
1112299810,2224
1112300810,2139
1112301810,2093
1112302810,2105
1112303810,2095
1112304810,2059
1112305810,2003
1112306810,1891
1112307810,1808
1112308810,1747
1112309810,1717
1112310810,1794
1112311810,1898
1112312810,2000
1112313810,2042
1112314810,2168
1112315810,2281
1112326262,2075
1112327262,2129
1112328262,2154
1112329262,2159
1112330262,2157
1112331262,2159
1112332262,2133
1112333262,2066
1112334262,1960
1112335262,1851
1112336262,1733
1112337262,1684
1112338262,1723
1112339262,1877
1112340262,2033
1112341262,2113
1112342262,2147
1112343262,2126
1112344262,2090
1112345262,2021
1112355681,1921
1112356681,2062
1112357681,2157
1112358681,2177
1112359681,2089
1112360681,1931
1112361681,1798
1112362681,1707
1112363681,1745
1112364681,1898
1112365681,2031
1112366681,2059
1112367681,2063
1112368681,2019
1112369681,1929
1112370681,1876
1112371681,1887
1112372681,1940
1112373681,2016
1112374681,2093
1112385108,1856
1112386108,1921
1112387108,1931
1112388108,1933
1112389108,2061
1112390108,2092
1112391108,2128
1112392108,2169
1112393108,2192
1112394108,2147
1112395108,2101
1112396108,2060
1112397108,1993
1112398108,2005
1112399108,2037
1112400108,2076
1112401108,2012
1112402108,2015
1112403108,1994
1112404108,1957
1112414535,2171
1112415535,2210
1112416535,2209
1112417535,2166
1112418535,2121
1112419535,2081
1112420535,2022
1112421535,1991
1112422535,1957
1112423535,1919
1112424535,1873
1112425535,1840
1112426535,1840
1112427535,1932
1112428535,1997
1112429535,2067
1112430535,2119
1112431535,2197
1112432535,2293
1112442989,2079
1112443989,2163
1112444989,2163
1112445989,2121
1112446989,2100
1112447989,2073
1112448989,2064
1112449989,2031
1112450989,2000
1112451989,1923
1112452989,1919
1112453989,1971
1112454989,1971
1112455989,1942
1112456989,1921
1112457989,1919
1112458989,1980
1112459989,2064
1112460989,2231
1112461989,2245
1112472416,1991
1112473416,2042
1112474416,2063
1112475416,2057
1112476416,2067
1112477416,2032
1112478416,2015
1112479416,1997
1112480416,2016
1112481416,2170
1112482416,2288
1112483416,2256
1112484416,2139
1112485416,1993
1112486416,1857
1112487416,1744
1112488416,1648
1112489416,1675
1112490416,1753
1112491416,1884
1112501860,1962
1112502860,1761
1112503860,1666
1112504860,1666
1112505860,1733
1112506860,1836
1112507860,1963
1112508860,2021
1112509860,2095
1112510860,2089
1112511860,2064
1112512860,2032
1112513860,2032
1112514860,2054
1112515860,2057
1112516860,2003
1112517860,1932
1112518860,1879
1112519860,1863
1112520860,1860
1112531287,2007
1112532287,1893
1112533287,1809
1112534287,1887
1112535287,1973
1112536287,1942
1112537287,1854
1112538287,1783
1112539287,1814
1112540287,1869
1112541287,1913
1112542287,1935
1112543287,1985
1112544287,2112
1112545287,2257
1112546287,2309
1112547287,2300
1112548287,2320
1112549287,2273
1112550287,2093
1112560714,2136
1112561714,2157
1112562714,2136
1112563714,2119
1112564714,2182
1112565714,2195
1112566714,2127
1112567714,2020
1112568714,1964
1112569714,1907
1112570714,1908
1112571714,1972
1112572714,1996
1112573714,1933
1112574714,1915
1112575714,1846
1112576714,1763
1112577714,1718
1112578714,1744
1112579714,1794
1112590141,1907
1112591141,1808
1112592141,1703
1112593141,1711
1112594141,1827
1112595141,1973
1112596141,2137
1112597141,2235
1112598141,2294
1112599141,2263
1112600141,2151
1112601141,2001
1112602141,1875
1112603141,1765
1112604141,1715
1112605141,1712
1112606141,1773
1112607141,1856
1112608141,1924
1112618595,1737
1112619595,1669
1112620595,1702
1112621595,1779
1112622595,1855
1112623595,1979
1112624595,2092
1112625595,2158
1112626595,2134
1112627595,2059
1112628595,2069
1112629595,2120
1112630595,2173
1112631595,2210
1112632595,2129
1112633595,2057
1112634595,2003
1112635595,2001
1112636595,1978
1112637595,1941
1112648022,1951
1112649022,2012
1112650022,1999
1112651022,1947
1112652022,1899
1112653022,1823
1112654022,1777
1112655022,1853
1112656022,2096
1112657022,2297
1112658022,2266
1112659022,2108
1112660022,1947
1112661022,1813
1112662022,1712
1112663022,1655
1112664022,1734
1112665022,2000
1112666022,2173
1112667022,2224
1112677466,2081
1112678466,2089
1112679466,2128
1112680466,2179
1112681466,2243
1112682466,2304
1112683466,2315
1112684466,2202
1112685466,2065
1112686466,1847
1112687466,1660
1112688466,1535
1112689466,1523
1112690466,1616
1112691466,1750
1112692466,1852
1112693466,1953
1112694466,2059
1112695466,2108
1112696466,2144
1112706893,1826
1112707893,1877
1112708893,1904
1112709893,1984
1112710893,1995
1112711893,2015
1112712893,2080
1112713893,2139
1112714893,2192
1112715893,2160
1112716893,2103
1112717893,2062
1112718893,2055
1112719893,2043
1112720893,2007
1112721893,2011
1112722893,2035
1112723893,1878
1112724893,1799
1112725893,1749
1112736320,2108
1112737320,1975
1112738320,1877
1112739320,1829
1112740320,1825
1112741320,1856
1112742320,1833
1112743320,1839
1112744320,1860
1112745320,1903
1112746320,1935
1112747320,1998
1112748320,2119
1112749320,2242
1112750320,2281
1112751320,2287
1112752320,2151
1112753320,1989
1112754320,1833
1112755320,1733
1112765747,2262
1112766747,2251
1112767747,2160
1112768747,2069
1112769747,1968
1112770747,1889
1112771747,1907
1112772747,2033
1112773747,2096
1112774747,2023
1112775747,1931
1112776747,1813
1112777747,1808
1112778747,1797
1112779747,1795
1112780747,1842
1112781747,1921
1112782747,2032
1112783747,2093
1112794201,2023
1112795201,2011
1112796201,1998
1112797201,2147
1112798201,2284
1112799201,2256
1112800201,2107
1112801201,1906
1112802201,1759
1112803201,1603
1112804201,1532
1112805201,1618
1112806201,1742
1112807201,1867
1112808201,1965
1112809201,2117
1112810201,2325
1112811201,2433
1112812201,2448
1112813201,2534
1112823628,2093
1112824628,1999
1112825628,1875
1112826628,1747
1112827628,1628
1112828628,1568
1112829628,1607
1112830628,1699
1112831628,1851
1112832628,2000
1112833628,2081
1112834628,2181
1112835628,2396
1112836628,2465
1112837628,2384
1112838628,2224
1112839628,2081
1112840628,1962
1112841628,1831
1112842628,1726
1112853072,2017
1112854072,1863
1112855072,1749
1112856072,1715
1112857072,1760
1112858072,1844
1112859072,1915
1112860072,1950
1112861072,2003
1112862072,2036
1112863072,2069
1112864072,2085
1112865072,2081
1112866072,2058
1112867072,2007
1112868072,1957
1112869072,1988
1112870072,2112
1112871072,2303
1112872072,2486
1112882499,1921
1112883499,2030
1112884499,2165
1112885499,2303
1112886499,2255
1112887499,2121
1112888499,1995
1112889499,1930
1112890499,1907
1112891499,1872
1112892499,1868
1112893499,1915
1112894499,2067
1112895499,2154
1112896499,2174
1112897499,2252
1112898499,2337
1112899499,2288
1112900499,2085
1112901499,1904
1112911926,1788
1112912926,1697
1112913926,1648
1112914926,1727
1112915926,1839
1112916926,1953
1112917926,2031
1112918926,2100
1112919926,2152
1112920926,2189
1112921926,2192
1112922926,2153
1112923926,2085
1112924926,2043
1112925926,2015
1112926926,1972
1112927926,1942
1112928926,1890
1112929926,1852
1112930926,1851
1112941353,2045
1112942353,1968
1112943353,1899
1112944353,1931
1112945353,2047
1112946353,2224
1112947353,2302
1112948353,2276
1112949353,2127
1112950353,1949
1112951353,1760
1112952353,1604
1112953353,1522
1112954353,1580
1112955353,1648
1112956353,1754
1112957353,1890
1112958353,1987
1112959353,2014
1112969807,2035
1112970807,1907
1112971807,1835
1112972807,1785
1112973807,1788
1112974807,1805
1112975807,1816
1112976807,1813
1112977807,1857
1112978807,1907
1112979807,1986
1112980807,2062
1112981807,2179
1112982807,2334
1112983807,2369
1112984807,2345
1112985807,2256
1112986807,2152
1112987807,2025
1112988807,1889
1112999242,2492
1113000242,2323
1113001242,2091
1113002242,1863
1113003242,1675
1113004242,1535
1113005242,1499
1113006242,1593
1113007242,1695
1113008242,1821
1113009242,1936
1113010242,2032
1113011242,2148
1113012242,2211
1113013242,2315
1113014242,2338
1113015242,2320
1113016242,2224
1113017242,2079
1113018242,1964
1113028678,1712
1113029678,1761
1113030678,1804
1113031678,1854
1113032678,1955
1113033678,2078
1113034678,2215
1113035678,2326
1113036678,2306
1113037678,2199
1113038678,2075
1113039678,1965
1113040678,1908
1113041678,1919
1113042678,2018
1113043678,2297
1113044678,2496
1113045678,2470
1113046678,2287
1113047678,2079
1113058105,2133
1113059105,2223
1113060105,2305
1113061105,2359
1113062105,2384
1113063105,2326
1113064105,2246
1113065105,2209
1113066105,2155
1113067105,2061
1113068105,1963
1113069105,1904
1113070105,1859
1113071105,1891
1113072105,2031
1113073105,2092
1113074105,2064
1113075105,2000
1113076105,1908
1113077105,1868
1113087532,1673
1113088532,1703
1113089532,1775
1113090532,1872
1113091532,1968
1113092532,2106
1113093532,2239
1113094532,2301
1113095532,2267
1113096532,2186
1113097532,2255
1113098532,2404
1113099532,2451
1113100532,2372
1113101532,2226
1113102532,2007
1113103532,1760
1113104532,1535
1113105532,1430
1113106532,1401
1113116958,1813
1113117958,1670
1113118958,1613
1113119958,1585
1113120958,1585
1113121958,1681
1113122958,1817
1113123958,1956
1113124958,2114
1113125958,2263
1113126958,2369
1113127958,2410
1113128958,2359
1113129958,2277
1113130958,2207
1113131958,2279
1113132958,2465
1113133958,2661
1113134958,2703
1113145413,1440
1113146413,1659
1113147413,1883
1113148413,2097
1113149413,2211
1113150413,2267
1113151413,2325
1113152413,2395
1113153413,2384
1113154413,2343
1113155413,2290
1113156413,2235
1113157413,2182
1113158413,2034
1113159413,1901
1113160413,1817
1113161413,1777
1113162413,1776
1113163413,1824
1113164413,1963
1113174840,2220
1113175840,2111
1113176840,1970
1113177840,1828
1113178840,1739
1113179840,1613
1113180840,1580
1113181840,1592
1113182840,1643
1113183840,1653
1113184840,1680
1113185840,1729
1113186840,1783
1113187840,1904
1113188840,2073
1113189840,2217
1113190840,2303
1113191840,2319
1113192840,2295
1113193840,2277
1113204284,1829
1113205284,1919
1113206284,1982
1113207284,2033
1113208284,2027
1113209284,1953
1113210284,1850
1113211284,1785
1113212284,1723
1113213284,1693
1113214284,1761
1113215284,1936
1113216284,2094
1113217284,2158
1113218284,2189
1113219284,2139
1113220284,2017
1113221284,1916
1113222284,1879
1113223284,1933
1113233711,2194
1113234711,2128
1113235711,2073
1113236711,1926
1113237711,1812
1113238711,1692
1113239711,1719
1113240711,1988
1113241711,2420
1113242711,2743
1113243711,2923
1113244711,2826
1113245711,2545
1113246711,2192
1113247711,1807
1113248711,1474
1113249711,1190
1113250711,967
1113251711,867
1113252711,917
1113263120,2343
1113264120,2299
1113265120,2341
1113266120,2342
1113267120,2283
1113268120,2192
1113269120,2084
1113270120,1881
1113271120,1741
1113272120,1661
1113273120,1653
1113274120,1679
1113275120,1749
1113276120,1789
1113277120,1875
1113278120,2005
1113279120,2169
1113280120,2290
1113281120,2538
1113282120,2681
1113292568,1619
1113293568,1737
1113294568,1853
1113295568,1951
1113296568,2017
1113297568,2224
1113298568,2506
1113299568,2658
1113300568,2682
1113301568,2543
1113302568,2366
1113303568,2128
1113304568,1847
1113305568,1611
1113306568,1476
1113307568,1391
1113308568,1362
1113309568,1403
1113310568,1525
1113311568,1689
1113321991,2117
1113322991,1991
1113323991,1847
1113324991,1729
1113325991,1604
1113326991,1585
1113327991,1694
1113328991,1896
1113329991,2096
1113330991,2227
1113331991,2338
1113332991,2320
1113333991,2243
1113334991,2119
1113335991,1946
1113336991,1801
1113337991,1680
1113338991,1636
1113339991,1776
1113340991,1883
1113351418,1986
1113352418,1939
1113353418,1859
1113354418,1807
1113355418,1796
1113356418,1885
1113357418,1891
1113358418,1916
1113359418,1936
1113360418,1952
1113361418,2022
1113362418,2067
1113363418,2101
1113364418,2195
1113365418,2288
1113366418,2395
1113367418,2327
1113368418,2255
1113369418,2112
1113370418,1945
1113380845,2064
1113381845,2159
1113382845,2199
1113383845,2181
1113384845,2147
1113385845,2144
1113386845,2179
1113387845,2207
1113388845,2259
1113389845,2279
1113390845,2241
1113391845,2144
1113392845,2019
1113393845,1878
1113394845,1770
1113395845,1700
1113396845,1626
1113397845,1707
1113398845,1882
1113409299,1783
1113410299,1828
1113411299,1977
1113412299,2090
1113413299,2218
1113414299,2343
1113415299,2465
1113416299,2417
1113417299,2258
1113418299,2068
1113419299,1861
1113420299,1676
1113421299,1579
1113422299,1562
1113423299,1600
1113424299,1700
1113425299,1798
1113426299,2000
1113427299,2337
1113428299,2623
1113438726,1088
1113439726,1235
1113440726,1485
1113441726,1748
1113442726,1990
1113443726,2176
1113444726,2279
1113445726,2303
1113446726,2285
1113447726,2256
1113448726,2270
1113449726,2240
1113450726,2160
1113451726,2116
1113452726,2080
1113453726,2119
1113454726,2140
1113455726,2167
1113456726,2145
1113457726,2078
1113468170,1909
1113469170,1983
1113470170,2061
1113471170,2113
1113472170,2144
1113473170,2178
1113474170,2206
1113475170,2274
1113476170,2383
1113477170,2439
1113478170,2437
1113479170,2363
1113480170,2249
1113481170,2128
1113482170,1983
1113483170,1824
1113484170,1644
1113485170,1535
1113486170,1478
1113487170,1473
1113497602,2279
1113498602,2256
1113499602,2180
1113500602,2059
1113501602,1999
1113502602,1950
1113503602,1877
1113504602,1868
1113505602,1873
1113506602,1893
1113507602,1927
1113508602,1963
1113509602,1953
1113510602,1968
1113511602,2021
1113512602,2095
1113513602,2145
1113514602,2159
1113515602,2189
1113516602,2147
1113527024,2068
1113528024,2128
1113529024,2145
1113530024,2176
1113531024,2138
1113532024,2118
1113533024,2012
1113534024,1849
1113535024,1737
1113536024,1620
1113537024,1568
1113538024,1584
1113539024,1715
1113540024,1919
1113541024,2070
1113542024,2158
1113543024,2210
1113544024,2277
1113545024,2307
1113546024,2315
1113556451,1721
1113557451,1601
1113558451,1506
1113559451,1458
1113560451,1459
1113561451,1523
1113562451,1649
1113563451,1720
1113564451,1827
1113565451,1931
1113566451,1999
1113567451,2001
1113568451,2018
1113569451,2029
1113570451,2018
1113571451,2065
1113572451,2144
1113573451,2196
1113574451,2253
1113584905,1653
1113585905,1520
1113586905,1439
1113587905,1471
1113588905,1643
1113589905,1844
1113590905,2001
1113591905,2112
1113592905,2189
1113593905,2240
1113594905,2256
1113595905,2220
1113596905,2198
1113597905,2201
1113598905,2294
1113599905,2267
1113600905,2169
1113601905,2074
1113602905,1965
1113603905,1859
1113614332,2077
1113615332,2143
1113616332,2141
1113617332,2081
1113618332,2027
1113619332,1986
1113620332,1947
1113621332,1930
1113622332,1936
1113623332,2028
1113624332,2180
1113625332,2288
1113626332,2341
1113627332,2357
1113628332,2340
1113629332,2269
1113630332,2153
1113631332,2026
1113632332,1892
1113633332,1743
1113643776,2160
1113644776,2098
1113645776,2063
1113646776,2011
1113647776,2034
1113648776,2043
1113649776,2033
1113650776,2027
1113651776,2011
1113652776,2047
1113653776,2113
1113654776,2195
1113655776,2263
1113656776,2310
1113657776,2320
1113658776,2249
1113659776,2110
1113660776,2064
1113661776,1904
1113662776,1776
1113673203,2039
1113674203,2133
1113675203,2206
1113676203,2253
1113677203,2349
1113678203,2428
1113679203,2416
1113680203,2364
1113681203,2275
1113682203,2161
1113683203,2015
1113684203,1840
1113685203,1699
1113686203,1622
1113687203,1589
1113688203,1587
1113689203,1667
1113690203,1779
1113691203,1882
1113692203,1942
1113702630,1826
1113703630,1825
1113704630,1840
1113705630,1953
1113706630,2061
1113707630,2143
1113708630,2191
1113709630,2181
1113710630,2169
1113711630,2140
1113712630,2117
1113713630,2073
1113714630,2064
1113715630,2075
1113716630,2047
1113717630,2012
1113718630,1998
1113719630,1958
1113720630,1918
1113721630,1913
1113732057,1947
1113733057,1972
1113734057,1968
1113735057,1957
1113736057,1980
1113737057,2002
1113738057,2047
1113739057,2160
1113740057,2191
1113741057,2181
1113742057,2208
1113743057,2143
1113744057,2094
1113745057,2015
1113746057,1936
1113747057,1837
1113748057,1810
1113749057,1822
1113750057,1839
1113760511,2162
1113761511,2183
1113762511,2189
1113763511,2167
1113764511,2160
1113765511,2167
1113766511,2127
1113767511,1981
1113768511,1957
1113769511,1877
1113770511,1817
1113771511,1809
1113772511,1866
1113773511,1984
1113774511,2108
1113775511,2181
1113776511,2235
1113777511,2256
1113778511,2237
1113779511,2148
1113789938,2067
1113790938,2225
1113791938,2305
1113792938,2304
1113793938,2247
1113794938,2147
1113795938,2025
1113796938,1898
1113797938,1811
1113798938,1772
1113799938,1757
1113800938,1744
1113801938,1777
1113802938,1808
1113803938,1871
1113804938,1926
1113805938,1999
1113806938,2065
1113807938,2096
1113808938,2090
1113819382,2000
1113820382,1933
1113821382,1915
1113822382,1929
1113823382,1999
1113824382,2025
1113825382,2026
1113826382,2036
1113827382,2029
1113828382,2037
1113829382,2046
1113830382,2039
1113831382,2058
1113832382,2067
1113833382,2032
1113834382,1974
1113835382,1939
1113836382,1931
1113837382,1931
1113838382,1953
1113848809,2075
1113849809,1990
1113850809,1824
1113851809,1692
1113852809,1587
1113853809,1488
1113854809,1481
1113855809,1535
1113856809,1653
1113857809,1763
1113858809,1859
1113859809,1954
1113860809,2035
1113861809,2108
1113862809,2133
1113863809,2162
1113864809,2214
1113865809,2241
1113866809,2203
1113867809,2134
1113878244,1945
1113879244,1970
1113880244,1983
1113881244,2003
1113882244,2011
1113883244,2035
1113884244,1993
1113885244,1975
1113886244,1936
1113887244,1941
1113888244,2000
1113889244,2087
1113890244,2210
1113891244,2237
1113892244,2257
1113893244,2249
1113894244,2212
1113895244,2138
1113896244,2001
1113897244,1875
1113907662,2121
1113908662,2145
1113909662,2139
1113910662,2113
1113911662,2097
1113912662,2087
1113913662,2047
1113914662,2054
1113915662,2067
1113916662,2064
1113917662,2045
1113918662,2029
1113919662,2036
1113920662,2063
1113921662,2134
1113922662,2192
1113923662,2189
1113924662,2141
1113925662,2041
1113936117,1919
1113937117,1943
1113938117,1952
1113939117,1988
1113940117,2059
1113941117,2091
1113942117,2107
1113943117,2116
1113944117,2134
1113945117,2142
1113946117,2153
1113947117,2160
1113948117,2135
1113949117,2128
1113950117,2096
1113951117,2005
1113952117,1931
1113953117,1862
1113954117,1828
1113955117,1825
1113965544,2075
1113966544,1919
1113967544,1732
1113968544,1613
1113969544,1526
1113970544,1511
1113971544,1588
1113972544,1683
1113973544,1829
1113974544,1947
1113975544,2046
1113976544,2113
1113977544,2180
1113978544,2188
1113979544,2157
1113980544,2119
1113981544,2101
1113982544,2085
1113983544,2011
1113984544,1945
1113994988,2076
1113995988,2058
1113996988,2035
1113997988,2032
1113998988,2035
1113999988,2015
1114000988,1951
1114001988,1914
1114002988,1895
1114003988,1897
1114004988,1888
1114005988,1951
1114006988,2007
1114007988,2082
1114008988,2070
1114009988,2077
1114010988,2080
1114011988,2087
1114012988,2065
1114013988,2032
1114024415,2035
1114025415,2061
1114026415,2059
1114027415,2065
1114028415,2075
1114029415,2059
1114030415,2039
1114031415,2034
1114032415,2041
1114033415,2026
1114034415,1959
1114035415,1919
1114036415,1888
1114037415,1892
1114038415,1909
1114039415,2001
1114040415,2037
1114041415,2143
1114042415,2172
1114043415,2206
1114053841,1681
1114054841,1717
1114055841,1781
1114056841,1846
1114057841,1899
1114058841,1919
1114059841,1943
1114060841,1977
1114061841,2009
1114062841,2041
1114063841,2062
1114064841,2094
1114065841,2103
1114066841,2096
1114067841,2079
1114068841,2045
1114069841,2007
1114070841,1985
1114071841,1995
1114072841,2015
1114083268,1998
1114084268,1972
1114085268,1949
1114086268,1927
1114087268,1913
1114088268,1917
1114089268,1967
1114090268,2029
1114091268,2073
1114092268,2092
1114093268,2091
1114094268,2107
1114095268,2098
1114096268,2087
1114097268,2071
1114098268,2070
1114099268,2063
1114100268,2016
1114101268,1952
1114111723,2078
1114112723,2096
1114113723,2039
1114114723,2041
1114115723,2055
1114116723,2028
1114117723,1968
1114118723,1911
1114119723,1893
1114120723,1872
1114121723,1895
1114122723,1953
1114123723,2003
1114124723,2044
1114125723,2066
1114126723,2085
1114127723,2095
1114128723,2089
1114129723,2080
1114130723,2064
1114141150,2132
1114142150,2192
1114143150,2224
1114144150,2239
1114145150,2233
1114146150,2175
1114147150,2068
1114148150,2007
1114149150,1932
1114150150,1820
1114151150,1727
1114152150,1696
1114153150,1691
1114154150,1713
1114155150,1821
1114156150,1936
1114157150,2032
1114158150,2100
1114159150,2126
1114160150,2080
1114170596,1903
1114171596,1898
1114172596,1953
1114173596,2014
1114174596,2053
1114175596,2047
1114176596,2079
1114177596,2055
1114178596,2076
1114179596,2077
1114180596,2055
1114181596,2041
1114182596,2064
1114183596,2030
1114184596,1977
1114185596,1950
1114186596,1923
1114187596,1919
1114188596,1911
1114189596,1952
1114200020,2014
1114201020,1962
1114202020,1924
1114203020,1895
1114204020,1872
1114205020,1875
1114206020,1942
1114207020,2000
1114208020,2069
1114209020,2064
1114210020,2065
1114211020,2071
1114212020,2082
1114213020,2064
1114214020,2041
1114215020,2045
1114216020,2044
1114217020,2005
1114218020,1923
1114219020,1915
1114229447,2094
1114230447,2074
1114231447,2091
1114232447,2094
1114233447,2068
1114234447,1993
1114235447,1921
1114236447,1871
1114237447,1840
1114238447,1827
1114239447,1872
1114240447,1917
1114241447,1966
1114242447,1989
1114243447,2003
1114244447,2021
1114245447,2033
1114246447,2032
1114247447,2031
1114248447,2037
1114258874,2067
1114259874,2047
1114260874,2038
1114261874,2032
1114262874,2016
1114263874,2002
1114264874,2017
1114265874,2033
1114266874,2017
1114267874,1929
1114268874,1913
1114269874,1888
1114270874,1874
1114271874,1900
1114272874,1953
1114273874,2021
1114274874,2042
1114275874,2065
1114276874,2064
1114287329,1862
1114288329,1878
1114289329,1916
1114290329,2009
1114291329,2033
1114292329,2036
1114293329,2063
1114294329,2057
1114295329,2065
1114296329,2080
1114297329,2067
1114298329,2058
1114299329,2097
1114300329,2007
1114301329,1956
1114302329,1904
1114303329,1878
1114304329,1865
1114305329,1881
1114306329,1955
1114316756,2009
1114317756,1950
1114318756,1921
1114319756,1866
1114320756,1848
1114321756,1872
1114322756,1917
1114323756,1981
1114324756,2016
1114325756,2035
1114326756,2045
1114327756,2063
1114328756,2066
1114329756,2062
1114330756,2031
1114331756,2035
1114332756,2043
1114333756,2003
1114334756,1953
1114335756,1903
1114346199,2060
1114347199,2032
1114348199,2032
1114349199,2032
1114350199,2013
1114351199,1957
1114352199,1903
1114353199,1870
1114354199,1874
1114355199,1840
1114356199,1940
1114357199,2016
1114358199,2025
1114359199,2043
1114360199,2054
1114361199,2047
1114362199,2077
1114363199,2011
1114364199,2037
1114365199,2064
1114375626,2067
1114376626,2096
1114377626,2095
1114378626,2076
1114379626,2061
1114380626,2031
1114381626,2023
1114382626,2019
1114383626,1990
1114384626,1905
1114385626,1892
1114386626,1872
1114387626,1871
1114388626,1860
1114389626,1939
1114390626,2000
1114391626,2045
1114392626,2058
1114393626,2079
1114394626,2078
1114405053,1885
1114406053,1925
1114407053,1996
1114408053,2032
1114409053,2053
1114410053,2063
1114411053,2040
1114412053,2068
1114413053,2054
1114414053,2035
1114415053,2047
1114416053,2047
1114417053,2009
1114418053,1958
1114419053,1907
1114420053,1884
1114421053,1843
1114422053,1893
1114423053,1941
1114424053,1992
1114434480,1938
1114435480,1936
1114436480,1895
1114437480,1835
1114438480,1904
1114439480,1909
1114440480,1984
1114441480,2032
1114442480,2039
1114443480,2061
1114444480,2058
1114445480,2069
1114446480,2053
1114447480,2037
1114448480,2060
1114449480,2054
1114450480,2005
1114451480,1944
1114452480,1923
1114462935,2045
1114463935,2025
1114464935,2019
1114465935,2060
1114466935,2013
1114467935,1958
1114468935,1918
1114469935,1892
1114470935,1873
1114471935,1899
1114472935,1939
1114473935,2009
1114474935,2035
1114475935,2046
1114476935,2047
1114477935,2060
1114478935,2064
1114479935,2053
1114480935,2033
1114481935,2065
1114492361,2073
1114493361,2059
1114494361,2064
1114495361,2069
1114496361,2066
1114497361,2045
1114498361,2051
1114499361,2051
1114500361,2022
1114501361,1955
1114502361,1934
1114503361,1876
1114504361,1868
1114505361,1870
1114506361,1943
1114507361,1993
1114508361,2032
1114509361,2034
1114510361,2043
1114511361,2061
1114521805,1876
1114522805,1920
1114523805,1985
1114524805,2029
1114525805,2044
1114526805,2063
1114527805,2064
1114528805,2064
1114529805,2055
1114530805,2036
1114531805,2038
1114532805,2054
1114533805,2011
1114534805,1955
1114535805,1920
1114536805,1879
1114537805,1871
1114538805,1879
1114539805,1952
1114540805,2007
1114551240,1972
1114552240,1921
1114553240,1887
1114554240,1859
1114555240,1872
1114556240,1956
1114557240,1994
1114558240,2038
1114559240,2047
1114560240,2063
1114561240,2064
1114562240,2087
1114563240,2041
1114564240,2038
1114565240,2037
1114566240,2036
1114567240,2001
1114568240,1943
1114569240,1916
1114570240,1889
1114580659,2021
1114581659,2041
1114582659,2046
1114583659,2013
1114584659,1955
1114585659,1915
1114586659,1887
1114587659,1868
1114588659,1862
1114589659,1934
1114590659,1995
1114591659,2044
1114592659,2037
1114593659,2017
1114594659,2071
1114595659,2081
1114596659,2068
1114597659,2046
1114598659,2060
1114599659,2067
1114610086,2047
1114611086,2064
1114612086,2069
1114613086,2062
1114614086,2020
1114615086,2031
1114616086,2044
1114617086,2017
1114618086,1948
1114619086,1883
1114620086,1882
1114621086,1866
1114622086,1885
1114623086,1939
1114624086,2014
1114625086,2044
1114626086,2060
1114627086,2064
1114628086,2073
1114638540,1873
1114639540,1927
1114640540,1999
1114641540,2030
1114642540,2046
1114643540,2064
1114644540,2068
1114645540,2068
1114646540,2047
1114647540,2031
1114648540,2041
1114649540,2029
1114650540,1989
1114651540,1937
1114652540,1915
1114653540,1870
1114654540,1883
1114655540,1913
1114656540,1925
1114657540,2020
1114667967,1951
1114668967,1904
1114669967,1876
1114670967,1857
1114671967,1862
1114672967,1940
1114673967,2000
1114674967,2059
1114675967,2043
1114676967,2064
1114677967,2064
1114678967,2077
1114679967,2039
1114680967,2026
1114681967,2035
1114682967,2022
1114683967,1981
1114684967,1927
1114685967,1889
1114686967,1867
1114697411,2034
1114698411,2044
1114699411,2019
1114700411,2001
1114701411,1946
1114702411,1919
1114703411,1879
1114704411,1865
1114705411,1887
1114706411,1959
1114707411,2031
1114708411,2021
1114709411,2064
1114710411,2089
1114711411,2069
1114712411,2059
1114713411,2021
1114714411,2030
1114715411,2031
1114716411,2016
1114726838,2061
1114727838,2066
1114728838,2061
1114729838,2047
1114730838,2035
1114731838,2067
1114732838,2036
1114733838,1986
1114734838,1926
1114735838,1891
1114736838,1864
1114737838,1872
1114738838,1892
1114739838,1958
1114740838,2017
1114741838,2055
1114742838,2069
1114743838,2067
1114744838,2069
1114745838,2069
1114756266,1941
1114757266,2014
1114758266,2046
1114759266,2074
1114760266,2066
1114761266,2045
1114762266,2075
1114763266,2057
1114764266,2035
1114765266,2043
1114766266,2032
1114767266,1981
1114768266,1927
1114769266,1884
1114770266,1840
1114771266,1866
1114772266,1904
1114773266,1967
1114774266,2036
1114775266,2072
1114785692,1893
1114786692,1876
1114787692,1871
1114788692,1889
1114789692,1943
1114790692,2029
1114791692,2063
1114792692,2077
1114793692,2077
1114794692,2086
1114795692,2081
1114796692,2045
1114797692,2029
1114798692,2042
1114799692,2018
1114800692,1973
1114801692,1905
1114802692,1878
1114803692,1850
1114814146,2039
1114815146,2021
1114816146,2029
1114817146,1988
1114818146,1921
1114819146,1869
1114820146,1857
1114821146,1869
1114822146,1877
1114823146,1964
1114824146,2003
1114825146,2073
1114826146,2079
1114827146,2081
1114828146,2084
1114829146,2083
1114830146,2063
1114831146,2023
1114832146,2036
1114833146,2018
1114843576,2071
1114844576,2076
1114845576,2085
1114846576,2066
1114847576,2039
1114848576,2047
1114849576,2031
1114850576,1982
1114851576,1916
1114852576,1893
1114853576,1860
1114854576,1860
1114855576,1888
1114856576,1965
1114857576,2007
1114858576,2064
1114859576,2076
1114860576,2073
1114861576,2083
1114862576,2081
1114873017,1945
1114874017,2018
1114875017,2064
1114876017,2081
1114877017,2091
1114878017,2087
1114879017,2080
1114880017,2063
1114881017,2057
1114882017,2047
1114883017,2039
1114884017,1974
1114885017,1918
1114886017,1888
1114887017,1881
1114888017,1873
1114889017,1904
1114890017,1968
1114891017,2030
1114892017,2064
1114902444,1904
1114903444,1876
1114904444,1869
1114905444,1894
1114906444,1931
1114907444,2033
1114908444,2070
1114909444,2083
1114910444,2107
1114911444,2128
1114912444,2138
1114913444,2128
1114914444,2087
1114915444,2101
1114916444,2090
1114917444,2021
1114918444,1935
1114919444,1872
1114920444,1820
1114921444,1815
1114931871,2058
1114932871,2055
1114933871,2005
1114934871,1942
1114935871,1877
1114936871,1862
1114937871,1862
1114938871,1893
1114939871,1962
1114940871,2032
1114941871,2106
1114942871,2183
1114943871,2256
1114944871,2271
1114945871,2280
1114946871,2240
1114947871,2185
1114948871,2121
1114949871,1989
1114950871,1840
1114961298,2128
1114962298,2134
1114963298,2112
1114964298,2081
1114965298,2091
1114966298,2077
1114967298,2031
1114968298,1963
1114969298,1921
1114970298,1895
1114971298,1904
1114972298,1931
1114973298,2001
1114974298,2102
1114975298,2155
1114976298,2167
1114977298,2165
1114978298,2166
1114979298,2144
1114989752,1879
1114990752,1935
1114991752,1996
1114992752,2035
1114993752,2059
1114994752,2088
1114995752,2090
1114996752,2085
1114997752,2064
1114998752,2105
1114999752,2176
1115000752,2235
1115001752,2287
1115002752,2307
1115003752,2293
1115004752,2226
1115005752,2205
1115006752,2117
1115007752,1996
1115008752,1849
1115019179,1930
1115020179,1968
1115021179,1988
1115022179,2002
1115023179,2123
1115024179,2224
1115025179,2267
1115026179,2266
1115027179,2270
1115028179,2278
1115029179,2259
1115030179,2226
1115031179,2144
1115032179,2176
1115033179,2182
1115034179,2139
1115035179,2030
1115036179,1949
1115037179,1899
1115038179,1816
1115048623,2082
1115049623,2155
1115050623,2149
1115051623,2109
1115052623,2079
1115053623,2019
1115054623,2001
1115055623,2006
1115056623,2061
1115057623,2065
1115058623,2125
1115059623,2155
1115060623,2171
1115061623,2167
1115062623,2172
1115063623,2162
1115064623,2150
1115065623,2149
1115066623,2090
1115067623,1953
1115078050,2116
1115079050,2128
1115080050,2103
1115081050,2093
1115082050,2064
1115083050,2060
1115084050,2057
1115085050,2077
1115086050,2073
1115087050,2096
1115088050,2176
1115089050,2247
1115090050,2293
1115091050,2255
1115092050,2145
1115093050,1998
1115094050,1857
1115095050,1763
1115096050,1688
1115097050,1663
1115107477,2116
1115108477,2199
1115109477,2224
1115110477,2252
1115111477,2316
1115112477,2319
1115113477,2286
1115114477,2215
1115115477,2187
1115116477,2148
1115117477,2033
1115118477,1930
1115119477,1847
1115120477,1787
1115121477,1765
1115122477,1766
1115123477,1820
1115124477,1858
1115125477,1892
1115126477,1918
1115136904,1973
1115137904,1965
1115138904,1983
1115139904,2056
1115140904,2125
1115141904,2147
1115142904,2124
1115143904,2137
1115144904,2121
1115145904,2084
1115146904,2023
1115147904,2010
1115148904,2059
1115149904,2143
1115150904,2159
1115151904,2129
1115152904,2123
1115153904,2081
1115154904,2047
1115165358,2261
1115166358,2335
1115167358,2273
1115168358,2153
1115169358,2014
1115170358,1835
1115171358,1673
1115172358,1584
1115173358,1562
1115174358,1584
1115175358,1611
1115176358,1680
1115177358,1785
1115178358,2002
1115179358,2279
1115180358,2597
1115181358,2833
1115182358,2909
1115183358,2825
1115184358,2611
1115194785,1628
1115195785,1872
1115196785,2099
1115197785,2224
1115198785,2436
1115199785,2645
1115200785,2672
1115201785,2581
1115202785,2429
1115203785,2256
1115204785,2101
1115205785,1967
1115206785,1888
1115207785,1843
1115208785,1811
1115209785,1829
1115210785,1861
1115211785,1894
1115212785,1921
1115213785,1962
1115224237,2661
1115225237,2608
1115226237,2433
1115227237,2197
1115228237,1938
1115229237,1746
1115230237,1462
1115231237,1264
1115232237,1181
1115233237,1153
1115234237,1219
1115235237,1353
1115236237,1737
1115237237,2101
1115238237,2387
1115239237,2557
1115240237,2677
1115241237,2694
1115242237,2539
1115243237,2320
1115253656,2105
1115254656,2212
1115255656,2269
1115256656,2521
1115257656,2635
1115258656,2631
1115259656,2548
1115260656,2438
1115261656,2293
1115262656,2139
1115263656,1986
1115264656,1872
1115265656,1834
1115266656,1812
1115267656,1728
1115268656,1621
1115269656,1568
1115270656,1533
1115271656,1558
1115272656,1623
1115283083,1751
1115284083,1513
1115285083,1329
1115286083,1267
1115287083,1313
1115288083,1437
1115289083,1702
1115290083,2061
1115291083,2397
1115292083,2631
1115293083,2745
1115294083,2791
1115295083,2746
1115296083,2598
1115297083,2382
1115298083,2148
1115299083,1914
1115300083,1712
1115301083,1490
1115302083,1345
1115312509,2032
1115313509,1648
1115314509,1300
1115315509,1072
1115316509,959
1115317509,933
1115318509,1017
1115319509,1264
1115320509,1527
1115321509,1772
1115322509,1957
1115323509,2158
1115324509,2288
1115325509,2357
1115326509,2366
1115327509,2311
1115328509,2282
1115329509,2277
1115330509,2351
1115331509,2456
1115341936,1862
1115342936,1750
1115343936,1649
1115344936,1583
1115345936,1535
1115346936,1470
1115347936,1485
1115348936,1615
1115349936,1738
1115350936,1837
1115351936,1925
1115352936,2037
1115353936,2096
1115354936,2143
1115355936,2179
1115356936,2171
1115357936,2117
1115358936,2014
1115359936,1909
1115360936,1840
1115371363,2508
1115372363,2255
1115373363,1972
1115374363,1643
1115375363,1344
1115376363,1091
1115377363,979
1115378363,924
1115379363,1008
1115380363,1163
1115381363,1365
1115382363,1621
1115383363,1888
1115384363,2262
1115385363,2559
1115386363,2714
1115387363,2733
1115388363,2726
1115389363,2655
1115390363,2533
1115400790,1974
1115401790,1886
1115402790,1744
1115403790,1584
1115404790,1489
1115405790,1461
1115406790,1520
1115407790,1628
1115408790,1750
1115409790,1892
1115410790,2231
1115411790,2789
1115412790,3152
1115413790,3259
1115414790,3158
1115415790,2944
1115416790,2554
1115417790,2055
1115418790,1505
1115419790,1041
1115430217,2909
1115431217,2943
1115432217,2986
1115433217,2987
1115434217,2839
1115435217,2602
1115436217,2287
1115437217,1926
1115438217,1616
1115439217,1355
1115440217,1217
1115441217,1201
1115442217,1288
1115443217,1519
1115444217,1948
1115445217,2396
1115446217,2758
1115447217,2946
1115448217,2993
1115458671,1431
1115459671,2087
1115460671,2683
1115461671,3059
1115462671,3189
1115463671,3063
1115464671,2742
1115465671,2381
1115466671,1974
1115467671,1587
1115468671,1271
1115469671,1046
1115470671,924
1115471671,993
1115472671,1284
1115473671,1761
1115474671,2267
1115475671,2787
1115476671,3223
1115477671,3463
1115478671,3413
1115489070,1243
1115490070,1871
1115491070,2384
1115492070,2688
1115493070,2832
1115494070,2829
1115495070,2739
1115496070,2615
1115497070,2419
1115498070,2194
1115499070,2011
1115500070,1856
1115501070,1685
1115502070,1680
1115503070,1737
1115504070,1776
1115505070,1770
1115506070,1782
1115507070,1801
1115517525,1617
1115518525,1369
1115519525,1195
1115520525,1143
1115521525,1254
1115522525,1660
1115523525,2277
1115524525,2774
1115525525,3108
1115526525,3232
1115527525,3113
1115528525,2788
1115529525,2354
1115530525,1875
1115531525,1437
1115532525,1105
1115533525,851
1115534525,745
1115535525,855
1115536525,1291
1115537525,1792
1115547924,1827
1115548924,1777
1115549924,1767
1115550924,1718
1115551924,1666
1115552924,1755
1115553924,1780
1115554924,1936
1115555924,2422
1115556924,2819
1115557924,2977
1115558924,2900
1115559924,2687
1115560924,2323
1115561924,1935
1115562924,1509
1115563924,1106
1115564924,879
1115565924,805
1115566924,847
1115577350,2314
1115578350,2153
1115579350,2032
1115580350,1983
1115581350,2242
1115582350,2533
1115583350,2698
1115584350,2672
1115585350,2559
1115586350,2365
1115587350,2000
1115588350,1631
1115589350,1315
1115590350,1077
1115591350,946
1115592350,886
1115593350,955
1115594350,1168
1115595350,1447
1115596350,1756
1115606760,1517
1115607760,1323
1115608760,1290
1115609760,1353
1115610760,1484
1115611760,1701
1115612760,1962
1115613760,2158
1115614760,2277
1115615760,2349
1115616760,2295
1115617760,2129
1115618760,1872
1115619760,1671
1115620760,1535
1115621760,1599
1115622760,1822
1115623760,2073
1115624760,2261
1115625760,2381
1115636187,1507
1115637187,1691
1115638187,1905
1115639187,2323
1115640187,2751
1115641187,2934
1115642187,2913
1115643187,2713
1115644187,2384
1115645187,1999
1115646187,1578
1115647187,1168
1115648187,868
1115649187,803
1115650187,899
1115651187,1095
1115652187,1360
1115653187,1712
1115654187,2175
1115655187,2672
1115656187,3134
1115666588,805
1115667588,948
1115668588,1168
1115669588,1585
1115670588,2223
1115671588,2798
1115672588,3107
1115673588,3153
1115674588,2982
1115675588,2641
1115676588,2263
1115677588,1873
1115678588,1510
1115679588,1237
1115680588,1061
1115681588,1040
1115682588,1239
1115683588,1456
1115684588,1716
1115685588,2160
1115696012,1171
1115697012,1146
1115698012,1323
1115699012,1709
1115700012,2417
1115701012,2950
1115702012,3310
1115703012,3281
1115704012,2971
1115705012,2505
1115706012,1994
1115707012,1604
1115708012,1297
1115709012,1083
1115710012,976
1115711012,989
1115712012,1190
1115713012,1483
1115714012,1732
1115715012,2013
1115725439,1121
1115726439,896
1115727439,784
1115728439,891
1115729439,1129
1115730439,1459
1115731439,1958
1115732439,2815
1115733439,3703
1115734439,4095
1115735439,3812
1115736439,3203
1115737439,2559
1115738439,1946
1115739439,1341
1115740439,850
1115741439,573
1115742439,399
1115743439,474
1115744439,720
1115745439,1155
1115755821,1983
1115756821,1985
1115757821,2233
1115758821,2715
1115759821,3343
1115760821,3720
1115761821,3542
1115762821,3029
1115763821,2468
1115764821,1823
1115765821,1276
1115766821,841
1115767821,449
1115768821,288
1115769821,345
1115770821,553
1115771821,752
1115772821,1495
1115773821,2451
1115774821,3327
1115775821,4089
1115786202,688
1115787202,1001
1115788202,1436
1115789202,1880
1115790202,2249
1115791202,2480
1115792202,2553
1115793202,2530
1115794202,2490
1115795202,2640
1115796202,2928
1115797202,3152
1115798202,3113
1115799202,2905
1115800202,2559
1115801202,2193
1115802202,1798
1115803202,1424
1115804202,1104
1115805202,910
1115815629,3161
1115816629,3057
1115817629,2758
1115818629,2302
1115819629,1883
1115820629,1487
1115821629,1186
1115822629,1135
1115823629,1190
1115824629,1261
1115825629,1339
1115826629,1451
1115827629,1638
1115828629,1888
1115829629,2448
1115830629,2932
1115831629,3119
1115832629,2991
1115833629,2681
1115834629,2260
1115845056,2463
1115846056,3007
1115847056,3324
1115848056,3307
1115849056,3165
1115850056,2933
1115851056,2559
1115852056,2122
1115853056,1661
1115854056,1240
1115855056,942
1115856056,824
1115857056,915
1115858056,1136
1115859056,1397
1115860056,1680
1115861056,2001
1115862056,2448
1115863056,2998
1115864056,3225
1115874466,1983
1115875466,2708
1115876466,3211
1115877466,3238
1115878466,2949
1115879466,2527
1115880466,1999
1115881466,1453
1115882466,1067
1115883466,834
1115884466,709
1115885466,681
1115886466,848
1115887466,1259
1115888466,1878
1115889466,2429
1115890466,2858
1115891466,3024
1115892466,2961
1115893466,2734
1115894466,2407
1115904865,3107
1115905865,3086
1115906865,2790
1115907865,2352
1115908865,1969
1115909865,1621
1115910865,1334
1115911865,1103
1115912865,960
1115913865,957
1115914865,1120
1115915865,1393
1115916865,1793
1115917865,2128
1115918865,2320
1115919865,2422
1115920865,2462
1115921865,2463
1115922865,2595
1115923865,2741
1115934291,1492
1115935291,2099
1115936291,2607
1115937291,2799
1115938291,2789
1115939291,2711
1115940291,2534
1115941291,2254
1115942291,1921
1115943291,1600
1115944291,1323
1115945291,1153
1115946291,1162
1115947291,1262
1115948291,1404
1115949291,1618
1115950291,1861
1115951291,2167
1115952291,2411
1115953291,2505
1115963718,915
1115964718,835
1115965718,918
1115966718,1136
1115967718,1456
1115968718,1894
1115969718,2610
1115970718,3261
1115971718,3683
1115972718,3506
1115973718,3038
1115974718,2484
1115975718,1959
1115976718,1472
1115977718,1061
1115978718,758
1115979718,650
1115980718,770
1115981718,1079
1115982718,1488
1115983718,1853
1115994100,2369
1115995100,2234
1115996100,2302
1115997100,2256
1115998100,2143
1115999100,1983
1116000100,1791
1116001100,1618
1116002100,1472
1116003100,1366
1116004100,1221
1116005100,1232
1116006100,1323
1116007100,1503
1116008100,1703
1116009100,1914
1116010100,2148
1116011100,2273
1116012100,2479
1116022554,867
1116023554,999
1116024554,1234
1116025554,1493
1116026554,1889
1116027554,2304
1116028554,2620
1116029554,2679
1116030554,2592
1116031554,2512
1116032554,2454
1116033554,2286
1116034554,1991
1116035554,1713
1116036554,1459
1116037554,1307
1116038554,1337
1116039554,1503
1116040554,1767
1116041554,2160
1116042554,2416
1116052953,1120
1116053953,1191
1116054953,1475
1116055953,1874
1116056953,2321
1116057953,2581
1116058953,2594
1116059953,2487
1116060953,2334
1116061953,2072
1116062953,1819
1116063953,1604
1116064953,1471
1116065953,1451
1116066953,1477
1116067953,1579
1116068953,1774
1116069953,2113
1116070953,2646
1116081408,1232
1116082408,1670
1116083408,2187
1116084408,2411
1116085408,2384
1116086408,2243
1116087408,2061
1116088408,1870
1116089408,1761
1116090408,1840
1116091408,1977
1116092408,2078
1116093408,2115
1116094408,2174
1116095408,2275
1116096408,2477
1116097408,2525
1116098408,2427
1116099408,2210
1116100408,1930
1116110835,2351
1116111835,2379
1116112835,2299
1116113835,2092
1116114835,1879
1116115835,1771
1116116835,1743
1116117835,1730
1116118835,1684
1116119835,1713
1116120835,1814
1116121835,1939
1116122835,2161
1116123835,2385
1116124835,2518
1116125835,2503
1116126835,2359
1116127835,2132
1116128835,1936
1116129835,1853
1116140279,2068
1116141279,2225
1116142279,2230
1116143279,2019
1116144279,1814
1116145279,1642
1116146279,1520
1116147279,1440
1116148279,1331
1116149279,1332
1116150279,1477
1116151279,1760
1116152279,1942
1116153279,2124
1116154279,2285
1116155279,2370
1116156279,2349
1116157279,2277
1116158279,2179
1116159279,2063
1116169706,722
1116170706,499
1116171706,511
1116172706,873
1116173706,1522
1116174706,2032
1116175706,2380
1116176706,2597
1116177706,2631
1116178706,2511
1116179706,2327
1116180706,2200
1116181706,2320
1116182706,2384
1116183706,2291
1116184706,2093
1116185706,1916
1116186706,1923
1116187706,2046
1116188706,2017
1116199115,2389
1116200115,2487
1116201115,2384
1116202115,2192
1116203115,1986
1116204115,1728
1116205115,1504
1116206115,1408
1116207115,1447
1116208115,1557
1116209115,1741
1116210115,1975
1116211115,2214
1116212115,2557
1116213115,2836
1116214115,2937
1116215115,2847
1116216115,2743
1116217115,2499
1116218115,2126
1116228542,2951
1116229542,3107
1116230542,2959
1116231542,2667
1116232542,2327
1116233542,1970
1116234542,1629
1116235542,1351
1116236542,1201
1116237542,1198
1116238542,1344
1116239542,1616
1116240542,2068
1116241542,2592
1116242542,2963
1116243542,3062
1116244542,2798
1116245542,2495
1116246542,2105
1116247542,1737
1116257986,2143
1116258986,2007
1116259986,1861
1116260986,1796
1116261986,1787
1116262986,1829
1116263986,1923
1116264986,2260
1116265986,2706
1116266986,2941
1116267986,2987
1116268986,2831
1116269986,2467
1116270986,1959
1116271986,1449
1116272986,1177
1116273986,1129
1116274986,1228
1116275986,1348
1116276986,1504
1116287413,2154
1116288413,1911
1116289413,1696
1116290413,1701
1116291413,1877
1116292413,1965
1116293413,1965
1116294413,2023
1116295413,2258
1116296413,2433
1116297413,2437
1116298413,2256
1116299413,2068
1116300413,1855
1116301413,1680
1116302413,1517
1116303413,1360
1116304413,1275
1116305413,1360
1116306413,1564
1116316840,2173
1116317840,1973
1116318840,1938
1116319840,2260
1116320840,2559
1116321840,2694
1116322840,2489
1116323840,2206
1116324840,1943
1116325840,1641
1116326840,1317
1116327840,1055
1116328840,947
1116329840,1073
1116330840,1292
1116331840,1522
1116332840,1799
1116333840,2023
1116334840,2206
1116335840,2384
1116346267,802
1116347267,816
1116348267,868
1116349267,1189
1116350267,1553
1116351267,1888
1116352267,2107
1116353267,2267
1116354267,2484
1116355267,2825
1116356267,3356
1116357267,3599
1116358267,3237
1116359267,2677
1116360267,2109
1116361267,1556
1116362267,1148
1116363267,903
1116364267,852
1116365267,1008
1116375676,1936
1116376676,1648
1116377676,1372
1116378676,1230
1116379676,1270
1116380676,1431
1116381676,1691
1116382676,2155
1116383676,2480
1116384676,2612
1116385676,2707
1116386676,2705
1116387676,2460
1116388676,2194
1116389676,1903
1116390676,1623
1116391676,1425
1116392676,1318
1116393676,1295
1116394676,1309
1116405103,1872
1116406103,1942
1116407103,1855
1116408103,1705
1116409103,1622
1116410103,1599
1116411103,1583
1116412103,1616
1116413103,1654
1116414103,1744
1116415103,1862
1116416103,2068
1116417103,2279
1116418103,2458
1116419103,2608
1116420103,2557
1116421103,2352
1116422103,2167
1116423103,2053
1116424103,2046
1116434547,2288
1116435547,2253
1116436547,2109
1116437547,1903
1116438547,1742
1116439547,1601
1116440547,1523
1116441547,1561
1116442547,1651
1116443547,1936
1116444547,2273
1116445547,2529
1116446547,2835
1116447547,2991
1116448547,2854
1116449547,2539
1116450547,2127
1116451547,1777
1116452547,1471
1116453547,1276
1116463973,2783
1116464973,2604
1116465973,2398
1116466973,2135
1116467973,1840
1116468973,1610
1116469973,1424
1116470973,1332
1116471973,1359
1116472973,1517
1116473973,1812
1116474973,2239
1116475973,2547
1116476973,2653
1116477973,2673
1116478973,2682
1116479973,2558
1116480973,2265
1116481973,1895
1116482973,1619
1116493400,2435
1116494400,2635
1116495400,2790
1116496400,2729
1116497400,2486
1116498400,2189
1116499400,1909
1116500400,1687
1116501400,1631
1116502400,1456
1116503400,1415
1116504400,1510
1116505400,1731
1116506400,2001
1116507400,2276
1116508400,2383
1116509400,2364
1116510400,2183
1116511400,1935
1116512400,1808
1116522827,2071
1116523827,2109
1116524827,2212
1116525827,2224
1116526827,2450
1116527827,2983
1116528827,3108
1116529827,2735
1116530827,2209
1116531827,1670
1116532827,1262
1116533827,993
1116534827,911
1116535827,912
1116536827,1110
1116537827,1380
1116538827,1712
1116539827,1999
1116540827,2251
1116541827,2390
1116552262,932
1116553262,676
1116554262,597
1116555262,731
1116556262,1113
1116557262,1577
1116558262,1958
1116559262,2309
1116560262,2637
1116561262,2874
1116562262,2970
1116563262,2887
1116564262,2630
1116565262,2351
1116566262,2127
1116567262,2097
1116568262,2193
1116569262,2095
1116570262,1872
1116571262,1758
1116581663,2402
1116582663,2384
1116583663,2318
1116584663,2214
1116585663,2096
1116586663,1973
1116587663,1877
1116588663,1749
1116589663,1615
1116590663,1743
1116591663,2061
1116592663,2229
1116593663,2231
1116594663,2111
1116595663,1973
1116596663,1875
1116597663,1779
1116598663,1748
1116599663,1776
1116600663,1841
1116611090,1724
1116612090,1793
1116613090,1768
1116614090,1643
1116615090,1524
1116616090,1535
1116617090,1616
1116618090,1683
1116619090,1856
1116620090,2226
1116621090,2559
1116622090,2640
1116623090,2446
1116624090,2185
1116625090,1945
1116626090,1821
1116627090,1807
1116628090,1716
1116629090,1721
1116630090,1743
1116640534,2290
1116641534,1935
1116642534,1717
1116643534,1535
1116644534,1504
1116645534,1535
1116646534,1561
1116647534,1637
1116648534,1749
1116649534,1904
1116650534,2015
1116651534,2094
1116652534,2182
1116653534,2287
1116654534,2323
1116655534,2300
1116656534,2236
1116657534,2189
1116658534,2074
1116659534,1953
1116669961,2087
1116670961,2137
1116671961,2250
1116672961,2347
1116673961,2363
1116674961,2231
1116675961,1948
1116676961,1634
1116677961,1346
1116678961,1253
1116679961,1386
1116680961,1555
1116681961,1757
1116682961,2227
1116683961,2687
1116684961,2747
1116685961,2544
1116686961,2209
1116687961,1873
1116688961,1616
1116699388,2015
1116700388,1919
1116701388,1875
1116702388,1923
1116703388,1983
1116704388,1996
1116705388,1931
1116706388,1825
1116707388,1749
1116708388,1742
1116709388,1929
1116710388,2086
1116711388,2131
1116712388,2193
1116713388,2327
1116714388,2429
1116715388,2326
1116716388,2070
1116717388,1776
1116718388,1516
1116728815,2137
1116729815,2096
1116730815,2102
1116731815,2183
1116732815,2177
1116733815,2088
1116734815,1936
1116735815,1726
1116736815,1601
1116737815,1589
1116738815,1743
1116739815,1941
1116740815,2080
1116741815,2176
1116742815,2178
1116743815,2125
1116744815,2026
1116745815,1963
1116746815,1984
1116757269,1625
1116758269,2091
1116759269,2365
1116760269,2417
1116761269,2369
1116762269,2119
1116763269,1975
1116764269,1935
1116765269,2128
1116766269,2241
1116767269,2212
1116768269,2037
1116769269,1809
1116770269,1619
1116771269,1522
1116772269,1498
1116773269,1535
1116774269,1799
1116775269,2041
1116776269,2238
1116786696,2224
1116787696,1929
1116788696,1607
1116789696,1300
1116790696,1191
1116791696,1289
1116792696,1480
1116793696,1718
1116794696,1933
1116795696,2096
1116796696,2193
1116797696,2245
1116798696,2462
1116799696,2677
1116800696,2624
1116801696,2395
1116802696,2091
1116803696,1780
1116804696,1507
1116805696,1364
1116816140,1938
1116817140,2036
1116818140,2094
1116819140,2069
1116820140,1991
1116821140,1972
1116822140,1906
1116823140,1809
1116824140,1824
1116825140,1893
1116826140,1920
1116827140,1915
1116828140,1845
1116829140,1836
1116830140,1840
1116831140,1872
1116832140,1851
1116833140,1943
1116834140,2038
1116835140,2167
1116845571,1558
1116846571,1755
1116847571,1935
1116848571,2111
1116849571,2253
1116850571,2277
1116851571,2218
1116852571,2082
1116853571,1971
1116854571,1876
1116855571,1835
1116856571,1834
1116857571,1936
1116858571,1937
1116859571,2025
1116860571,2223
1116861571,2512
1116862571,2623
1116863571,2559
1116864571,2400
1116874994,1855
1116875994,2059
1116876994,2246
1116877994,2352
1116878994,2404
1116879994,2368
1116880994,2311
1116881994,2190
1116882994,2105
1116883994,2028
1116884994,1923
1116885994,1829
1116886994,1819
1116887994,1977
1116888994,2150
1116889994,2192
1116890994,2267
1116891994,2179
1116892994,1985
1116893994,1807
1116904421,2097
1116905421,2065
1116906421,2032
1116907421,2054
1116908421,2089
1116909421,2161
1116910421,2128
1116911421,2128
1116912421,2160
1116913421,2032
1116914421,1870
1116915421,1694
1116916421,1636
1116917421,1705
1116918421,1902
1116919421,2020
1116920421,2033
1116921421,1967
1116922421,1904
1116932875,1937
1116933875,1909
1116934875,1887
1116935875,1823
1116936875,1761
1116937875,1745
1116938875,1761
1116939875,1807
1116940875,2143
1116941875,2621
1116942875,2813
1116943875,2707
1116944875,2363
1116945875,1910
1116946875,1557
1116947875,1312
1116948875,1344
1116949875,1553
1116950875,1759
1116951875,1895
1116962302,2116
1116963302,2032
1116964302,1979
1116965302,1976
1116966302,2073
1116967302,2141
1116968302,2215
1116969302,2390
1116970302,2422
1116971302,2263
1116972302,2005
1116973302,1680
1116974302,1430
1116975302,1370
1116976302,1495
1116977302,1585
1116978302,1707
1116979302,1919
1116980302,2128
1116981302,2281
1116991746,1584
1116992746,1776
1116993746,2077
1116994746,2315
1116995746,2409
1116996746,2446
1116997746,2319
1116998746,2128
1116999746,1988
1117000746,1863
1117001746,1703
1117002746,1626
1117003746,1637
1117004746,1771
1117005746,1908
1117006746,2032
1117007746,2129
1117008746,2128
1117009746,2091
1117010746,2016
1117021173,1773
1117022173,1785
1117023173,1803
1117024173,1902
1117025173,2069
1117026173,2211
1117027173,2276
1117028173,2242
1117029173,2290
1117030173,2394
1117031173,2461
1117032173,2401
1117033173,2152
1117034173,1822
1117035173,1523
1117036173,1323
1117037173,1344
1117038173,1430
1117039173,1600
1117040173,1796
1117050602,2185
1117051602,2212
1117052602,2223
1117053602,2230
1117054602,2160
1117055602,2036
1117056602,1899
1117057602,1783
1117058602,1726
1117059602,1742
1117060602,1777
1117061602,1840
1117062602,1908
1117063602,2025
1117064602,2107
1117065602,2132
1117066602,2246
1117067602,2309
1117068602,2212
1117069602,2016
1117080026,2127
1117081026,2097
1117082026,2144
1117083026,2353
1117084026,2457
1117085026,2352
1117086026,2093
1117087026,1767
1117088026,1516
1117089026,1408
1117090026,1426
1117091026,1617
1117092026,1831
1117093026,1984
1117094026,2121
1117095026,2203
1117096026,2268
1117097026,2309
1117098026,2307
1117108490,2036
1117109490,2144
1117110490,2193
1117111490,2133
1117112490,2092
1117113490,1980
1117114490,1931
1117115490,2009
1117116490,2113
1117117490,2115
1117118490,2039
1117119490,1932
1117120490,1828
1117121490,1744
1117122490,1709
1117123490,1756
1117124490,1872
1117125490,2014
1117126490,2138
1117127490,2227
1117137908,1820
1117138908,1815
1117139908,1813
1117140908,1947
1117141908,2141
1117142908,2186
1117143908,2247
1117144908,2225
1117145908,2256
1117146908,2194
1117147908,2029
1117148908,1872
1117149908,1767
1117150908,1665
1117151908,1600
1117152908,1644
1117153908,1748
1117154908,1808
1117155908,1883
1117156908,1947
1117167352,2109
1117168352,2071
1117169352,2005
1117170352,1937
1117171352,1886
1117172352,1869
1117173352,1879
1117174352,1939
1117175352,2010
1117176352,2105
1117177352,2290
1117178352,2427
1117179352,2448
1117180352,2350
1117181352,2146
1117182352,1917
1117183352,1747
1117184352,1670
1117185352,1644
1117186352,1635
1117196779,1981
1117197779,1973
1117198779,2000
1117199779,2106
1117200779,2112
1117201779,2133
1117202779,2032
1117203779,1913
1117204779,1850
1117205779,1808
1117206779,1795
1117207779,1859
1117208779,1915
1117209779,1993
1117210779,2041
1117211779,2064
1117212779,2099
1117213779,2110
1117214779,2109
1117215779,2177
1117226206,2365
1117227206,2269
1117228206,2044
1117229206,1808
1117230206,1615
1117231206,1520
1117232206,1595
1117233206,1776
1117234206,1937
1117235206,2074
1117236206,2114
1117237206,2096
1117238206,2013
1117239206,1959
1117240206,1935
1117241206,1975
1117242206,2067
1117243206,2188
1117244206,2222
1117245206,2192
1117255632,2000
1117256632,2015
1117257632,1995
1117258632,1969
1117259632,1961
1117260632,1941
1117261632,1954
1117262632,1985
1117263632,1974
1117264632,1982
1117265632,1983
1117266632,2015
1117267632,2032
1117268632,2002
1117269632,1944
1117270632,1921
1117271632,1936
1117272632,1961
1117273632,1989
1117284087,1886
1117285087,1885
1117286087,1861
1117287087,1917
1117288087,1869
1117289087,1805
1117290087,1787
1117291087,1961
1117292087,2195
1117293087,2271
1117294087,2197
1117295087,2061
1117296087,1894
1117297087,1771
1117298087,1712
1117299087,1795
1117300087,1925
1117301087,2061
1117302087,2163
1117303087,2187
1117313514,2044
1117314514,2128
1117315514,2108
1117316514,2096
1117317514,2007
1117318514,1885
1117319514,1751
1117320514,1733
1117321514,1777
1117322514,1825
1117323514,1875
1117324514,1970
1117325514,2081
1117326514,2145
1117327514,2107
1117328514,2062
1117329514,2075
1117330514,2035
1117331514,1985
1117332514,1924
1117342958,2089
1117343958,2078
1117344958,2022
1117345958,2007
1117346958,2009
1117347958,2003
1117348958,2044
1117349958,2105
1117350958,2112
1117351958,2062
1117352958,1988
1117353958,1915
1117354958,1824
1117355958,1799
1117356958,1873
1117357958,1985
1117358958,2145
1117359958,2233
1117360958,2259
1117361958,2208
1117372385,2180
1117373385,2192
1117374385,2177
1117375385,2135
1117376385,2125
1117377385,2057
1117378385,1963
1117379385,1903
1117380385,1851
1117381385,1827
1117382385,1824
1117383385,1897
1117384385,1935
1117385385,1937
1117386385,1905
1117387385,1869
1117388385,1837
1117389385,1915
1117390385,2025
1117391385,2148
1117401811,2077
1117402811,2065
1117403811,2053
1117404811,1999
1117405811,1909
1117406811,1823
1117407811,1849
1117408811,1920
1117409811,2076
1117410811,2164
1117411811,2160
1117412811,2135
1117413811,2015
1117414811,1913
1117415811,1871
1117416811,1875
1117417811,1903
1117418811,1959
1117419811,2017
1117420811,2037
1117431247,2239
1117432247,2158
1117433247,2096
1117434247,2138
1117435247,2191
1117436247,2160
1117437247,2081
1117438247,1991
1117439247,1857
1117440247,1751
1117441247,1744
1117442247,1968
1117443247,1997
1117444247,1999
1117445247,1961
1117446247,1930
1117447247,1889
1117448247,1852
1117449247,1886
1117459693,2153
1117460693,2164
1117461693,2085
1117462693,2044
1117463693,2060
1117464693,2003
1117465693,1949
1117466693,1973
1117467693,2032
1117468693,2055
1117469693,2030
1117470693,2012
1117471693,1997
1117472693,1995
1117473693,2004
1117474693,2090
1117475693,2157
1117476693,2192
1117477693,2192
1117478693,2123
1117489120,2043
1117490120,2032
1117491120,2011
1117492120,1942
1117493120,1846
1117494120,1787
1117495120,1798
1117496120,1838
1117497120,1904
1117498120,1981
1117499120,2114
1117500120,2321
1117501120,2361
1117502120,2256
1117503120,2075
1117504120,1903
1117505120,1747
1117506120,1683
1117507120,1677
1117508120,1789
1117518568,2179
1117519568,2183
1117520568,2116
1117521568,1968
1117522568,1832
1117523568,1810
1117524568,1923
1117525568,1999
1117526568,2023
1117527568,1981
1117528568,1931
1117529568,1876
1117530568,1863
1117531568,1890
1117532568,1936
1117533568,2069
1117534568,2161
1117535568,2224
1117536568,2208
1117537568,2192
1117547990,2318
1117548990,2176
1117549990,2032
1117550990,1921
1117551990,1789
1117552990,1668
1117553990,1650
1117554990,1682
1117555990,1716
1117556990,1813
1117557990,2022
1117558990,2213
1117559990,2273
1117560990,2273
1117561990,2219
1117562990,2134
1117563990,2032
1117564990,1939
1117565990,1872
1117566990,1899
1117577417,2032
1117578417,2061
1117579417,2144
1117580417,2193
1117581417,2253
1117582417,2250
1117583417,2163
1117584417,2005
1117585417,1835
1117586417,1701
1117587417,1675
1117588417,1685
1117589417,1788
1117590417,1833
1117591417,1967
1117592417,2055
1117593417,2093
1117594417,2171
1117595417,2252
1117596417,2325
1117606844,1726
1117607844,1863
1117608844,2003
1117609844,2100
1117610844,2160
1117611844,2167
1117612844,2154
1117613844,2214
1117614844,2224
1117615844,2163
1117616844,2132
1117617844,2067
1117618844,1978
1117619844,1901
1117620844,1852
1117621844,1836
1117622844,1964
1117623844,2124
1117624844,2192
1117635299,2019
1117636299,2002
1117637299,1987
1117638299,1872
1117639299,1889
1117640299,1901
1117641299,1953
1117642299,2012
1117643299,2064
1117644299,2076
1117645299,2084
1117646299,2128
1117647299,2149
1117648299,2155
1117649299,2148
1117650299,2176
1117651299,2121
1117652299,2067
1117653299,2165
1117654299,2156
1117664726,1924
1117665726,2031
1117666726,2100
1117667726,2150
1117668726,2217
1117669726,2193
1117670726,2249
1117671726,2254
1117672726,2190
1117673726,2075
1117674726,1936
1117675726,1804
1117676726,1716
1117677726,1671
1117678726,1695
1117679726,1781
1117680726,1965
1117681726,2169
1117682726,2322
1117683726,2395
1117694169,2147
1117695169,2171
1117696169,2111
1117697169,2073
1117698169,2019
1117699169,1987
1117700169,2063
1117701169,2161
1117702169,2284
1117703169,2280
1117704169,2207
1117705169,2094
1117706169,1929
1117707169,1744
1117708169,1605
1117709169,1577
1117710169,1604
1117711169,1700
1117712169,1776
1117713169,1919
1117723602,1514
1117724602,1581
1117725602,1699
1117726602,1823
1117727602,1931
1117728602,2037
1117729602,2160
1117730602,2204
1117731602,2284
1117732602,2345
1117733602,2363
1117734602,2256
1117735602,2081
1117736602,1878
1117737602,1756
1117738602,1839
1117739602,1943
1117740602,2011
1117741602,2069
1117742602,2053
1117753023,2353
1117754023,2197
1117755023,2130
1117756023,1989
1117757023,1839
1117758023,1785
1117759023,1801
1117760023,1820
1117761023,1845
1117762023,1885
1117763023,1917
1117764023,1965
1117765023,1969
1117766023,1916
1117767023,1955
1117768023,2033
1117769023,2038
1117770023,2019
1117771023,2019
1117772023,2001
1117782450,1915
1117783450,1966
1117784450,2041
1117785450,2087
1117786450,2129
1117787450,2126
1117788450,2054
1117789450,1959
1117790450,1899
1117791450,1873
1117792450,1894
1117793450,2006
1117794450,2080
1117795450,2128
1117796450,2098
1117797450,1999
1117798450,1939
1117799450,1952
1117800450,1969
1117810905,2032
1117811905,2057
1117812905,2141
1117813905,2198
1117814905,2180
1117815905,2172
1117816905,2064
1117817905,1887
1117818905,1740
1117819905,1661
1117820905,1636
1117821905,1629
1117822905,1709
1117823905,1727
1117824905,1819
1117825905,1938
1117826905,2101
1117827905,2213
1117828905,2267
1117829905,2288
1117840331,2149
1117841331,2224
1117842331,2209
1117843331,2153
1117844331,2108
1117845331,2128
1117846331,2074
1117847331,1991
1117848331,1953
1117849331,1958
1117850331,1983
1117851331,1959
1117852331,1852
1117853331,1747
1117854331,1712
1117855331,1680
1117856331,1712
1117857331,1798
1117858331,1947
1117859331,2045
1117869775,2160
1117870775,2144
1117871775,1959
1117872775,1793
1117873775,1681
1117874775,1664
1117875775,1675
1117876775,1706
1117877775,1745
1117878775,1806
1117879775,2045
1117880775,2224
1117881775,2373
1117882775,2384
1117883775,2323
1117884775,2189
1117885775,2134
1117886775,2009
1117887775,1904
1117888775,1760
1117899202,2187
1117900202,2219
1117901202,2179
1117902202,2111
1117903202,2128
1117904202,2211
1117905202,2192
1117906202,2077
1117907202,1919
1117908202,1825
1117909202,1762
1117910202,1712
1117911202,1675
1117912202,1663
1117913202,1727
1117914202,1818
1117915202,1918
1117916202,2021
1117917202,2147
1117918202,2212
1117928629,1907
1117929629,1890
1117930629,1862
1117931629,1835
1117932629,1853
1117933629,1907
1117934629,1965
1117935629,2020
1117936629,2043
1117937629,2047
1117938629,2033
1117939629,2061
1117940629,2067
1117941629,2094
1117942629,2064
1117943629,2019
1117944629,1955
1117945629,1899
1117946629,1892
1117947629,1866
1117958056,2044
1117959056,1765
1117960056,1498
1117961056,1292
1117962056,1194
1117963056,1243
1117964056,1421
1117965056,1707
1117966056,1951
1117967056,2167
1117968056,2293
1117969056,2251
1117970056,2218
1117971056,2148
1117972056,2092
1117973056,1935
1117974056,1835
1117975056,1796
1117976056,1787
1117986510,2219
1117987510,2102
1117988510,2008
1117989510,1931
1117990510,1879
1117991510,1890
1117992510,1890
1117993510,1889
1117994510,1913
1117995510,2019
1117996510,2148
1117997510,2222
1117998510,2224
1117999510,2166
1118000510,2101
1118001510,1979
1118002510,1846
1118003510,1731
1118004510,1668
1118005510,1643
1118015937,1873
1118016937,1833
1118017937,1761
1118018937,1730
1118019937,1807
1118020937,1933
1118021937,1989
1118022937,2007
1118023937,2002
1118024937,2031
1118025937,2087
1118026937,2178
1118027937,2256
1118028937,2274
1118029937,2205
1118030937,2064
1118031937,1983
1118032937,1939
1118033937,1997
1118034937,2124
1118045381,1721
1118046381,1823
1118047381,1871
1118048381,1904
1118049381,1963
1118050381,2144
1118051381,2183
1118052381,2135
1118053381,2046
1118054381,1985
1118055381,1948
1118056381,1943
1118057381,1994
1118058381,2069
1118059381,2126
1118060381,2225
1118061381,2171
1118062381,2188
1118063381,2211
1118064381,2289
1118074808,1709
1118075808,1845
1118076808,2013
1118077808,2123
1118078808,2211
1118079808,2290
1118080808,2354
1118081808,2310
1118082808,2247
1118083808,2187
1118084808,2096
1118085808,1988
1118086808,1909
1118087808,1968
1118088808,1981
1118089808,1979
1118090808,1978
1118091808,2000
1118092808,1978
1118093808,1940
1118104243,2087
1118105243,1952
1118106243,1828
1118107243,1730
1118108243,1712
1118109243,1737
1118110243,1809
1118111243,1827
1118112243,1833
1118113243,1839
1118114243,1840
1118115243,1891
1118116243,1955
1118117243,2071
1118118243,2102
1118119243,2078
1118120243,1985
1118121243,1937
1118122243,1917
1118123243,1906
1118133662,2177
1118134662,2233
1118135662,2299
1118136662,2241
1118137662,2096
1118138662,1936
1118139662,1807
1118140662,1623
1118141662,1520
1118142662,1487
1118143662,1515
1118144662,1591
1118145662,1626
1118146662,1668
1118147662,1785
1118148662,1983
1118149662,2229
1118150662,2393
1118151662,2453
1118162116,1983
1118163116,2081
1118164116,2187
1118165116,2239
1118166116,2253
1118167116,2271
1118168116,2233
1118169116,2128
1118170116,2022
1118171116,1995
1118172116,2020
1118173116,2056
1118174116,2118
1118175116,2159
1118176116,2121
1118177116,2046
1118178116,2064
1118179116,2141
1118180116,2271
1118181116,2515
1118191543,1598
1118192543,2215
1118193543,2708
1118194543,2864
1118195543,2758
1118196543,2500
1118197543,2160
1118198543,1808
1118199543,1519
1118200543,1345
1118201543,1236
1118202543,1169
1118203543,1227
1118204543,1427
1118205543,1729
1118206543,1995
1118207543,2331
1118208543,2973
1118209543,3607
1118210543,3605
1118220987,1456
1118221987,1706
1118222987,1919
1118223987,2102
1118224987,2235
1118225987,2257
1118226987,2198
1118227987,2119
1118228987,2125
1118229987,2192
1118230987,2248
1118231987,2271
1118232987,2249
1118233987,2251
1118234987,2193
1118235987,2107
1118236987,2000
1118237987,1927
1118238987,1919
1118239987,2039
1118250414,1178
1118251414,1147
1118252414,1169
1118253414,1278
1118254414,1525
1118255414,1793
1118256414,1985
1118257414,2139
1118258414,2386
1118259414,2544
1118260414,2503
1118261414,2442
1118262414,2289
1118263414,2129
1118264414,1972
1118265414,1828
1118266414,1727
1118267414,1671
1118268414,1674
1118269414,1660
1118279841,2002
1118280841,1907
1118281841,1795
1118282841,1731
1118283841,1775
1118284841,1775
1118285841,1769
1118286841,1780
1118287841,1840
1118288841,1859
1118289841,1875
1118290841,1951
1118291841,2002
1118292841,2160
1118293841,2346
1118294841,2418
1118295841,2409
1118296841,2395
1118297841,2354
1118298841,2352
1118309268,1853
1118310268,2186
1118311268,2403
1118312268,2451
1118313268,2411
1118314268,2268
1118315268,2064
1118316268,1933
1118317268,1844
1118318268,1716
1118319268,1605
1118320268,1555
1118321268,1589
1118322268,1679
1118323268,1744
1118324268,1876
1118325268,2017
1118326268,2164
1118327268,2266
1118337722,2009
1118338722,1835
1118339722,1705
1118340722,1617
1118341722,1609
1118342722,1653
1118343722,1735
1118344722,1809
1118345722,1903
1118346722,1957
1118347722,2063
1118348722,2091
1118349722,2080
1118350722,2080
1118351722,2037
1118352722,1991
1118353722,2004
1118354722,2132
1118355722,2245
1118356722,2310
1118367149,1815
1118368149,1824
1118369149,1772
1118370149,1706
1118371149,1661
1118372149,1572
1118373149,1561
1118374149,1616
1118375149,1808
1118376149,1905
1118377149,2001
1118378149,2229
1118379149,2449
1118380149,2559
1118381149,2625
1118382149,2608
1118383149,2490
1118384149,2352
1118385149,2123
1118386149,1873
1118396596,1931
1118397596,1742
1118398596,1564
1118399596,1488
1118400596,1581
1118401596,1661
1118402596,1760
1118403596,1851
1118404596,1993
1118405596,2077
1118406596,2113
1118407596,2118
1118408596,2133
1118409596,2123
1118410596,2121
1118411596,2135
1118412596,2131
1118413596,2159
1118414596,2128
1118415596,2099
1118426020,1665
1118427020,1633
1118428020,1598
1118429020,1602
1118430020,1646
1118431020,1717
1118432020,1776
1118433020,1933
1118434020,2165
1118435020,2294
1118436020,2309
1118437020,2194
1118438020,2124
1118439020,2060
1118440020,2096
1118441020,2112
1118442020,2115
1118443020,2044
1118444020,1991
1118445020,1903
1118455447,1996
1118456447,2031
1118457447,2112
1118458447,2302
1118459447,2464
1118460447,2517
1118461447,2495
1118462447,2381
1118463447,2265
1118464447,1999
1118465447,1783
1118466447,1579
1118467447,1520
1118468447,1500
1118469447,1525
1118470447,1616
1118471447,1776
1118472447,1877
1118473447,1969
1118474447,2127
1118484874,2033
1118485874,1885
1118486874,1723
1118487874,1581
1118488874,1456
1118489874,1392
1118490874,1456
1118491874,1671
1118492874,1968
1118493874,2229
1118494874,2381
1118495874,2400
1118496874,2371
1118497874,2261
1118498874,2135
1118499874,2023
1118500874,1953
1118501874,1865
1118502874,1748
1118513328,2173
1118514328,2166
1118515328,2161
1118516328,2147
1118517328,2156
1118518328,2167
1118519328,2229
1118520328,2288
1118521328,2320
1118522328,2277
1118523328,2197
1118524328,2098
1118525328,1985
1118526328,1841
1118527328,1682
1118528328,1555
1118529328,1475
1118530328,1482
1118531328,1535
1118532328,1701
1118542755,2471
1118543755,2436
1118544755,2351
1118545755,2192
1118546755,2011
1118547755,1824
1118548755,1666
1118549755,1562
1118550755,1575
1118551755,1666
1118552755,1796
1118553755,1933
1118554755,2097
1118555755,2160
1118556755,2179
1118557755,2161
1118558755,2160
1118559755,2095
1118560755,1986
1118561755,1872
1118572199,1755
1118573199,1770
1118574199,1872
1118575199,2017
1118576199,2170
1118577199,2266
1118578199,2300
1118579199,2337
1118580199,2429
1118581199,2549
1118582199,2581
1118583199,2546
1118584199,2517
1118585199,2295
1118586199,2053
1118587199,1776
1118588199,1552
1118589199,1387
1118590199,1216
1118591199,1131
1118601626,2451
1118602626,2272
1118603626,2066
1118604626,1906
1118605626,1788
1118606626,1721
1118607626,1741
1118608626,1840
1118609626,1967
1118610626,2127
1118611626,2267
1118612626,2359
1118613626,2398
1118614626,2336
1118615626,2249
1118616626,2150
1118617626,2061
1118618626,1943
1118619626,1820
1118620626,1729
1118631053,2775
1118632053,2731
1118633053,2576
1118634053,2423
1118635053,2224
1118636053,1920
1118637053,1616
1118638053,1344
1118639053,1168
1118640053,1049
1118641053,1088
1118642053,1179
1118643053,1297
1118644053,1409
1118645053,1562
1118646053,1686
1118647053,1925
1118648053,2173
1118649053,2384
1118650053,2534
1118660479,1691
1118661479,1799
1118662479,1950
1118663479,2129
1118664479,2231
1118665479,2300
1118666479,2288
1118667479,2256
1118668479,2191
1118669479,2020
1118670479,1830
1118671479,1643
1118672479,1511
1118673479,1535
1118674479,1663
1118675479,1889
1118676479,2113
1118677479,2271
1118678479,2384
1118688934,2090
1118689934,2063
1118690934,2016
1118691934,1941
1118692934,1836
1118693934,1734
1118694934,1589
1118695934,1479
1118696934,1477
1118697934,1661
1118698934,1885
1118699934,2121
1118700934,2319
1118701934,2408
1118702934,2369
1118703934,2265
1118704934,2087
1118705934,1870
1118706934,1684
1118707934,1605
1118718361,2351
1118719361,2224
1118720361,2081
1118721361,1973
1118722361,1904
1118723361,1904
1118724361,1917
1118725361,1961
1118726361,1987
1118727361,2000
1118728361,1967
1118729361,1933
1118730361,1959
1118731361,1983
1118732361,2019
1118733361,2043
1118734361,2103
1118735361,2140
1118736361,2099
1118737361,2032
1118747805,2158
1118748805,2210
1118749805,2256
1118750805,2305
1118751805,2279
1118752805,2181
1118753805,2067
1118754805,1942
1118755805,1855
1118756805,1837
1118757805,1853
1118758805,1910
1118759805,2043
1118760805,2099
1118761805,2206
1118762805,2321
1118763805,2270
1118764805,2211
1118765805,2140
1118766805,2074
1118777240,2144
1118778240,2243
1118779240,2285
1118780240,2314
1118781240,2327
1118782240,2343
1118783240,2403
1118784240,2450
1118785240,2387
1118786240,2257
1118787240,2068
1118788240,1850
1118789240,1643
1118790240,1483
1118791240,1419
1118792240,1433
1118793240,1494
1118794240,1601
1118795240,1716
1118796240,1870
1118806658,1727
1118807658,1721
1118808658,1814
1118809658,1861
1118810658,1936
1118811658,2004
1118812658,2067
1118813658,2095
1118814658,2117
1118815658,2127
1118816658,2133
1118817658,2192
1118818658,2179
1118819658,2116
1118820658,2064
1118821658,2016
1118822658,1978
1118823658,1968
1118824658,2018
1118825658,2043
1118836085,2368
1118837085,2299
1118838085,2189
1118839085,2017
1118840085,1865
1118841085,1702
1118842085,1647
1118843085,1614
1118844085,1635
1118845085,1635
1118846085,1701
1118847085,1776
1118848085,1865
1118849085,1961
1118850085,2035
1118851085,2094
1118852085,2038
1118853085,1949
1118854085,1903
1118864540,2261
1118865540,2202
1118866540,2097
1118867540,2013
1118868540,1901
1118869540,1767
1118870540,1626
1118871540,1526
1118872540,1492
1118873540,1577
1118874540,1712
1118875540,1900
1118876540,2063
1118877540,2165
1118878540,2224
1118879540,2247
1118880540,2228
1118881540,2185
1118882540,2117
1118883540,2098
1118893967,2110
1118894967,2128
1118895967,2118
1118896967,2112
1118897967,2085
1118898967,2061
1118899967,2080
1118900967,2105
1118901967,2082
1118902967,2026
1118903967,1961
1118904967,1909
1118905967,1847
1118906967,1841
1118907967,1911
1118908967,2060
1118909967,2208
1118910967,2299
1118911967,2327
1118912967,2314
1118923411,1662
1118924411,1871
1118925411,2119
1118926411,2263
1118927411,2325
1118928411,2308
1118929411,2290
1118930411,2255
1118931411,2219
1118932411,2192
1118933411,2174
1118934411,2156
1118935411,2112
1118936411,2024
1118937411,1932
1118938411,1857
1118939411,1773
1118940411,1730
1118941411,1712
1118942411,1792
1118952837,2347
1118953837,2266
1118954837,2192
1118955837,2053
1118956837,1946
1118957837,1856
1118958837,1794
1118959837,1763
1118960837,1724
1118961837,1707
1118962837,1732
1118963837,1760
1118964837,1793
1118965837,1830
1118966837,1860
1118967837,1907
1118968837,1933
1118969837,1899
1118970837,1883
1118971837,1888
1118982266,2440
1118983266,2415
1118984266,2352
1118985266,2237
1118986266,2037
1118987266,1931
1118988266,1829
1118989266,1767
1118990266,1747
1118991266,1773
1118992266,1830
1118993266,1872
1118994266,1897
1118995266,1873
1118996266,1872
1118997266,1839
1118998266,1798
1118999266,1790
1119000266,1812
1119001266,1833
1119011691,2650
1119012691,2481
1119013691,2242
1119014691,2015
1119015691,1744
1119016691,1518
1119017691,1347
1119018691,1235
1119019691,1189
1119020691,1200
1119021691,1292
1119022691,1424
1119023691,1597
1119024691,1823
1119025691,2032
1119026691,2192
1119027691,2283
1119028691,2304
1119029691,2320
1119040146,1927
1119041146,1931
1119042146,1937
1119043146,2003
1119044146,2001
1119045146,1999
1119046146,2013
1119047146,2023
1119048146,2029
1119049146,2039
1119050146,2055
1119051146,2060
1119052146,2077
1119053146,1968
1119054146,1897
1119055146,1861
1119056146,1816
1119057146,1839
1119058146,1872
1119059146,1968
1119069575,1982
1119070575,1901
1119071575,1862
1119072575,1821
1119073575,1837
1119074575,1921
1119075575,2038
1119076575,2112
1119077575,2149
1119078575,2186
1119079575,2181
1119080575,2192
1119081575,2173
1119082575,2138
1119083575,2111
1119084575,2060
1119085575,1951
1119086575,1865
1119087575,1785
1119088575,1743
1119099016,1980
1119100016,2030
1119101016,2080
1119102016,2101
1119103016,2109
1119104016,2096
1119105016,2080
1119106016,2047
1119107016,2016
1119108016,2000
1119109016,1989
1119110016,1936
1119111016,1868
1119112016,1803
1119113016,1744
1119114016,1749
1119115016,1760
1119116016,1809
1119117016,1904
1119118016,1984
1119128443,2089
1119129443,2102
1119130443,2067
1119131443,2045
1119132443,2002
1119133443,1987
1119134443,1998
1119135443,1971
1119136443,1920
1119137443,1877
1119138443,1821
1119139443,1865
1119140443,1872
1119141443,1943
1119142443,2037
1119143443,2071
1119144443,2094
1119145443,2092
1119146443,2126
1119147443,2100
1119157870,1870
1119158870,1959
1119159870,2007
1119160870,2045
1119161870,2055
1119162870,2062
1119163870,2060
1119164870,2041
1119165870,2029
1119166870,2039
1119167870,2096
1119168870,2107
1119169870,2067
1119170870,2059
1119171870,2084
1119172870,2071
1119173870,2077
1119174870,2111
1119175870,2133
1119176870,2096
1119187297,1803
1119188297,1840
1119189297,1901
1119190297,1979
1119191297,2071
1119192297,2145
1119193297,2205
1119194297,2203
1119195297,2211
1119196297,2125
1119197297,2079
1119198297,2012
1119199297,1939
1119200297,1914
1119201297,1909
1119202297,1885
1119203297,1856
1119204297,1840
1119205297,1841
1119215752,2064
1119216752,2057
1119217752,2070
1119218752,2063
1119219752,1973
1119220752,1913
1119221752,1890
1119222752,1867
1119223752,1883
1119224752,1947
1119225752,2032
1119226752,2113
1119227752,2108
1119228752,2108
1119229752,2134
1119230752,2108
1119231752,2083
1119232752,2035
1119233752,2026
1119234752,2021
1119245178,2081
1119246178,2063
1119247178,2032
1119248178,1995
1119249178,1936
1119250178,1911
1119251178,1923
1119252178,1904
1119253178,1855
1119254178,1809
1119255178,1818
1119256178,1840
1119257178,1862
1119258178,1927
1119259178,2031
1119260178,2080
1119261178,2098
1119262178,2097
1119263178,2106
1119264178,2113
1119274622,2145
1119275622,2183
1119276622,2155
1119277622,2081
1119278622,1969
1119279622,1870
1119280622,1789
1119281622,1732
1119282622,1731
1119283622,1764
1119284622,1843
1119285622,1872
1119286622,1895
1119287622,1889
1119288622,1903
1119289622,1906
1119290622,1935
1119291622,1996
1119292622,2063
1119293622,2091
1119304049,1968
1119305049,1955
1119306049,1971
1119307049,1973
1119308049,2034
1119309049,2096
1119310049,2118
1119311049,2099
1119312049,2047
1119313049,1991
1119314049,1954
1119315049,1913
1119316049,1889
1119317049,1903
1119318049,1934
1119319049,1920
1119320049,1886
1119321049,1851
1119322049,1861
1119323049,1847
1119333476,2054
1119334476,2061
1119335476,2053
1119336476,1975
1119337476,1914
1119338476,1897
1119339476,1861
1119340476,1879
1119341476,1940
1119342476,2019
1119343476,2060
1119344476,2069
1119345476,2079
1119346476,2090
1119347476,2083
1119348476,2064
1119349476,2043
1119350476,2032
1119351476,2044
1119352476,1997
1119362903,2087
1119363903,2091
1119364903,2073
1119365903,2059
1119366903,2054
1119367903,2060
1119368903,2032
1119369903,1969
1119370903,1948
1119371903,1930
1119372903,1935
1119373903,1956
1119374903,2011
1119375903,2092
1119376903,2095
1119377903,2045
1119378903,2009
1119379903,1977
1119380903,1939
1119391357,1952
1119392357,2038
1119393357,2097
1119394357,2121
1119395357,2119
1119396357,2119
1119397357,2116
1119398357,2094
1119399357,2068
1119400357,2055
1119401357,2067
1119402357,2017
1119403357,1936
1119404357,1872
1119405357,1840
1119406357,1801
1119407357,1814
1119408357,1898
1119409357,1958
1119410357,2013
1119420784,1919
1119421784,1877
1119422784,1855
1119423784,1884
1119424784,1929
1119425784,2037
1119426784,2055
1119427784,2085
1119428784,2082
1119429784,2085
1119430784,2096
1119431784,2077
1119432784,2055
1119433784,2043
1119434784,2063
1119435784,1996
1119436784,1932
1119437784,1877
1119438784,1867
1119439784,1857
1119450236,2025
1119451236,2073
1119452236,2033
1119453236,1969
1119454236,1929
1119455236,1956
1119456236,1888
1119457236,1901
1119458236,1961
1119459236,2032
1119460236,2059
1119461236,2043
1119462236,2047
1119463236,2042
1119464236,2038
1119465236,2030
1119466236,2016
1119467236,2015
1119468236,2019
1119469236,1975
1119479655,2070
1119480655,2073
1119481655,2039
1119482655,2019
1119483655,2011
1119484655,2016
1119485655,1995
1119486655,1933
1119487655,1883
1119488655,1861
1119489655,1853
1119490655,1879
1119491655,1945
1119492655,2001
1119493655,2064
1119494655,2091
1119495655,2091
1119496655,2089
1119497655,2087
1119498655,2065
1119509082,2000
1119510082,2069
1119511082,2105
1119512082,2106
1119513082,2106
1119514082,2101
1119515082,2065
1119516082,2044
1119517082,2035
1119518082,2035
1119519082,2009
1119520082,1923
1119521082,1870
1119522082,1840
1119523082,1820
1119524082,1826
1119525082,1901
1119526082,1969
1119527082,2034
1119528082,2047
1119538509,1882
1119539509,1845
1119540509,1860
1119541509,1919
1119542509,1971
1119543509,2042
1119544509,2079
1119545509,2085
1119546509,2080
1119547509,2095
1119548509,2068
1119549509,2038
1119550509,2043
1119551509,2037
1119552509,2000
1119553509,1967
1119554509,1883
1119555509,1857
1119556509,1841
1119566963,2034
1119567963,2047
1119568963,1983
1119569963,1947
1119570963,1894
1119571963,1873
1119572963,1840
1119573963,1871
1119574963,1936
1119575963,2009
1119576963,2054
1119577963,2083
1119578963,2026
1119579963,2080
1119580963,2082
1119581963,2073
1119582963,2079
1119583963,2061
1119584963,2056
1119585963,1999
1119596390,2075
1119597390,2078
1119598390,2069
1119599390,2047
1119600390,2031
1119601390,2058
1119602390,2003
1119603390,1937
1119604390,1904
1119605390,1871
1119606390,1841
1119607390,1878
1119608390,1936
1119609390,2016
1119610390,2060
1119611390,2092
1119612390,2097
1119613390,2094
1119614390,2091
1119615390,2072
1119625834,1982
1119626834,2045
1119627834,2073
1119628834,2105
1119629834,2083
1119630834,2083
1119631834,2068
1119632834,2045
1119633834,2011
1119634834,2027
1119635834,2066
1119636834,1921
1119637834,1877
1119638834,1862
1119639834,1849
1119640834,1890
1119641834,1969
1119642834,2032
1119643834,2100
1119644834,2105
1119655262,1838
1119656262,1829
1119657262,1856
1119658262,1924
1119659262,1997
1119660262,2046
1119661262,2081
1119662262,2080
1119663262,2079
1119664262,2087
1119665262,2075
1119666262,2061
1119667262,2039
1119668262,2059
1119669262,2005
1119670262,1937
1119671262,1889
1119672262,1833
1119673262,1863
1119674262,1889
1119684688,2033
1119685688,2005
1119686688,1931
1119687688,1884
1119688688,1855
1119689688,1843
1119690688,1872
1119691688,1927
1119692688,2006
1119693688,2053
1119694688,2078
1119695688,2078
1119696688,2083
1119697688,2124
1119698688,2061
1119699688,2042
1119700688,2014
1119701688,2033
1119702688,1977
1119703688,1904
1119714115,2093
1119715115,2081
1119716115,2054
1119717115,2045
1119718115,2047
1119719115,2005
1119720115,1936
1119721115,1889
1119722115,1856
1119723115,1813
1119724115,1856
1119725115,1925
1119726115,2003
1119727115,2054
1119728115,2074
1119729115,2081
1119730115,2083
1119731115,2083
1119732115,2064
1119742571,2005
1119743571,2021
1119744571,2079
1119745571,2080
1119746571,2093
1119747571,2080
1119748571,2064
1119749571,2000
1119750571,2035
1119751571,2033
1119752571,1999
1119753571,1923
1119754571,1879
1119755571,1869
1119756571,1859
1119757571,1909
1119758571,1951
1119759571,2005
1119760571,2077
1119761571,2089
1119771996,1865
1119772996,1856
1119773996,1872
1119774996,1934
1119775996,2014
1119776996,2065
1119777996,2091
1119778996,2091
1119779996,2077
1119780996,2080
1119781996,2069
1119782996,2032
1119783996,2031
1119784996,2036
1119785996,1989
1119786996,1907
1119787996,1879
1119788996,1867
1119789996,1855
1119790996,1895
1119801440,2037
1119802440,1998
1119803440,1930
1119804440,1881
1119805440,1860
1119806440,1859
1119807440,1869
1119808440,1937
1119809440,2017
1119810440,2061
1119811440,2081
1119812440,2083
1119813440,2085
1119814440,2084
1119815440,2066
1119816440,2037
1119817440,2035
1119818440,2025
1119819440,1986
1119820440,1905
1119830867,2095
1119831867,2083
1119832867,2035
1119833867,2042
1119834867,2000
1119835867,1987
1119836867,1927
1119837867,1884
1119838867,1867
1119839867,1855
1119840867,1888
1119841867,1946
1119842867,2028
1119843867,2065
1119844867,2085
1119845867,2136
1119846867,2115
1119847867,2087
1119848867,2065
1119849867,2039
1119860294,2043
1119861294,2054
1119862294,2047
1119863294,2038
1119864294,2058
1119865294,2042
1119866294,2030
1119867294,2030
1119868294,2032
1119869294,1993
1119870294,1932
1119871294,1895
1119872294,1870
1119873294,1873
1119874294,1924
1119875294,1985
1119876294,2043
1119877294,2096
1119878294,2085
1119879294,2066
1119889721,1845
1119890721,1885
1119891721,1951
1119892721,2028
1119893721,2078
1119894721,2093
1119895721,2093
1119896721,2095
1119897721,2102
1119898721,2082
1119899721,2060
1119900721,2039
1119901721,2035
1119902721,1985
1119903721,1909
1119904721,1875
1119905721,1847
1119906721,1840
1119907721,1888
1119918175,2157
1119919175,2096
1119920175,1990
1119921175,1880
1119922175,1808
1119923175,1741
1119924175,1728
1119925175,1759
1119926175,1775
1119927175,1865
1119928175,1907
1119929175,1983
1119930175,2035
1119931175,2087
1119932175,2096
1119933175,2099
1119934175,2145
1119935175,2160
1119936175,2083
1119937175,1997
1119947602,2164
1119948602,2181
1119949602,2192
1119950602,2191
1119951602,2182
1119952602,2085
1119953602,1968
1119954602,1905
1119955602,1893
1119956602,1873
1119957602,1872
1119958602,1904
1119959602,1949
1119960602,1977
1119961602,1981
1119962602,1967
1119963602,1962
1119964602,1967
1119965602,1998
1119966602,1985
1119977046,2154
1119978046,2173
1119979046,2177
1119980046,2176
1119981046,2148
1119982046,2098
1119983046,2036
1119984046,1987
1119985046,1935
1119986046,1869
1119987046,1803
1119988046,1795
1119989046,1776
1119990046,1801
1119991046,1833
1119992046,1897
1119993046,1957
1119994046,1972
1119995046,1989
1119996046,1991
1120006482,1979
1120007482,2074
1120008482,2230
1120009482,2358
1120010482,2432
1120011482,2415
1120012482,2357
1120013482,2295
1120014482,2246
1120015482,2141
1120016482,2033
1120017482,1936
1120018482,1779
1120019482,1653
1120020482,1583
1120021482,1612
1120022482,1658
1120023482,1712
1120024482,1802
1120025482,1985
1120035900,1861
1120036900,1715
1120037900,1579
1120038900,1470
1120039900,1408
1120040900,1407
1120041900,1487
1120042900,1597
1120043900,1710
1120044900,1791
1120045900,1888
1120046900,2018
1120047900,2123
1120048900,2223
1120049900,2303
1120050900,2361
1120051900,2352
1120052900,2246
1120053900,2128
1120054900,2011
1120065327,2480
1120066327,2515
1120067327,2433
1120068327,2288
1120069327,2073
1120070327,1816
1120071327,1598
1120072327,1431
1120073327,1379
1120074327,1420
1120075327,1524
1120076327,1677
1120077327,1840
1120078327,1974
1120079327,2047
1120080327,2089
1120081327,2123
1120082327,2162
1120083327,2220
1120093781,2307
1120094781,2298
1120095781,2266
1120096781,2212
1120097781,2110
1120098781,2023
1120099781,1946
1120100781,1856
1120101781,1781
1120102781,1680
1120103781,1593
1120104781,1610
1120105781,1623
1120106781,1603
1120107781,1653
1120108781,1804
1120109781,1959
1120110781,2083
1120111781,2242
1120112781,2497
1120123208,841
1120124208,997
1120125208,1360
1120126208,1820
1120127208,2305
1120128208,2736
1120129208,2987
1120130208,3132
1120131208,3157
1120132208,3007
1120133208,2809
1120134208,2551
1120135208,2211
1120136208,1822
1120137208,1417
1120138208,1094
1120139208,871
1120140208,899
1120141208,1201
1120142208,1616
1120143208,2032
1120153607,1585
1120154607,1625
1120155607,1944
1120156607,2252
1120157607,2463
1120158607,2630
1120159607,2705
1120160607,2653
1120161607,2442
1120162607,2131
1120163607,1767
1120164607,1429
1120165607,1169
1120166607,1004
1120167607,921
1120168607,1092
1120169607,1357
1120170607,1648
1120171607,1917
1120172607,2103
1120183034,1937
1120184034,2151
1120185034,2352
1120186034,2443
1120187034,2459
1120188034,2430
1120189034,2384
1120190034,2330
1120191034,2221
1120192034,2096
1120193034,1936
1120194034,1790
1120195034,1647
1120196034,1628
1120197034,1655
1120198034,1713
1120199034,1792
1120200034,1841
1120201034,1872
1120202034,1887
1120212460,2183
1120213460,2091
1120214460,1988
1120215460,1870
1120216460,1728
1120217460,1684
1120218460,1647
1120219460,1631
1120220460,1739
1120221460,1970
1120222460,2245
1120223460,2481
1120224460,2673
1120225460,2800
1120226460,2810
1120227460,2688
1120228460,2449
1120229460,2141
1120230460,1805
1120240915,2660
1120241915,2638
1120242915,2542
1120243915,2381
1120244915,2114
1120245915,1828
1120246915,1590
1120247915,1427
1120248915,1360
1120249915,1487
1120250915,1813
1120251915,2105
1120252915,2335
1120253915,2492
1120254915,2523
1120255915,2456
1120256915,2327
1120257915,2167
1120258915,1970
1120259915,1749
1120270342,2879
1120271342,2810
1120272342,2663
1120273342,2415
1120274342,2134
1120275342,1827
1120276342,1568
1120277342,1330
1120278342,1177
1120279342,1130
1120280342,1191
1120281342,1471
1120282342,1854
1120283342,2191
1120284342,2432
1120285342,2598
1120286342,2717
1120287342,2724
1120288342,2608
1120289342,2401
1120299786,1835
1120300786,2083
1120301786,2246
1120302786,2307
1120303786,2273
1120304786,2199
1120305786,2096
1120306786,1979
1120307786,1877
1120308786,1821
1120309786,1815
1120310786,1945
1120311786,2219
1120312786,2491
1120313786,2819
1120314786,3044
1120315786,3207
1120316786,3088
1120317786,2870
1120318786,2470
1120329213,2030
1120330213,2383
1120331213,2559
1120332213,2676
1120333213,2661
1120334213,2640
1120335213,2544
1120336213,2428
1120337213,2328
1120338213,2321
1120339213,2329
1120340213,2343
1120341213,2338
1120342213,2320
1120343213,2253
1120344213,2128
1120345213,2001
1120346213,1911
1120347213,1931
1120348213,1974
1120358639,1338
1120359639,1568
1120360639,1869
1120361639,2175
1120362639,2451
1120363639,2688
1120364639,2891
1120365639,2957
1120366639,2822
1120367639,2559
1120368639,2262
1120369639,1888
1120370639,1511
1120371639,1200
1120372639,1004
1120373639,944
1120374639,1021
1120375639,1217
1120376639,1522
1120377639,2011
1120388066,1231
1120389066,963
1120390066,816
1120391066,869
1120392066,1109
1120393066,1505
1120394066,2025
1120395066,2559
1120396066,2958
1120397066,3145
1120398066,3102
1120399066,2923
1120400066,2598
1120401066,2260
1120402066,1873
1120403066,1487
1120404066,1169
1120405066,997
1120406066,1061
1120407066,1264
1120417476,2667
1120418476,2485
1120419476,2217
1120420476,1894
1120421476,1600
1120422476,1337
1120423476,1120
1120424476,1001
1120425476,1005
1120426476,1223
1120427476,1679
1120428476,2164
1120429476,2517
1120430476,2799
1120431476,2897
1120432476,2864
1120433476,2640
1120434476,2318
1120435476,1962
1120436476,1587
1120446920,2193
1120447920,2127
1120448920,2016
1120449920,1935
1120450920,1908
1120451920,1930
1120452920,1934
1120453920,1898
1120454920,1898
1120455920,1808
1120456920,1765
1120457920,1763
1120458920,1917
1120459920,2061
1120460920,2333
1120461920,2559
1120462920,2765
1120463920,2806
1120464920,2726
1120465920,2527
1120476347,1891
1120477347,2384
1120478347,2752
1120479347,2960
1120480347,3002
1120481347,2859
1120482347,2559
1120483347,2233
1120484347,1904
1120485347,1579
1120486347,1222
1120487347,915
1120488347,785
1120489347,858
1120490347,1120
1120491347,1712
1120492347,2373
1120493347,2962
1120494347,3431
1120495347,3606
1120505756,1153
1120506756,1616
1120507756,2112
1120508756,2550
1120509756,2896
1120510756,3038
1120511756,3018
1120512756,2858
1120513756,2619
1120514756,2294
1120515756,1974
1120516756,1725
1120517756,1593
1120518756,1646
1120519756,1744
1120520756,1951
1120521756,2199
1120522756,2395
1120523756,2510
1120524756,2487
1120535200,1499
1120536200,1799
1120537200,2210
1120538200,2647
1120539200,2936
1120540200,3113
1120541200,3138
1120542200,3028
1120543200,2800
1120544200,2462
1120545200,2084
1120546200,1712
1120547200,1372
1120548200,1121
1120549200,955
1120550200,944
1120551200,1061
1120552200,1535
1120553200,2257
1120554200,2767
1120564610,852
1120565610,945
1120566610,1296
1120567610,1913
1120568610,2531
1120569610,2928
1120570610,3093
1120571610,3022
1120572610,2841
1120573610,2555
1120574610,2198
1120575610,1907
1120576610,1634
1120577610,1360
1120578610,1116
1120579610,1001
1120580610,1071
1120581610,1253
1120582610,1613
1120583610,2156
1120594036,647
1120595036,389
1120596036,456
1120597036,647
1120598036,832
1120599036,996
1120600036,1629
1120601036,2513
1120602036,3088
1120603036,3309
1120604036,3244
1120605036,2976
1120606036,2640
1120607036,2295
1120608036,1975
1120609036,1764
1120610036,1573
1120611036,1404
1120612036,1298
1120613036,1321
1120614036,1553
1120624418,1462
1120625418,1361
1120626418,1445
1120627418,1846
1120628418,2384
1120629418,2750
1120630418,2891
1120631418,2849
1120632418,2603
1120633418,2236
1120634418,1840
1120635418,1456
1120636418,1061
1120637418,763
1120638418,668
1120639418,778
1120640418,1008
1120641418,1344
1120642418,1715
1120643418,2208
1120644418,3066
1120654817,221
1120655817,432
1120656817,631
1120657817,824
1120658817,982
1120659817,1529
1120660817,2230
1120661817,2645
1120662817,3026
1120663817,3371
1120664817,3395
1120665817,3157
1120666817,2843
1120667817,2505
1120668817,2167
1120669817,1871
1120670817,1827
1120671817,2005
1120672817,2141
1120673817,2197
1120684234,972
1120685234,1337
1120686234,1891
1120687234,2432
1120688234,2833
1120689234,3026
1120690234,2983
1120691234,2794
1120692234,2511
1120693234,2219
1120694234,1883
1120695234,1593
1120696234,1392
1120697234,1433
1120698234,1715
1120699234,2171
1120700234,2613
1120701234,2869
1120702234,2864
1120703234,2629
1120713653,2896
1120714653,3280
1120715653,3337
1120716653,3133
1120717653,2787
1120718653,2381
1120719653,1905
1120720653,1430
1120721653,1068
1120722653,781
1120723653,677
1120724653,795
1120725653,1167
1120726653,1877
1120727653,2897
1120728653,3751
1120729653,4095
1120730653,3990
1120731653,3469
1120732653,2823
1120733653,2172
1120744052,2389
1120745052,2819
1120746052,3219
1120747052,3397
1120748052,3328
1120749052,3149
1120750052,3067
1120751052,2953
1120752052,2679
1120753052,2265
1120754052,1807
1120755052,1418
1120756052,1143
1120757052,1009
1120758052,1103
1120759052,1328
1120760052,1525
1120761052,1748
1120762052,1935
1120772507,1766
1120773507,2055
1120774507,2463
1120775507,2935
1120776507,3247
1120777507,3225
1120778507,2904
1120779507,2439
1120780507,1958
1120781507,1488
1120782507,1081
1120783507,819
1120784507,688
1120785507,752
1120786507,816
1120787507,1056
1120788507,1375
1120789507,1795
1120790507,2256
1120791507,2800
1120792507,3347
1120802906,851
1120803906,1040
1120804906,1363
1120805906,1752
1120806906,2044
1120807906,2317
1120808906,2667
1120809906,3007
1120810906,3071
1120811906,2949
1120812906,2691
1120813906,2355
1120814906,2000
1120815906,1659
1120816906,1455
1120817906,1413
1120818906,1504
1120819906,1557
1120820906,1605
1120821906,1660
1120832333,3066
1120833333,3435
1120834333,3451
1120835333,3152
1120836333,2625
1120837333,2001
1120838333,1404
1120839333,909
1120840333,561
1120841333,410
1120842333,528
1120843333,785
1120844333,1166
1120845333,1599
1120846333,2064
1120847333,2428
1120848333,2615
1120849333,2656
1120850333,2585
1120851333,2481
1120852333,2339
1120862714,2349
1120863714,2460
1120864714,2422
1120865714,2242
1120866714,1988
1120867714,1806
1120868714,1850
1120869714,1904
1120870714,1886
1120871714,1810
1120872714,1685
1120873714,1667
1120874714,1805
1120875714,1904
1120876714,1936
1120877714,1909
1120878714,1849
1120879714,1799
1120880714,1772
1120891169,2370
1120892169,2175
1120893169,1998
1120894169,1840
1120895169,1747
1120896169,1724
1120897169,1649
1120898169,1558
1120899169,1488
1120900169,1593
1120901169,1846
1120902169,2126
1120903169,2282
1120904169,2349
1120905169,2432
1120906169,2537
1120907169,2546
1120908169,2429
1120909169,2275
1120910169,2064
1120920596,2838
1120921596,2517
1120922596,2128
1120923596,1735
1120924596,1397
1120925596,1218
1120926596,1122
1120927596,1093
1120928596,1210
1120929596,1443
1120930596,1824
1120931596,2198
1120932596,2464
1120933596,2601
1120934596,2736
1120935596,2831
1120936596,2788
1120937596,2618
1120938596,2353
1120939596,2022
1120950040,2285
1120951040,2395
1120952040,2501
1120953040,2559
1120954040,2481
1120955040,2283
1120956040,2078
1120957040,1965
1120958040,2064
1120959040,2260
1120960040,2322
1120961040,2253
1120962040,2096
1120963040,1871
1120964040,1680
1120965040,1598
1120966040,1498
1120967040,1504
1120968040,1626
1120969040,1725
1120979466,2128
1120980466,2551
1120981466,3173
1120982466,3568
1120983466,3408
1120984466,3025
1120985466,2559
1120986466,2011
1120987466,1469
1120988466,1023
1120989466,706
1120990466,624
1120991466,681
1120992466,972
1120993466,1405
1120994466,1871
1120995466,2190
1120996466,2306
1120997466,2323
1120998466,2320
1121008876,2621
1121009876,2247
1121010876,1814
1121011876,1398
1121012876,1073
1121013876,880
1121014876,777
1121015876,845
1121016876,1129
1121017876,1744
1121018876,2512
1121019876,2951
1121020876,2992
1121021876,2789
1121022876,2451
1121023876,2100
1121024876,1772
1121025876,1520
1121026876,1331
1121027876,1277
1121028876,1329
1121039275,2345
1121040275,2099
1121041275,1943
1121042275,1769
1121043275,1624
1121044275,1454
1121045275,1305
1121046275,1265
1121047275,1259
1121048275,1323
1121049275,1441
1121050275,1707
1121051275,2235
1121052275,2606
1121053275,2725
1121054275,2587
1121055275,2749
1121056275,3066
1121057275,2992
1121058275,2642
1121068702,1863
1121069702,2209
1121070702,2480
1121071702,2601
1121072702,2670
1121073702,2610
1121074702,2468
1121075702,2263
1121076702,2088
1121077702,2001
1121078702,2064
1121079702,2249
1121080702,2384
1121081702,2447
1121082702,2559
1121083702,2622
1121084702,2445
1121085702,2151
1121086702,1696
1121097156,2368
1121098156,2514
1121099156,2846
1121100156,3216
1121101156,3451
1121102156,3328
1121103156,2855
1121104156,2292
1121105156,1773
1121106156,1301
1121107156,944
1121108156,724
1121109156,757
1121110156,940
1121111156,1203
1121112156,1535
1121113156,1879
1121114156,2199
1121115156,2557
1121116156,2865
1121117156,2947
1121127555,2416
1121128555,2339
1121129555,2391
1121130555,2479
1121131555,2423
1121132555,2279
1121133555,1991
1121134555,1653
1121135555,1373
1121136555,1136
1121137555,1004
1121138555,1015
1121139555,1093
1121140555,1205
1121141555,1397
1121142555,1796
1121143555,2330
1121144555,2789
1121145555,2985
1121146555,2965
1121156982,2157
1121157982,2290
1121158982,2303
1121159982,2313
1121160982,2292
1121161982,2179
1121162982,1936
1121163982,1707
1121164982,1552
1121165982,1473
1121166982,1469
1121167982,1573
1121168982,1677
1121169982,1871
1121170982,2364
1121171982,2822
1121172982,2945
1121173982,2751
1121174982,2448
1121175982,2098
1121186409,3051
1121187409,3152
1121188409,3021
1121189409,2631
1121190409,2159
1121191409,1741
1121192409,1449
1121193409,1230
1121194409,1088
1121195409,1137
1121196409,1385
1121197409,1904
1121198409,2309
1121199409,2459
1121200409,2447
1121201409,2350
1121202409,2166
1121203409,1907
1121204409,1679
1121214864,1825
1121215864,1380
1121216864,1072
1121217864,955
1121218864,1008
1121219864,1136
1121220864,1341
1121221864,1665
1121222864,2163
1121223864,2590
1121224864,2789
1121225864,2755
1121226864,2594
1121227864,2329
1121228864,2084
1121229864,1919
1121230864,1851
1121231864,1765
1121232864,1695
1121233864,1757
1121244290,1673
1121245290,1392
1121246290,1249
1121247290,1175
1121248290,1196
1121249290,1360
1121250290,1582
1121251290,1813
1121252290,2116
1121253290,2343
1121254290,2480
1121255290,2617
1121256290,2640
1121257290,2610
1121258290,2542
1121259290,2390
1121260290,2249
1121261290,1979
1121262290,1673
1121263290,1443
1121273717,2896
1121274717,3125
1121275717,2982
1121276717,2683
1121277717,2259
1121278717,1847
1121279717,1493
1121280717,1238
1121281717,1075
1121282717,1013
1121283717,1150
1121284717,1625
1121285717,2080
1121286717,2285
1121287717,2351
1121288717,2507
1121289717,2672
1121290717,2723
1121291717,2623
1121292717,2440
1121303161,2135
1121304161,2391
1121305161,2611
1121306161,2559
1121307161,2332
1121308161,2076
1121309161,1948
1121310161,1831
1121311161,1739
1121312161,1648
1121313161,1569
1121314161,1509
1121315161,1555
1121316161,1589
1121317161,1830
1121318161,2471
1121319161,3100
1121320161,3312
1121321161,3066
1121322161,2646
1121332590,2867
1121333590,3440
1121334590,3498
1121335590,3151
1121336590,2679
1121337590,2197
1121338590,1723
1121339590,1305
1121340590,976
1121341590,817
1121342590,851
1121343590,1108
1121344590,1423
1121345590,1728
1121346590,2043
1121347590,2474
1121348590,2934
1121349590,3158
1121350590,3014
1121351590,2723
1121361998,2722
1121362998,3088
1121363998,3021
1121364998,2720
1121365998,2309
1121366998,1927
1121367998,1617
1121368998,1408
1121369998,1237
1121370998,1169
1121371998,1169
1121372998,1264
1121373998,1404
1121374998,1648
1121375998,2045
1121376998,2397
1121377998,2630
1121378998,2896
1121379998,3044
1121380998,2979
1121391441,1424
1121392441,1600
1121393441,1942
1121394441,2407
1121395441,2686
1121396441,2738
1121397441,2592
1121398441,2401
1121399441,2270
1121400441,2075
1121401441,1840
1121402441,1648
1121403441,1520
1121404441,1600
1121405441,1837
1121406441,1951
1121407441,1940
1121408441,1893
1121409441,1851
1121410441,1808
1121420868,2293
1121421868,2523
1121422868,2758
1121423868,2685
1121424868,2454
1121425868,2179
1121426868,1931
1121427868,1633
1121428868,1345
1121429868,1136
1121430868,1041
1121431868,1102
1121432868,1333
1121433868,1593
1121434868,2047
1121435868,2458
1121436868,2655
1121437868,2675
1121438868,2557
1121439868,2425
1121450295,1349
1121451295,1614
1121452295,2001
1121453295,2345
1121454295,2477
1121455295,2451
1121456295,2338
1121457295,2205
1121458295,2095
1121459295,2220
1121460295,2753
1121461295,3024
1121462295,2821
1121463295,2385
1121464295,1912
1121465295,1511
1121466295,1168
1121467295,949
1121468295,897
1121469295,1063
1121479722,2153
1121480722,1949
1121481722,1980
1121482722,1952
1121483722,2054
1121484722,2112
1121485722,2178
1121486722,2230
1121487722,2379
1121488722,2501
1121489722,2309
1121490722,1968
1121491722,1616
1121492722,1373
1121493722,1205
1121494722,1179
1121495722,1281
1121496722,1455
1121497722,1635
1121498722,1840
1121509149,1054
1121510149,1029
1121511149,1162
1121512149,1359
1121513149,1566
1121514149,1784
1121515149,1988
1121516149,2105
1121517149,2226
1121518149,2345
1121519149,2669
1121520149,3055
1121521149,3131
1121522149,2878
1121523149,2463
1121524149,2047
1121525149,1695
1121526149,1396
1121527149,1221
1121528149,1137
1121538582,1905
1121539582,1632
1121540582,1430
1121541582,1315
1121542582,1355
1121543582,1525
1121544582,1693
1121545582,1840
1121546582,2064
1121547582,2284
1121548582,2385
1121549582,2385
1121550582,2288
1121551582,2262
1121552582,2451
1121553582,2433
1121554582,2305
1121555582,2281
1121556582,2307
1121567030,1973
1121568030,2258
1121569030,2595
1121570030,2731
1121571030,2709
1121572030,2544
1121573030,2263
1121574030,1952
1121575030,1813
1121576030,1840
1121577030,1882
1121578030,1837
1121579030,1851
1121580030,2064
1121581030,2291
1121582030,2466
1121583030,2391
1121584030,2156
1121585030,1904
1121586030,1695
1121596466,3067
1121597466,3866
1121598466,4095
1121599466,3456
1121600466,2698
1121601466,2067
1121602466,1488
1121603466,1007
1121604466,661
1121605466,501
1121606466,637
1121607466,821
1121608466,999
1121609466,1573
1121610466,1986
1121611466,2281
1121612466,2477
1121613466,2653
1121614466,2899
1121615466,3004
1121616466,2837
1121626856,2746
1121627856,3255
1121628856,3241
1121629856,2815
1121630856,2257
1121631856,1670
1121632856,1198
1121633856,851
1121634856,738
1121635856,783
1121636856,967
1121637856,1289
1121638856,1863
1121639856,2448
1121640856,2747
1121641856,2764
1121642856,2657
1121643856,2469
1121644856,2269
1121645856,2175
1121656265,1442
1121657265,1414
1121658265,1455
1121659265,1584
1121660265,1699
1121661265,1851
1121662265,2073
1121663265,2311
1121664265,2498
1121665265,2817
1121666265,2896
1121667265,2727
1121668265,2417
1121669265,2107
1121670265,1859
1121671265,1681
1121672265,1504
1121673265,1326
1121674265,1265
1121675265,1329
1121685692,2770
1121686692,2905
1121687692,2621
1121688692,2151
1121689692,1656
1121690692,1212
1121691692,897
1121692692,805
1121693692,881
1121694692,1167
1121695692,1520
1121696692,1900
1121697692,2245
1121698692,2478
1121699692,2551
1121700692,2519
1121701692,2421
1121702692,2403
1121703692,2421
1121704692,2474
1121705692,2505
1121716091,1659
1121717091,1726
1121718091,1852
1121719091,2019
1121720091,2058
1121721091,2059
1121722091,2143
1121723091,2260
1121724091,2343
1121725091,2559
1121726091,2768
1121727091,2663
1121728091,2397
1121729091,2058
1121730091,1757
1121731091,1462
1121732091,1328
1121733091,1444
1121734091,1739
1121744546,2031
1121745546,2056
1121746546,2096
1121747546,2075
1121748546,2029
1121749546,1967
1121750546,2030
1121751546,2343
1121752546,2586
1121753546,2555
1121754546,2371
1121755546,2093
1121756546,1777
1121757546,1525
1121758546,1397
1121759546,1430
1121760546,1552
1121761546,1679
1121762546,1808
1121763546,2062
1121773973,1576
1121774973,1535
1121775973,1612
1121776973,1728
1121777973,2011
1121778973,2427
1121779973,2810
1121780973,3030
1121781973,3056
1121782973,2750
1121783973,2213
1121784973,1661
1121785973,1213
1121786973,943
1121787973,826
1121788973,785
1121789973,912
1121790973,1137
1121791973,1606
1121792973,2033
1121793973,2359
1121804372,1353
1121805372,1059
1121806372,913
1121807372,1148
1121808372,1572
1121809372,1920
1121810372,2128
1121811372,2244
1121812372,2287
1121813372,2214
1121814372,2093
1121815372,1966
1121816372,1975
1121817372,2080
1121818372,2172
1121819372,2190
1121820372,2183
1121821372,2192
1121822372,2199
1121823372,2125
1121833798,1435
1121834798,1499
1121835798,1693
1121836798,1872
1121837798,2019
1121838798,2105
1121839798,2096
1121840798,2086
1121841798,2094
1121842798,2067
1121843798,2085
1121844798,2079
1121845798,2063
1121846798,2039
1121847798,1965
1121848798,1908
1121849798,1874
1121850798,1966
1121851798,2116
1121852798,2178
1121863230,1457
1121864230,1585
1121865230,1830
1121866230,2035
1121867230,2128
1121868230,2237
1121869231,2323
1121870231,2302
1121871231,2189
1121872231,2131
1121873231,1976
1121874231,1819
1121875231,1712
1121876231,1694
1121877231,1766
1121878231,1826
1121879231,1812
1121880231,1807
1121881231,1843
1121891680,1340
1121892680,1297
1121893680,1351
1121894680,1508
1121895680,1695
1121896680,1853
1121897680,2000
1121898680,2147
1121899680,2212
1121900680,2224
1121901680,2199
1121902680,2172
1121903680,2117
1121904680,2073
1121905680,2076
1121906680,2146
1121907680,2224
1121908680,2320
1121909680,2433
1121910680,2428
1121921107,2273
1121922107,2212
1121923107,2063
1121924107,1871
1121925107,1713
1121926107,1761
1121927107,1872
1121928107,2099
1121929107,2317
1121930107,2409
1121931107,2426
1121932107,2297
1121933107,2096
1121934107,1843
1121935107,1703
1121936107,1621
1121937107,1572
1121938107,1578
1121939107,1659
1121940107,1818
1121950550,1943
1121951550,1982
1121952550,2025
1121953550,1968
1121954550,1842
1121955550,1696
1121956550,1555
1121957550,1487
1121958550,1578
1121959550,1791
1121960550,2126
1121961550,2361
1121962550,2499
1121963550,2559
1121964550,2466
1121965550,2294
1121966550,2145
1121967550,2063
1121968550,2003
1121969550,1979
1121979977,2538
1121980977,2639
1121981977,2593
1121982977,2425
1121983977,2191
1121984977,2029
1121985977,1867
1121986977,1676
1121987977,1485
1121988977,1402
1121989977,1457
1121990977,1602
1121991977,1745
1121992977,1953
1121993977,2160
1121994977,2261
1121995977,2305
1121996977,2304
1121997977,2301
1121998977,2269
1122009404,1808
1122010404,1658
1122011404,1557
1122012404,1569
1122013404,1753
1122014404,1891
1122015404,1951
1122016404,1956
1122017404,1950
1122018404,1922
1122019404,1885
1122020404,1900
1122021404,1920
1122022404,1981
1122023404,2059
1122024404,2113
1122025404,2167
1122026404,2220
1122027404,2203
1122028404,2117
1122038831,1984
1122039831,1722
1122040831,1481
1122041831,1397
1122042831,1456
1122043831,1599
1122044831,1792
1122045831,2019
1122046831,2192
1122047831,2269
1122048831,2291
1122049831,2215
1122050831,2128
1122051831,2080
1122052831,2014
1122053831,1963
1122054831,1899
1122055831,1879
1122056831,1899
1122067286,1743
1122068286,1564
1122069286,1385
1122070286,1338
1122071286,1452
1122072286,1503
1122073286,1666
1122074286,1904
1122075286,2097
1122076286,2243
1122077286,2330
1122078286,2343
1122079286,2314
1122080286,2269
1122081286,2245
1122082286,2235
1122083286,2165
1122084286,2068
1122085286,2031
1122086286,1972
1122096712,2057
1122097712,2039
1122098712,2005
1122099712,1945
1122100712,1889
1122101712,1893
1122102712,1877
1122103712,1869
1122104712,1837
1122105712,1843
1122106712,1892
1122107712,1936
1122108712,1978
1122109712,2000
1122110712,1985
1122111712,1935
1122112712,1958
1122113712,2023
1122114712,2078
1122115712,2126
1122126156,1920
1122127156,1975
1122128156,2033
1122129156,2161
1122130156,2362
1122131156,2509
1122132156,2475
1122133156,2283
1122134156,2023
1122135156,1808
1122136156,1621
1122137156,1492
1122138156,1442
1122139156,1503
1122140156,1646
1122141156,1797
1122142156,1934
1122143156,2096
1122144156,2263
1122145156,2390
1122155589,1444
1122156589,1463
1122157589,1569
1122158589,1702
1122159589,1885
1122160589,2039
1122161589,2193
1122162589,2250
1122163589,2253
1122164589,2253
1122165589,2219
1122166589,2192
1122167589,2201
1122168589,2314
1122169589,2383
1122170589,2329
1122171589,2192
1122172589,2021
1122173589,1830
1122174589,1668
1122185010,2379
1122186010,2522
1122187010,2559
1122188010,2382
1122189010,2081
1122190010,1755
1122191010,1502
1122192010,1357
1122193010,1342
1122194010,1395
1122195010,1561
1122196010,1761
1122197010,1949
1122198010,2117
1122199010,2208
1122200010,2234
1122201010,2224
1122202010,2228
1122203010,2187
1122204010,2121
1122214437,2096
1122215437,1953
1122216437,1839
1122217437,1741
1122218437,1723
1122219437,1760
1122220437,1841
1122221437,1863
1122222437,1872
1122223437,1879
1122224437,1939
1122225437,2134
1122226437,2325
1122227437,2327
1122228437,2291
1122229437,2143
1122230437,1968
1122231437,1824
1122232437,1797
1122242891,1885
1122243891,1977
1122244891,2030
1122245891,2038
1122246891,2111
1122247891,2125
1122248891,2161
1122249891,2157
1122250891,2134
1122251891,2085
1122252891,2041
1122253891,1966
1122254891,1885
1122255891,1852
1122256891,1813
1122257891,1840
1122258891,1926
1122259891,2039
1122260891,2118
1122261891,2142
1122272318,1488
1122273318,1467
1122274318,1509
1122275318,1676
1122276318,1917
1122277318,2109
1122278318,2194
1122279318,2246
1122280318,2249
1122281318,2276
1122282318,2218
1122283318,2102
1122284318,1952
1122285318,1895
1122286318,1856
1122287318,1820
1122288318,1783
1122289318,1840
1122290318,1914
1122291318,1978
1122301762,2149
1122302762,2187
1122303762,2174
1122304762,2106
1122305762,1999
1122306762,1891
1122307762,1859
1122308762,1862
1122309762,1937
1122310762,2032
1122311762,2120
1122312762,2117
1122313762,2017
1122314762,2028
1122315762,2000
1122316762,1945
1122317762,1797
1122318762,1775
1122319762,1839
1122320762,1966
1122331189,2112
1122332189,2178
1122333189,2175
1122334189,2135
1122335189,2167
1122336189,2192
1122337189,2205
1122338189,2222
1122339189,2229
1122340189,2149
1122341189,2000
1122342189,1856
1122343189,1808
1122344189,1904
1122345189,2102
1122346189,2185
1122347189,2115
1122348189,2020
1122349189,1855
1122350189,1716
1122360616,2174
1122361616,2219
1122362616,2197
1122363616,2187
1122364616,2192
1122365616,2189
1122366616,2140
1122367616,2067
1122368616,2028
1122369616,2025
1122370616,1984
1122371616,1872
1122372616,1797
1122373616,1755
1122374616,1749
1122375616,1833
1122376616,2032
1122377616,2160
1122378616,2259
1122379616,2237
1122390043,1975
1122391043,2043
1122392043,2128
1122393043,2193
1122394043,2198
1122395043,2112
1122396043,1987
1122397043,1882
1122398043,1825
1122399043,1805
1122400043,1795
1122401043,1830
1122402043,1919
1122403043,2089
1122404043,2263
1122405043,2373
1122406043,2341
1122407043,2191
1122408043,1996
1122418497,2100
1122419497,2134
1122420497,2065
1122421497,1978
1122422497,1905
1122423497,1847
1122424497,1863
1122425497,1878
1122426497,1919
1122427497,1968
1122428497,2032
1122429497,2045
1122430497,2093
1122431497,2163
1122432497,2235
1122433497,2207
1122434497,2109
1122435497,2032
1122436497,1940
1122437497,1869
1122447924,2165
1122448924,2173
1122449924,2153
1122450924,2111
1122451924,2113
1122452924,2094
1122453924,1997
1122454924,1898
1122455924,1777
1122456924,1686
1122457924,1651
1122458924,1685
1122459924,1809
1122460924,1971
1122461924,2096
1122462924,2155
1122463924,2128
1122464924,2096
1122465924,2121
1122466924,2153
1122477368,2081
1122478368,2176
1122479368,2227
1122480368,2225
1122481368,2253
1122482368,2283
1122483368,2269
1122484368,2215
1122485368,2162
1122486368,2064
1122487368,1923
1122488368,1798
1122489368,1709
1122490368,1680
1122491368,1701
1122492368,1809
1122493368,1987
1122494368,2132
1122495368,2177
1122496368,2168
1122506795,1875
1122507795,1714
1122508795,1607
1122509795,1614
1122510795,1664
1122511795,1761
1122512795,1811
1122513795,1887
1122514795,1961
1122515795,2022
1122516795,2089
1122517795,2139
1122518795,2251
1122519795,2300
1122520795,2250
1122521795,2245
1122522795,2159
1122523795,1972
1122524795,1795
1122525795,1673
1122536229,2179
1122537230,2129
1122538230,2043
1122539231,1996
1122540231,1931
1122541231,1880
1122542231,1863
1122543231,1897
1122544231,1968
1122545231,2007
1122546231,2068
1122547231,2096
1122548231,2108
1122549231,2117
1122550231,2097
1122551231,2070
1122552231,2079
1122553231,2033
1122554231,1968
1122555231,1900
1122565649,2178
1122566649,2117
1122567649,2018
1122568649,1991
1122569649,1999
1122570649,1937
1122571649,1847
1122572649,1776
1122573649,1749
1122574649,1744
1122575649,1776
1122576649,1909
1122577649,2045
1122578649,2080
1122579649,2137
1122580649,2197
1122581649,2269
1122582649,2337
1122583649,2334
1122594103,2077
1122595103,2196
1122596103,2237
1122597103,2311
1122598103,2447
1122599103,2465
1122600103,2337
1122601103,2190
1122602103,2001
1122603103,1813
1122604103,1648
1122605103,1588
1122606103,1689
1122607103,1861
1122608103,2041
1122609103,2245
1122610103,2336
1122611103,2267
1122612103,2176
1122613103,2000
1122623530,2013
1122624530,2001
1122625530,1971
1122626530,2023
1122627530,2096
1122628530,2125
1122629530,2159
1122630530,2176
1122631530,2172
1122632530,2195
1122633530,2131
1122634530,2059
1122635530,2015
1122636530,1913
1122637530,1804
1122638530,1755
1122639530,1795
1122640530,1776
1122641530,1796
1122642530,1853
1122652974,1959
1122653974,2020
1122654974,1985
1122655974,2005
1122656974,1945
1122657974,1871
1122658974,1817
1122659974,1847
1122660974,1900
1122661974,2102
1122662974,2333
1122663974,2416
1122664974,2426
1122665974,2325
1122666974,2137
1122667974,1904
1122668974,1741
1122669974,1613
1122670974,1520
1122671974,1511
1122682401,1989
1122683401,1870
1122684401,1802
1122685401,1808
1122686401,1872
1122687401,1908
1122688401,1891
1122689401,1911
1122690401,1972
1122691401,1992
1122692401,1989
1122693401,2005
1122694401,2006
1122695401,2001
1122696401,1999
1122697401,2007
1122698401,2002
1122699401,2036
1122700401,2033
1122701401,2035
1122711828,2121
1122712828,2106
1122713828,2099
1122714828,2129
1122715828,2210
1122716828,2224
1122717828,2140
1122718828,2036
1122719828,1987
1122720828,1935
1122721828,1814
1122722828,1713
1122723828,1660
1122724828,1669
1122725828,1727
1122726828,1807
1122727828,1900
1122728828,2007
1122729828,2071
1122730828,2099
1122741262,1616
1122742262,1719
1122743262,1911
1122744262,2065
1122745262,2084
1122746262,2071
1122747262,2037
1122748262,2003
1122749262,1989
1122750262,2053
1122751262,2094
1122752262,2185
1122753262,2313
1122754262,2492
1122755262,2527
1122756262,2423
1122757262,2224
1122758262,1954
1122759262,1727
1122769709,2320
1122770709,2313
1122771709,2223
1122772709,2135
1122773709,2065
1122774709,2000
1122775709,1968
1122776709,1992
1122777709,1982
1122778709,1968
1122779709,1979
1122780709,1985
1122781709,2007
1122782709,2019
1122783709,2038
1122784709,2064
1122785709,2111
1122786709,2104
1122787709,2096
1122788709,2033
1122799136,2135
1122800136,2132
1122801136,2103
1122802136,2117
1122803136,2117
1122804136,2109
1122805136,2128
1122806136,2113
1122807136,2071
1122808136,1959
1122809136,1857
1122810136,1814
1122811136,1746
1122812136,1701
1122813136,1746
1122814136,1939
1122815136,2109
1122816136,2128
1122817136,2063
1122818136,1983
1122828586,2084
1122829586,2137
1122830586,2221
1122831586,2292
1122832586,2217
1122833586,2061
1122834586,1919
1122835586,1839
1122836586,1739
1122837586,1681
1122838586,1644
1122839586,1634
1122840586,1659
1122841586,1807
1122842586,1975
1122843586,2113
1122844586,2179
1122845586,2224
1122846586,2208
1122847586,2165
1122858007,1897
1122859007,1923
1122860007,1997
1122861007,2047
1122862007,2096
1122863007,2075
1122864007,2127
1122865007,2221
1122866007,2259
1122867007,2201
1122868007,2093
1122869007,1985
1122870007,1872
1122871007,1752
1122872007,1635
1122873007,1599
1122874007,1631
1122875007,1676
1122876007,1792
1122877007,1929
1122887434,1677
1122888434,1535
1122889434,1535
1122890434,1617
1122891434,1712
1122892434,1839
1122893434,2000
1122894434,2109
1122895434,2129
1122896434,2154
1122897434,2182
1122898434,2208
1122899434,2209
1122900434,2204
1122901434,2180
1122902434,2158
1122903434,2095
1122904434,2013
1122905434,1923
1122906434,1847
1122916860,1507
1122917860,1469
1122918860,1535
1122919860,1669
1122920860,1776
1122921860,1901
1122922860,2064
1122923860,2197
1122924860,2253
1122925860,2210
1122926860,2202
1122927860,2148
1122928860,2073
1122929860,2081
1122930860,2058
1122931860,2022
1122932860,2032
1122933860,2105
1122934860,2157
1122945315,1989
1122946315,2059
1122947315,2107
1122948315,2137
1122949315,2166
1122950315,2191
1122951315,2245
1122952315,2363
1122953315,2383
1122954315,2307
1122955315,2142
1122956315,1971
1122957315,1795
1122958315,1698
1122959315,1637
1122960315,1646
1122961315,1665
1122962315,1734
1122963315,1884
1122964315,2128
1122974742,1793
1122975742,1936
1122976742,2177
1122977742,2288
1122978742,2283
1122979742,2195
1122980742,2129
1122981742,2046
1122982742,1997
1122983742,1919
1122984742,1856
1122985742,1845
1122986742,1878
1122987742,1947
1122988742,2064
1122989742,2109
1122990742,2059
1122991742,2021
1122992742,2000
1122993742,1964
1123004186,2127
1123005186,2047
1123006186,2031
1123007186,2017
1123008186,1999
1123009186,1996
1123010186,2022
1123011186,2064
1123012186,2084
1123013186,2071
1123014186,2034
1123015186,2026
1123016186,2000
1123017186,1971
1123018186,1975
1123019186,1997
1123020186,2008
1123021186,1986
1123022186,1955
1123023186,1937
1123033613,1936
1123034613,1808
1123035613,1776
1123036613,1760
1123037613,1744
1123038613,1743
1123039613,1818
1123040613,2144
1123041613,2310
1123042613,2342
1123043613,2260
1123044613,2121
1123045613,1958
1123046613,1803
1123047613,1709
1123048613,1677
1123049613,1756
1123050613,1892
1123051613,1990
1123052613,2077
1123063039,2112
1123064039,2203
1123065039,2256
1123066039,2306
1123067039,2369
1123068039,2467
1123069039,2542
1123070039,2529
1123071039,2362
1123072039,2115
1123073039,1862
1123074039,1620
1123075039,1472
1123076039,1421
1123077039,1533
1123078039,1705
1123079039,1805
1123080039,1904
1123081039,1979
1123082039,2047
1123092466,2121
1123093466,2090
1123094466,2041
1123095466,1956
1123096466,1882
1123097466,1813
1123098466,1790
1123099466,1844
1123100466,1819
1123101466,1833
1123102466,1916
1123103466,1963
1123104466,1973
1123105466,1982
1123106466,1978
1123107466,2012
1123108466,2100
1123109466,2174
1123110466,2287
1123120921,1531
1123121921,1535
1123122921,1636
1123123921,1741
1123124921,1842
1123125921,1942
1123126921,2054
1123127921,2095
1123128921,2065
1123129921,2020
1123130921,1953
1123131921,1944
1123132921,1955
1123133921,2060
1123134921,2394
1123135921,2812
1123136921,2903
1123137921,2721
1123138921,2443
1123139921,2128
1123150348,2266
1123151348,2414
1123152348,2512
1123153348,2490
1123154348,2351
1123155348,2183
1123156348,2041
1123157348,1959
1123158348,1891
1123159348,1860
1123160348,1888
1123161348,1930
1123162348,1968
1123163348,2007
1123164348,2035
1123165348,2051
1123166348,2045
1123167348,2053
1123168348,2058
1123169348,2077
1123179792,1764
1123180792,1700
1123181792,1677
1123182792,1669
1123183792,1680
1123184792,1807
1123185792,2001
1123186792,2114
1123187792,2231
1123188792,2272
1123189792,2192
1123190792,2064
1123191792,1949
1123192792,1927
1123193792,1909
1123194792,1961
1123195792,1957
1123196792,1936
1123197792,1926
1123198792,1948
1123209219,2133
1123210219,2247
1123211219,2272
1123212219,2271
1123213219,2193
1123214219,2112
1123215219,2025
1123216219,1955
1123217219,1917
1123218219,1903
1123219219,1910
1123220219,1892
1123221219,2019
1123222219,2289
1123223219,2621
1123224219,2818
1123225219,2806
1123226219,2608
1123227219,2361
1123228219,2043
1123238645,2103
1123239645,2169
1123240645,2174
1123241645,2155
1123242645,2149
1123243645,2182
1123244645,2189
1123245645,2207
1123246645,2267
1123247645,2333
1123248645,2368
1123249645,2327
1123250645,2244
1123251645,2160
1123252645,2082
1123253645,1967
1123254645,1829
1123255645,1701
1123256645,1636
1123257645,1616
1123268072,2208
1123269072,2139
1123270072,2032
1123271072,1931
1123272072,1820
1123273072,1756
1123274072,1722
1123275072,1738
1123276072,1821
1123277072,1954
1123278072,2154
1123279072,2394
1123280072,2522
1123281072,2535
1123282072,2435
1123283072,2255
1123284072,2032
1123285072,1840
1123286072,1685
1123296527,2249
1123297527,2244
1123298527,2211
1123299527,2193
1123300527,2133
1123301527,2117
1123302527,2150
1123303527,2151
1123304527,2194
1123305527,2288
1123306527,2430
1123307527,2531
1123308527,2493
1123309527,2400
1123310527,2236
1123311527,1978
1123312527,1696
1123313527,1456
1123314527,1289
1123315527,1251
1123325954,1955
1123326954,1995
1123327954,2091
1123328954,2160
1123329954,2223
1123330954,2290
1123331954,2323
1123332954,2305
1123333954,2275
1123334954,2189
1123335954,2123
1123336954,1993
1123337954,1883
1123338954,1844
1123339954,1886
1123340954,1959
1123341954,2026
1123342954,2061
1123343954,2096
1123344954,2057
1123355398,2181
1123356398,2281
1123357398,2353
1123358398,2422
1123359398,2492
1123360398,2559
1123361398,2494
1123362398,2352
1123363398,2162
1123364398,1968
1123365398,1830
1123366398,1680
1123367398,1578
1123368398,1535
1123369398,1653
1123370398,1811
1123371398,1927
1123372398,2001
1123373398,2065
1123374398,2066
1123384824,1958
1123385824,2063
1123386824,2133
1123387824,2131
1123388824,2105
1123389824,2055
1123390824,1984
1123391824,1951
1123392824,1943
1123393824,1962
1123394824,2000
1123395824,2000
1123396824,1991
1123397824,2000
1123398824,2084
1123399824,2196
1123400824,2316
1123401824,2388
1123402824,2398
1123403824,2319
1123414259,2242
1123415259,2559
1123416259,2731
1123417259,2781
1123418259,2655
1123419259,2465
1123420259,2185
1123421259,1871
1123422259,1581
1123423259,1323
1123424259,1151
1123425259,1068
1123426259,1139
1123427259,1329
1123428259,1589
1123429259,1919
1123430259,2191
1123431259,2378
1123432259,2449
1123433259,2451
1123443678,1995
1123444678,2141
1123445678,2231
1123446678,2276
1123447678,2275
1123448678,2223
1123449678,2178
1123450678,2016
1123451678,1904
1123452678,1872
1123453678,1851
1123454678,1878
1123455678,1949
1123456678,2002
1123457678,2063
1123458678,2083
1123459678,2082
1123460678,2064
1123461678,1996
1123472133,2143
1123473133,2128
1123474133,2065
1123475133,2009
1123476133,1981
1123477133,2016
1123478133,2102
1123479133,2112
1123480133,2083
1123481133,2023
1123482133,2060
1123483133,2035
1123484133,1965
1123485133,1904
1123486133,1877
1123487133,1791
1123488133,1713
1123489133,1651
1123490133,1695
1123491133,1783
1123501561,1911
1123502561,1795
1123503561,1687
1123504561,1587
1123505561,1521
1123506561,1487
1123507561,1472
1123508561,1520
1123509561,1657
1123510561,1825
1123511561,2007
1123512561,2150
1123513561,2253
1123514561,2319
1123515561,2371
1123516561,2352
1123517561,2285
1123518561,2220
1123519561,2159
1123520561,2063
1123531003,1909
1123532003,1825
1123533003,1771
1123534003,1749
1123535003,1796
1123536003,1955
1123537003,2078
1123538003,2170
1123539003,2220
1123540003,2244
1123541003,2224
1123542003,2220
1123543003,2192
1123544003,2192
1123545003,2121
1123546003,1999
1123547003,1875
1123548003,1765
1123549003,1683
1123550003,1649
1123560430,1873
1123561430,1881
1123562430,1888
1123563430,1892
1123564430,1917
1123565430,1988
1123566430,2064
1123567430,2119
1123568430,2132
1123569430,2167
1123570430,2147
1123571430,2131
1123572430,2161
1123573430,2215
1123574430,2217
1123575430,2213
1123576430,2213
1123577430,2181
1123578430,2096
1123579430,1992
1123589857,1940
1123590857,1951
1123591857,1952
1123592857,2013
1123593857,2087
1123594857,2161
1123595857,2209
1123596857,2253
1123597857,2298
1123598857,2351
1123599857,2345
1123600857,2289
1123601857,2227
1123602857,2191
1123603857,2077
1123604857,1941
1123605857,1815
1123606857,1733
1123607857,1677
1123608857,1665
1123619284,2061
1123620284,1985
1123621284,1897
1123622284,1877
1123623284,1909
1123624284,1925
1123625284,1951
1123626284,2019
1123627284,2116
1123628284,2160
1123629284,2127
1123630284,2046
1123631284,1919
1123632284,1819
1123633284,1718
1123634284,1650
1123635284,1645
1123636284,1697
1123637284,1756
1123647738,1908
1123648738,1795
1123649738,1715
1123650738,1677
1123651738,1692
1123652738,1766
1123653738,1831
1123654738,1880
1123655738,1913
1123656738,1949
1123657738,1972
1123658738,2020
1123659738,2077
1123660738,2192
1123661738,2224
1123662738,2229
1123663738,2205
1123664738,2189
1123665738,2149
1123666738,2113
1123677165,1957
1123678165,2037
1123679165,2158
1123680165,2318
1123681165,2448
1123682165,2525
1123683165,2521
1123684165,2448
1123685165,2371
1123686165,2192
1123687165,1973
1123688165,1737
1123689165,1535
1123690165,1411
1123691165,1349
1123692165,1372
1123693165,1495
1123694165,1709
1123695165,1911
1123696165,2123
1123706609,1687
1123707609,1671
1123708609,1845
1123709609,2044
1123710609,2230
1123711609,2333
1123712609,2370
1123713609,2352
1123714609,2245
1123715609,2161
1123716609,1993
1123717609,1809
1123718609,1651
1123719609,1552
1123720609,1431
1123721609,1417
1123722609,1447
1123723609,1580
1123724609,1729
1123725609,1899
1123736036,1936
1123737036,1824
1123738036,1726
1123739036,1688
1123740036,1687
1123741036,1712
1123742036,1781
1123743036,1878
1123744036,1968
1123745036,2063
1123746036,2122
1123747036,2148
1123748036,2155
1123749036,2171
1123750036,2160
1123751036,2126
1123752036,2108
1123753036,2101
1123754036,2076
1123755036,1998
1123765463,2292
1123766463,2237
1123767463,2147
1123768463,2066
1123769463,2025
1123770463,1948
1123771463,1829
1123772463,1710
1123773463,1630
1123774463,1621
1123775463,1719
1123776463,1875
1123777463,2029
1123778463,2127
1123779463,2199
1123780463,2216
1123781463,2173
1123782463,2090
1123783463,2000
1123784463,1890
1123794890,1994
1123795890,2169
1123796890,2305
1123797890,2349
1123798890,2383
1123799890,2385
1123800890,2353
1123801890,2254
1123802890,2167
1123803890,2032
1123804890,1895
1123805890,1722
1123806890,1663
1123807890,1635
1123808890,1617
1123809890,1713
1123810890,1829
1123811890,1935
1123812890,1997
1123823344,2021
1123824344,1995
1123825344,2007
1123826344,2032
1123827344,2095
1123828344,2127
1123829344,2121
1123830344,2093
1123831344,2042
1123832344,2026
1123833344,1991
1123834344,1936
1123835344,1921
1123836344,1965
1123837344,1971
1123838344,1945
1123839344,1951
1123840344,1939
1123841344,1915
1123842344,1941
1123852771,2081
1123853771,2118
1123854771,2144
1123855771,2134
1123856771,2138
1123857771,2143
1123858771,2205
1123859771,2256
1123860771,2291
1123861771,2233
1123862771,2145
1123863771,2000
1123864771,1839
1123865771,1689
1123866771,1568
1123867771,1473
1123868771,1455
1123869771,1460
1123870771,1445
1123871771,1504
1123882215,2260
1123883215,2278
1123884215,2275
1123885215,2263
1123886215,2247
1123887215,2192
1123888215,2095
1123889215,1975
1123890215,1871
1123891215,1785
1123892215,1755
1123893215,1812
1123894215,1872
1123895215,1919
1123896215,1987
1123897215,1997
1123898215,2023
1123899215,2044
1123900215,2046
1123901215,2058
1123911642,2194
1123912642,2151
1123913642,2096
1123914642,2025
1123915642,1980
1123916642,1915
1123917642,1847
1123918642,1856
1123919642,1904
1123920642,1903
1123921642,1875
1123922642,1887
1123923642,1870
1123924642,1862
1123925642,1857
1123926642,1903
1123927642,1910
1123928642,1911
1123929642,1946
1123930642,2012
1123941069,1917
1123942069,1840
1123943069,1808
1123944069,1820
1123945069,1820
1123946069,1813
1123947069,1781
1123948069,1822
1123949069,1855
1123950069,1901
1123951069,1934
1123952069,1984
1123953069,1995
1123954069,2031
1123955069,1986
1123956069,1954
1123957069,1940
1123958069,1945
1123959069,1948
1123960069,2032
1123970496,2027
1123971496,1863
1123972496,1776
1123973496,1717
1123974496,1663
1123975496,1668
1123976496,1732
1123977496,1823
1123978496,1911
1123979496,1969
1123980496,2036
1123981496,2089
1123982496,2129
1123983496,2132
1123984496,2121
1123985496,2119
1123986496,2098
1123987496,2053
1123988496,1981
1123998950,1996
1123999950,1907
1124000950,1840
1124001950,1809
1124002950,1839
1124003950,1825
1124004950,1821
1124005950,1801
1124006950,1824
1124007950,1809
1124008950,1817
1124009950,1871
1124010950,1939
1124011950,1980
1124012950,2018
1124013950,2044
1124014950,2081
1124015950,2096
1124016950,2110
1124017950,2087
1124028377,2062
1124029377,2028
1124030377,1983
1124031377,1934
1124032377,1895
1124033377,1809
1124034377,1803
1124035377,1818
1124036377,1861
1124037377,1884
1124038377,1881
1124039377,1901
1124040377,1919
1124041377,1935
1124042377,1949
1124043377,2002
1124044377,2073
1124045377,2111
1124046377,2146
1124047377,2128
1124057821,1879
1124058821,1862
1124059821,1904
1124060821,1953
1124061821,1987
1124062821,2029
1124063821,2025
1124064821,2023
1124065821,2014
1124066821,1978
1124067821,1963
1124068821,1935
1124069821,1925
1124070821,1908
1124071821,1888
1124072821,1872
1124073821,1876
1124074821,1888
1124075821,1919
1124076821,1971
1124087256,2061
1124088256,2016
1124089256,1968
1124090256,1998
1124091256,1970
1124092256,1997
1124093256,2036
1124094256,2055
1124095256,2045
1124096256,1997
1124097256,1954
1124098256,1934
1124099256,1936
1124100256,1904
1124101256,1919
1124102256,1909
1124103256,1991
1124104256,2089
1124105256,2139
1124106256,2165
1124116675,1739
1124117675,1755
1124118675,1806
1124119675,1883
1124120675,1937
1124121675,1944
1124122675,1931
1124123675,1904
1124124675,1939
1124125675,1954
1124126675,2019
1124127675,2091
1124128675,2112
1124129675,2136
1124130675,2131
1124131675,2128
1124132675,2133
1124133675,2123
1124134675,2117
1124135675,2117
1124146102,1973
1124147102,1989
1124148102,1998
1124149102,2032
1124150102,2032
1124151102,2051
1124152102,2046
1124153102,2064
1124154102,2021
1124155102,1972
1124156102,1904
1124157102,1887
1124158102,1881
1124159102,1928
1124160102,1952
1124161102,2081
1124162102,2132
1124163102,2151
1124164102,2165
1124174556,1776
1124175556,1805
1124176556,1878
1124177556,1955
1124178556,2020
1124179556,2061
1124180556,2068
1124181556,2129
1124182556,2160
1124183556,2183
1124184556,2259
1124185556,2365
1124186556,2378
1124187556,2352
1124188556,2247
1124189556,2102
1124190556,1968
1124191556,1807
1124192556,1693
1124193556,1627
1124203983,2121
1124204983,2076
1124205983,2019
1124206983,2003
1124207983,1990
1124208983,2021
1124209983,2073
1124210983,2127
1124211983,2142
1124212983,2141
1124213983,2112
1124214983,2090
1124215983,2069
1124216983,2043
1124217983,1999
1124218983,1983
1124219983,1998
1124220983,1951
1124221983,1935
1124222983,1872
1124233427,2078
1124234427,2055
1124235427,2037
1124236427,2055
1124237427,2015
1124238427,1953
1124239427,1906
1124240427,1883
1124241427,1873
1124242427,1888
1124243427,1953
1124244427,2013
1124245427,2060
1124246427,2077
1124247427,2076
1124248427,2075
1124249427,2069
1124250427,2045
1124251427,2032
1124252427,2027
1124262854,2141
1124263854,2161
1124264854,2165
1124265854,2179
1124266854,2155
1124267854,2122
1124268854,2106
1124269854,2063
1124270854,1975
1124271854,1865
1124272854,1766
1124273854,1701
1124274854,1683
1124275854,1695
1124276854,1783
1124277854,1887
1124278854,1969
1124279854,2029
1124280854,2077
1124281854,2099
1124292281,1956
1124293281,2033
1124294281,2139
1124295281,2192
1124296281,2180
1124297281,2156
1124298281,2099
1124299281,2037
1124300281,1968
1124301281,1893
1124302281,1869
1124303281,1851
1124304281,1808
1124305281,1781
1124306281,1771
1124307281,1783
1124308281,1805
1124309281,1871
1124310281,1953
1124311281,2043
1124321708,1973
1124322708,1927
1124323708,1914
1124324708,1886
1124325708,1907
1124326708,1957
1124327708,2019
1124328708,2071
1124329708,2079
1124330708,2070
1124331708,2087
1124332708,2085
1124333708,2065
1124334708,2033
1124335708,2037
1124336708,2035
1124337708,1993
1124338708,1939
1124339708,1904
1124350162,2063
1124351162,2037
1124352162,2032
1124353162,2034
1124354162,2002
1124355162,1941
1124356162,1897
1124357162,1883
1124358162,1872
1124359162,1893
1124360162,1952
1124361162,1999
1124362162,2047
1124363162,2071
1124364162,2069
1124365162,2064
1124366162,2069
1124367162,2057
1124368162,2098
1124369162,2047
1124379589,2019
1124380589,2005
1124381589,1991
1124382589,1985
1124383589,1981
1124384589,1973
1124385589,2000
1124386589,2010
1124387589,1988
1124388589,1942
1124389589,1911
1124390589,1894
1124391589,1887
1124392589,1904
1124393589,1970
1124394589,2033
1124395589,2073
1124396589,2100
1124397589,2102
1124398589,2122
1124409033,1876
1124410033,1941
1124411033,2000
1124412033,2031
1124413033,2047
1124414033,2032
1124415033,2023
1124416033,2036
1124417033,1995
1124418033,1993
1124419033,2001
1124420033,2004
1124421033,1979
1124422033,1939
1124423033,1914
1124424033,1891
1124425033,1892
1124426033,1925
1124427033,1988
1124428033,2043
1124438460,1949
1124439460,1905
1124440460,1888
1124441460,1877
1124442460,1882
1124443460,1947
1124444460,2014
1124445460,2046
1124446460,2073
1124447460,2074
1124448460,2070
1124449460,2064
1124450460,2043
1124451460,2025
1124452460,2029
1124453460,2029
1124454460,1985
1124455460,1925
1124456460,1889
1124457460,1867
1124467887,2034
1124468887,2026
1124469887,2028
1124470887,1987
1124471887,1945
1124472887,1895
1124473887,1872
1124474887,1872
1124475887,1895
1124476887,1961
1124477887,2022
1124478887,2063
1124479887,2086
1124480887,2085
1124481887,2071
1124482887,2064
1124483887,2045
1124484887,2025
1124485887,2039
1124486887,2011
1124497313,2023
1124498313,2010
1124499313,2014
1124500313,2012
1124501313,1968
1124502313,2007
1124503313,2023
1124504313,2009
1124505313,1957
1124506313,1916
1124507313,1879
1124508313,1861
1124509313,1909
1124510313,1977
1124511313,2042
1124512313,2084
1124513313,2091
1124514313,2065
1124515313,2087
1124525768,1885
1124526768,1931
1124527768,2001
1124528768,2032
1124529768,2047
1124530768,2047
1124531768,2045
1124532768,2064
1124533768,2038
1124534768,2025
1124535768,2029
1124536768,2022
1124537768,1988
1124538768,1932
1124539768,1904
1124540768,1867
1124541768,1872
1124542768,1907
1124543768,1981
1124544768,2023
1124555195,1927
1124556195,1894
1124557195,1875
1124558195,1874
1124559195,1894
1124560195,1965
1124561195,2014
1124562195,2062
1124563195,2081
1124564195,2075
1124565195,2071
1124566195,2067
1124567195,2058
1124568195,2032
1124569195,2037
1124570195,2021
1124571195,1985
1124572195,1907
1124573195,1914
1124574195,1877
1124584639,2034
1124585639,2034
1124586639,2020
1124587639,1984
1124588639,1933
1124589639,1903
1124590639,1872
1124591639,1867
1124592639,1879
1124593639,1937
1124594639,2015
1124595639,2064
1124596639,2085
1124597639,2096
1124598639,2079
1124599639,2059
1124600639,2057
1124601639,2037
1124602639,2035
1124603639,2021
1124614066,2070
1124615066,2066
1124616066,2077
1124617066,2044
1124618066,2031
1124619066,2027
1124620066,2021
1124621066,1983
1124622066,1926
1124623066,1895
1124624066,1874
1124625066,1871
1124626066,1891
1124627066,1955
1124628066,2016
1124629066,2055
1124630066,2076
1124631066,2068
1124632066,2101
1124633066,2073
1124643492,1953
1124644492,2019
1124645492,2058
1124646492,2074
1124647492,2064
1124648492,2066
1124649492,2071
1124650492,2044
1124651492,2031
1124652492,2032
1124653492,2023
1124654492,1985
1124655492,1933
1124656492,1882
1124657492,1872
1124658492,1872
1124659492,1903
1124660492,1968
1124661492,2017
1124662492,2063
1124672919,1888
1124673919,1863
1124674919,1856
1124675919,1897
1124676919,1942
1124677919,2011
1124678919,2047
1124679919,2067
1124680919,2064
1124681919,2064
1124682919,2070
1124683919,2042
1124684919,2029
1124685919,2032
1124686919,2011
1124687919,1978
1124688919,1926
1124689919,1899
1124690919,1895
1124701374,2029
1124702374,2025
1124703374,2034
1124704374,1996
1124705374,1932
1124706374,1905
1124707374,1872
1124708374,1873
1124709374,1893
1124710374,1964
1124711374,2019
1124712374,2032
1124713374,2081
1124714374,2065
1124715374,2096
1124716374,2065
1124717374,2061
1124718374,2032
1124719374,2032
1124720374,2011
1124730801,2069
1124731801,2064
1124732801,2067
1124733801,2042
1124734801,2032
1124735801,1991
1124736801,2023
1124737801,1974
1124738801,1929
1124739801,1889
1124740801,1866
1124741801,1872
1124742801,1903
1124743801,1967
1124744801,2028
1124745801,2065
1124746801,2071
1124747801,2080
1124748801,2069
1124749801,2073
1124760253,1942
1124761253,2018
1124762253,2046
1124763253,2075
1124764253,2092
1124765253,2065
1124766253,2070
1124767253,2000
1124768253,2043
1124769253,2035
1124770253,2032
1124771253,1990
1124772253,1926
1124773253,1891
1124774253,1888
1124775253,1879
1124776253,1920
1124777253,1985
1124778253,2047
1124779253,2076
1124789671,1890
1124790671,1875
1124791671,1873
1124792671,1894
1124793671,1957
1124794671,2028
1124795671,2064
1124796671,2071
1124797671,2064
1124798671,2073
1124799671,2071
1124800671,2060
1124801671,2033
1124802671,2029
1124803671,2011
1124804671,1965
1124805671,1910
1124806671,1879
1124807671,1872
1124808671,1875
1124819098,2033
1124820098,2021
1124821098,1975
1124822098,1936
1124823098,1890
1124824098,1876
1124825098,1879
1124826098,1907
1124827098,2001
1124828098,2035
1124829098,2073
1124830098,2078
1124831098,2077
1124832098,2081
1124833098,2068
1124834098,2069
1124835098,2030
1124836098,2016
1124837098,2006
1124838098,1936
1124848525,2083
1124849525,2077
1124850525,2061
1124851525,2020
1124852525,2022
1124853525,2031
1124854525,1973
1124855525,1913
1124856525,1883
1124857525,1881
1124858525,1877
1124859525,1914
1124860525,1982
1124861525,2032
1124862525,2083
1124863525,2089
1124864525,2081
1124865525,2078
1124866525,2069
1124876980,1953
1124877980,2017
1124878980,2062
1124879980,2071
1124880980,2069
1124881980,2070
1124882980,2064
1124883980,2065
1124884980,2034
1124885980,2031
1124886980,2011
1124887980,1968
1124888980,1904
1124889980,1869
1124890980,1862
1124891980,1873
1124892980,1920
1124893980,1989
1124894980,2037
1124895980,2085
1124906407,1882
1124907407,1883
1124908407,1904
1124909407,1924
1124910407,1994
1124911407,2064
1124912407,2095
1124913407,2093
1124914407,2086
1124915407,2078
1124916407,2059
1124917407,2023
1124918407,2013
1124919407,2001
1124920407,1981
1124921407,1939
1124922407,1890
1124923407,1867
1124924407,1867
1124925407,1877
1124935850,2030
1124936850,1989
1124937850,1971
1124938850,1904
1124939850,1857
1124940850,1845
1124941850,1841
1124942850,1873
1124943850,1952
1124944850,2019
1124945850,2062
1124946850,2070
1124947850,2080
1124948850,2128
1124949850,2107
1124950850,2083
1124951850,2041
1124952850,2057
1124953850,2005
1124954850,1951
1124965277,2079
1124966277,2029
1124967277,1989
1124968277,1968
1124969277,1964
1124970277,1968
1124971277,1945
1124972277,1895
1124973277,1884
1124974277,1867
1124975277,1878
1124976277,1913
1124977277,1997
1124978277,2020
1124979277,2042
1124980277,2032
1124981277,2023
1124982277,2006
1124983277,1999
1124984277,1972
1124994704,2163
1124995704,2213
1124996704,2224
1124997704,2199
1124998704,2139
1124999704,2096
1125000704,2011
1125001704,1915
1125002704,1867
1125003704,1810
1125004704,1764
1125005704,1727
1125006704,1731
1125007704,1763
1125008704,1825
1125009704,1901
1125010704,2012
1125011704,2094
1125012704,2128
1125013704,2177
1125024131,1858
1125025131,1871
1125026131,1883
1125027131,1982
1125028131,2034
1125029131,2039
1125030131,2020
1125031131,2000
1125032131,2006
1125033131,2010
1125034131,2026
1125035131,2055
1125036131,2083
1125037131,2091
1125038131,2086
1125039131,2064
1125040131,2073
1125041131,2034
1125042131,2016
1125052586,1931
1125053586,1963
1125054586,1991
1125055586,1868
1125056586,1873
1125057586,1844
1125058586,1852
1125059586,1844
1125060586,1890
1125061586,1949
1125062586,2053
1125063586,2129
1125064586,2203
1125065586,2192
1125066586,2176
1125067586,2131
1125068586,2096
1125069586,2047
1125070586,1974
1125071586,1872
1125082012,2113
1125083012,2097
1125084012,2067
1125085012,2043
1125086012,2033
1125087012,2014
1125088012,2015
1125089012,2005
1125090012,2037
1125091012,2065
1125092012,2066
1125093012,2114
1125094012,2189
1125095012,2224
1125096012,2205
1125097012,2137
1125098012,2059
1125099012,1981
1125100012,1899
1125101012,1793
1125111456,2082
1125112456,2123
1125113456,2139
1125114456,2139
1125115456,2147
1125116456,2149
1125117456,2161
1125118456,2211
1125119456,2273
1125120456,2270
1125121456,2211
1125122456,2101
1125123456,2027
1125124456,1941
1125125456,1883
1125126456,1875
1125127456,1907
1125128456,1925
1125129456,1917
1125130456,1961
1125140883,1694
1125141883,1718
1125142883,1775
1125143883,1886
1125144883,1999
1125145883,2129
1125146883,2171
1125147883,2169
1125148883,2141
1125149883,2095
1125150883,2010
1125151883,1967
1125152883,1936
1125153883,1902
1125154883,1868
1125155883,1875
1125156883,1929
1125157883,1972
1125158883,2039
1125159883,2127
1125170310,1994
1125171310,1934
1125172310,1883
1125173310,1851
1125174310,1845
1125175310,1789
1125176310,1795
1125177310,1831
1125178310,1883
1125179310,1925
1125180310,2014
1125181310,2096
1125182310,2160
1125183310,2249
1125184310,2288
1125185310,2302
1125186310,2287
1125187310,2198
1125188310,2063
1125189310,1911
1125199737,2416
1125200737,2487
1125201737,2490
1125202737,2436
1125203737,2346
1125204737,2174
1125205737,1959
1125206737,1742
1125207737,1577
1125208737,1459
1125209737,1436
1125210737,1488
1125211737,1594
1125212737,1759
1125213737,1861
1125214737,2022
1125215737,2182
1125216737,2289
1125217737,2416
1125228191,1535
1125229191,1555
1125230191,1534
1125231191,1577
1125232191,1691
1125233191,1821
1125234191,2042
1125235191,2213
1125236191,2352
1125237191,2439
1125238191,2448
1125239191,2384
1125240191,2333
1125241191,2239
1125242191,2125
1125243191,1995
1125244191,1843
1125245191,1721
1125246191,1610
1125247191,1554
1125257618,1583
1125258618,1425
1125259618,1343
1125260618,1365
1125261618,1459
1125262618,1663
1125263618,1964
1125264618,2447
1125265618,2830
1125266618,3007
1125267618,3033
1125268618,2962
1125269618,2807
1125270618,2512
1125271618,2127
1125272618,1688
1125273618,1278
1125274618,953
1125275618,752
1125276618,765
1125277618,1000
1125288017,2071
1125289017,1863
1125290017,1679
1125291017,1555
1125292017,1511
1125293017,1557
1125294017,1763
1125295017,2065
1125296017,2352
1125297017,2559
1125298017,2722
1125299017,2800
1125300017,2768
1125301017,2623
1125302017,2393
1125303017,2133
1125304017,1853
1125305017,1607
1125306017,1423
1125316472,1933
1125317472,1841
1125318472,1776
1125319472,1729
1125320472,1712
1125321472,1685
1125322472,1730
1125323472,1909
1125324472,2190
1125325472,2431
1125326472,2612
1125327472,2747
1125328472,2791
1125329472,2736
1125330472,2581
1125331472,2325
1125332472,2037
1125333472,1769
1125334472,1489
1125335472,1285
1125345899,2831
1125346899,2879
1125347899,2780
1125348899,2626
1125349899,2397
1125350899,2123
1125351899,1835
1125352899,1573
1125353899,1392
1125354899,1236
1125355899,1176
1125356899,1196
1125357899,1319
1125358899,1521
1125359899,1909
1125360899,2330
1125361899,2603
1125362899,2740
1125363899,2757
1125364899,2723
1125375343,1521
1125376343,1933
1125377343,2305
1125378343,2559
1125379343,2740
1125380343,2800
1125381343,2701
1125382343,2523
1125383343,2301
1125384343,2055
1125385343,1801
1125386343,1588
1125387343,1402
1125388343,1299
1125389343,1315
1125390343,1535
1125391343,1919
1125392343,2300
1125393343,2594
1125394343,2768
1125404769,1342
1125405769,1564
1125406769,1923
1125407769,2325
1125408769,2672
1125409769,2962
1125410769,3180
1125411769,3228
1125412769,3019
1125413769,2686
1125414769,2258
1125415769,1839
1125416769,1405
1125417769,1036
1125418769,782
1125419769,748
1125420769,785
1125421769,907
1125422769,1119
1125423769,1577
1125434179,1712
1125435179,1494
1125436179,1420
1125437179,1639
1125438179,1945
1125439179,2159
1125440179,2307
1125441179,2363
1125442179,2337
1125443179,2251
1125444179,2106
1125445179,1888
1125446179,1673
1125447179,1463
1125448179,1279
1125449179,1185
1125450179,1216
1125451179,1392
1125452179,1604
1125453179,1897
1125463606,2454
1125464606,2314
1125465606,2223
1125466606,2147
1125467606,1963
1125468606,1714
1125469606,1535
1125470606,1407
1125471606,1407
1125472606,1441
1125473606,1600
1125474606,1781
1125475606,2022
1125476606,2236
1125477606,2365
1125478606,2368
1125479606,2224
1125480606,2041
1125481606,1853
1125482606,1717
1125493050,2263
1125494050,1878
1125495050,1485
1125496050,1134
1125497050,832
1125498050,630
1125499050,565
1125500050,663
1125501050,929
1125502050,1309
1125503050,1721
1125504050,2129
1125505050,2490
1125506050,2800
1125507050,2981
1125508050,2978
1125509050,2837
1125510050,2660
1125511050,2481
1125512050,2295
1125513050,2061
1125523432,2407
1125524432,2197
1125525432,1919
1125526432,1654
1125527432,1437
1125528432,1251
1125529432,1129
1125530432,1082
1125531432,1157
1125532432,1312
1125533432,1521
1125534432,1905
1125535432,2448
1125536432,2854
1125537432,3042
1125538432,2994
1125539432,2821
1125540432,2511
1125541432,2154
1125542432,1773
1125552858,2533
1125553858,2559
1125554858,2531
1125555858,2385
1125556858,2216
1125557858,1985
1125558858,1801
1125559858,1696
1125560858,1701
1125561858,1797
1125562858,1895
1125563858,1998
1125564858,2153
1125565858,2351
1125566858,2535
1125567858,2665
1125568858,2725
1125569858,2721
1125570858,2544
1125581313,1383
1125582313,1597
1125583313,1872
1125584313,2131
1125585313,2399
1125586313,2599
1125587313,2772
1125588313,2830
1125589313,2827
1125590313,2711
1125591313,2602
1125592313,2535
1125593313,2437
1125594313,2305
1125595313,2145
1125596313,1972
1125597313,1815
1125598313,1651
1125599313,1583
1125600313,1523
1125610740,1995
1125611740,1833
1125612740,1661
1125613740,1477
1125614740,1370
1125615740,1385
1125616740,1535
1125617740,1776
1125618740,2119
1125619740,2453
1125620740,2737
1125621740,2861
1125622740,2736
1125623740,2511
1125624740,2175
1125625740,1851
1125626740,1535
1125627740,1348
1125628740,1177
1125629740,1119
1125640184,2061
1125641184,1750
1125642184,1511
1125643184,1361
1125644184,1371
1125645184,1488
1125646184,1716
1125647184,1968
1125648184,2339
1125649184,2661
1125650184,2853
1125651184,2933
1125652184,2832
1125653184,2608
1125654184,2288
1125655184,1903
1125656184,1586
1125657184,1341
1125658184,1159
1125659184,1091
1125669611,2350
1125670611,2082
1125671611,1745
1125672611,1488
1125673611,1264
1125674611,1120
1125675611,1072
1125676611,1161
1125677611,1535
1125678611,1885
1125679611,2301
1125680611,2535
1125681611,2759
1125682611,2839
1125683611,2801
1125684611,2583
1125685611,2306
1125686611,2125
1125687611,1868
1125688611,1643
1125699037,1591
1125700037,1489
1125701037,1392
1125702037,1369
1125703037,1601
1125704037,2064
1125705037,2529
1125706037,2794
1125707037,2870
1125708037,2770
1125709037,2538
1125710037,2215
1125711037,1951
1125712037,1645
1125713037,1305
1125714037,1147
1125715037,1067
1125716037,1168
1125717037,1568
1125718037,2111
1125728464,1091
1125729464,1074
1125730464,1170
1125731464,1351
1125732464,1585
1125733464,1858
1125734464,2179
1125735464,2669
1125736464,3324
1125737464,3833
1125738464,3776
1125739464,3395
1125740464,2957
1125741464,2430
1125742464,1903
1125743464,1411
1125744464,1037
1125745464,752
1125746464,558
1125747464,481
1125757891,2157
1125758891,1812
1125759891,1515
1125760891,1349
1125761891,1428
1125762891,1804
1125763891,2299
1125764891,2671
1125765891,3023
1125766891,3184
1125767891,3103
1125768891,2775
1125769891,2363
1125770891,1872
1125771891,1348
1125772891,887
1125773891,563
1125774891,407
1125775891,564
1125776891,962
1125777891,1514
1125788274,1516
1125789274,1385
1125790274,1341
1125791274,1457
1125792274,1715
1125793274,2177
1125794274,2835
1125795274,3269
1125796274,3265
1125797274,3002
1125798274,2625
1125799274,2191
1125800274,1751
1125801274,1360
1125802274,1038
1125803274,842
1125804274,764
1125805274,789
1125806274,973
1125807274,1268
1125817699,2100
1125818699,1751
1125819699,1467
1125820699,1322
1125821699,1274
1125822699,1379
1125823699,1575
1125824699,1777
1125825699,2033
1125826699,2388
1125827699,2653
1125828699,2695
1125829699,2581
1125830699,2341
1125831699,2025
1125832699,1699
1125833699,1415
1125834699,1250
1125835699,1102
1125836699,1105
1125847126,1867
1125848126,1365
1125849126,967
1125850126,704
1125851126,575
1125852126,575
1125853126,691
1125854126,972
1125855126,1343
1125856126,1804
1125857126,2145
1125858126,2384
1125859126,2557
1125860126,2727
1125861126,3111
1125862126,3408
1125863126,3371
1125864126,3088
1125865126,2695
1125866126,2245
1125867126,1808
1125877508,2637
1125878508,2778
1125879508,2717
1125880508,2593
1125881508,2352
1125882508,2131
1125883508,1953
1125884508,1767
1125885508,1625
1125886508,1517
1125887508,1488
1125888508,1557
1125889508,1738
1125890508,2107
1125891508,2413
1125892508,2682
1125893508,2848
1125894508,2863
1125895508,2670
1125896508,2352
1125906935,2129
1125907935,2092
1125908935,2063
1125909935,2037
1125910935,2086
1125911935,2112
1125912935,2065
1125913935,1961
1125914935,1831
1125915935,1797
1125916935,1892
1125917935,1986
1125918935,1985
1125919935,1981
1125920935,1974
1125921935,1888
1125922935,1801
1125923935,1729
1125924935,1670
1125935389,2213
1125936389,1783
1125937389,1397
1125938389,1055
1125939389,816
1125940389,798
1125941389,919
1125942389,1174
1125943389,1424
1125944389,1805
1125945389,2224
1125946389,2515
1125947389,2647
1125948389,2643
1125949389,2608
1125950389,2615
1125951389,2624
1125952389,2539
1125953389,2511
1125954389,2345
1125955389,2121
1125965788,1934
1125966788,1961
1125967788,2032
1125968788,2192
1125969788,2544
1125970788,2853
1125971788,2850
1125972788,2637
1125973788,2373
1125974788,2004
1125975788,1609
1125976788,1279
1125977788,1123
1125978788,1065
1125979788,1043
1125980788,1104
1125981788,1271
1125982788,1590
1125983788,1922
1125984788,2202
1125995215,2267
1125996215,2275
1125997215,2162
1125998215,1991
1125999215,1807
1126000215,1663
1126001215,1595
1126002215,1531
1126003215,1491
1126004215,1627
1126005215,1765
1126006215,1836
1126007215,2046
1126008215,2368
1126009215,2705
1126010215,2873
1126011215,2817
1126012215,2705
1126013215,2455
1126023670,1969
1126024670,1934
1126025670,1912
1126026670,1971
1126027670,2029
1126028670,2056
1126029670,2150
1126030670,2233
1126031670,2288
1126032670,2275
1126033670,2256
1126034670,2190
1126035670,2073
1126036670,1964
1126037670,1838
1126038670,1676
1126039670,1572
1126040670,1489
1126041670,1520
1126042670,1776
1126053096,2277
1126054096,2274
1126055096,2096
1126056096,1866
1126057096,1645
1126058096,1421
1126059096,1252
1126060096,1174
1126061096,1237
1126062096,1301
1126063096,1408
1126064096,1723
1126065096,2113
1126066096,2352
1126067096,2470
1126068096,2467
1126069096,2420
1126070096,2368
1126071096,2309
1126072096,2151
1126082540,3165
1126083540,3238
1126084540,3021
1126085540,2673
1126086540,2303
1126087540,1933
1126088540,1558
1126089540,1211
1126090540,948
1126091540,755
1126092540,729
1126093540,1042
1126094540,1804
1126095540,2391
1126096540,2719
1126097540,2796
1126098540,2676
1126099540,2491
1126100540,2255
1126101540,1973
1126111950,2179
1126112950,1922
1126113950,1711
1126114950,1585
1126115950,1535
1126116950,1525
1126117950,1519
1126118950,1561
1126119950,1662
1126120950,1775
1126121950,1895
1126122950,2114
1126123950,2331
1126124950,2391
1126125950,2347
1126126950,2304
1126127950,2283
1126128950,2285
1126129950,2318
1126130950,2253
1126141377,1887
1126142377,2019
1126143377,2208
1126144377,2428
1126145377,2729
1126146377,3083
1126147377,3248
1126148377,3063
1126149377,2683
1126150377,2247
1126151377,1748
1126152377,1268
1126153377,935
1126154377,753
1126155377,733
1126156377,769
1126157377,1125
1126158377,1669
1126159377,2174
1126160377,2640
1126161377,2926
1126171776,1264
1126172776,1702
1126173776,2179
1126174776,2497
1126175776,2622
1126176776,2576
1126177776,2463
1126178776,2353
1126179776,2224
1126180776,2068
1126181776,1955
1126182776,1844
1126183776,1758
1126184776,1792
1126185776,1921
1126186776,2045
1126187776,2032
1126188776,1931
1126189776,1859
1126190776,1815
1126201203,2074
1126202203,1843
1126203203,1699
1126204203,1648
1126205203,1619
1126206203,1614
1126207203,1673
1126208203,1795
1126209203,1862
1126210203,2044
1126211203,2266
1126212203,2333
1126213203,2319
1126214203,2288
1126215203,2176
1126216203,2064
1126217203,2088
1126218203,2308
1126219203,2426
1126229657,1709
1126230657,1839
1126231657,1961
1126232657,2064
1126233657,2208
1126234657,2371
1126235657,2448
1126236657,2423
1126237657,2352
1126238657,2303
1126239657,2288
1126240657,2271
1126241657,2117
1126242657,2059
1126243657,2213
1126244657,2487
1126245657,2512
1126246657,2319
1126247657,2123
1126248657,1952
1126259084,1893
1126260084,2015
1126261084,2192
1126262084,2497
1126263084,2737
1126264084,2858
1126265084,2882
1126266084,2882
1126267084,2997
1126268084,3037
1126269084,2777
1126270084,2378
1126271084,1984
1126272084,1601
1126273084,1263
1126274084,993
1126275084,821
1126276084,759
1126277084,845
1126278084,1155
1126279084,1717
1126289483,1376
1126290483,1427
1126291483,1520
1126292483,1805
1126293483,2386
1126294483,2909
1126295483,3056
1126296483,2877
1126297483,2549
1126298483,2189
1126299483,1931
1126300483,1681
1126301483,1415
1126302483,1200
1126303483,1220
1126304483,1561
1126305483,2031
1126306483,2288
1126307483,2333
1126308483,2222
1126318910,2230
1126319910,2329
1126320910,2492
1126321910,2465
1126322910,2273
1126323910,2189
1126324910,2295
1126325910,2324
1126326910,2230
1126327910,2123
1126328910,1985
1126329910,1856
1126330910,1693
1126331910,1535
1126332910,1531
1126333910,1587
1126334910,1605
1126335910,1713
1126336910,2000
1126347364,1567
1126348364,1586
1126349364,1663
1126350364,1810
1126351364,2044
1126352364,2353
1126353364,2596
1126354364,2667
1126355364,2554
1126356364,2352
1126357364,2131
1126358364,2046
1126359364,2227
1126360364,2419
1126361364,2489
1126362364,2394
1126363364,2249
1126364364,2095
1126365364,1894
1126366364,1695
1126376791,2224
1126377791,2327
1126378791,2367
1126379791,2287
1126380791,2319
1126381791,2363
1126382791,2343
1126383791,2243
1126384791,2067
1126385791,1852
1126386791,1647
1126387791,1637
1126388791,1662
1126389791,1630
1126390791,1649
1126391791,1724
1126392791,1847
1126393791,1874
1126394791,1889
1126395791,1862
1126406243,2295
1126407243,2214
1126408243,2288
1126409243,2458
1126410243,2487
1126411243,2486
1126412243,2497
1126413243,2489
1126414243,2270
1126415243,1937
1126416243,1710
1126417243,1433
1126418243,1218
1126419243,1072
1126420243,1093
1126421243,1219
1126422243,1420
1126423243,1665
1126424243,1865
1126425243,2195
1126435662,1077
1126436662,1084
1126437662,1331
1126438662,1738
1126439662,2096
1126440662,2394
1126441662,2559
1126442662,2683
1126443662,2678
1126444662,2638
1126445662,2493
1126446662,2248
1126447662,1903
1126448662,1601
1126449662,1377
1126450662,1282
1126451662,1424
1126452662,1840
1126453662,2223
1126454662,2433
1126465089,1661
1126466089,1945
1126467089,2559
1126468089,2992
1126469089,3114
1126470089,2962
1126471089,2636
1126472089,2227
1126473089,1841
1126474089,1683
1126475089,1618
1126476089,1508
1126477089,1401
1126478089,1392
1126479089,1483
1126480089,1689
1126481089,1824
1126482089,1872
1126483089,1931
1126484089,1971
1126494516,1702
1126495516,1756
1126496516,1872
1126497516,2014
1126498516,2113
1126499516,2281
1126500516,2736
1126501516,2974
1126502516,3117
1126503516,2946
1126504516,2523
1126505516,1973
1126506516,1472
1126507516,1088
1126508516,816
1126509516,712
1126510516,775
1126511516,1072
1126512516,1401
1126513516,1775
1126523942,2055
1126524942,1712
1126525942,1404
1126526942,1188
1126527942,1089
1126528942,1088
1126529942,1201
1126530942,1477
1126531942,1817
1126532942,2030
1126533942,2353
1126534942,2688
1126535942,2795
1126536942,2754
1126537942,2538
1126538942,2203
1126539942,1899
1126540942,1661
1126541942,1508
1126542942,1505
1126553369,2662
1126554369,2593
1126555369,2421
1126556369,2167
1126557369,1932
1126558369,1702
1126559369,1450
1126560369,1337
1126561369,1463
1126562369,1683
1126563369,1857
1126564369,1950
1126565369,2005
1126566369,1996
1126567369,1956
1126568369,1907
1126569369,1927
1126570369,1969
1126571369,1954
1126572369,1901
1126582796,1692
1126583796,1452
1126584796,1342
1126585796,1457
1126586796,1724
1126587796,2019
1126588796,2269
1126589796,2307
1126590796,2227
1126591796,2097
1126592796,1942
1126593796,1766
1126594796,1626
1126595796,1523
1126596796,1489
1126597796,1620
1126598796,1772
1126599796,1921
1126600796,2064
1126611250,1776
1126612250,1898
1126613250,2149
1126614250,2399
1126615250,2448
1126616250,2281
1126617250,2029
1126618250,1683
1126619250,1449
1126620250,1303
1126621250,1239
1126622250,1221
1126623250,1312
1126624250,1621
1126625250,2115
1126626250,2667
1126627250,2992
1126628250,3024
1126629250,2927
1126630250,2642
1126640677,1993
1126641677,2195
1126642677,2267
1126643677,2421
1126644677,2766
1126645677,3103
1126646677,3181
1126647677,2934
1126648677,2559
1126649677,2157
1126650677,1773
1126651677,1447
1126652677,1205
1126653677,1185
1126654677,1392
1126655677,1503
1126656677,1557
1126657677,1695
1126658677,1793
1126659677,1857
1126670121,3089
1126671121,2974
1126672121,2641
1126673121,2213
1126674121,1836
1126675121,1508
1126676121,1330
1126677121,1219
1126678121,1325
1126679121,1493
1126680121,1637
1126681121,1718
1126682121,1824
1126683121,1871
1126684121,1867
1126685121,1897
1126686121,2011
1126687121,2221
1126688121,2482
1126689121,2707
1126699548,1071
1126700548,1215
1126701548,1525
1126702548,1998
1126703548,2501
1126704548,2759
1126705548,2775
1126706548,2599
1126707548,2389
1126708548,2115
1126709548,1834
1126710548,1641
1126711548,1513
1126712548,1509
1126713548,1584
1126714548,1714
1126715548,1883
1126716548,2105
1126717548,2295
1126718548,2407
1126728975,1535
1126729975,1600
1126730975,1737
1126731975,1859
1126732975,1905
1126733975,1862
1126734975,1773
1126735975,1712
1126736975,1671
1126737975,1697
1126738975,1658
1126739975,1635
1126740975,1696
1126741975,1841
1126742975,2228
1126743975,2659
1126744975,2928
1126745975,2928
1126746975,2727
1126747975,2415
1126758402,1869
1126759402,1904
1126760402,1933
1126761402,1989
1126762402,2004
1126763402,1923
1126764402,1975
1126765402,2223
1126766402,2410
1126767402,2453
1126768402,2407
1126769402,2336
1126770402,2253
1126771402,2105
1126772402,1937
1126773402,1812
1126774402,1770
1126775402,1719
1126776402,1684
1126786856,2227
1126787856,2032
1126788856,1883
1126789856,1967
1126790856,2028
1126791856,1908
1126792856,1741
1126793856,1605
1126794856,1506
1126795856,1453
1126796856,1424
1126797856,1415
1126798856,1456
1126799856,1566
1126800856,1744
1126801856,1967
1126802856,2194
1126803856,2448
1126804856,2559
1126805856,2605
1126816283,1150
1126817283,1227
1126818283,1397
1126819283,1687
1126820283,2102
1126821283,2465
1126822283,2730
1126823283,2917
1126824283,2896
1126825283,2683
1126826283,2343
1126827283,1937
1126828283,1623
1126829283,1361
1126830283,1277
1126831283,1201
1126832283,1295
1126833283,1424
1126834283,1667
1126835283,2015
1126845727,1070
1126846727,1211
1126847727,1527
1126848727,1814
1126849727,2080
1126850727,2355
1126851727,2590
1126852727,2752
1126853727,2774
1126854727,2649
1126855727,2448
1126856727,2197
1126857727,2000
1126858727,1844
1126859727,1808
1126860727,1812
1126861727,1941
1126862727,2071
1126863727,2161
1126864727,2381
1126875154,1063
1126876154,1309
1126877154,1683
1126878154,2139
1126879154,2605
1126880154,2855
1126881154,2859
1126882154,2676
1126883154,2404
1126884154,2087
1126885154,1761
1126886154,1519
1126887154,1414
1126888154,1421
1126889154,1533
1126890154,1634
1126891154,1762
1126892154,1946
1126893154,2139
1126894154,2517
1126904585,1216
1126905585,1424
1126906585,1722
1126907585,1956
1126908585,2086
1126909585,2173
1126910585,2227
1126911585,2276
1126912585,2291
1126913585,2275
1126914585,2224
1126915585,2304
1126916585,2295
1126917585,2164
1126918585,1967
1126919585,1840
1126920585,1835
1126921585,1793
1126922585,1744
1126923585,1715
1126934008,1975
1126935008,1867
1126936008,1777
1126937008,1757
1126938008,1809
1126939008,1845
1126940008,1798
1126941008,1862
1126942008,1936
1126943008,2011
1126944008,2065
1126945008,2112
1126946008,2121
1126947008,2096
1126948008,2108
1126949008,2166
1126950008,2304
1126951008,2399
1126952008,2519
1126962462,1991
1126963462,2271
1126964462,2371
1126965462,2388
1126966462,2309
1126967462,2141
1126968462,1980
1126969462,1887
1126970462,1851
1126971462,1776
1126972462,1722
1126973462,1851
1126974462,2251
1126975462,2469
1126976462,2486
1126977462,2352
1126978462,2128
1126979462,1872
1126980462,1663
1126981462,1509
1126991889,2742
1126992889,2953
1126993889,2845
1126994889,2545
1126995889,2228
1126996889,1858
1126997889,1443
1126998889,1116
1126999889,954
1127000889,1023
1127001889,1205
1127002889,1459
1127003889,1756
1127004889,2001
1127005889,2173
1127006889,2273
1127007889,2278
1127008889,2213
1127009889,2241
1127010889,2271
1127021316,1682
1127022316,1568
1127023316,1459
1127024316,1460
1127025316,1608
1127026316,1779
1127027316,1893
1127028316,1949
1127029316,1952
1127030316,1924
1127031316,1904
1127032316,2058
1127033316,2363
1127034316,2642
1127035316,2682
1127036316,2557
1127037316,2353
1127038316,2033
1127039316,1645
1127040316,1363
1127050760,2601
1127051760,2372
1127052760,2101
1127053760,1940
1127054760,1779
1127055760,1621
1127056760,1531
1127057760,1531
1127058760,1601
1127059760,1710
1127060760,1861
1127061760,2016
1127062760,2134
1127063760,2245
1127064760,2302
1127065760,2461
1127066760,2631
1127067760,2597
1127068760,2348
1127069760,2017
1127080187,2414
1127081187,2423
1127082187,2365
1127083187,2302
1127084187,2281
1127085187,2223
1127086187,2183
1127087187,2221
1127088187,2268
1127089187,2160
1127090187,2036
1127091187,1899
1127092187,1744
1127093187,1607
1127094187,1604
1127095187,1707
1127096187,1741
1127097187,1747
1127098187,1807
1127099187,1893
1127109614,1929
1127110614,1865
1127111614,1871
1127112614,1890
1127113614,1911
1127114614,1908
1127115614,1949
1127116614,1953
1127117614,1953
1127118614,1948
1127119614,2027
1127120614,2107
1127121614,2124
1127122614,2139
1127123614,2151
1127124614,2149
1127125614,2083
1127126614,2060
1127127614,2034
1127128614,2063
1127139040,2190
1127140040,2160
1127141040,2157
1127142040,2099
1127143040,2045
1127144040,2041
1127145040,2068
1127146040,2066
1127147040,2039
1127148040,2081
1127149040,2065
1127150040,2036
1127151040,1973
1127152040,1969
1127153040,2021
1127154040,2192
1127155040,2255
1127156040,2173
1127157040,2021
1127167495,2126
1127168495,2129
1127169495,2095
1127170495,2070
1127171495,2047
1127172495,2070
1127173495,2124
1127174495,2160
1127175495,2150
1127176495,2093
1127177495,1999
1127178495,1913
1127179495,1843
1127180495,1813
1127181495,1775
1127182495,1803
1127183495,1889
1127184495,1939
1127185495,1975
1127186495,2003
1127196922,2240
1127197922,2269
1127198922,2255
1127199922,2228
1127200922,2122
1127201922,1980
1127202922,1882
1127203922,1872
1127204922,1905
1127205922,1883
1127206922,1881
1127207922,1855
1127208922,1792
1127209922,1760
1127210922,1745
1127211922,1818
1127212922,1899
1127213922,2013
1127214922,2149
1127215922,2290
1127226366,1681
1127227366,1718
1127228366,1849
1127229366,1971
1127230366,2064
1127231366,2120
1127232366,2128
1127233366,2193
1127234366,2273
1127235366,2256
1127236366,2226
1127237366,2225
1127238366,2128
1127239366,1936
1127240366,1735
1127241366,1616
1127242366,1532
1127243366,1573
1127244366,1660
1127245366,1820
1127255793,2060
1127256793,1997
1127257793,1973
1127258793,1975
1127259793,1989
1127260793,2027
1127261793,2073
1127262793,2096
1127263793,2097
1127264793,2071
1127265793,2031
1127266793,1977
1127267793,1926
1127268793,1900
1127269793,1892
1127270793,1933
1127271793,1948
1127272793,1944
1127273793,1969
1127274793,1965
1127285219,1987
1127286219,1871
1127287219,1813
1127288219,1781
1127289219,1724
1127290219,1705
1127291219,1735
1127292219,1729
1127293219,1763
1127294219,1925
1127295219,2146
1127296219,2231
1127297219,2227
1127298219,2185
1127299219,2160
1127300219,2166
1127301219,2178
1127302219,2138
1127303219,2121
1127304219,2080
1127314646,2015
1127315646,2003
1127316646,1980
1127317646,1987
1127318646,2078
1127319646,2175
1127320646,2252
1127321646,2319
1127322646,2215
1127323646,2080
1127324646,1954
1127325646,1796
1127326646,1703
1127327646,1680
1127328646,1771
1127329646,1845
1127330646,1923
1127331646,2042
1127332646,2123
1127343101,1952
1127344101,1916
1127345101,1919
1127346101,1903
1127347101,1870
1127348101,1824
1127349101,1803
1127350101,1809
1127351101,1814
1127352101,1867
1127353101,1983
1127354101,2159
1127355101,2320
1127356101,2351
1127357101,2228
1127358101,2032
1127359101,1837
1127360101,1687
1127361101,1621
1127362101,1647
1127372528,2033
1127373528,1941
1127374528,1905
1127375528,1867
1127376528,1879
1127377528,1920
1127378528,1935
1127379528,2042
1127380528,2096
1127381528,2192
1127382528,2304
1127383528,2409
1127384528,2386
1127385528,2273
1127386528,2112
1127387528,1940
1127388528,1733
1127389528,1532
1127390528,1447
1127391528,1477
1127401972,2061
1127402972,2033
1127403972,2047
1127404972,2064
1127405972,2019
1127406972,1974
1127407972,1974
1127408972,2015
1127409972,1998
1127410972,1965
1127411972,1909
1127412972,1894
1127413972,1854
1127414972,1851
1127415972,1886
1127416972,1937
1127417972,1986
1127418972,2023
1127419972,2069
1127420972,2157
1127431399,2081
1127432399,2196
1127433399,2274
1127434399,2276
1127435399,2198
1127436399,2087
1127437399,1985
1127438399,1886
1127439399,1785
1127440399,1721
1127441399,1728
1127442399,1762
1127443399,1872
1127444399,2083
1127445399,2244
1127446399,2317
1127447399,2261
1127448399,2163
1127449399,2046
1127450399,1958
1127460825,1840
1127461825,1871
1127462825,1920
1127463825,1980
1127464825,2007
1127465825,2060
1127466825,2139
1127467825,2183
1127468825,2146
1127469825,2114
1127470825,2090
1127471825,2045
1127472825,1979
1127473825,1891
1127474825,1829
1127475825,1842
1127476825,1908
1127477825,1969
1127478825,2062
1127479825,2193
1127490260,1799
1127491260,1959
1127492260,2142
1127493260,2247
1127494260,2237
1127495260,2176
1127496260,2060
1127497260,1923
1127498260,1808
1127499260,1761
1127500260,1775
1127501260,1793
1127502260,1798
1127503260,1857
1127504260,1958
1127505260,2030
1127506260,2147
1127507260,2224
1127508260,2187
1127518707,2059
1127519707,2157
1127520707,2233
1127521707,2199
1127522707,2087
1127523707,1990
1127524707,1905
1127525707,1835
1127526707,1776
1127527707,1857
1127528707,1913
1127529707,2030
1127530707,2112
1127531707,2192
1127532707,2217
1127533707,2242
1127534707,2276
1127535707,2217
1127536707,2127
1127537707,2044
1127548134,1958
1127549134,1904
1127550134,1922
1127551134,1907
1127552134,1930
1127553134,1942
1127554134,2000
1127555134,2007
1127556134,2020
1127557134,2032
1127558134,2073
1127559134,2148
1127560134,2181
1127561134,2175
1127562134,2123
1127563134,2065
1127564134,2090
1127565134,2117
1127566134,2064
1127567134,1990
1127577582,2059
1127578582,2065
1127579582,2080
1127580582,2074
1127581582,2158
1127582582,2310
1127583582,2325
1127584582,2245
1127585582,2105
1127586582,1968
1127587582,1879
1127588582,1797
1127589582,1719
1127590582,1714
1127591582,1755
1127592582,1787
1127593582,1860
1127594582,1952
1127595582,2055
1127596582,2102
1127607004,2195
1127608004,2154
1127609004,2027
1127610004,1936
1127611004,1872
1127612004,1842
1127613004,1840
1127614004,1845
1127615004,1816
1127616004,1803
1127617004,1860
1127618004,1984
1127619004,2021
1127620004,2013
1127621004,1988
1127622004,1923
1127623004,1890
1127624004,1891
1127625004,1884
1127626004,1887
1127636431,1879
1127637431,1823
1127638431,1787
1127639431,1744
1127640431,1746
1127641431,1835
1127642431,1876
1127643431,1925
1127644431,1968
1127645431,2032
1127646431,2047
1127647431,2058
1127648431,2053
1127649431,2101
1127650431,2297
1127651431,2470
1127652431,2510
1127653431,2457
1127654431,2317
1127655431,2116
1127665858,1983
1127666858,2047
1127667858,2099
1127668858,2151
1127669858,2145
1127670858,2222
1127671858,2261
1127672858,2225
1127673858,2174
1127674858,2105
1127675858,2085
1127676858,2058
1127677858,2074
1127678858,2080
1127679858,2029
1127680858,1936
1127681858,1891
1127682858,1817
1127683858,1774
1127694313,1786
1127695313,1818
1127696313,1798
1127697313,1792
1127698313,1794
1127699313,1868
1127700313,1919
1127701313,2019
1127702313,2108
1127703313,2160
1127704313,2237
1127705313,2259
1127706313,2253
1127707313,2165
1127708313,2071
1127709313,2033
1127710313,1936
1127711313,1932
1127712313,1866
1127713313,1923
1127723740,1809
1127724740,1794
1127725740,1804
1127726740,1813
1127727740,1857
1127728740,1973
1127729740,2060
1127730740,2165
1127731740,2192
1127732740,2287
1127733740,2320
1127734740,2287
1127735740,2177
1127736740,2023
1127737740,1917
1127738740,1796
1127739740,1669
1127740740,1590
1127741740,1589
1127742740,1607
1127753183,1390
1127754183,1417
1127755183,1497
1127756183,1583
1127757183,1721
1127758183,1877
1127759183,1969
1127760183,2055
1127761183,2163
1127762183,2368
1127763183,2505
1127764183,2496
1127765183,2411
1127766183,2272
1127767183,2128
1127768183,1997
1127769183,1871
1127770183,1782
1127771183,1759
1127772183,1755
1127782610,2174
1127783610,2231
1127784610,2413
1127785610,2698
1127786610,2931
1127787610,2869
1127788610,2548
1127789610,2157
1127790610,1766
1127791610,1395
1127792610,1157
1127793610,1043
1127794610,1058
1127795610,1279
1127796610,1499
1127797610,1740
1127798610,1911
1127799610,2019
1127800610,2153
1127801610,2192
1127812037,2015
1127813037,2032
1127814037,2014
1127815037,2009
1127816037,2037
1127817037,2083
1127818037,2053
1127819037,2007
1127820037,1986
1127821037,2068
1127822037,2009
1127823037,1911
1127824037,1851
1127825037,1813
1127826037,1847
1127827037,1968
1127828037,2129
1127829037,2243
1127830037,2295
1127831037,2263
1127841464,1757
1127842464,1765
1127843464,1811
1127844464,1858
1127845464,1947
1127846464,2027
1127847464,2064
1127848464,2154
1127849464,2272
1127850464,2416
1127851464,2507
1127852464,2442
1127853464,2310
1127854464,2146
1127855464,1953
1127856464,1805
1127857464,1680
1127858464,1600
1127859464,1570
1127869918,2177
1127870918,2287
1127871918,2305
1127872918,2291
1127873918,2209
1127874918,2065
1127875918,1857
1127876918,1666
1127877918,1535
1127878918,1506
1127879918,1535
1127880918,1652
1127881918,1812
1127882918,1938
1127883918,2051
1127884918,2101
1127885918,2107
1127886918,2046
1127887918,1989
1127888918,1897
1127899345,2255
1127900345,2230
1127901345,2192
1127902345,2121
1127903345,2054
1127904345,2022
1127905345,1980
1127906345,1936
1127907345,1878
1127908345,1889
1127909345,1899
1127910345,1965
1127911345,2029
1127912345,2089
1127913345,2107
1127914345,2064
1127915345,2001
1127916345,1936
1127917345,1877
1127918345,1834
1127928789,2384
1127929789,2192
1127930789,1962
1127931789,1722
1127932789,1573
1127933789,1452
1127934789,1392
1127935789,1406
1127936789,1472
1127937789,1653
1127938789,1792
1127939789,1935
1127940789,2054
1127941789,2110
1127942789,2220
1127943789,2416
1127944789,2544
1127945789,2559
1127946789,2506
1127947789,2336
1127958216,1929
1127959216,1873
1127960216,1818
1127961216,1777
1127962216,1802
1127963216,1804
1127964216,1788
1127965216,1820
1127966216,1897
1127967216,2020
1127968216,2143
1127969216,2288
1127970216,2416
1127971216,2512
1127972216,2458
1127973216,2287
1127974216,2121
1127975216,1913
1127976216,1754
1127977216,1657
1127987643,2205
1127988643,2367
1127989643,2362
1127990643,2327
1127991643,2259
1127992643,2151
1127993643,1999
1127994643,1911
1127995643,1870
1127996643,1851
1127997643,1824
1127998643,1805
1127999643,1801
1128000643,1819
1128001643,1857
1128002643,1932
1128003643,2085
1128004643,2219
1128005643,2279
1128006643,2251
1128017070,1990
1128018070,2145
1128019070,2232
1128020070,2250
1128021070,2234
1128022070,2132
1128023070,2041
1128024070,1975
1128025070,1904
1128026070,1819
1128027070,1788
1128028070,1825
1128029070,1905
1128030070,1900
1128031070,1878
1128032070,1844
1128033070,1807
1128034070,1819
1128035070,1821
1128045524,1703
1128046524,1652
1128047524,1600
1128048524,1585
1128049524,1669
1128050524,1793
1128051524,1905
1128052524,1990
1128053524,2100
1128054524,2237
1128055524,2320
1128056524,2311
1128057524,2256
1128058524,2189
1128059524,2096
1128060524,1970
1128061524,1922
1128062524,1895
1128063524,1851
1128064524,1869
1128074951,2359
1128075951,2047
1128076951,1734
1128077951,1463
1128078951,1286
1128079951,1168
1128080951,1106
1128081951,1193
1128082951,1392
1128083951,1651
1128084951,1909
1128085951,2139
1128086951,2249
1128087951,2288
1128088951,2229
1128089951,2095
1128090951,1966
1128091951,1872
1128092951,1821
1128093951,1893
1128104395,1957
1128105395,1984
1128106395,1913
1128107395,1849
1128108395,1788
1128109395,1751
1128110395,1757
1128111395,1777
1128112395,1837
1128113395,1845
1128114395,1817
1128115395,1831
1128116395,1823
1128117395,1860
1128118395,1943
1128119395,2099
1128120395,2288
1128121395,2544
1128122395,2658
1128123395,2559
1128133822,1830
1128134822,1888
1128135822,1917
1128136822,1935
1128137822,1985
1128138822,1956
1128139822,1888
1128140822,1812
1128141822,1806
1128142822,1839
1128143822,1904
1128144822,2023
1128145822,2201
1128146822,2409
1128147822,2609
1128148822,2767
1128149822,2829
1128150822,2720
1128151822,2487
1128152822,2192
1128163257,1951
1128164257,2180
1128165257,2352
1128166257,2421
1128167257,2419
1128168257,2397
1128169257,2329
1128170257,2279
1128171257,2266
1128172257,2248
1128173257,2192
1128174257,2115
1128175257,2009
1128176257,1904
1128177257,1840
1128178257,1835
1128179257,1840
1128180257,1845
1128181257,1818
1128182257,1807
1128192676,2112
1128193676,2017
1128194676,1936
1128195676,1936
1128196676,1965
1128197676,1951
1128198676,1886
1128199676,1813
1128200676,1744
1128201676,1649
1128202676,1615
1128203676,1585
1128204676,1594
1128205676,1627
1128206676,1676
1128207676,1757
1128208676,1901
1128209676,2077
1128210676,2223
1128221130,1747
1128222130,1698
1128223130,1649
1128224130,1647
1128225130,1700
1128226130,1763
1128227130,1837
1128228130,1965
1128229130,2085
1128230130,2177
1128231130,2255
1128232130,2302
1128233130,2298
1128234130,2263
1128235130,2224
1128236130,2143
1128237130,2112
1128238130,2061
1128239130,1984
1128240130,1906
1128250558,2220
1128251558,2209
1128252558,2224
1128253558,2193
1128254558,2125
1128255558,2035
1128256558,1975
1128257558,2032
1128258558,2134
1128259558,2189
1128260558,2129
1128261558,2070
1128262558,2007
1128263558,1933
1128264558,1823
1128265558,1712
1128266558,1632
1128267558,1559
1128268558,1500
1128269558,1495
1128280001,1985
1128281001,1787
1128282001,1616
1128283001,1501
1128284001,1476
1128285001,1511
1128286001,1617
1128287001,1791
1128288001,2061
1128289001,2293
1128290001,2431
1128291001,2479
1128292001,2455
1128293001,2337
1128294001,2180
1128295001,2065
1128296001,1937
1128297001,1815
1128298001,1717
1128299001,1636
1128309428,2032
1128310428,2032
1128311428,2074
1128312428,2128
1128313428,2144
1128314428,2280
1128315428,2448
1128316428,2512
1128317428,2506
1128318428,2445
1128319428,2317
1128320428,2202
1128321428,2081
1128322428,1902
1128323428,1750
1128324428,1603
1128325428,1535
1128326428,1599
1128327428,1756
1128328428,1873
1128338855,2384
1128339855,2387
1128340855,2319
1128341855,2179
1128342855,2000
1128343855,1818
1128344855,1686
1128345855,1574
1128346855,1535
1128347855,1488
1128348855,1487
1128349855,1581
1128350855,1689
1128351855,1840
1128352855,2000
1128353855,2187
1128354855,2337
1128355855,2364
1128356855,2373
1128357855,2336
1128368282,1857
1128369282,1891
1128370282,2023
1128371282,2227
1128372282,2339
1128373282,2325
1128374282,2284
1128375282,2199
1128376282,2089
1128377282,1968
1128378282,1876
1128379282,1813
1128380282,1788
1128381282,1796
1128382282,1837
1128383282,1965
1128384282,2112
1128385282,2180
1128386282,2209
1128396736,1950
1128397736,2061
1128398736,2108
1128399736,2155
1128400736,2169
1128401736,2141
1128402736,2075
1128403736,1999
1128404736,1999
1128405736,1941
1128406736,1860
1128407736,1824
1128408736,1819
1128409736,1872
1128410736,1932
1128411736,2085
1128412736,2265
1128413736,2481
1128414736,2708
1128415736,2832
1128426163,1137
1128427163,1264
1128428163,1421
1128429163,1647
1128430163,1851
1128431163,2059
1128432163,2242
1128433163,2415
1128434163,2525
1128435163,2556
1128436163,2503
1128437163,2444
1128438163,2344
1128439163,2195
1128440163,2022
1128441163,1878
1128442163,1743
1128443163,1644
1128444163,1606
1128445163,1667
1128455607,2343
1128456607,2252
1128457607,2110
1128458607,1949
1128459607,1807
1128460607,1693
1128461607,1625
1128462607,1625
1128463607,1638
1128464607,1703
1128465607,1826
1128466607,1989
1128467607,2186
1128468607,2292
1128469607,2358
1128470607,2375
1128471607,2325
1128472607,2191
1128473607,2019
1128474607,1875
1128485034,1988
1128486034,1920
1128487034,1889
1128488034,1887
1128489034,1872
1128490034,1845
1128491034,1867
1128492034,1909
1128493034,1938
1128494034,2033
1128495034,2115
1128496034,2219
1128497034,2293
1128498034,2333
1128499034,2319
1128500034,2253
1128501034,2193
1128502034,2082
1128503034,2022
1128504034,1965
1128514461,2114
1128515461,2125
1128516461,2094
1128517461,2039
1128518461,1971
1128519461,1881
1128520461,1831
1128521461,1797
1128522461,1767
1128523461,1725
1128524461,1680
1128525461,1677
1128526461,1703
1128527461,1785
1128528461,1936
1128529461,2087
1128530461,2189
1128531461,2245
1128532461,2266
1128533461,2290
1128543888,1693
1128544888,1742
1128545888,1808
1128546888,1886
1128547888,1909
1128548888,1943
1128549888,1975
1128550888,2004
1128551888,2063
1128552888,2122
1128553888,2192
1128554888,2234
1128555888,2218
1128556888,2177
1128557888,2153
1128558888,2151
1128559888,2211
1128560888,2172
1128561888,2188
1128572342,1763
1128573342,1807
1128574342,1822
1128575342,1856
1128576342,1845
1128577342,1887
1128578342,1922
1128579342,1968
1128580342,1991
1128581342,2013
1128582342,2033
1128583342,2085
1128584342,2157
1128585342,2256
1128586342,2333
1128587342,2352
1128588342,2322
1128589342,2211
1128590342,2064
1128591342,1913
1128601769,2075
1128602769,2163
1128603769,2245
1128604769,2323
1128605769,2358
1128606769,2337
1128607769,2274
1128608769,2195
1128609769,2133
1128610769,2076
1128611769,2032
1128612769,2012
1128613769,1967
1128614769,1905
1128615769,1840
1128616769,1798
1128617769,1777
1128618769,1744
1128619769,1745
1128620769,1793
1128631213,2407
1128632213,2407
1128633213,2372
1128634213,2299
1128635213,2194
1128636213,2077
1128637213,1982
1128638213,1909
1128639213,1831
1128640213,1712
1128641213,1635
1128642213,1584
1128643213,1595
1128644213,1680
1128645213,1826
1128646213,1949
1128647213,2035
1128648213,2083
1128649213,2096
1128650213,2115
1128660640,1924
1128661640,1949
1128662640,1998
1128663640,2032
1128664640,2047
1128665640,2092
1128666640,2119
1128667640,2180
1128668640,2244
1128669640,2277
1128670640,2299
1128671640,2267
1128672640,2173
1128673640,2027
1128674640,1877
1128675640,1709
1128676640,1617
1128677640,1571
1128678640,1600
1128679640,1660
1128690067,2176
1128691067,2129
1128692067,2093
1128693067,2045
1128694067,2065
1128695067,2068
1128696067,2134
1128697067,2159
1128698067,2131
1128699067,2095
1128700067,2031
1128701067,1995
1128702067,1932
1128703067,1871
1128704067,1856
1128705067,1856
1128706067,1815
1128707067,1779
1128708067,1824
1128709067,1872
1128719493,1874
1128720493,1833
1128721493,1836
1128722493,1819
1128723493,1792
1128724493,1808
1128725493,1898
1128726493,2015
1128727493,2128
1128728493,2233
1128729493,2293
1128730493,2288
1128731493,2224
1128732493,2137
1128733493,2038
1128734493,1950
1128735493,1863
1128736493,1787
1128737493,1787
1128747948,2237
1128748948,2295
1128749948,2319
1128750948,2334
1128751948,2279
1128752948,2178
1128753948,2085
1128754948,1988
1128755948,1867
1128756948,1743
1128757948,1635
1128758948,1635
1128759948,1642
1128760948,1709
1128761948,1809
1128762948,1928
1128763948,2016
1128764948,2068
1128765948,2083
1128766948,2083
1128777375,1979
1128778375,2017
1128779375,2065
1128780375,2070
1128781375,2103
1128782375,2068
1128783375,2035
1128784375,2009
1128785375,2000
1128786375,1973
1128787375,2027
1128788375,2081
1128789375,2081
1128790375,2031
1128791375,1975
1128792375,1902
1128793375,1851
1128794375,1814
1128795375,1815
1128796375,1817
1128806819,2162
1128807819,2124
1128808819,2019
1128809819,1985
1128810819,1946
1128811819,1934
1128812819,1941
1128813819,1945
1128814819,2013
1128815819,2065
1128816819,2198
1128817819,2265
1128818819,2273
1128819819,2221
1128820819,2161
1128821819,2090
1128822819,1932
1128823819,1773
1128824819,1655
1128825819,1534
1128836254,2256
1128837254,2217
1128838254,2155
1128839254,2046
1128840254,1929
1128841254,1840
1128842254,1775
1128843254,1727
1128844254,1766
1128845254,1881
1128846254,2031
1128847254,2173
1128848254,2263
1128849254,2309
1128850254,2318
1128851254,2298
1128852254,2209
1128853254,2105
1128854254,2025
1128855254,1910
1128865672,2065
1128866672,2095
1128867672,2128
1128868672,2121
1128869672,2113
1128870672,2125
1128871672,2109
1128872672,2065
1128873672,2014
1128874672,1983
1128875672,1953
1128876672,1950
1128877672,1950
1128878672,2014
1128879672,2065
1128880672,2073
1128881672,2076
1128882672,2078
1128883672,2101
1128884672,2103
1128895099,2107
1128896099,2053
1128897099,1953
1128898099,1841
1128899099,1737
1128900099,1669
1128901099,1639
1128902099,1644
1128903099,1643
1128904099,1719
1128905099,1776
1128906099,1817
1128907099,1915
1128908099,1909
1128909099,1995
1128910099,2078
1128911099,2124
1128912099,2165
1128913099,2229
1128923554,1894
1128924554,1881
1128925554,1873
1128926554,1871
1128927554,1905
1128928554,1953
1128929554,2023
1128930554,2069
1128931554,2092
1128932554,2084
1128933554,2096
1128934554,2092
1128935554,2085
1128936554,2063
1128937554,2073
1128938554,2047
1128939554,2000
1128940554,1935
1128941554,1904
1128942554,1901
1128952981,2062
1128953981,2057
1128954981,2039
1128955981,1995
1128956981,1935
1128957981,1888
1128958981,1863
1128959981,1861
1128960981,1901
1128961981,1957
1128962981,2016
1128963981,2046
1128964981,2045
1128965981,2065
1128966981,2042
1128967981,2053
1128968981,2035
1128969981,2016
1128970981,2042
1128971981,2032
1128982425,2038
1128983425,2078
1128984425,2096
1128985425,2074
1128986425,2039
1128987425,2033
1128988425,2027
1128989425,1998
1128990425,1939
1128991425,1932
1128992425,1874
1128993425,1859
1128994425,1882
1128995425,1952
1128996425,2003
1128997425,2061
1128998425,2057
1128999425,2057
1129000425,2068
1129001425,2063
1129011851,2015
1129012851,2082
1129013851,2145
1129014851,2189
1129015851,2224
1129016851,2224
1129017851,2223
1129018851,2173
1129019851,2116
1129020851,2066
1129021851,1981
1129022851,1863
1129023851,1753
1129024851,1684
1129025851,1617
1129026851,1612
1129027851,1659
1129028851,1763
1129029851,1893
1129030851,2026
1129041278,1841
1129042278,1797
1129043278,1793
1129044278,1825
1129045278,1904
1129046278,1983
1129047278,2045
1129048278,2079
1129049278,2096
1129050278,2088
1129051278,2096
1129052278,2080
1129053278,2045
1129054278,2067
1129055278,2041
1129056278,2004
1129057278,1958
1129058278,1927
1129059278,1909
1129060278,1905
1129070705,2032
1129071705,2004
1129072705,1996
1129073705,1953
1129074705,1925
1129075705,1899
1129076705,1898
1129077705,1919
1129078705,1979
1129079705,2029
1129080705,2064
1129081705,2067
1129082705,2061
1129083705,2065
1129084705,2093
1129085705,2100
1129086705,2112
1129087705,2158
1129088705,2176
1129099160,1891
1129100160,1893
1129101160,1901
1129102160,1876
1129103160,1872
1129104160,1892
1129105160,1927
1129106160,1938
1129107160,1917
1129108160,1907
1129109160,1923
1129110160,1927
1129111160,1948
1129112160,2030
1129113160,2110
1129114160,2159
1129115160,2209
1129116160,2177
1129117160,2157
1129118160,2128
1129128587,1948
1129129587,2020
1129130587,2065
1129131587,2084
1129132587,2071
1129133587,2072
1129134587,2068
1129135587,2060
1129136587,2033
1129137587,2039
1129138587,2042
1129139587,2000
1129140587,1951
1129141587,1920
1129142587,1901
1129143587,1911
1129144587,1928
1129145587,1987
1129146587,2039
1129147587,2064
1129158030,1927
1129159030,1888
1129160030,1895
1129161030,1900
1129162030,1955
1129163030,2016
1129164030,2039
1129165030,2058
1129166030,2047
1129167030,2054
1129168030,2061
1129169030,2037
1129170030,2015
1129171030,2033
1129172030,2028
1129173030,1979
1129174030,1934
1129175030,1900
1129176030,1872
1129177030,1877
1129187457,2033
1129188457,2053
1129189457,2030
1129190457,1991
1129191457,1952
1129192457,1948
1129193457,1937
1129194457,1957
1129195457,2000
1129196457,2059
1129197457,2062
1129198457,2053
1129199457,2035
1129200457,2027
1129201457,2000
1129202457,1993
1129203457,2001
1129204457,2010
1129205457,2023
1129206457,1975
1129216884,2026
1129217884,2058
1129218884,2041
1129219884,2015
1129220884,2027
1129221884,2017
1129222884,1977
1129223884,1926
1129224884,1893
1129225884,1861
1129226884,1881
1129227884,1923
1129228884,1995
1129229884,2057
1129230884,2084
1129231884,2082
1129232884,2119
1129233884,2095
1129234884,2079
1129235884,2037
1129246311,2006
1129247311,2053
1129248311,2068
1129249311,2064
1129250311,2059
1129251311,2064
1129252311,2044
1129253311,2028
1129254311,2022
1129255311,2036
1129256311,1990
1129257311,1946
1129258311,1904
1129259311,1884
1129260311,1886
1129261311,1923
1129262311,1963
1129263311,2032
1129264311,2064
1129274766,1905
1129275766,1877
1129276766,1908
1129277766,1873
1129278766,1991
1129279766,2025
1129280766,2037
1129281766,2057
1129282766,2060
1129283766,2064
1129284766,2064
1129285766,2038
1129286766,2000
1129287766,2034
1129288766,2023
1129289766,1975
1129290766,1919
1129291766,1907
1129292766,1923
1129293766,1902
1129304192,2026
1129305192,2023
1129306192,1991
1129307192,1945
1129308192,1908
1129309192,1887
1129310192,1891
1129311192,1921
1129312192,1985
1129313192,2031
1129314192,2067
1129315192,2064
1129316192,2069
1129317192,2064
1129318192,2047
1129319192,2041
1129320192,2016
1129321192,2031
1129322192,2023
1129323192,1972
1129333636,2081
1129334636,2067
1129335636,2041
1129336636,2016
1129337636,2032
1129338636,2017
1129339636,1971
1129340636,1926
1129341636,1895
1129342636,1872
1129343636,1883
1129344636,1914
1129345636,1982
1129346636,2026
1129347636,2058
1129348636,2047
1129349636,2058
1129350636,2046
1129351636,2064
1129352636,2029
1129363063,2027
1129364063,2058
1129365063,2062
1129366063,2064
1129367063,2055
1129368063,2076
1129369063,2038
1129370063,2007
1129371063,2019
1129372063,2016
1129373063,1969
1129374063,1929
1129375063,1907
1129376063,1872
1129377063,1914
1129378063,1913
1129379063,2001
1129380063,2035
1129381063,2064
1129382063,2057
1129392490,1897
1129393490,1893
1129394490,1917
1129395490,1982
1129396490,2032
1129397490,2059
1129398490,2073
1129399490,2076
1129400490,2080
1129401490,2078
1129402490,2047
1129403490,2027
1129404490,2043
1129405490,2020
1129406490,1975
1129407490,1921
1129408490,1899
1129409490,1873
1129410490,1882
1129411490,1922
1129421917,2027
1129422917,1983
1129423917,1934
1129424917,1909
1129425917,1885
1129426917,1875
1129427917,1920
1129428917,1987
1129429917,2037
1129430917,2069
1129431917,2063
1129432917,2065
1129433917,2065
1129434917,2051
1129435917,2042
1129436917,2020
1129437917,2031
1129438917,2000
1129439917,1977
1129450371,2057
1129451371,2064
1129452371,2041
1129453371,2028
1129454371,2035
1129455371,2027
1129456371,1989
1129457371,1931
1129458371,1872
1129459371,1885
1129460371,1881
1129461371,1926
1129462371,1979
1129463371,2045
1129464371,2064
1129465371,2077
1129466371,2068
1129467371,2071
1129468371,2064
1129469371,2006
1129479798,2017
1129480798,2055
1129481798,2061
1129482798,2060
1129483798,2060
1129484798,2063
1129485798,2032
1129486798,2017
1129487798,2037
1129488798,2023
1129489798,1969
1129490798,1936
1129491798,1906
1129492798,1873
1129493798,1887
1129494798,1923
1129495798,1996
1129496798,2042
1129497798,2057
1129498798,2064
1129509250,1876
1129510250,1873
1129511250,1925
1129512250,1969
1129513250,2030
1129514250,2063
1129515250,2087
1129516250,2061
1129517250,2064
1129518250,2057
1129519250,2038
1129520250,2019
1129521250,2035
1129522250,1999
1129523250,1973
1129524250,1926
1129525250,1898
1129526250,1873
1129527250,1885
1129528250,1931
1129538669,2025
1129539669,1995
1129540669,1931
1129541669,1898
1129542669,1899
1129543669,1894
1129544669,1922
1129545669,1989
1129546669,2028
1129547669,2047
1129548669,2044
1129549669,2065
1129550669,2061
1129551669,2053
1129552669,2058
1129553669,2022
1129554669,2030
1129555669,2011
1129556669,1968
1129557669,1939
1129568096,2067
1129569096,2034
1129570096,2021
1129571096,2053
1129572096,2041
1129573096,1998
1129574096,1942
1129575096,1919
1129576096,1899
1129577096,1872
1129578096,1925
1129579096,2002
1129580096,2032
1129581096,2031
1129582096,2073
1129583096,2069
1129584096,2062
1129585096,2076
1129586096,2051
1129587096,2033
1129597523,2073
1129598523,2084
1129599523,2071
1129600523,2077
1129601523,2069
1129602523,2041
1129603523,2025
1129604523,2030
1129605523,2014
1129606523,1971
1129607523,1935
1129608523,1904
1129609523,1887
1129610523,1887
1129611523,1928
1129612523,1988
1129613523,2041
1129614523,2059
1129615523,2061
1129625977,1875
1129626977,1897
1129627977,1915
1129628977,1986
1129629977,2032
1129630977,2064
1129631977,2099
1129632977,2096
1129633977,2060
1129634977,2063
1129635977,2037
1129636977,2017
1129637977,2032
1129638977,2007
1129639977,1968
1129640977,1917
1129641977,1892
1129642977,1869
1129643977,1889
1129644977,1959
1129655404,2014
1129656404,1965
1129657404,1945
1129658404,1909
1129659404,1874
1129660404,1902
1129661404,1936
1129662404,2000
1129663404,2032
1129664404,2064
1129665404,2069
1129666404,2064
1129667404,2060
1129668404,2055
1129669404,2041
1129670404,2019
1129671404,2034
1129672404,2006
1129673404,1968
1129674404,1911
1129684848,2059
1129685848,2032
1129686848,2014
1129687848,2032
1129688848,2015
1129689848,1967
1129690848,1927
1129691848,1898
1129692848,1874
1129693848,1889
1129694848,1935
1129695848,1991
1129696848,2043
1129697848,2057
1129698848,2068
1129699848,2065
1129700848,2067
1129701848,2055
1129702848,2028
1129703848,2007
1129714275,2037
1129715275,2046
1129716275,2064
1129717275,2063
1129718275,2047
1129719275,2041
1129720275,2019
1129721275,2018
1129722275,2011
1129723275,1965
1129724275,1913
1129725275,1882
1129726275,1888
1129727275,1891
1129728275,1936
1129729275,1999
1129730275,2056
1129731275,2068
1129732275,2100
1129733275,2064
1129743702,1903
1129744702,1909
1129745702,1985
1129746702,2036
1129747702,2067
1129748702,2071
1129749702,2064
1129750702,2065
1129751702,2061
1129752702,2027
1129753702,2021
1129754702,2027
1129755702,2006
1129756702,1963
1129757702,1915
1129758702,1886
1129759702,1879
1129760702,1900
1129761702,1937
1129762702,1999
1129773129,1978
1129774129,1927
1129775129,1895
1129776129,1897
1129777129,1902
1129778129,1931
1129779129,2000
1129780129,2042
1129781129,2045
1129782129,2065
1129783129,2065
1129784129,2065
1129785129,2062
1129786129,2034
1129787129,2019
1129788129,2057
1129789129,2003
1129790129,1959
1129791129,1915
1129801584,2062
1129802584,2031
1129803584,2021
1129804584,2032
1129805584,2016
1129806584,1968
1129807584,1916
1129808584,1891
1129809584,1881
1129810584,1894
1129811584,1933
1129812584,2000
1129813584,2038
1129814584,2059
1129815584,2063
1129816584,2047
1129817584,2064
1129818584,2041
1129819584,2018
1129820584,2013
1129831010,2061
1129832010,2063
1129833010,2069
1129834010,2065
1129835010,2042
1129836010,2036
1129837010,2029
1129838010,2032
1129839010,2009
1129840010,1968
1129841010,1935
1129842010,1904
1129843010,1876
1129844010,1854
1129845010,1945
1129846010,2004
1129847010,2039
1129848010,2055
1129849010,2047
1129850010,2063
1129860454,1904
1129861454,1931
1129862454,2001
1129863454,2042
1129864454,2071
1129865454,2085
1129866454,2088
1129867454,2070
1129868454,2069
1129869454,2046
1129870454,2035
1129871454,2023
1129872454,1989
1129873454,1932
1129874454,1876
1129875454,1851
1129876454,1840
1129877454,1872
1129878454,1943
1129879454,2041
1129889881,1951
1129890881,1937
1129891881,1965
1129892881,1965
1129893881,1984
1129894881,2024
1129895881,2069
1129896881,2083
1129897881,2071
1129898881,2055
1129899881,2001
1129900881,1975
1129901881,1983
1129902881,1949
1129903881,1943
1129904881,1989
1129905881,2014
1129906881,1998
1129907881,1981
1129908881,1977
1129919308,1869
1129920308,1838
1129921308,1872
1129922308,1902
1129923308,1939
1129924308,1967
1129925308,1990
1129926308,2019
1129927308,2065
1129928308,2122
1129929308,2192
1129930308,2218
1129931308,2202
1129932308,2182
1129933308,2128
1129934308,2039
1129935308,1936
1129936308,1834
1129937308,1766
1129938308,1750
1129948735,2165
1129949735,2195
1129950735,2234
1129951735,2213
1129952735,2231
1129953735,2258
1129954735,2308
1129955735,2231
1129956735,2108
1129957735,1981
1129958735,1883
1129959735,1810
1129960735,1840
1129961735,1951
1129962735,2066
1129963735,2105
1129964735,2080
1129965735,2044
1129966735,1999
1129977189,1776
1129978189,1825
1129979189,1893
1129980189,1987
1129981189,2109
1129982189,2221
1129983189,2268
1129984189,2315
1129985189,2367
1129986189,2378
1129987189,2367
1129988189,2302
1129989189,2169
1129990189,1974
1129991189,1810
1129992189,1655
1129993189,1518
1129994189,1473
1129995189,1535
1129996189,1691
1130006616,1903
1130007616,1839
1130008616,1810
1130009616,1809
1130010616,1876
1130011616,2012
1130012616,2182
1130013616,2297
1130014616,2370
1130015616,2428
1130016616,2405
1130017616,2380
1130018616,2306
1130019616,2212
1130020616,2099
1130021616,1987
1130022616,1886
1130023616,1763
1130024616,1709
1130025616,1681
1130036060,1869
1130037060,1901
1130038060,2039
1130039060,2225
1130040060,2399
1130041060,2515
1130042060,2554
1130043060,2512
1130044060,2421
1130045060,2288
1130046060,2139
1130047060,1953
1130048060,1744
1130049060,1564
1130050060,1470
1130051060,1495
1130052060,1535
1130053060,1697
1130054060,1901
1130055060,2108
1130065487,1787
1130066487,1853
1130067487,1921
1130068487,1988
1130069487,2046
1130070487,2109
1130071487,2156
1130072487,2122
1130073487,2003
1130074487,1873
1130075487,1786
1130076487,1719
1130077487,1840
1130078487,2027
1130079487,2238
1130080487,2393
1130081487,2542
1130082487,2604
1130083487,2590
1130084487,2485
1130094914,1456
1130095914,1700
1130096914,1871
1130097914,2017
1130098914,2126
1130099914,2209
1130100914,2396
1130101914,2687
1130102914,2898
1130103914,3031
1130104914,3120
1130105914,3049
1130106914,2861
1130107914,2559
1130108914,2210
1130109914,1802
1130110914,1418
1130111914,1108
1130112914,883
1130113914,779
1130124340,3139
1130125340,2989
1130126340,2757
1130127340,2479
1130128340,2178
1130129340,1873
1130130340,1535
1130131340,1306
1130132340,1169
1130133340,1165
1130134340,1232
1130135340,1355
1130136340,1567
1130137340,1812
1130138340,2047
1130139340,2193
1130140340,2224
1130141340,2177
1130142340,2075
1130143340,1986
1130153767,1985
1130154767,1872
1130155767,1841
1130156767,1840
1130157767,1820
1130158767,1841
1130159767,1895
1130160767,2019
1130161767,2145
1130162767,2216
1130163767,2192
1130164767,2106
1130165767,1942
1130166767,1795
1130167767,1701
1130168767,1661
1130169767,1647
1130170767,1933
1130171767,2233
1130172767,2399
1130183194,1413
1130184194,1491
1130185194,1638
1130186194,1806
1130187194,1946
1130188194,2100
1130189194,2155
1130190194,2130
1130191194,2095
1130192194,2031
1130193194,1949
1130194194,1927
1130195194,1954
1130196194,2027
1130197194,2084
1130198194,2124
1130199194,2256
1130200194,2275
1130201194,2340
1130211649,1476
1130212649,1216
1130213649,1007
1130214649,827
1130215649,789
1130216649,775
1130217649,975
1130218649,1253
1130219649,1593
1130220649,2064
1130221649,2487
1130222649,2714
1130223649,2767
1130224649,2750
1130225649,2714
1130226649,2593
1130227649,2401
1130228649,2231
1130229649,2069
1130230649,1898
1130231649,1815
1130242047,1613
1130243047,1378
1130244047,1268
1130245047,1269
1130246047,1349
1130247047,1554
1130248047,1955
1130249047,2450
1130250047,2939
1130251047,3252
1130252047,3364
1130253047,3247
1130254047,2997
1130255047,2640
1130256047,2187
1130257047,1679
1130258047,1178
1130259047,766
1130260047,511
1130261047,467
1130271457,2326
1130272457,2033
1130273457,1754
1130274457,1500
1130275457,1357
1130276457,1392
1130277457,1606
1130278457,1965
1130279457,2365
1130280457,2745
1130281457,2917
1130282457,2947
1130283457,2826
1130284457,2614
1130285457,2304
1130286457,1936
1130287457,1568
1130288457,1229
1130289457,951
1130290457,749
1130300884,2800
1130301884,2321
1130302884,1808
1130303884,1348
1130304884,1003
1130305884,719
1130306884,573
1130307884,626
1130308884,1029
1130309884,1607
1130310884,2095
1130311884,2445
1130312884,2748
1130313884,2850
1130314884,2849
1130315884,2767
1130316884,2529
1130317884,2322
1130318884,2094
1130319884,1831
1130320884,1635
1130331283,2263
1130332283,2111
1130333283,1920
1130334283,1785
1130335283,1615
1130336283,1551
1130337283,1639
1130338283,1726
1130339283,1751
1130340283,1813
1130341283,1936
1130342283,2222
1130343283,2528
1130344283,2693
1130345283,2739
1130346283,2704
1130347283,2538
1130348283,2288
1130349283,1968
1130350283,1631
1130360710,2310
1130361710,2137
1130362710,1964
1130363710,1799
1130364710,1503
1130365710,1284
1130366710,1102
1130367710,1066
1130368710,1169
1130369710,1423
1130370710,1828
1130371710,2218
1130372710,2509
1130373710,2703
1130374710,2808
1130375710,2834
1130376710,2735
1130377710,2530
1130378710,2347
1130389164,2218
1130390164,2153
1130391164,2013
1130392164,1902
1130393164,1789
1130394164,1707
1130395164,1645
1130396164,1658
1130397164,1723
1130398164,2118
1130399164,2672
1130400164,3062
1130401164,3241
1130402164,3220
1130403164,3024
1130404164,2696
1130405164,2270
1130406164,1760
1130407164,1261
1130408164,838
1130418591,2779
1130419591,2529
1130420591,2224
1130421591,1930
1130422591,1651
1130423591,1407
1130424591,1250
1130425591,1201
1130426591,1306
1130427591,1526
1130428591,1804
1130429591,2087
1130430591,2279
1130431591,2432
1130432591,2559
1130433591,2673
1130434591,2775
1130435591,2771
1130436591,2689
1130437591,2676
1130448018,1360
1130449018,1591
1130450018,1867
1130451018,2084
1130452018,2246
1130453018,2340
1130454018,2353
1130455018,2319
1130456018,2179
1130457018,1977
1130458018,1764
1130459018,1615
1130460018,1576
1130461018,1681
1130462018,1840
1130463018,2004
1130464018,2139
1130465018,2216
1130466018,2212
1130467018,2161
1130477462,3295
1130478462,3015
1130479462,2663
1130480462,2173
1130481462,1648
1130482462,1137
1130483462,697
1130484462,432
1130485462,305
1130486462,303
1130487462,528
1130488462,862
1130489462,1391
1130490462,1973
1130491462,2437
1130492462,2789
1130493462,2949
1130494462,2963
1130495462,2873
1130496462,2750
1130497462,2527
1130507843,2256
1130508843,2470
1130509843,2528
1130510843,2497
1130511843,2382
1130512843,2245
1130513843,2046
1130514843,1824
1130515843,1680
1130516843,1595
1130517843,1604
1130518843,1647
1130519843,1745
1130520843,1852
1130521843,2005
1130522843,2177
1130523843,2298
1130524843,2364
1130525843,2381
1130526843,2288
1130537273,2256
1130538273,2404
1130539273,2559
1130540273,2623
1130541273,2515
1130542273,2349
1130543273,2139
1130544273,1828
1130545273,1585
1130546273,1424
1130547273,1275
1130548273,1213
1130549273,1200
1130550273,1258
1130551273,1392
1130552273,1560
1130553273,1746
1130554273,1936
1130555273,2127
1130556273,2231
1130566697,2294
1130567697,2129
1130568697,1971
1130569697,1808
1130570697,1658
1130571697,1584
1130572697,1607
1130573697,1813
1130574697,2173
1130575697,2415
1130576697,2500
1130577697,2469
1130578697,2385
1130579697,2219
1130580697,1977
1130581697,1687
1130582697,1413
1130583697,1211
1130584697,1104
1130595152,2080
1130596152,2034
1130597152,2085
1130598152,2269
1130599152,2467
1130600152,2590
1130601152,2810
1130602152,3053
1130603152,3088
1130604152,2909
1130605152,2644
1130606152,2245
1130607152,1768
1130608152,1325
1130609152,925
1130610152,672
1130611152,579
1130612152,649
1130613152,912
1130614152,1409
1130615152,1899
1130625550,1829
1130626550,1922
1130627550,2176
1130628550,2401
1130629550,2602
1130630550,2644
1130631550,2548
1130632550,2352
1130633550,2071
1130634550,1797
1130635550,1572
1130636550,1359
1130637550,1232
1130638550,1269
1130639550,1405
1130640550,1630
1130641550,1892
1130642550,2085
1130643550,2202
1130644550,2275
1130654977,1269
1130655977,1196
1130656977,1269
1130657977,1436
1130658977,1645
1130659977,1799
1130660977,1943
1130661977,2044
1130662977,2129
1130663977,2167
1130664977,2202
1130665977,2315
1130666977,2442
1130667977,2445
1130668977,2346
1130669977,2207
1130670977,2073
1130671977,1969
1130672977,1827
1130673977,1694
1130684404,1660
1130685404,1488
1130686404,1388
1130687404,1351
1130688404,1430
1130689404,1580
1130690404,1823
1130691404,2081
1130692404,2320
1130693404,2442
1130694404,2509
1130695404,2447
1130696404,2342
1130697404,2257
1130698404,2172
1130699404,2061
1130700404,1881
1130701404,1757
1130702404,1620
1130703404,1504
1130713831,2405
1130714831,2132
1130715831,1831
1130716831,1535
1130717831,1329
1130718831,1147
1130719831,1047
1130720831,1035
1130721831,1203
1130722831,1522
1130723831,2068
1130724831,2559
1130725831,2985
1130726831,3151
1130727831,3093
1130728831,2859
1130729831,2530
1130730831,2154
1130731831,1788
1130742286,2816
1130743286,2479
1130744286,2096
1130745286,1693
1130746286,1358
1130747286,1052
1130748286,816
1130749286,713
1130750286,707
1130751286,976
1130752286,1456
1130753286,1983
1130754286,2402
1130755286,2688
1130756286,2755
1130757286,2673
1130758286,2502
1130759286,2307
1130760286,2124
1130761286,1963
1130762286,1991
1130772685,2198
1130773685,2334
1130774685,2468
1130775685,2633
1130776685,2671
1130777685,2544
1130778685,2347
1130779685,2108
1130780685,1801
1130781685,1509
1130782685,1245
1130783685,1059
1130784685,987
1130785685,1073
1130786685,1376
1130787685,1840
1130788685,2368
1130789685,2765
1130790685,2916
1130791685,2859
1130802111,1399
1130803111,1535
1130804111,1679
1130805111,1826
1130806111,1915
1130807111,1969
1130808111,1968
1130809111,1973
1130810111,1953
1130811111,2229
1130812111,2669
1130813111,3042
1130814111,3236
1130815111,3088
1130816111,2770
1130817111,2390
1130818111,2025
1130819111,1665
1130820111,1365
1130821111,1261
1130831538,2171
1130832538,2057
1130833538,1947
1130834538,1872
1130835538,1888
1130836538,1907
1130837538,1981
1130838538,2099
1130839538,2186
1130840538,2231
1130841538,2224
1130842538,2176
1130843538,2069
1130844538,1952
1130845538,1958
1130846538,2131
1130847538,2286
1130848538,2352
1130849538,2416
1130850538,2396
1130860965,2531
1130861965,2659
1130862965,2637
1130863965,2477
1130864965,2208
1130865965,1920
1130866965,1591
1130867965,1299
1130868965,1081
1130869965,957
1130870965,976
1130871965,1159
1130872965,1561
1130873965,1971
1130874965,2377
1130875965,2716
1130876965,2845
1130877965,2778
1130878965,2598
1130879965,2373
1130890392,2512
1130891392,2699
1130892392,2835
1130893392,2748
1130894392,2505
1130895392,2224
1130896392,1929
1130897392,1677
1130898392,1458
1130899392,1297
1130900392,1309
1130901392,1376
1130902392,1483
1130903392,1648
1130904392,1853
1130905392,2064
1130906392,2171
1130907392,2171
1130908392,2141
1130909392,2093
1130919819,1771
1130920819,1628
1130921819,1563
1130922819,1477
1130923819,1476
1130924819,1681
1130925819,2014
1130926819,2297
1130927819,2499
1130928819,2528
1130929819,2481
1130930819,2304
1130931819,2075
1130932819,1879
1130933819,1792
1130934819,1787
1130935819,1825
1130936819,1867
1130937819,1855
1130948273,2423
1130949273,2467
1130950273,2355
1130951273,2237
1130952273,2170
1130953273,2096
1130954273,1973
1130955273,1844
1130956273,1740
1130957273,1704
1130958273,1705
1130959273,1737
1130960273,1765
1130961273,1810
1130962273,1916
1130963273,2032
1130964273,2087
1130965273,2097
1130966273,2087
1130967273,2057
1130977700,1412
1130978700,1413
1130979700,1510
1130980700,1642
1130981700,1849
1130982700,2112
1130983700,2352
1130984700,2541
1130985700,2611
1130986700,2519
1130987700,2399
1130988700,2218
1130989700,2029
1130990700,1805
1130991700,1671
1130992700,1515
1130993700,1461
1130994700,1485
1130995700,1605
1130996700,1839
1131007144,1264
1131008144,1120
1131009144,989
1131010144,1017
1131011144,1187
1131012144,1488
1131013144,1937
1131014144,2390
1131015144,2732
1131016144,2876
1131017144,2759
1131018144,2559
1131019144,2343
1131020144,2224
1131021144,2122
1131022144,1988
1131023144,1809
1131024144,1579
1131025144,1376
1131026144,1261
1131036573,2604
1131037573,2516
1131038573,2414
1131039573,2227
1131040573,2026
1131041573,1882
1131042573,1845
1131043573,1776
1131044573,1707
1131045573,1685
1131046573,1720
1131047573,1830
1131048573,2126
1131049573,2326
1131050573,2507
1131051573,2651
1131052573,2585
1131053573,2355
1131054573,2112
1131055573,1925
1131065998,2235
1131066998,2431
1131067998,2509
1131068998,2503
1131069998,2424
1131070998,2305
1131071998,2198
1131072998,2125
1131073998,2078
1131074998,2054
1131075998,2069
1131076998,2304
1131077998,2592
1131078998,2705
1131079998,2627
1131080998,2398
1131081998,2139
1131082998,1844
1131083998,1554
1131084998,1331
1131095424,2366
1131096424,2421
1131097424,2414
1131098424,2391
1131099424,2547
1131100424,2720
1131101424,2759
1131102424,2673
1131103424,2509
1131104424,2318
1131105424,2163
1131106424,1968
1131107424,1699
1131108424,1408
1131109424,1168
1131110424,1060
1131111424,1063
1131112424,1200
1131113424,1402
1131114424,1687
1131124851,2385
1131125851,2342
1131126851,2147
1131127851,1983
1131128851,1809
1131129851,1773
1131130851,1699
1131131851,1621
1131132851,1616
1131133851,1869
1131134851,2167
1131135851,2297
1131136851,2307
1131137851,2254
1131138851,2160
1131139851,1981
1131140851,1787
1131141851,1600
1131142851,1431
1131153306,2896
1131154306,2648
1131155306,2407
1131156306,2113
1131157306,1799
1131158306,1534
1131159306,1383
1131160306,1316
1131161306,1350
1131162306,1590
1131163306,1872
1131164306,2094
1131165306,2257
1131166306,2386
1131167306,2498
1131168306,2469
1131169306,2322
1131170306,2107
1131171306,1953
1131172306,1854
1131182733,2781
1131183733,2629
1131184733,2452
1131185733,2239
1131186733,2046
1131187733,1903
1131188733,1783
1131189733,1667
1131190733,1525
1131191733,1483
1131192733,1521
1131193733,1601
1131194733,1664
1131195733,1749
1131196733,1887
1131197733,1966
1131198733,2017
1131199733,2033
1131200733,2047
1131201733,2064
1131212177,1909
1131213177,1677
1131214177,1463
1131215177,1327
1131216177,1296
1131217177,1505
1131218177,1756
1131219177,1904
1131220177,1978
1131221177,2068
1131222177,2163
1131223177,2290
1131224177,2331
1131225177,2246
1131226177,2101
1131227177,1981
1131228177,1953
1131229177,2000
1131230177,2097
1131231177,2097
1131241604,2406
1131242604,2623
1131243604,2646
1131244604,2556
1131245604,2332
1131246604,2137
1131247604,1922
1131248604,1732
1131249604,1623
1131250604,1628
1131251604,1797
1131252604,1919
1131253604,1972
1131254604,1936
1131255604,1917
1131256604,1864
1131257604,1792
1131258604,1684
1131259604,1681
1131260604,1840
1131271030,1585
1131272030,1526
1131273030,1571
1131274030,1597
1131275030,1685
1131276030,1788
1131277030,1983
1131278030,2343
1131279030,2559
1131280030,2606
1131281030,2483
1131282030,2278
1131283030,2064
1131284030,1895
1131285030,1760
1131286030,1669
1131287030,1613
1131288030,1625
1131289030,1679
1131290030,1744
1131300457,2093
1131301457,1865
1131302457,1701
1131303457,1559
1131304457,1486
1131305457,1489
1131306457,1509
1131307457,1630
1131308457,1981
1131309457,2258
1131310457,2354
1131311457,2295
1131312457,2274
1131313457,2205
1131314457,2128
1131315457,1968
1131316457,1813
1131317457,1712
1131318457,1653
1131328912,2153
1131329912,2208
1131330912,2220
1131331912,2119
1131332912,1965
1131333912,1814
1131334912,1733
1131335912,1974
1131336912,2336
1131337912,2475
1131338912,2416
1131339912,2183
1131340912,1915
1131341912,1575
1131342912,1343
1131343912,1233
1131344912,1301
1131345912,1599
1131346912,1895
1131347912,2063
1131358339,2016
1131359339,2201
1131360339,2275
1131361339,2261
1131362339,2221
1131363339,2161
1131364339,2151
1131365339,2093
1131366339,2038
1131367339,2053
1131368339,2099
1131369339,2087
1131370339,1974
1131371339,1854
1131372339,1753
1131373339,1637
1131374339,1535
1131375339,1488
1131376339,1485
1131377339,1575
1131387782,2176
1131388782,2073
1131389782,2243
1131390782,2389
1131391782,2345
1131392782,2168
1131393782,1974
1131394782,1822
1131395782,1746
1131396782,1790
1131397782,1771
1131398782,1616
1131399782,1477
1131400782,1393
1131401782,1371
1131402782,1473
1131403782,1579
1131404782,1697
1131405782,1851
1131406782,1915
1131417209,2182
1131418209,2225
1131419209,2288
1131420209,2341
1131421209,2481
1131422209,2685
1131423209,2721
1131424209,2559
1131425209,2320
1131426209,2057
1131427209,1761
1131428209,1508
1131429209,1359
1131430209,1329
1131431209,1359
1131432209,1445
1131433209,1584
1131434209,1725
1131435209,1857
1131436209,2015
1131446636,2021
1131447636,1741
1131448636,1581
1131449636,1476
1131450636,1348
1131451636,1277
1131452636,1269
1131453636,1341
1131454636,1508
1131455636,1728
1131456636,1872
1131457636,2174
1131458636,2479
1131459636,2583
1131460636,2485
1131461636,2329
1131462636,2170
1131463636,2117
1131464636,2065
1131465636,1976
1131476063,1807
1131477063,1561
1131478063,1488
1131479063,1447
1131480063,1417
1131481063,1437
1131482063,1413
1131483063,1485
1131484063,1619
1131485063,1839
1131486063,2201
1131487063,2505
1131488063,2675
1131489063,2656
1131490063,2497
1131491063,2307
1131492063,2115
1131493063,1905
1131494063,1744
1131504518,2000
1131505518,1923
1131506518,1915
1131507518,2153
1131508518,2467
1131509518,2630
1131510518,2539
1131511518,2308
1131512518,2032
1131513518,1766
1131514518,1473
1131515518,1264
1131516518,1149
1131517518,1083
1131518518,1138
1131519518,1259
1131520518,1441
1131521518,1664
1131522518,1904
1131523518,2099
1131533944,2892
1131534944,2659
1131535944,2307
1131536944,1884
1131537944,1509
1131538944,1215
1131539944,975
1131540944,880
1131541944,1010
1131542944,1161
1131543944,1301
1131544944,1500
1131545944,1663
1131546944,1831
1131547944,1970
1131548944,2064
1131549944,2128
1131550944,2190
1131551944,2241
1131552944,2260
1131563371,1711
1131564371,1658
1131565371,1628
1131566371,1653
1131567371,1835
1131568371,2151
1131569371,2370
1131570371,2442
1131571371,2406
1131572371,2290
1131573371,2093
1131574371,1834
1131575371,1599
1131576371,1424
1131577371,1356
1131578371,1391
1131579371,1479
1131580371,1613
1131581371,1753
1131582371,1852
1131592798,1712
1131593798,1616
1131594798,1578
1131595798,1591
1131596798,1665
1131597798,1701
1131598798,1793
1131599798,1907
1131600798,2057
1131601798,2126
1131602798,2166
1131603798,2139
1131604798,2115
1131605798,2115
1131606798,2039
1131607798,2016
1131608798,2032
1131609798,2151
1131610798,2337
1131611798,2517
1131622250,1413
1131623250,1462
1131624250,1614
1131625250,1913
1131626250,2176
1131627250,2336
1131628250,2439
1131629250,2405
1131630250,2333
1131631250,2165
1131632250,1968
1131633250,1957
1131634250,2209
1131635250,2379
1131636250,2351
1131637250,2192
1131638250,1990
1131639250,1822
1131640250,1663
1131641250,1505
1131651669,2416
1131652669,2342
1131653669,2242
1131654669,2202
1131655669,2235
1131656669,2197
1131657669,2065
1131658669,1913
1131659669,1872
1131660669,2044
1131661669,2246
1131662669,2466
1131663669,2477
1131664669,2319
1131665669,2094
1131666669,1838
1131667669,1493
1131668669,1296
1131669669,1200
1131670669,1332
1131681096,1615
1131682096,1504
1131683096,1483
1131684096,1517
1131685096,1613
1131686096,1798
1131687096,2195
1131688096,2627
1131689096,2918
1131690096,2927
1131691096,2737
1131692096,2426
1131693096,2103
1131694096,1813
1131695096,1598
1131696096,1488
1131697096,1455
1131698096,1519
1131699096,1727
1131700096,1868
1131710523,2496
1131711523,2508
1131712523,2531
1131713523,2662
1131714523,2609
1131715523,2336
1131716523,1925
1131717523,1507
1131718523,1209
1131719523,1005
1131720523,930
1131721523,1136
1131722523,1469
1131723523,1911
1131724523,2202
1131725523,2277
1131726523,2259
1131727523,2151
1131728523,2017
1131729523,1891
1131739949,2351
1131740949,2462
1131741949,2528
1131742949,2481
1131743949,2321
1131744949,2140
1131745949,1975
1131746949,1877
1131747949,1936
1131748949,2284
1131749949,2615
1131750949,2722
1131751949,2559
1131752949,2304
1131753949,1995
1131754949,1744
1131755949,1620
1131756949,1469
1131757949,1364
1131768404,2679
1131769404,2806
1131770404,2794
1131771404,2715
1131772404,2582
1131773404,2289
1131774404,1910
1131775404,1531
1131776404,1276
1131777404,1119
1131778404,1179
1131779404,1359
1131780404,1636
1131781404,1809
1131782404,2064
1131783404,2377
1131784404,2524
1131785404,2513
1131786404,2448
1131787404,2468
1131797831,1595
1131798831,1495
1131799831,1581
1131800831,1671
1131801831,1751
1131802831,1811
1131803831,1904
1131804831,2089
1131805831,2204
1131806831,2267
1131807831,2238
1131808831,2222
1131809831,2191
1131810831,2143
1131811831,2055
1131812831,2032
1131813831,2017
1131814831,2096
1131815831,2205
1131816831,2197
1131827275,1639
1131828275,1588
1131829275,1629
1131830275,1705
1131831275,1818
1131832275,2003
1131833275,2266
1131834275,2465
1131835275,2530
1131836275,2483
1131837275,2375
1131838275,2288
1131839275,2263
1131840275,2327
1131841275,2414
1131842275,2543
1131843275,2598
1131844275,2482
1131845275,2225
1131846275,1939
1131856701,1676
1131857701,1778
1131858701,1842
1131859701,1871
1131860701,1905
1131861701,1988
1131862701,2114
1131863701,2268
1131864701,2432
1131865701,2640
1131866701,2944
1131867701,3172
1131868701,3141
1131869701,2905
1131870701,2672
1131871701,2469
1131872701,2145
1131873701,1787
1131874701,1481
1131875701,1222
1131886128,2172
1131887128,2315
1131888128,2768
1131889128,3173
1131890128,3188
1131891128,2928
1131892128,2544
1131893128,2160
1131894128,1751
1131895128,1504
1131896128,1373
1131897128,1306
1131898128,1379
1131899128,1533
1131900128,1699
1131901128,1843
1131902128,1947
1131903128,2041
1131904128,2059
1131905128,2069
1131915555,2227
1131916555,2147
1131917555,2007
1131918555,1841
1131919555,1715
1131920555,1652
1131921555,1763
1131922555,2005
1131923555,2179
1131924555,2162
1131925555,2109
1131926555,1995
1131927555,1991
1131928555,2143
1131929555,2176
1131930555,2097
1131931555,1938
1131932555,1801
1131933555,1708
1131944010,1907
1131945010,1966
1131946010,2127
1131947010,2335
1131948010,2490
1131949010,2496
1131950010,2435
1131951010,2304
1131952010,2198
1131953010,2096
1131954010,2173
1131955010,2337
1131956010,2361
1131957010,2198
1131958010,1907
1131959010,1633
1131960010,1362
1131961010,1201
1131962010,1135
1131963010,1189
1131973437,3285
1131974437,3326
1131975437,3111
1131976437,2707
1131977437,2221
1131978437,1767
1131979437,1407
1131980437,1309
1131981437,1371
1131982437,1379
1131983437,1353
1131984437,1349
1131985437,1391
1131986437,1473
1131987437,1535
1131988437,1623
1131989437,1683
1131990437,1737
1131991437,1745
1131992437,1808
1132002880,2016
1132003880,2037
1132004880,2075
1132005880,2096
1132006880,2100
1132007880,2071
1132008880,2128
1132009880,2151
1132010880,2116
1132011880,2067
1132012880,2111
1132013880,2097
1132014880,1998
1132015880,1873
1132016880,1773
1132017880,1751
1132018880,1801
1132019880,1801
1132020880,1878
1132021880,1927
1132032307,1999
1132033307,2214
1132034307,2371
1132035307,2412
1132036307,2471
1132037307,2795
1132038307,3004
1132039307,2987
1132040307,2719
1132041307,2320
1132042307,1891
1132043307,1498
1132044307,1198
1132045307,1006
1132046307,967
1132047307,1012
1132048307,1126
1132049307,1288
1132050307,1503
1132051307,1714
1132061734,1968
1132062734,1884
1132063734,1940
1132064734,2037
1132065734,2072
1132066734,2013
1132067734,1903
1132068734,1808
1132069734,1739
1132070734,1703
1132071734,1780
1132072734,1824
1132073734,1796
1132074734,1783
1132075734,1808
1132076734,1883
1132077734,2117
1132078734,2336
1132079734,2637
1132080734,2939
1132091161,973
1132092161,1108
1132093161,1312
1132094161,1588
1132095161,2023
1132096161,2783
1132097161,3427
1132098161,3707
1132099161,3501
1132100161,3093
1132101161,2694
1132102161,2305
1132103161,1923
1132104161,1569
1132105161,1298
1132106161,1135
1132107161,1050
1132108161,1043
1132109161,1128
1132110161,1297
1132120590,1779
1132121590,1634
1132122590,1535
1132123590,1456
1132124590,1563
1132125590,1744
1132126590,1872
1132127590,1953
1132128590,2068
1132129590,2143
1132130590,2153
1132131590,2109
1132132590,2064
1132133590,2032
1132134590,2019
1132135590,2035
1132136590,2116
1132137590,2234
1132138590,2327
1132139590,2336
1132150015,2161
1132151015,2209
1132152015,2224
1132153015,2245
1132154015,2231
1132155015,2186
1132156015,2129
1132157015,2047
1132158015,1968
1132159015,2155
1132160015,2634
1132161015,2977
1132162015,2910
1132163015,2640
1132164015,2240
1132165015,1792
1132166015,1341
1132167015,977
1132168015,752
1132169015,669
1132179441,2629
1132180441,2681
1132181441,2650
1132182441,2553
1132183441,2461
1132184441,2415
1132185441,2388
1132186441,2320
1132187441,2192
1132188441,2065
1132189441,1936
1132190441,1780
1132191441,1665
1132192441,1589
1132193441,1520
1132194441,1520
1132195441,1556
1132196441,1683
1132197441,1797
1132198441,1888
1132208868,2110
1132209868,2119
1132210868,2096
1132211868,2098
1132212868,2224
1132213868,2240
1132214868,2272
1132215868,2226
1132216868,2128
1132217868,1991
1132218868,1865
1132219868,1745
1132220868,1665
1132221868,1653
1132222868,1667
1132223868,1679
1132224868,1691
1132225868,1741
1132226868,1789
1132227868,1856
1132238295,2759
1132239295,2559
1132240295,2302
1132241295,1971
1132242295,1660
1132243295,1383
1132244295,1173
1132245295,1088
1132246295,1131
1132247295,1217
1132248295,1379
1132249295,1578
1132250295,1804
1132251295,2032
1132252295,2224
1132253295,2307
1132254295,2326
1132255295,2334
1132256295,2289
1132266750,2070
1132267750,2039
1132268750,2015
1132269750,1991
1132270750,1968
1132271750,1958
1132272750,1935
1132273750,1879
1132274750,1840
1132275750,1830
1132276750,1835
1132277750,1904
1132278750,1999
1132279750,2116
1132280750,2185
1132281750,2196
1132282750,2146
1132283750,2096
1132284750,2011
1132285750,1983
1132296176,2084
1132297176,2083
1132298176,2053
1132299176,1971
1132300176,1889
1132301176,1845
1132302176,1833
1132303176,1808
1132304176,1791
1132305176,1894
1132306176,2033
1132307176,2096
1132308176,2076
1132309176,2047
1132310176,2000
1132311176,1983
1132312176,2016
1132313176,2060
1132314176,2084
1132315176,2102
1132325620,2033
1132326620,1981
1132327620,1882
1132328620,1812
1132329620,1817
1132330620,1810
1132331620,1822
1132332620,1843
1132333620,1879
1132334620,1942
1132335620,2014
1132336620,2044
1132337620,2073
1132338620,2108
1132339620,2112
1132340620,2087
1132341620,2037
1132342620,1969
1132343620,1909
1132344620,1879
1132355047,2071
1132356047,1965
1132357047,1810
1132358047,1680
1132359047,1632
1132360047,1641
1132361047,1685
1132362047,1783
1132363047,1929
1132364047,2041
1132365047,2127
1132366047,2153
1132367047,2167
1132368047,2189
1132369047,2179
1132370047,2153
1132371047,2127
1132372047,2102
1132373047,2082
1132374047,2070
1132384483,1966
1132385483,1955
1132386483,1932
1132387483,1953
1132388483,2011
1132389483,2032
1132390483,2023
1132391483,1974
1132392483,1943
1132393483,1892
1132394483,1882
1132395483,1887
1132396483,1935
1132397483,1982
1132398483,2006
1132399483,2007
1132400483,2039
1132401483,2113
1132402483,2193
1132403483,2263
1132413901,1746
1132414901,1887
1132415901,1941
1132416901,2009
1132417901,2068
1132418901,2033
1132419901,2075
1132420901,2064
1132421901,2075
1132422901,2075
1132423901,2035
1132424901,1996
1132425901,1965
1132426901,1932
1132427901,1935
1132428901,1974
1132429901,2041
1132430901,2121
1132431901,2165
1132442355,1728
1132443355,1713
1132444355,1723
1132445355,1787
1132446355,1891
1132447355,1966
1132448355,2000
1132449355,2055
1132450355,2085
1132451355,2098
1132452355,2092
1132453355,2067
1132454355,2046
1132455355,2071
1132456355,2067
1132457355,2075
1132458355,2075
1132459355,2080
1132460355,2093
1132461355,2138
1132471782,1886
1132472782,1949
1132473782,1955
1132474782,1937
1132475782,1945
1132476782,1953
1132477782,1967
1132478782,1978
1132479782,2026
1132480782,2097
1132481782,2105
1132482782,2107
1132483782,2128
1132484782,2125
1132485782,2122
1132486782,2128
1132487782,2189
1132488782,2256
1132489782,2231
1132490782,2210
1132501234,1707
1132502234,1715
1132503234,1729
1132504234,1776
1132505234,1943
1132506234,2085
1132507234,2105
1132508234,2081
1132509234,2094
1132510234,2084
1132511234,2053
1132512234,2079
1132513234,2098
1132514234,2080
1132515234,2063
1132516234,2057
1132517234,2018
1132518234,1961
1132519234,1904
1132520234,1865
1132530653,2084
1132531653,2094
1132532653,2087
1132533653,2059
1132534653,2061
1132535653,2056
1132536653,2037
1132537653,2037
1132538653,2074
1132539653,2090
1132540653,2046
1132541653,1996
1132542653,1995
1132543653,2006
1132544653,2031
1132545653,2095
1132546653,2067
1132547653,2080
1132548653,2092
1132549653,2113
1132560080,1803
1132561080,1804
1132562080,1799
1132563080,1877
1132564080,1916
1132565080,1958
1132566080,2055
1132567080,2112
1132568080,2160
1132569080,2116
1132570080,2083
1132571080,2066
1132572080,2081
1132573080,2073
1132574080,2023
1132575080,1953
1132576080,1930
1132577080,1985
1132578080,2032
1132579080,2073
1132589507,1933
1132590507,1917
1132591507,1892
1132592507,1889
1132593507,1889
1132594507,1919
1132595507,1973
1132596507,2042
1132597507,2106
1132598507,2127
1132599507,2133
1132600507,2095
1132601507,2121
1132602507,2113
1132603507,2081
1132604507,2112
1132605507,2152
1132606507,2149
1132607507,2175
1132617961,1728
1132618961,1745
1132619961,1775
1132620961,1825
1132621961,1893
1132622961,1937
1132623961,1921
1132624961,1877
1132625961,1859
1132626961,1857
1132627961,1908
1132628961,2004
1132629961,2095
1132630961,2158
1132631961,2179
1132632961,2175
1132633961,2163
1132634961,2164
1132635961,2161
1132636961,2140
1132647388,1925
1132648388,1970
1132649388,2032
1132650388,2107
1132651388,2127
1132652388,2117
1132653388,2085
1132654388,2052
1132655388,2035
1132656388,1973
1132657388,1936
1132658388,1929
1132659388,2071
1132660388,2223
1132661388,2288
1132662388,2293
1132663388,2239
1132664388,2108
1132665388,1965
1132666388,1809
1132676832,2247
1132677832,2165
1132678832,2102
1132679832,2064
1132680832,2028
1132681832,1935
1132682832,1901
1132683832,1805
1132684832,1807
1132685832,1831
1132686832,1894
1132687832,1932
1132688832,2000
1132689832,2032
1132690832,2010
1132691832,2000
1132692832,1999
1132693832,1975
1132694832,1983
1132695832,1994
1132706266,2371
1132707266,2195
1132708266,1983
1132709266,1766
1132710266,1611
1132711266,1489
1132712266,1428
1132713266,1514
1132714266,1620
1132715266,1751
1132716266,1881
1132717266,2000
1132718266,2103
1132719266,2157
1132720266,2187
1132721266,2183
1132722266,2173
1132723266,2126
1132724266,2043
1132725266,1977
1132735686,2105
1132736686,2042
1132737686,1982
1132738686,1937
1132739686,1887
1132740686,1813
1132741686,1735
1132742686,1712
1132743686,1703
1132744686,1729
1132745686,1791
1132746686,1879
1132747686,1936
1132748686,1991
1132749686,2031
1132750686,2064
1132751686,2096
1132752686,2115
1132753686,2147
1132754686,2163
1132765113,2067
1132766113,2041
1132767113,1996
1132768113,1962
1132769113,1914
1132770113,1942
1132771113,1953
1132772113,1987
1132773113,1987
1132774113,1948
1132775113,1913
1132776113,1901
1132777113,1881
1132778113,1887
1132779113,1941
1132780113,1968
1132781113,1999
1132782113,2041
1132783113,2084
1132793571,1678
1132794571,1664
1132795571,1680
1132796571,1754
1132797571,1841
1132798571,1933
1132799571,2000
1132800571,2045
1132801571,2102
1132802571,2130
1132803571,2121
1132804571,2109
1132805571,2146
1132806571,2160
1132807571,2129
1132808571,2139
1132809571,2186
1132810571,2179
1132811571,2160
1132812571,2143
1132822994,1803
1132823994,1806
1132824994,1812
1132825994,1849
1132826994,1893
1132827994,1943
1132828994,2000
1132829994,2098
1132830994,2157
1132831994,2165
1132832994,2177
1132833994,2219
1132834994,2188
1132835994,2173
1132836994,2147
1132837994,2126
1132838994,2115
1132839994,2101
1132840994,2036
1132841994,1975
1132852438,2007
1132853438,1985
1132854438,2000
1132855438,2030
1132856438,2017
1132857438,1985
1132858438,1969
1132859438,2077
1132860438,2229
1132861438,2361
1132862438,2405
1132863438,2434
1132864438,2361
1132865438,2215
1132866438,2012
1132867438,1806
1132868438,1667
1132869438,1521
1132870438,1477
1132871438,1491
1132881865,2160
1132882865,2184
1132883865,2160
1132884865,2160
1132885865,2129
1132886865,2107
1132887865,2143
1132888865,2187
1132889865,2184
1132890865,2174
1132891865,2100
1132892865,2047
1132893865,2010
1132894865,1979
1132895865,1971
1132896865,1968
1132897865,1943
1132898865,1895
1132899865,1871
1132900865,1861
1132911292,1921
1132912292,1989
1132913292,2064
1132914292,2087
1132915292,2107
1132916292,2131
1132917292,2167
1132918292,2191
1132919292,2188
1132920292,2160
1132921292,2112
1132922292,2072
1132923292,1978
1132924292,1874
1132925292,1808
1132926292,1793
1132927292,1809
1132928292,1830
1132929292,1906
1132930292,1981
1132940719,2199
1132941719,2128
1132942719,2074
1132943719,2017
1132944719,2004
1132945719,1926
1132946719,1899
1132947719,1842
1132948719,1773
1132949719,1748
1132950719,1768
1132951719,1797
1132952719,1838
1132953719,1857
1132954719,1882
1132955719,1905
1132956719,1873
1132957719,1827
1132958719,1772
1132969173,2103
1132970173,2081
1132971173,2054
1132972173,2047
1132973173,1987
1132974173,1913
1132975173,1863
1132976173,1858
1132977173,1872
1132978173,1920
1132979173,2000
1132980173,2097
1132981173,2123
1132982173,2130
1132983173,2110
1132984173,2101
1132985173,2100
1132986173,2066
1132987173,2031
1132988173,2024
1132998600,2253
1132999600,2192
1133000600,2121
1133001600,2043
1133002600,1963
1133003600,1881
1133004600,1853
1133005600,1857
1133006600,1806
1133007600,1761
1133008600,1747
1133009600,1825
1133010600,1915
1133011600,2016
1133012600,2111
1133013600,2179
1133014600,2167
1133015600,2128
1133016600,2064
1133017600,2018
1133028044,1887
1133029044,1985
1133030044,2087
1133031044,2141
1133032044,2157
1133033044,2166
1133034044,2143
1133035044,2146
1133036044,2096
1133037044,2081
1133038044,2066
1133039044,2045
1133040044,1983
1133041044,1904
1133042044,1843
1133043044,1833
1133044044,1843
1133045044,1898
1133046044,1981
1133047044,2062
1133057480,1887
1133058480,1839
1133059480,1828
1133060480,1824
1133061480,1924
1133062480,1999
1133063480,2095
1133064480,2123
1133065480,2159
1133066480,2114
1133067480,2098
1133068480,2102
1133069480,2081
1133070480,2065
1133071480,2053
1133072480,2011
1133073480,1947
1133074480,1857
1133075480,1815
1133076480,1808
1133086898,2033
1133087898,2016
1133088898,1981
1133089898,1943
1133090898,1883
1133091898,1839
1133092898,1886
1133093898,1937
1133094898,2033
1133095898,2145
1133096898,2210
1133097898,2200
1133098898,2192
1133099898,2096
1133100898,2029
1133101898,1979
1133102898,1921
1133103898,1879
1133104898,1882
1133105898,1865
1133116324,2139
1133117324,2123
1133118324,2119
1133119324,2090
1133120324,2043
1133121324,2023
1133122324,2009
1133123324,1936
1133124324,1863
1133125324,1828
1133126324,1840
1133127324,1865
1133128324,1940
1133129324,2037
1133130324,2127
1133131324,2142
1133132324,2145
1133133324,2115
1133134324,2101
1133144779,1905
1133145779,2005
1133146779,2103
1133147779,2129
1133148779,2122
1133149779,2111
1133150779,2096
1133151779,2084
1133152779,2055
1133153779,2021
1133154779,2000
1133155779,1978
1133156779,1911
1133157779,1837
1133158779,1781
1133159779,1834
1133160779,1855
1133161779,1951
1133162779,2047
1133163779,2131
1133174206,1837
1133175206,1804
1133176206,1808
1133177206,1836
1133178206,1908
1133179206,2008
1133180206,2114
1133181206,2148
1133182206,2145
1133183206,2128
1133184206,2111
1133185206,2096
1133186206,2039
1133187206,2011
1133188206,2001
1133189206,1974
1133190206,1909
1133191206,1870
1133192206,1852
1133193206,1866
1133203650,1965
1133204650,1945
1133205650,1939
1133206650,1872
1133207650,1837
1133208650,1805
1133209650,1821
1133210650,1861
1133211650,1971
1133212650,2068
1133213650,2128
1133214650,2149
1133215650,2144
1133216650,2125
1133217650,2099
1133218650,2083
1133219650,2060
1133220650,2010
1133221650,2032
1133222650,1959
1133233077,2121
1133234077,2120
1133235077,2093
1133236077,2059
1133237077,2016
1133238077,2021
1133239077,1968
1133240077,1899
1133241077,1821
1133242077,1807
1133243077,1818
1133244077,1877
1133245077,1963
1133246077,2085
1133247077,2129
1133248077,2149
1133249077,2139
1133250077,2122
1133251077,2095
1133252077,2074
1133262503,2093
1133263503,2123
1133264503,2155
1133265503,2140
1133266503,2109
1133267503,2095
1133268503,2080
1133269503,2044
1133270503,2019
1133271503,2025
1133272503,1961
1133273503,1881
1133274503,1809
1133275503,1789
1133276503,1805
1133277503,1849
1133278503,1941
1133279503,2057
1133280503,2129
1133281503,2149
1133291930,1772
1133292930,1808
1133293930,1857
1133294930,1936
1133295930,2039
1133296930,2121
1133297930,2125
1133298930,2139
1133299930,2112
1133300930,2097
1133301930,2065
1133302930,2030
1133303930,2011
1133304930,1990
1133305930,1946
1133306930,1869
1133307930,1808
1133308930,1805
1133309930,1827
1133320385,2016
1133321385,1989
1133322385,1955
1133323385,1896
1133324385,1807
1133325385,1771
1133326385,1797
1133327385,1866
1133328385,1964
1133329385,2091
1133330385,2149
1133331385,2160
1133332385,2151
1133333385,2116
1133334385,2117
1133335385,2079
1133336385,2032
1133337385,2015
1133338385,1989
1133339385,1937
1133349812,2133
1133350812,2100
1133351812,2084
1133352812,2041
1133353812,2012
1133354812,1990
1133355812,1953
1133356812,1870
1133357812,1823
1133358812,1793
1133359812,1808
1133360812,1863
1133361812,1967
1133362812,2064
1133363812,2160
1133364812,2164
1133365812,2160
1133366812,2121
1133367812,2091
1133368812,2065
1133379263,2061
1133380263,2145
1133381263,2171
1133382263,2145
1133383263,2124
1133384263,2102
1133385263,2079
1133386263,2038
1133387263,2000
1133388263,1989
1133389263,1945
1133390263,1869
1133391263,1801
1133392263,1790
1133393263,1867
1133394263,1879
1133395263,1972
1133396263,2085
1133397263,2149
1133398263,2155
1133408682,1796
1133409682,1808
1133410682,1854
1133411682,1941
1133412682,2045
1133413682,2131
1133414682,2141
1133415682,2143
1133416682,2112
1133417682,2103
1133418682,2079
1133419682,2046
1133420682,2001
1133421682,1985
1133422682,1955
1133423682,1883
1133424682,1815
1133425682,1803
1133426682,1823
1133427682,1878
1133438109,1987
1133439109,1980
1133440109,1885
1133441109,1821
1133442109,1790
1133443109,1815
1133444109,1860
1133445109,1933
1133446109,2032
1133447109,2128
1133448109,2150
1133449109,2135
1133450109,2128
1133451109,2119
1133452109,2101
1133453109,2059
1133454109,2022
1133455109,2002
1133456109,1956
1133457109,1870
1133467536,2096
1133468536,2079
1133469536,2046
1133470536,2028
1133471536,2012
1133472536,2000
1133473536,1931
1133474536,1856
1133475536,1820
1133476536,1835
1133477536,1858
1133478536,1941
1133479536,2032
1133480536,2097
1133481536,2111
1133482536,2099
1133483536,2088
1133484536,2084
1133485536,2067
1133495991,2035
1133496991,2122
1133497991,2145
1133498991,2133
1133499991,2101
1133500991,2108
1133501991,2084
1133502991,2039
1133503991,2021
1133504991,1999
1133505991,1978
1133506991,1904
1133507991,1840
1133508991,1813
1133509991,1824
1133510991,1875
1133511991,1957
1133512991,2066
1133513991,2123
1133514991,2131
1133525418,1822
1133526418,1835
1133527418,1868
1133528418,1936
1133529418,2034
1133530418,2115
1133531418,2130
1133532418,2126
1133533418,2115
1133534418,2106
1133535418,2100
1133536418,2064
1133537418,2021
1133538418,2014
1133539418,2003
1133540418,1957
1133541418,1904
1133542418,1908
1133543418,1925
1133544418,1972
1133554861,1872
1133555861,1889
1133556861,1859
1133557861,1837
1133558861,1823
1133559861,1853
1133560861,1901
1133561861,1971
1133562861,2065
1133563861,2129
1133564861,2147
1133565861,2140
1133566861,2117
1133567861,2105
1133568861,2092
1133569861,2060
1133570861,2029
1133571861,2004
1133572861,1982
1133573861,1919
1133584288,2100
1133585288,2081
1133586288,2032
1133587288,2013
1133588288,1999
1133589288,1965
1133590288,1897
1133591288,1835
1133592288,1828
1133593288,1836
1133594288,1874
1133595288,1937
1133596288,2037
1133597288,2107
1133598288,2118
1133599288,2111
1133600288,2098
1133601288,2081
1133602288,2083
1133603288,2030
1133613715,2108
1133614715,2128
1133615715,2125
1133616715,2103
1133617715,2096
1133618715,2083
1133619715,2065
1133620715,2030
1133621715,2016
1133622715,2001
1133623715,1932
1133624715,1867
1133625715,1835
1133626715,1840
1133627715,1897
1133628715,1973
1133629715,2063
1133630715,2124
1133631715,2126
1133632715,2092
1133643142,1829
1133644142,1872
1133645142,1940
1133646142,2056
1133647142,2130
1133648142,2151
1133649142,2108
1133650142,2142
1133651142,2131
1133652142,2097
1133653142,2059
1133654142,2030
1133655142,2000
1133656142,1948
1133657142,1877
1133658142,1819
1133659142,1799
1133660142,1801
1133661142,1861
1133671597,2011
1133672597,1999
1133673597,1929
1133674597,1872
1133675597,1840
1133676597,1857
1133677597,1888
1133678597,1957
1133679597,2045
1133680597,2106
1133681597,2130
1133682597,2121
1133683597,2098
1133684597,2096
1133685597,2070
1133686597,2032
1133687597,2008
1133688597,2000
1133689597,1968
1133690597,1903
1133701023,2085
1133702023,2073
1133703023,2038
1133704023,2016
1133705023,1997
1133706023,1982
1133707023,1919
1133708023,1872
1133709023,1879
1133710023,1859
1133711023,1891
1133712023,1955
1133713023,2029
1133714023,2112
1133715023,2123
1133716023,2125
1133717023,2099
1133718023,2095
1133719023,2075
1133720023,2041
1133730467,2065
1133731467,2100
1133732467,2099
1133733467,2096
1133734467,2092
1133735467,2080
1133736467,2046
1133737467,2027
1133738467,2000
1133739467,1983
1133740467,1927
1133741467,1870
1133742467,1845
1133743467,1855
1133744467,1899
1133745467,1956
1133746467,2034
1133747467,2099
1133748467,2105
1133749467,2103
1133759894,1849
1133760894,1872
1133761894,1931
1133762894,2016
1133763894,2091
1133764894,2112
1133765894,2095
1133766894,2112
1133767894,2080
1133768894,2071
1133769894,2035
1133770894,2022
1133771894,2021
1133772894,1983
1133773894,1945
1133774894,1872
1133775894,1879
1133776894,1868
1133777894,1901
1133778894,1953
1133789321,1996
1133790321,1924
1133791321,1919
1133792321,1852
1133793321,1849
1133794321,1882
1133795321,1936
1133796321,2039
1133797321,2096
1133798321,2118
1133799321,2114
1133800321,2100
1133801321,2095
1133802321,2071
1133803321,2045
1133804321,2013
1133805321,2007
1133806321,1968
1133807321,1925
1133808321,1865
1133818748,2083
1133819748,2055
1133820748,2016
1133821748,2003
1133822748,1981
1133823748,1918
1133824748,1879
1133825748,1837
1133826748,1852
1133827748,1881
1133828748,1946
1133829748,2033
1133830748,2096
1133831748,2114
1133832748,2113
1133833748,2096
1133834748,2079
1133835748,2063
1133836748,2032
1133847202,2081
1133848202,2096
1133849202,2097
1133850202,2093
1133851202,2078
1133852202,2066
1133853202,2035
1133854202,2013
1133855202,2000
1133856202,1983
1133857202,1938
1133858202,1867
1133859202,1841
1133860202,1845
1133861202,1890
1133862202,1949
1133863202,2039
1133864202,2096
1133865202,2110
1133866202,2096
1133876629,1847
1133877629,1872
1133878629,1923
1133879629,2010
1133880629,2086
1133881629,2108
1133882629,2100
1133883629,2090
1133884629,2075
1133885629,2073
1133886629,2038
1133887629,2015
1133888629,2011
1133889629,1999
1133890629,1922
1133891629,1871
1133892629,1845
1133893629,1839
1133894629,1872
1133895629,1920
1133906073,1999
1133907073,1996
1133908073,1904
1133909073,1846
1133910073,1856
1133911073,1873
1133912073,1918
1133913073,2006
1133914073,2079
1133915073,2105
1133916073,2096
1133917073,2096
1133918073,2083
1133919073,2093
1133920073,2065
1133921073,2054
1133922073,2032
1133923073,2000
1133924073,1931
1133925073,1857
1133935500,2074
1133936500,2058
1133937500,2032
1133938500,2027
1133939500,2012
1133940500,1956
1133941500,1919
1133942500,1863
1133943500,1856
1133944500,1874
1133945500,1918
1133946500,2004
1133947500,2109
1133948500,2135
1133949500,2090
1133950500,2090
1133951500,2087
1133952500,2080
1133953500,2067
1133954500,2013
1133964927,2096
1133965927,2095
1133966927,2080
1133967927,2096
1133968927,2071
1133969927,2032
1133970927,2009
1133971927,2012
1133972927,2007
1133973927,1968
1133974927,1901
1133975927,1862
1133976927,1860
1133977927,1879
1133978927,1924
1133979927,1991
1133980927,2060
1133981927,2090
1133982927,2090
1133983927,2080
1133994354,1856
1133995354,1902
1133996354,1970
1133997354,2035
1133998354,2070
1133999354,2096
1134000354,2083
1134001354,2075
1134002354,2067
1134003354,2038
1134004354,2029
1134005354,2009
1134006354,2009
1134007354,1965
1134008354,1907
1134009354,1877
1134010354,1859
1134011354,1879
1134012354,1919
1134022808,2017
1134023808,1979
1134024808,1919
1134025808,1875
1134026808,1861
1134027808,1857
1134028808,1892
1134029808,1963
1134030808,2026
1134031808,2093
1134032808,2096
1134033808,2094
1134034808,2097
1134035808,2071
1134036808,2042
1134037808,2029
1134038808,2032
1134039808,2027
1134040808,1980
1134041808,1908
1134052243,2086
1134053243,2068
1134054243,2029
1134055243,2013
1134056243,2026
1134057243,1974
1134058243,1915
1134059243,1849
1134060243,1833
1134061243,1805
1134062243,1882
1134063243,1964
1134064243,2047
1134065243,2099
1134066243,2096
1134067243,2089
1134068243,2079
1134069243,2069
1134070243,2039
1134071243,2026
1134081679,2096
1134082679,2082
1134083679,2080
1134084679,2081
1134085679,2081
1134086679,2055
1134087679,2021
1134088679,2024
1134089679,2023
1134090679,1972
1134091679,1901
1134092679,1859
1134093679,1851
1134094679,1869
1134095679,1905
1134096679,1995
1134097679,2064
1134098679,2083
1134099679,2096
1134100679,2073
1134111106,1867
1134112106,1891
1134113106,1964
1134114106,2043
1134115106,2073
1134116106,2095
1134117106,2089
1134118106,2071
1134119106,2075
1134120106,2039
1134121106,2017
1134122106,2015
1134123106,2013
1134124106,1963
1134125106,1898
1134126106,1870
1134127106,1854
1134128106,1872
1134129106,1909
1134130106,1995
1134140533,1966
1134141533,1905
1134142533,1865
1134143533,1856
1134144533,1860
1134145533,1901
1134146533,1975
1134147533,2045
1134148533,2081
1134149533,2091
1134150533,2080
1134151533,2065
1134152533,2058
1134153533,2028
1134154533,2002
1134155533,2016
1134156533,2013
1134157533,1953
1134158533,1895
1134159533,1869
1134169960,2054
1134170960,2023
1134171960,2015
1134172960,2021
1134173960,1993
1134174960,1913
1134175960,1869
1134176960,1861
1134177960,1864
1134178960,1901
1134179960,1983
1134180960,2045
1134181960,2077
1134182960,2090
1134183960,2069
1134184960,2068
1134185960,2076
1134186960,2041
1134187960,2029
1134198414,2084
1134199414,2091
1134200414,2090
1134201414,2077
1134202414,2064
1134203414,2030
1134204414,2001
1134205414,1997
1134206414,2000
1134207414,1951
1134208414,1893
1134209414,1856
1134210414,1841
1134211414,1841
1134212414,1892
1134213414,1973
1134214414,2063
1134215414,2090
1134216414,2091
1134217414,2087
1134227841,1857
1134228841,1893
1134229841,1966
1134230841,2037
1134231841,2082
1134232841,2087
1134233841,2077
1134234841,2064
1134235841,2041
1134236841,2055
1134237841,2010
1134238841,2020
1134239841,2009
1134240841,1964
1134241841,1908
1134242841,1872
1134243841,1869
1134244841,1882
1134245841,1906
1134246841,1985
1134257285,1989
1134258285,1920
1134259285,1876
1134260285,1856
1134261285,1856
1134262285,1878
1134263285,1967
1134264285,2047
1134265285,2088
1134266285,2093
1134267285,2080
1134268285,2077
1134269285,2067
1134270285,2045
1134271285,1998
1134272285,2036
1134273285,2018
1134274285,1963
1134275285,1899
1134276285,1863
1134286712,2061
1134287712,2035
1134288712,2019
1134289712,2033
1134290712,1978
1134291712,1911
1134292712,1872
1134293712,1843
1134294712,1842
1134295712,1869
1134296712,1965
1134297712,2029
1134298712,2080
1134299712,2089
1134300712,2077
1134301712,2071
1134302712,2058
1134303712,1978
1134304712,2005
1134305712,2031
1134316139,2097
1134317139,2093
1134318139,2093
1134319139,2093
1134320139,2069
1134321139,2038
1134322139,2037
1134323139,2038
1134324139,2013
1134325139,1923
1134326139,1893
1134327139,1872
1134328139,1875
1134329139,1905
1134330139,1984
1134331139,2061
1134332139,2084
1134333139,2091
1134334139,2077
1134335139,2071
1134345571,1855
1134346571,1940
1134347571,2037
1134348571,2100
1134349571,2123
1134350571,2113
1134351571,2096
1134352571,2084
1134353571,2064
1134354571,2032
1134355571,2027
1134356571,2028
1134357571,1973
1134358571,1906
1134359571,1856
1134360571,1834
1134361571,1851
1134362571,1890
1134363571,1985
1134374020,2003
1134375020,1914
1134376020,1854
1134377020,1843
1134378020,1832
1134379020,1878
1134380020,1969
1134381020,2034
1134382020,2076
1134383020,2068
1134384020,2074
1134385020,2059
1134386020,2073
1134387020,2055
1134388020,2017
1134389020,2030
1134390020,2031
1134391020,1972
1134392020,1909
1134393020,1862
1134403447,2053
1134404447,2023
1134405447,2021
1134406447,2032
1134407447,1982
1134408447,1917
1134409447,1871
1134410447,1860
1134411447,1847
1134412447,1888
1134413447,1979
1134414447,2039
1134415447,2082
1134416447,2080
1134417447,2064
1134418447,2047
1134419447,2085
1134420447,2042
1134421447,2009
1134422447,2032
1134432891,2081
1134433891,2064
1134434891,2068
1134435891,2064
1134436891,2047
1134437891,2023
1134438891,2027
1134439891,2032
1134440891,1991
1134441891,1925
1134442891,1880
1134443891,1868
1134444891,1858
1134445891,1892
1134446891,1974
1134447891,2038
1134448891,2064
1134449891,2096
1134450891,2087
1134451891,2080
1134462318,1847
1134463318,1957
1134464318,2021
1134465318,2063
1134466318,2073
1134467318,2065
1134468318,2040
1134469318,2086
1134470318,2064
1134471318,2032
1134472318,2032
1134473318,2028
1134474318,1991
1134475318,1919
1134476318,1883
1134477318,1853
1134478318,1887
1134479318,1885
1134480318,1968
1134481318,2057
1134491745,1948
1134492745,1894
1134493745,1882
1134494745,1840
1134495745,1868
1134496745,1947
1134497745,2032
1134498745,2071
1134499745,2079
1134500745,2059
1134501745,2071
1134502745,2062
1134503745,2032
1134504745,2010
1134505745,2033
1134506745,2060
1134507745,2006
1134508745,1936
1134509745,1887
1134510745,1855
1134521172,2032
1134522172,2021
1134523172,2035
1134524172,2000
1134525172,1936
1134526172,1875
1134527172,1841
1134528172,1838
1134529172,1917
1134530172,1949
1134531172,2017
1134532172,2033
1134533172,2064
1134534172,2076
1134535172,2065
1134536172,2083
1134537172,2079
1134538172,2062
1134539172,2081
1134549626,2047
1134550626,2038
1134551626,2029
1134552626,2074
1134553626,2063
1134554626,2032
1134555626,2034
1134556626,2057
1134557626,2007
1134558626,1934
1134559626,1860
1134560626,1862
1134561626,1840
1134562626,1861
1134563626,1937
1134564626,2026
1134565626,2071
1134566626,2075
1134567626,2032
1134568626,2075
1134579053,1841
1134580053,1903
1134581053,1999
1134582053,2039
1134583053,2066
1134584053,2063
1134585053,2065
1134586053,2071
1134587053,2055
1134588053,2055
1134589053,2033
1134590053,2077
1134591053,2018
1134592053,1949
1134593053,1931
1134594053,1857
1134595053,1844
1134596053,1861
1134597053,1941
1134598053,2021
1134608497,1948
1134609497,1903
1134610497,1856
1134611497,1821
1134612497,1847
1134613497,1923
1134614497,2021
1134615497,2032
1134616497,2064
1134617497,2058
1134618497,2065
1134619497,2065
1134620497,2064
1134621497,2035
1134622497,2064
1134623497,2071
1134624497,2005
1134625497,1924
1134626497,1872
1134627497,1842
1134637924,2033
1134638924,2055
1134639924,2091
1134640924,2036
1134641924,1953
1134642924,1891
1134643924,1856
1134644924,1840
1134645924,1847
1134646924,1921
1134647924,2003
1134648924,2043
1134649924,2064
1134650924,2081
1134651924,2089
1134652924,2085
1134653924,2054
1134654924,2029
1134655924,2065
1134656924,2057
1134667351,2066
1134668351,2061
1134669351,2068
1134670351,2059
1134671351,2031
1134672351,2043
1134673351,2073
1134674351,2032
1134675351,1956
1134676351,1892
1134677351,1853
1134678351,1829
1134679351,1837
1134680351,1919
1134681351,2019
1134682351,2096
1134683351,2092
1134684351,2077
1134685351,2075
1134686351,2080
1134696777,1901
1134697777,1983
1134698777,2022
1134699777,2062
1134700777,2069
1134701777,2047
1134702777,2067
1134703777,2067
1134704777,2054
1134705777,2044
1134706777,2070
1134707777,2032
1134708777,1943
1134709777,1899
1134710777,1843
1134711777,1822
1134712777,1845
1134713777,1932
1134714777,2017
1134725240,1978
1134726240,1924
1134727240,1871
1134728240,1818
1134729240,1822
1134730240,1890
1134731240,1973
1134732240,2062
1134733240,2088
1134734240,2110
1134735240,2064
1134736240,2076
1134737240,2062
1134738240,2019
1134739240,2065
1134740240,2064
1134741240,2032
1134742240,1951
1134743240,1882
1134744240,1847
1134754659,2045
1134755659,2047
1134756659,2080
1134757659,2031
1134758659,1953
1134759659,1904
1134760659,1864
1134761659,1833
1134762659,1814
1134763659,1911
1134764659,1995
1134765659,2039
1134766659,2046
1134767659,2055
1134768659,2064
1134769659,2089
1134770659,2064
1134771659,2031
1134772659,2065
1134773659,2091
1134784103,2061
1134785103,2065
1134786103,2065
1134787103,2047
1134788103,2035
1134789103,2058
1134790103,2085
1134791103,2051
1134792103,1958
1134793103,1903
1134794103,1844
1134795103,1829
1134796103,1841
1134797103,1922
1134798103,1998
1134799103,2035
1134800103,2055
1134801103,2046
1134802103,2069
1134803103,2067
1134813530,1903
1134814530,1986
1134815530,2043
1134816530,2065
1134817530,2064
1134818530,2062
1134819530,2075
1134820530,2065
1134821530,2032
1134822530,2064
1134823530,2084
1134824530,2031
1134825530,1959
1134826530,1904
1134827530,1868
1134828530,1819
1134829530,1833
1134830530,1930
1134831530,2009
1134832530,2061
1134842956,1920
1134843956,1867
1134844956,1826
1134845956,1832
1134846956,1910
1134847956,1988
1134848956,2057
1134849956,2043
1134850956,2062
1134851956,2059
1134852956,2075
1134853956,2060
1134854956,2034
1134855956,2065
1134856956,2085
1134857956,2020
1134858956,1940
1134859956,1897
1134860956,1811
1134861956,1817
1134872383,2063
1134873383,2096
1134874383,2045
1134875383,1968
1134876383,1904
1134877383,1813
1134878383,1810
1134879383,1828
1134880383,1954
1134881383,1997
1134882383,2055
1134883383,2071
1134884383,2069
1134885383,2076
1134886383,2080
1134887383,2047
1134888383,2038
1134889383,2077
1134890383,2084
1134900838,2068
1134901838,2069
1134902838,2080
1134903838,2065
1134904838,2043
1134905838,2064
1134906838,2096
1134907838,2033
1134908838,1957
1134909838,1905
1134910838,1847
1134911838,1827
1134912838,1844
1134913838,1919
1134914838,2010
1134915838,2059
1134916838,2064
1134917838,2061
1134918838,2065
1134919838,2083
1134930265,1899
1134931265,2009
1134932265,2033
1134933265,2031
1134934265,2047
1134935265,2065
1134936265,2081
1134937265,2064
1134938265,2043
1134939265,2067
1134940265,2083
1134941265,2035
1134942265,1965
1134943265,1905
1134944265,1851
1134945265,1841
1134946265,1845
1134947265,1937
1134948265,2021
1134949265,2045
1134959709,1905
1134960709,1857
1134961709,1833
1134962709,1869
1134963709,1911
1134964709,2000
1134965709,2042
1134966709,2059
1134967709,2061
1134968709,2070
1134969709,2073
1134970709,2047
1134971709,2032
1134972709,2069
1134973709,2081
1134974709,2029
1134975709,1949
1134976709,1897
1134977709,1842
1134978709,1822
1134989135,2058
1134990135,2081
1134991135,2083
1134992135,1965
1134993135,1906
1134994135,1856
1134995135,1826
1134996135,1831
1134997135,1915
1134998135,1988
1134999135,2032
1135000135,2059
1135001135,2083
1135002135,2086
1135003135,2078
1135004135,2063
1135005135,2033
1135006135,2059
1135007135,2090
1135008135,2031
1135018568,2044
1135019568,2076
1135020568,2064
1135021568,2055
1135022568,2076
1135023568,2094
1135024568,2051
1135025568,1968
1135026568,1919
1135027568,1859
1135028568,1825
1135029568,1835
1135030568,1921
1135031568,1993
1135032568,2037
1135033568,2042
1135034568,2064
1135035568,2073
1135036568,2081
1135037568,2058
1135047989,1981
1135048989,2017
1135049989,2059
1135050989,2047
1135051989,2044
1135052989,2070
1135053989,2059
1135054989,2038
1135055989,2075
1135056989,2096
1135057989,2039
1135058989,1959
1135059989,1907
1135060989,1847
1135061989,1833
1135062989,1830
1135063989,1923
1135064989,2000
1135065989,2063
1135076444,1923
1135077444,1871
1135078444,1824
1135079444,1821
1135080444,1901
1135081444,1988
1135082444,2037
1135083444,2057
1135084444,2047
1135085444,2067
1135086444,2068
1135087444,2064
1135088444,2043
1135089444,2093
1135090444,2094
1135091444,2031
1135092444,1966
1135093444,1916
1135094444,1855
1135095444,1827
1135105871,2071
1135106871,2112
1135107871,2075
1135108871,2002
1135109871,1919
1135110871,1872
1135111871,1824
1135112871,1829
1135113871,1917
1135114871,1987
1135115871,2034
1135116871,2039
1135117871,2054
1135118871,2064
1135119871,2077
1135120871,2045
1135121871,2039
1135122871,2093
1135123871,2106
1135124871,2035
1135135314,2083
1135136314,2093
1135137314,2065
1135138314,2061
1135139314,2090
1135140314,2102
1135141314,2040
1135142314,1968
1135143314,1958
1135144314,1851
1135145314,1806
1135146314,1845
1135147314,1935
1135148314,2017
1135149314,2055
1135150314,2063
1135151314,2071
1135152314,2067
1135153314,2079
1135154314,2070
1135164741,1986
1135165741,2026
1135166741,2054
1135167741,2069
1135168741,2070
1135169741,2073
1135170741,2107
1135171741,2036
1135172741,2089
1135173741,2112
1135174741,2073
1135175741,1981
1135176741,1915
1135177741,1838
1135178741,1770
1135179741,1849
1135180741,1906
1135181741,1989
1135182741,2031
1135183741,2038
1135194168,1876
1135195168,1829
1135196168,1823
1135197168,1921
1135198168,1977
1135199168,1989
1135200168,2029
1135201168,2054
1135202168,2066
1135203168,2085
1135204168,2070
1135205168,2047
1135206168,2081
1135207168,2081
1135208168,2017
1135209168,1947
1135210168,1899
1135211168,1836
1135212168,1815
1135213168,1840
1135223600,2109
1135224600,2067
1135225600,1984
1135226600,1919
1135227600,1872
1135228600,1829
1135229600,1827
1135230600,1906
1135231600,1993
1135232600,2039
1135233600,2060
1135234600,2041
1135235600,2057
1135236600,2076
1135237600,2055
1135238600,2045
1135239600,2085
1135240600,2090
1135241600,2032
1135252050,2039
1135253050,2060
1135254050,2046
1135255050,2030
1135256050,2083
1135257050,2099
1135258050,2044
1135259050,1965
1135260050,1916
1135261050,1847
1135262050,1808
1135263050,1811
1135264050,1921
1135265050,2033
1135266050,2035
1135267050,2056
1135268050,2068
1135269050,2075
1135270050,2077
1135271050,2059
1135281476,1984
1135282476,2055
1135283476,2055
1135284476,2047
1135285476,2060
1135286476,2073
1135287476,2057
1135288476,2034
1135289476,2090
1135290476,2097
1135291476,2078
1135292476,1935
1135293476,1911
1135294476,1841
1135295476,1820
1135296476,1840
1135297476,1936
1135298476,2027
1135299476,2045
1135300476,2064
1135310920,1861
1135311920,1860
1135312920,1840
1135313920,1919
1135314920,1999
1135315920,2039
1135316920,2062
1135317920,2064
1135318920,2084
1135319920,2089
1135320920,2058
1135321920,2041
1135322920,2086
1135323920,2087
1135324920,2020
1135325920,1937
1135326920,1891
1135327920,1831
1135328920,1824
1135329920,1860
1135340347,2096
1135341347,2070
1135342347,1969
1135343347,1921
1135344347,1867
1135345347,1844
1135346347,1871
1135347347,1927
1135348347,2000
1135349347,2060
1135350347,2065
1135351347,2063
1135352347,2076
1135353347,2081
1135354347,2061
1135355347,2039
1135356347,2083
1135357347,2093
1135358347,2027
1135359347,1965
1135369774,2079
1135370774,2035
1135371774,2032
1135372774,2064
1135373774,2097
1135374774,2045
1135375774,1969
1135376774,1906
1135377774,1855
1135378774,1830
1135379774,1845
1135380774,1931
1135381774,2012
1135382774,2047
1135383774,2077
1135384774,2058
1135385774,2075
1135386774,2080
1135387774,2047
1135388774,2033
1135399201,2045
1135400201,2063
1135401201,2061
1135402201,2063
1135403201,2080
1135404201,2065
1135405201,2037
1135406201,2086
1135407201,2087
1135408201,2045
1135409201,1963
1135410201,1911
1135411201,1854
1135412201,1822
1135413201,1851
1135414201,1917
1135415201,2015
1135416201,2042
1135417201,2061
1135427655,1853
1135428655,1828
1135429655,1831
1135430655,1908
1135431655,1983
1135432655,2055
1135433655,2060
1135434655,2057
1135435655,2067
1135436655,2075
1135437655,2064
1135438655,2038
1135439655,2091
1135440655,2105
1135441655,2032
1135442655,1956
1135443655,1910
1135444655,1845
1135445655,1809
1135446655,1844
1135457082,2092
1135458082,1999
1135459082,1966
1135460082,1923
1135461082,1852
1135462082,1808
1135463082,1821
1135464082,1915
1135465082,1982
1135466082,2030
1135467082,2044
1135468082,2039
1135469082,2058
1135470082,2075
1135471082,2046
1135472082,2036
1135473082,2099
1135474082,2103
1135475082,2032
1135476082,1945
1135486526,2077
1135487526,2043
1135488526,2035
1135489526,2087
1135490526,2099
1135491526,2043
1135492526,1963
1135493526,1909
1135494526,1856
1135495526,1818
1135496526,1841
1135497526,1925
1135498526,2009
1135499526,2025
1135500526,2059
1135501526,2064
1135502526,2071
1135503526,2077
1135504526,2061
1135505526,2055
1135515953,2038
1135516953,2107
1135517953,2061
1135518953,2067
1135519953,2073
1135520953,2064
1135521953,2041
1135522953,2084
1135523953,2096
1135524953,2033
1135525953,1968
1135526953,1911
1135527953,1856
1135528953,1835
1135529953,1855
1135530953,1950
1135531953,2017
1135532953,2042
1135533953,2042
1135534953,2033
1135545380,1849
1135546380,1859
1135547380,1932
1135548380,2002
1135549380,2033
1135550380,2037
1135551380,2047
1135552380,2071
1135553380,2075
1135554380,2054
1135555380,2037
1135556380,2088
1135557380,2085
1135558380,2020
1135559380,1951
1135560380,1921
1135561380,1853
1135562380,1845
1135563380,1872
1135564380,1972
1135574807,2031
1135575807,1957
1135576807,1915
1135577807,1851
1135578807,1836
1135579807,1850
1135580807,1936
1135581807,1999
1135582807,2044
1135583807,2068
1135584807,2065
1135585807,2067
1135586807,2071
1135587807,2047
1135588807,2045
1135589807,2089
1135590807,2086
1135591807,2000
1135592807,1936
1135603261,2078
1135604261,2047
1135605261,2029
1135606261,2077
1135607261,2083
1135608261,2026
1135609261,1955
1135610261,1909
1135611261,1863
1135612261,1846
1135613261,1872
1135614261,1955
1135615261,2021
1135616261,2053
1135617261,2065
1135618261,2061
1135619261,2073
1135620261,2084
1135621261,2041
1135622261,2032
1135632688,2032
1135633688,2036
1135634688,2047
1135635688,2055
1135636688,2069
1135637688,2068
1135638688,2033
1135639688,2074
1135640688,2065
1135641688,2011
1135642688,1933
1135643688,1904
1135644688,1847
1135645688,1840
1135646688,1900
1135647688,1959
1135648688,2023
1135649688,2054
1135650688,2051
1135651688,2051
1135662132,1849
1135663132,1872
1135664132,1936
1135665132,2003
1135666132,2039
1135667132,2061
1135668132,2032
1135669132,2064
1135670132,2078
1135671132,2034
1135672132,2033
1135673132,2074
1135674132,2110
1135675132,2004
1135676132,1924
1135677132,1902
1135678132,1852
1135679132,1850
1135680132,1901
1135681132,1969
1135691560,2018
1135692560,1946
1135693560,1904
1135694560,1863
1135695560,1855
1135696560,1870
1135697560,1947
1135698560,2025
1135699560,2051
1135700560,2060
1135701560,2057
1135702560,2064
1135703560,2063
1135704560,2038
1135705560,2031
1135706560,2065
1135707560,2039
1135708560,1977
1135709560,1917
1135710560,1890
1135720986,2041
1135721986,2030
1135722986,2059
1135723986,2053
1135724986,1994
1135725986,1931
1135726986,1903
1135727986,1870
1135728986,1855
1135729986,1900
1135730986,1991
1135731986,2032
1135732986,2065
1135733986,2071
1135734986,2062
1135735986,2065
1135736986,2061
1135737986,2033
1135738986,2030
1135739986,2053
1135750413,2071
1135751413,2068
1135752413,2085
1135753413,2058
1135754413,2036
1135755413,2028
1135756413,2046
1135757413,2031
1135758413,1973
1135759413,1915
1135760413,1888
1135761413,1867
1135762413,1881
1135763413,1943
1135764413,2011
1135765413,2087
1135766413,2082
1135767413,2074
1135768413,2059
1135778867,1875
1135779867,1926
1135780867,2007
1135781867,2047
1135782867,2080
1135783867,2076
1135784867,2069
1135785867,2076
1135786867,2059
1135787867,2028
1135788867,2017
1135789867,2029
1135790867,2000
1135791867,1937
1135792867,1901
1135793867,1879
1135794867,1877
1135795867,1901
1135796867,1970
1135797867,2042
1135808294,1933
1135809294,1895
1135810294,1871
1135811294,1862
1135812294,1887
1135813294,1954
1135814294,2017
1135815294,2069
1135816294,2083
1135817294,2084
1135818294,2064
1135819294,2057
1135820294,2033
1135821294,2007
1135822294,2007
1135823294,2011
1135824294,1969
1135825294,1926
1135826294,1878
1135827294,1891
1135837738,2026
1135838738,2017
1135839738,2017
1135840738,1988
1135841738,1936
1135842738,1890
1135843738,1881
1135844738,1881
1135845738,1903
1135846738,1959
1135847738,2032
1135848738,2098
1135849738,2084
1135850738,2068
1135851738,2045
1135852738,2031
1135853738,2038
1135854738,2018
1135855738,2012
1135856738,2000
1135867165,2090
1135868165,2064
1135869165,2066
1135870165,2033
1135871165,2017
1135872165,2005
1135873165,2007
1135874165,1967
1135875165,1917
1135876165,1872
1135877165,1844
1135878165,1854
1135879165,1921
1135880165,1984
1135881165,2053
1135882165,2083
1135883165,2091
1135884165,2075
1135885165,2075
1135886165,2059
1135896595,1978
1135897595,2059
1135898595,2096
1135899595,2096
1135900595,2095
1135901595,2081
1135902595,2076
1135903595,2051
1135904595,2018
1135905595,2011
1135906595,2000
1135907595,1949
1135908595,1893
1135909595,1870
1135910595,1869
1135911595,1887
1135912595,1932
1135913595,2000
1135914595,2066
1135915595,2090
1135926019,1868
1135927019,1866
1135928019,1872
1135929019,1919
1135930019,1994
1135931019,2077
1135932019,2103
1135933019,2096
1135934019,2084
1135935019,2084
1135936019,2064
1135937019,2034
1135938019,1989
1135939019,2000
1135940019,1992
1135941019,1934
1135942019,1889
1135943019,1872
1135944019,1866
1135954473,2021
1135955473,2012
1135956473,2027
1135957473,1955
1135958473,1891
1135959473,1863
1135960473,1872
1135961473,1883
1135962473,1936
1135963473,2003
1135964473,2115
1135965473,2112
1135966473,2109
1135967473,2080
1135968473,2073
1135969473,2068
1135970473,2032
1135971473,2009
1135972473,1999
1135973473,1982
1135983900,2091
1135984900,2076
1135985900,2071
1135986900,2031
1135987900,1999
1135988900,2000
1135989900,1975
1135990900,1932
1135991900,1877
1135992900,1856
1135993900,1865
1135994900,1887
1135995900,1954
1135996900,2037
1135997900,2093
1135998900,2111
1135999900,2103
1136000900,2089
1136001900,2077
1136002900,2062
1136013344,2020
1136014344,2081
1136015344,2100
1136016344,2098
1136017344,2086
1136018344,2080
1136019344,2069
1136020344,2069
1136021344,2001
1136022344,2000
1136023344,1983
1136024344,1917
1136025344,1884
1136026344,1852
1136027344,1841
1136028344,1906
1136029344,1958
1136030344,2031
1136031344,2096
1136032344,2111
1136042771,1853
1136043771,1862
1136044771,1885
1136045771,1950
1136046771,2032
1136047771,2093
1136048771,2115
1136049771,2116
1136050771,2089
1136051771,2095
1136052771,2064
1136053771,2026
1136054771,1999
1136055771,1997
1136056771,1971
1136057771,1918
1136058771,1860
1136059771,1849
1136060771,1857
1136061771,1901
1136072198,2000
1136073198,1983
1136074198,1937
1136075198,1876
1136076198,1854
1136077198,1856
1136078198,1888
1136079198,1948
1136080198,2032
1136081198,2096
1136082198,2105
1136083198,2096
1136084198,2093
1136085198,2076
1136086198,2045
1136087198,1993
1136088198,2000
1136089198,1993
1136090198,1968
1136091198,1906
1136101624,2085
1136102624,2063
1136103624,2059
1136104624,2013
1136105624,1997
1136106624,1983
1136107624,1921
1136108624,1869
1136109624,1856
1136110624,1861
1136111624,1895
1136112624,1947
1136113624,2019
1136114624,2096
1136115624,2099
1136116624,2090
1136117624,2087
1136118624,2065
1136119624,2071
1136130079,2009
1136131079,2071
1136132079,2105
1136133079,2096
1136134079,2098
1136135079,2076
1136136079,2037
1136137079,2042
1136138079,2020
1136139079,2007
1136140079,1989
1136141079,1936
1136142079,1885
1136143079,1873
1136144079,1874
1136145079,1905
1136146079,1964
1136147079,2037
1136148079,2090
1136149079,2107
1136159506,1870
1136160506,1875
1136161506,1888
1136162506,1937
1136163506,2010
1136164506,2080
1136165506,2102
1136166506,2103
1136167506,2071
1136168506,2070
1136169506,2065
1136170506,2032
1136171506,2005
1136172506,2002
1136173506,1979
1136174506,1929
1136175506,1879
1136176506,1847
1136177506,1855
1136178506,1874
1136188950,2004
1136189950,2004
1136190950,1959
1136191950,1908
1136192950,1872
1136193950,1869
1136194950,1886
1136195950,1931
1136196950,1997
1136197950,2065
1136198950,2096
1136199950,2090
1136200950,2096
1136201950,2064
1136202950,2058
1136203950,2033
1136204950,2006
1136205950,2005
1136206950,2004
1136207950,1941
1136218377,2069
1136219377,2071
1136220377,2045
1136221377,2039
1136222377,2001
1136223377,2027
1136224377,1967
1136225377,1909
1136226377,1879
1136227377,1875
1136228377,1891
1136229377,1934
1136230377,2009
1136231377,2071
1136232377,2103
1136233377,2103
1136234377,2097
1136235377,2085
1136236377,2071
1136237377,2045
1136247804,2025
1136248804,2077
1136249804,2084
1136250804,2080
1136251804,2078
1136252804,2077
1136253804,2064
1136254804,2023
1136255804,2019
1136256804,2016
1136257804,2001
1136258804,1924
1136259804,1889
1136260804,1885
1136261804,1892
1136262804,1925
1136263804,2001
1136264804,2063
1136265804,2090
1136266804,2089
1136277239,1869
1136278239,1869
1136279239,1904
1136280239,1961
1136281239,2023
1136282239,2064
1136283239,2074
1136284239,2069
1136285239,2064
1136286239,2065
1136287239,2040
1136288239,1999
1136289239,2005
1136290239,2004
1136291239,1973
1136292239,1921
1136293239,1894
1136294239,1879
1136295239,1893
1136305685,1999
1136306685,2007
1136307685,1970
1136308685,1884
1136309685,1873
1136310685,1869
1136311685,1856
1136312685,1907
1136313685,1972
1136314685,2044
1136315685,2067
1136316685,2087
1136317685,2082
1136318685,2064
1136319685,2064
1136320685,2041
1136321685,2026
1136322685,2011
1136323685,2001
1136324685,1973
1136335112,2080
1136336112,2089
1136337112,2062
1136338112,2037
1136339112,2016
1136340112,2029
1136341112,2013
1136342112,1932
1136343112,1885
1136344112,1893
1136345112,1877
1136346112,1901
1136347112,1966
1136348112,2032
1136349112,2055
1136350112,2064
1136351112,2069
1136352112,2064
1136353112,2043
1136354112,2061
1136364556,1989
1136365556,2043
1136366556,2043
1136367556,2061
1136368556,2060
1136369556,2061
1136370556,2039
1136371556,2017
1136372556,2017
1136373556,2001
1136374556,1966
1136375556,1913
1136376556,1824
1136377556,1859
1136378556,1892
1136379556,1918
1136380556,2011
1136381556,2090
1136382556,2111
1136383556,2096
1136393982,1857
1136394982,1869
1136395982,1927
1136396982,2000
1136397982,2073
1136398982,2113
1136399982,2110
1136400982,2094
1136401982,2080
1136402982,2080
1136403982,2061
1136404982,2033
1136405982,2018
1136406982,2003
1136407982,1946
1136408982,1891
1136409982,1866
1136410982,1859
1136411982,1872
1136412982,1945
1136423409,2000
1136424409,1939
1136425409,1872
1136426409,1854
1136427409,1848
1136428409,1895
1136429409,1956
1136430409,2041
1136431409,2126
1136432409,2154
1136433409,2155
1136434409,2138
1136435409,2122
1136436409,2096
1136437409,2043
1136438409,2000
1136439409,1965
1136440409,1927
1136441409,1851
1136442409,1792
1136452836,2083
1136453836,2031
1136454836,2028
1136455836,2005
1136456836,2000
1136457836,1941
1136458836,1866
1136459836,1855
1136460836,1857
1136461836,1883
1136462836,1946
1136463836,2032
1136464836,2102
1136465836,2101
1136466836,2101
1136467836,2096
1136468836,2081
1136469836,2062
1136470836,2031
1136481291,2086
1136482291,2113
1136483291,2118
1136484291,2096
1136485291,2080
1136486291,2079
1136487291,2053
1136488291,2032
1136489291,2010
1136490291,1991
1136491291,1898
1136492291,1875
1136493291,1841
1136494291,1840
1136495291,1863
1136496291,1955
1136497291,2022
1136498291,2083
1136499291,2091
1136500291,2096
1136510718,1857
1136511718,1873
1136512718,1941
1136513718,2026
1136514718,2153
1136515718,2128
1136516718,2112
1136517718,2081
1136518718,2064
1136519718,2055
1136520718,2032
1136521718,2007
1136522718,1993
1136523718,1981
1136524718,1915
1136525718,1861
1136526718,1842
1136527718,1856
1136528718,1886
1136529718,1959
1136540161,1973
1136541161,1921
1136542161,1855
1136543161,1833
1136544161,1844
1136545161,1871
1136546161,1943
1136547161,2037
1136548161,2101
1136549161,2115
1136550161,2109
1136551161,2099
1136552161,2091
1136553161,2073
1136554161,2037
1136555161,2026
1136556161,2015
1136557161,1975
1136558161,1909
1136559161,1850
1136569591,2069
1136570591,2033
1136571591,2014
1136572591,1995
1136573591,1980
1136574591,1909
1136575591,1861
1136576591,1845
1136577591,1859
1136578591,1899
1136579591,1967
1136580591,2058
1136581591,2112
1136582591,2113
1136583591,2099
1136584591,2085
1136585591,2077
1136586591,2045
1136587591,2019
1136588591,2001
1136599015,2097
1136600015,2096
1136601015,2074
1136602015,2082
1136603015,2078
1136604015,2073
1136605015,2061
1136606015,2033
1136607015,2009
1136608015,1933
1136609015,1857
1136610015,1842
1136611015,1841
1136612015,1877
1136613015,1955
1136614015,2031
1136615015,2085
1136616015,2107
1136617015,2088
1136618015,2068
1136628442,1904
1136629442,1975
1136630442,2041
1136631442,2142
1136632442,2187
1136633442,2172
1136634442,2141
1136635442,2128
1136636442,2096
1136637442,2058
1136638442,2036
1136639442,1972
1136640442,1923
1136641442,1853
1136642442,1781
1136643442,1782
1136644442,1799
1136645442,1834
1136646442,1909
1136656897,1997
1136657897,1939
1136658897,1871
1136659897,1859
1136660897,1873
1136661897,1900
1136662897,1949
1136663897,2041
1136664897,2100
1136665897,2122
1136666897,2109
1136667897,2100
1136668897,2090
1136669897,2059
1136670897,2013
1136671897,2009
1136672897,1991
1136673897,1968
1136674897,1911
1136675897,1850
1136686323,2070
1136687323,2042
1136688323,2020
1136689323,1977
1136690323,1979
1136691323,1922
1136692323,1858
1136693323,1851
1136694323,1854
1136695323,1888
1136696323,1953
1136697323,2044
1136698323,2113
1136699323,2127
1136700323,2116
1136701323,2104
1136702323,2083
1136703323,2071
1136704323,2021
1136705323,1988
1136715767,2117
1136716767,2109
1136717767,2096
1136718767,2068
1136719767,2058
1136720767,2032
1136721767,2017
1136722767,2017
1136723767,2005
1136724767,1950
1136725767,1891
1136726767,1867
1136727767,1855
1136728767,1875
1136729767,1941
1136730767,2005
1136731767,2067
1136732767,2079
1136733767,2079
1136734767,2071
1136745194,1875
1136746194,1929
1136747194,2025
1136748194,2096
1136749194,2118
1136750194,2125
1136751194,2097
1136752194,2084
1136753194,2066
1136754194,2028
1136755194,1998
1136756194,1990
1136757194,1967
1136758194,1920
1136759194,1869
1136760194,1863
1136761194,1858
1136762194,1891
1136763194,1949
1136764194,2030
1136774621,1962
1136775621,1906
1136776621,1877
1136777621,1891
1136778621,1907
1136779621,1965
1136780621,2032
1136781621,2087
1136782621,2090
1136783621,2082
1136784621,2064
1136785621,2035
1136786621,2034
1136787621,2007
1136788621,1990
1136789621,1989
1136790621,1968
1136791621,1923
1136792621,1874
1136793621,1873
1136804048,2022
1136805048,1998
1136806048,1996
1136807048,1987
1136808048,1945
1136809048,1879
1136810048,1843
1136811048,1865
1136812048,1881
1136813048,1940
1136814048,2018
1136815048,2082
1136816048,2101
1136817048,2103
1136818048,2083
1136819048,2087
1136820048,2037
1136821048,2029
1136822048,2032
1136832502,2067
1136833502,2058
1136834502,2057
1136835502,2042
1136836502,2027
1136837502,2023
1136838502,2004
1136839502,1987
1136840502,1960
1136841502,1904
1136842502,1877
1136843502,1840
1136844502,1845
1136845502,1885
1136846502,1938
1136847502,2021
1136848502,2086
1136849502,2092
1136850502,2096
1136851502,2096
1136861929,1865
1136862929,1915
1136863929,2000
1136864929,2046
1136865929,2089
1136866929,2085
1136867929,2080
1136868929,2073
1136869929,2069
1136870929,2034
1136871929,2011
1136872929,2005
1136873929,1980
1136874929,1958
1136875929,1875
1136876929,1851
1136877929,1852
1136878929,1892
1136879929,1945
1136880929,2027
1136891373,1940
1136892373,1891
1136893373,1862
1136894373,1847
1136895373,1867
1136896373,1940
1136897373,2019
1136898373,2075
1136899373,2112
1136900373,2121
1136901373,2112
1136902373,2099
1136903373,2086
1136904373,2057
1136905373,2015
1136906373,1992
1136907373,1968
1136908373,1894
1136909373,1835
1136910373,1809
1136920800,2043
1136921800,2001
1136922800,1982
1136923800,2001
1136924800,1919
1136925800,1872
1136926800,1839
1136927800,1845
1136928800,1878
1136929800,1936
1136930800,2020
1136931800,2090
1136932800,2101
1136933800,2079
1136934800,2081
1136935800,2074
1136936800,2059
1136937800,2032
1136938800,2007
1136939800,2013
1136950235,2083
1136951235,2065
1136952235,2047
1136953235,2032
1136954235,2016
1136955235,1999
1136956235,2000
1136957235,1983
1136958235,1927
1136959235,1872
1136960235,1859
1136961235,1857
1136962235,1877
1136963235,1961
1136964235,2051
1136965235,2096
1136966235,2109
1136967235,2110
1136968235,2112
1136969235,2083
1136979654,1902
1136980654,1979
1136981654,2039
1136982654,2077
1136983654,2082
1136984654,2079
1136985654,2092
1136986654,2071
1136987654,2039
1136988654,2016
1136989654,2020
1136990654,2002
1136991654,1904
1136992654,1888
1136993654,1865
1136994654,1856
1136995654,1870
1136996654,1938
1136997654,2018
1137008108,1949
1137009108,1878
1137010108,1871
1137011108,1861
1137012108,1875
1137013108,1925
1137014108,2020
1137015108,2079
1137016108,2096
1137017108,2089
1137018108,2087
1137019108,2080
1137020108,2064
1137021108,2032
1137022108,2015
1137023108,2009
1137024108,2000
1137025108,1919
1137026108,1873
1137027108,1863
1137037535,2054
1137038535,2026
1137039535,2005
1137040535,1987
1137041535,1929
1137042535,1883
1137043535,1859
1137044535,1856
1137045535,1872
1137046535,1932
1137047535,2005
1137048535,2065
1137049535,2080
1137050535,2079
1137051535,2071
1137052535,2076
1137053535,2075
1137054535,2042
1137055535,2022
1137056535,2016
1137066979,2097
1137067979,2091
1137068979,2080
1137069979,2076
1137070979,2055
1137071979,2027
1137072979,2020
1137073979,2008
1137074979,1939
1137075979,1875
1137076979,1855
1137077979,1840
1137078979,1858
1137079979,1926
1137080979,2007
1137081979,2074
1137082979,2096
1137083979,2091
1137084979,2084
1137085979,2069
1137096406,1932
1137097406,2004
1137098406,2085
1137099406,2109
1137100406,2098
1137101406,2077
1137102406,2084
1137103406,2081
1137104406,2043
1137105406,2026
1137106406,2021
1137107406,2003
1137108406,1965
1137109406,1894
1137110406,1864
1137111406,1881
1137112406,1892
1137113406,1947
1137114406,2023
1137115406,2069
1137125833,1886
1137126833,1862
1137127833,1857
1137128833,1870
1137129833,1919
1137130833,2003
1137131833,2085
1137132833,2076
1137133833,2096
1137134833,2080
1137135833,2085
1137136833,2075
1137137833,2037
1137138833,2021
1137139833,2019
1137140833,1995
1137141833,1931
1137142833,1874
1137143833,1824
1137144833,1847
1137155267,2021
1137156267,2032
1137157267,2005
1137158267,1952
1137159267,1882
1137160267,1860
1137161267,1851
1137162267,1871
1137163267,1921
1137164267,2005
1137165267,2094
1137166267,2100
1137167267,2087
1137168267,2070
1137169267,2073
1137170267,2054
1137171267,2027
1137172267,2016
1137173267,2011
1137183714,2083
1137184714,2084
1137185714,2066
1137186714,2080
1137187714,2047
1137188714,2022
1137189714,2016
1137190714,2010
1137191714,1943
1137192714,1901
1137193714,1838
1137194714,1857
1137195714,1883
1137196714,1936
1137197714,2001
1137198714,2071
1137199714,2089
1137200714,2078
1137201714,2061
1137202714,2054
1137213141,1877
1137214141,1980
1137215141,2060
1137216141,2096
1137217141,2085
1137218141,2097
1137219141,2086
1137220141,2069
1137221141,2041
1137222141,2022
1137223141,2016
1137224141,2007
1137225141,1940
1137226141,1884
1137227141,1862
1137228141,1837
1137229141,1853
1137230141,1906
1137231141,2000
1137232141,2047
1137242588,1889
1137243588,1850
1137244588,1837
1137245588,1867
1137246588,1906
1137247588,1981
1137248588,2061
1137249588,2085
1137250588,2094
1137251588,2078
1137252588,2065
1137253588,2058
1137254588,2043
1137255588,2023
1137256588,2034
1137257588,2009
1137258588,1953
1137259588,1887
1137260588,1859
1137261588,1837
1137272012,2016
1137273012,2015
1137274012,2000
1137275012,1953
1137276012,1903
1137277012,1871
1137278012,1843
1137279012,1850
1137280012,1889
1137281012,1969
1137282012,2053
1137283012,2084
1137284012,2084
1137285012,2066
1137286012,2064
1137287012,2068
1137288012,2039
1137289012,2022
1137290012,2034
1137291012,2029
1137301439,2064
1137302439,2063
1137303439,2083
1137304439,2064
1137305439,2020
1137306439,2031
1137307439,2030
1137308439,1981
1137309439,1904
1137310439,1867
1137311439,1850
1137312439,1872
1137313439,1897
1137314439,1968
1137315439,2030
1137316439,2046
1137317439,2065
1137318439,2057
1137319439,2055
1137320439,2056
1137330866,1957
1137331866,2037
1137332866,2095
1137333866,2085
1137334866,2071
1137335866,2063
1137336866,2060
1137337866,2023
1137338866,2000
1137339866,2000
1137340866,2017
1137341866,1975
1137342866,1872
1137343866,1851
1137344866,1841
1137345866,1837
1137346866,1871
1137347866,1982
1137348866,2031
1137359320,1950
1137360320,1894
1137361320,1846
1137362320,1841
1137363320,1872
1137364320,1941
1137365320,2032
1137366320,2064
1137367320,2085
1137368320,2071
1137369320,2064
1137370320,2075
1137371320,2041
1137372320,2016
1137373320,2045
1137374320,2038
1137375320,1984
1137376320,1917
1137377320,1876
1137378320,1833
1137388747,2041
1137389747,2064
1137390747,2064
1137391747,2012
1137392747,1936
1137393747,1896
1137394747,1840
1137395747,1794
1137396747,1844
1137397747,1930
1137398747,2009
1137399747,2060
1137400747,2074
1137401747,2065
1137402747,2079
1137403747,2070
1137404747,2057
1137405747,2036
1137406747,2067
1137407747,2065
1137418191,2064
1137419191,2062
1137420191,2069
1137421191,2061
1137422191,2027
1137423191,2059
1137424191,2054
1137425191,2026
1137426191,1943
1137427191,1893
1137428191,1844
1137429191,1830
1137430191,1843
1137431191,1935
1137432191,2027
1137433191,2064
1137434191,2079
1137435191,2078
1137436191,2071
1137437191,2085
1137447618,1904
1137448618,1997
1137449618,2062
1137450618,2073
1137451618,2067
1137452618,2067
1137453618,2075
1137454618,2057
1137455618,2019
1137456618,2039
1137457618,2061
1137458618,2014
1137459618,1931
1137460618,1887
1137461618,1846
1137462618,1828
1137463618,1840
1137464618,1927
1137465618,2009
1137466618,2047
1137477045,1901
1137478045,1871
1137479045,1827
1137480045,1825
1137481045,1898
1137482045,2000
1137483045,2044
1137484045,2074
1137485045,2070
1137486045,2067
1137487045,2085
1137488045,2067
1137489045,2043
1137490045,2064
1137491045,2113
1137492045,2017
1137493045,1929
1137494045,1883
1137495045,1851
1137496045,1823
1137506481,2046
1137507481,2073
1137508481,2032
1137509481,1947
1137510481,1881
1137511481,1851
1137512481,1811
1137513481,1841
1137514481,1923
1137515481,2001
1137516481,2047
1137517481,2060
1137518481,2065
1137519481,2069
1137520481,2069
1137521481,2075
1137522481,2033
1137523481,2071
1137524481,2087
1137534926,2041
1137535926,2055
1137536926,2064
1137537926,2031
1137538926,2011
1137539926,2036
1137540926,2065
1137541926,2012
1137542926,1936
1137543926,1895
1137544926,1853
1137545926,1835
1137546926,1854
1137547926,1941
1137548926,2021
1137549926,2073
1137550926,2090
1137551926,2087
1137552926,2084
1137553926,2090
1137564353,1881
1137565353,1975
1137566353,2029
1137567353,2054
1137568353,2051
1137569353,2074
1137570353,2083
1137571353,2063
1137572353,2033
1137573353,2064
1137574353,2079
1137575353,2029
1137576353,1953
1137577353,1901
1137578353,1856
1137579353,1837
1137580353,1858
1137581353,1949
1137582353,2027
1137583353,2070
1137593797,1866
1137594797,1869
1137595797,1835
1137596797,1837
1137597797,1894
1137598797,1984
1137599797,2032
1137600797,2045
1137601797,2064
1137602797,2083
1137603797,2093
1137604797,2064
1137605797,2036
1137606797,2074
1137607797,2083
1137608797,2030
1137609797,1962
1137610797,1895
1137611797,1841
1137612797,1836
1137623230,2055
1137624230,2080
1137625230,2032
1137626230,1964
1137627230,1910
1137628230,1853
1137629230,1838
1137630230,1845
1137631230,1934
1137632230,2007
1137633231,2061
1137634231,2078
1137635231,2079
1137636231,2077
1137637231,2077
1137638231,2064
1137639231,2032
1137640231,2065
1137641231,2068
1137642231,2006
1137652651,2068
1137653651,2076
1137654651,2070
1137655651,2032
1137656651,2057
1137657651,2073
1137658651,2030
1137659651,1956
1137660651,1904
1137661651,1859
1137662651,1846
1137663651,1861
1137664651,1932
1137665651,2007
1137666651,2058
1137667651,2067
1137668651,2084
1137669651,2077
1137670651,2080
1137671651,2043
1137682077,2000
1137683077,2045
1137684077,2055
1137685077,2051
1137686077,2042
1137687077,2064
1137688077,2044
1137689077,2014
1137690077,2047
1137691077,2062
1137692077,2025
1137693077,1941
1137694077,1915
1137695077,1860
1137696077,1844
1137697077,1870
1137698077,1957
1137699077,2023
1137700077,2057
1137710532,1889
1137711532,1857
1137712532,1838
1137713532,1847
1137714532,1929
1137715532,2006
1137716532,2054
1137717532,2079
1137718532,2063
1137719532,2069
1137720532,2068
1137721532,2059
1137722532,2029
1137723532,2073
1137724532,2080
1137725532,2023
1137726532,1948
1137727532,1872
1137728532,1851
1137729532,1840
1137739959,2064
1137740959,2059
1137741959,2033
1137742959,1946
1137743959,1905
1137744959,1857
1137745959,1837
1137746959,1859
1137747959,1939
1137748959,2031
1137749959,2062
1137750959,2033
1137751959,2060
1137752959,2096
1137753959,2079
1137754959,2061
1137755959,2029
1137756959,2065
1137757959,2059
1137758959,2003
1137769403,2070
1137770403,2074
1137771403,2056
1137772403,2028
1137773403,2057
1137774403,2079
1137775403,2016
1137776403,1943
1137777403,1899
1137778403,1859
1137779403,1847
1137780403,1865
1137781403,1946
1137782403,2019
1137783403,2054
1137784403,2064
1137785403,2077
1137786403,2080
1137787403,2069
1137788403,2054
1137798830,2032
1137799830,2059
1137800830,2067
1137801830,2065
1137802830,2067
1137803830,2074
1137804830,2057
1137805830,2031
1137806830,2059
1137807830,2101
1137808830,2016
1137809830,1926
1137810830,1886
1137811830,1849
1137812830,1835
1137813830,1865
1137814830,1955
1137815830,2026
1137816830,2064
1137817830,2055
1137828264,1863
1137829264,1847
1137830264,1875
1137831264,1937
1137832264,2028
1137833264,2067
1137834264,2077
1137835264,2058
1137836264,2083
1137837264,2075
1137838264,2064
1137839264,2032
1137840264,2061
1137841264,2045
1137842264,1994
1137843264,1904
1137844264,1887
1137845264,1837
1137846264,1830
1137847264,1874
1137857683,2064
1137858683,2001
1137859683,1927
1137860683,1879
1137861683,1843
1137862683,1839
1137863683,1845
1137864683,1947
