timestamp_us,adc_raw
202220746,164
202221746,147
202222746,155
202223746,156
202224746,154
202225746,155
202226746,143
202227746,144
202228746,150
202229746,149
202230746,165
202231746,180
202232746,174
202233746,177
202234746,168
202235746,171
202236746,161
202247162,245
202248162,228
202249162,212
202250162,214
202251162,215
202252162,211
202253162,212
202254162,213
202255162,205
202256162,205
202257162,196
202258162,201
202259162,192
202260162,178
202261162,186
202262162,187
202263162,179
202264162,178
202265162,173
202266162,180
202267162,176
202268162,172
202269162,165
202270162,159
202271162,159
202272162,157
202273162,158
202274162,150
202275162,147
202276162,147
202277162,150
202287613,129
202288613,129
202289613,123
202290613,122
202291613,119
202292613,121
202293613,127
202294613,113
202295613,117
202296613,124
202297613,115
202298613,118
202299613,116
202300613,114
202301613,112
202302613,115
202303613,112
202304613,99
202305613,105
202306613,109
202307613,111
202308613,109
202309613,108
202310613,107
202311613,101
202312613,99
202313613,98
202314613,108
202315613,107
202316613,111
202317613,108
202318613,108
202329019,87
202330019,95
202331019,96
202332019,93
202333019,84
202334019,96
202335019,92
202336019,92
202337019,85
202338019,85
202339019,83
202340019,86
202341019,89
202342019,75
202343019,80
202344019,86
202345019,96
202346019,99
202347019,108
202348019,107
202349019,99
202350019,104
202351019,112
202352019,117
202353019,114
202354019,105
202355019,107
202356019,111
202357019,105
202358019,113
202359019,117
202360019,114
202361019,111
202362019,113
202363019,113
202364019,128
202374408,132
202375408,121
202376408,126
202377408,123
202378408,117
202379408,125
202380408,129
202381408,138
202382408,130
202383408,132
202384408,144
202385408,144
202386408,145
202387408,145
202388408,155
202389408,148
202390408,145
202391408,139
202392408,144
202393408,141
202394408,136
202395408,131
202396408,131
202397408,147
202398408,137
202399408,131
202400408,129
202401408,123
202402408,117
202403408,115
202404408,113
202405408,114
202415823,110
202416823,109
202417823,112
202418823,109
202419823,97
202420823,107
202421823,99
202422823,101
202423823,100
202424823,91
202425823,99
202426823,89
202427823,96
202428823,96
202429823,100
202430823,89
202431823,100
202432823,87
202433823,88
202434823,93
202435823,85
202436823,97
202437823,81
202438823,81
202439823,82
202440823,81
202441823,88
202442823,85
202443823,81
202444823,82
202445823,86
202446823,92
202447823,80
202448823,79
202449823,83
202450823,79
202451823,88
202452823,80
202453823,83
202464243,91
202465243,78
202466243,65
202467243,65
202468243,49
202469243,73
202470243,73
202471243,75
202472243,47
202473243,83
202474243,75
202475243,75
202476243,67
202477243,66
202478243,68
202479243,73
202480243,68
202481243,68
202482243,64
202483243,65
202484243,66
202485243,75
202486243,65
202487243,67
202488243,68
202489243,75
202490243,65
202491243,63
202492243,80
202493243,75
202494243,85
202495243,93
202496243,88
202497243,96
202498243,102
202499243,108
202500243,112
202501243,109
202502243,107
202503243,93
202504243,99
202505243,105
202515649,95
202516649,97
202517649,103
202518649,101
202519649,101
202520649,99
202521649,100
202522649,101
202523649,100
202524649,111
202525649,102
202526649,89
202527649,91
202528649,96
202529649,107
202530649,99
202531649,108
202532649,105
202533649,112
202534649,126
202535649,144
202536649,152
202537649,148
202538649,153
202539649,163
202540649,151
202541649,150
202542649,144
202543649,146
202544649,146
202545649,145
202546649,145
202547649,110
202558079,124
202559079,131
202560079,125
202561079,130
202562079,132
202563079,123
202564079,133
202565079,142
202566079,139
202567079,147
202568079,149
202569079,155
202570079,160
202571079,169
202572079,171
202573079,181
202574079,177
202575079,176
202576079,176
202577079,176
202578079,184
202579079,189
202580079,209
202581079,233
202582079,227
202583079,225
202584079,225
202585079,215
202586079,209
202587079,208
202588079,207
202598530,217
202599530,235
202600530,259
202601530,270
202602530,272
202603530,287
202604530,272
202605530,272
202606530,259
202607530,272
202608530,276
202609530,291
202610530,305
202611530,304
202612530,305
202613530,301
202614530,293
202615530,298
202616530,283
202617530,291
202618530,287
202619530,274
202620530,275
202621530,259
202622530,265
202623530,257
202624530,263
202625530,259
202626530,236
202627530,255
202628530,259
202629530,269
202639953,346
202640953,368
202641953,391
202642953,417
202643953,411
202644953,441
202645953,433
202646953,437
202647953,469
202648953,553
202649953,645
202650953,730
202651953,784
202652953,824
202653953,817
202654953,800
202655953,811
202656953,851
202657953,910
202658953,940
202659953,1095
202660953,1201
202661953,1291
202662953,1377
202663953,1417
202664953,1420
202665953,1407
202666953,1377
202677349,1311
202678349,1345
202679349,1296
202680349,1299
202681349,1267
202682349,1253
202683349,1223
202684349,1198
202685349,1168
202686349,1158
202687349,1155
202688349,1171
202689349,1161
202690349,1141
202691349,1142
202692349,1127
202693349,1103
202694349,1086
202695349,1065
202696349,1043
202697349,1023
202698349,999
202699349,973
202700349,949
202701349,944
202711723,934
202712723,905
202713723,896
202714723,876
202715723,851
202716723,838
202717723,826
202718723,816
202719723,816
202720723,803
202721723,804
202722723,813
202723723,759
202724723,754
202725723,758
202726723,752
202727723,733
202728723,719
202729723,699
202730723,690
202731723,692
202732723,685
202733723,667
202734723,668
202735723,651
202736723,641
202737723,624
202738723,616
202739723,593
202740723,590
202741723,576
202742723,562
202753146,459
202754146,447
202755146,436
202756146,435
202757146,455
202758146,461
202759146,458
202760146,461
202761146,461
202762146,448
202763146,435
202764146,425
202765146,421
202766146,425
202767146,395
202768146,393
202769146,389
202770146,385
202771146,383
202772146,369
202773146,362
202774146,360
202775146,351
202776146,344
202777146,337
202778146,336
202779146,334
202780146,319
202781146,313
202782146,305
202783146,305
202793598,432
202794598,433
202795598,427
202796598,432
202797598,448
202798598,464
202799598,483
202800598,538
202801598,559
202802598,589
202803598,625
202804598,587
202805598,584
202806598,573
202807598,567
202808598,543
202809598,542
202810598,528
202811598,525
202812598,511
202813598,496
202814598,490
202815598,474
202816598,464
202817598,463
202818598,460
202819598,443
202820598,463
202821598,511
202822598,479
202823598,501
202834031,523
202835031,511
202836031,539
202837031,543
202838031,549
202839031,547
202840031,544
202841031,529
202842031,511
202843031,510
202844031,496
202845031,474
202846031,476
202847031,468
202848031,453
202849031,448
202850031,445
202851031,451
202852031,429
202853031,431
202854031,489
202855031,451
202856031,457
202857031,459
202858031,489
202859031,492
202860031,489
202861031,484
202862031,493
202863031,466
202864031,467
202874482,575
202875482,576
202876482,575
202877482,575
202878482,594
202879482,571
202880482,570
202881482,555
202882482,549
202883482,535
202884482,536
202885482,533
202886482,538
202887482,536
202888482,511
202889482,501
202890482,497
202891482,500
202892482,497
202893482,526
202894482,549
202895482,580
202896482,600
202897482,628
202898482,656
202899482,685
202900482,705
202901482,705
202902482,700
202903482,681
202904482,685
202905482,696
202915905,753
202916905,724
202917905,707
202918905,698
202919905,678
202920905,666
202921905,685
202922905,649
202923905,638
202924905,615
202925905,607
202926905,601
202927905,582
202928905,576
202929905,565
202930905,553
202931905,531
202932905,529
202933905,533
202934905,529
202935905,534
202936905,503
202937905,497
202938905,495
202939905,480
202940905,463
202941905,481
202942905,464
202943905,458
202944905,443
202945905,438
202956356,592
202957356,612
202958356,613
202959356,594
202960356,597
202961356,621
202962356,655
202963356,710
202964356,756
202965356,753
202966356,752
202967356,749
202968356,723
202969356,720
202970356,710
202971356,704
202972356,707
202973356,688
202974356,675
202975356,668
202976356,657
202977356,644
202978356,638
202979356,624
202980356,619
202981356,601
202982356,599
202983356,603
202984356,623
202985356,629
202986356,622
202996790,677
202997790,683
202998790,675
202999790,626
203000790,651
203001790,637
203002790,625
203003790,613
203004790,604
203005790,589
203006790,576
203007790,561
203008790,555
203009790,573
203010790,577
203011790,585
203012790,586
203013790,587
203014790,590
203015790,577
203016790,571
203017790,560
203018790,563
203019790,573
203020790,565
203021790,579
203022790,577
203023790,571
203024790,561
203025790,560
203026790,543
203037242,462
203038242,486
203039242,511
203040242,528
203041242,531
203042242,545
203043242,578
203044242,641
203045242,730
203046242,784
203047242,829
203048242,849
203049242,847
203050242,833
203051242,855
203052242,897
203053242,972
203054242,1052
203055242,1105
203056242,1155
203057242,1197
203058242,1215
203059242,1211
203060242,1200
203061242,1185
203062242,1151
203063242,1133
203064242,1112
203074654,903
203075654,885
203076654,867
203077654,857
203078654,804
203079654,815
203080654,816
203081654,790
203082654,782
203083654,761
203084654,747
203085654,735
203086654,722
203087654,711
203088654,693
203089654,681
203090654,663
203091654,643
203092654,641
203093654,631
203094654,624
203095654,628
203096654,635
203097654,625
203098654,613
203099654,604
203100654,592
203101654,591
203102654,581
203103654,549
203104654,565
203105654,536
203116077,531
203117077,543
203118077,536
203119077,532
203120077,511
203121077,525
203122077,511
203123077,541
203124077,577
203125077,657
203126077,743
203127077,825
203128077,895
203129077,913
203130077,931
203131077,910
203132077,900
203133077,906
203134077,942
203135077,993
203136077,1046
203137077,1103
203138077,1125
203139077,1147
203140077,1145
203141077,1152
203142077,1161
203143077,1161
203153472,1015
203154472,994
203155472,985
203156472,972
203157472,947
203158472,931
203159472,921
203160472,901
203161472,879
203162472,865
203163472,847
203164472,826
203165472,796
203166472,781
203167472,788
203168472,769
203169472,763
203170472,765
203171472,766
203172472,766
203173472,766
203174472,746
203175472,725
203176472,710
203177472,689
203178472,688
203179472,673
203180472,663
203181472,646
203182472,638
203183472,637
203193923,579
203194923,580
203195923,579
203196923,551
203197923,565
203198923,547
203199923,559
203200923,549
203201923,548
203202923,538
203203923,527
203204923,511
203205923,503
203206923,491
203207923,486
203208923,476
203209923,469
203210923,475
203211923,481
203212923,486
203213923,474
203214923,465
203215923,464
203216923,453
203217923,431
203218923,482
203219923,496
203220923,572
203221923,673
203222923,793
203223923,891
203224923,953
203235346,1446
203236346,1413
203237346,1376
203238346,1353
203239346,1328
203240346,1316
203241346,1291
203242346,1284
203243346,1267
203244346,1241
203245346,1232
203246346,1216
203247346,1199
203248346,1191
203249346,1191
203250346,1168
203251346,1147
203252346,1127
203253346,1103
203254346,1081
203255346,1062
203256346,1049
203257346,1022
203258346,1012
203268766,1085
203269766,1061
203270766,1043
203271766,1085
203272766,1079
203273766,1125
203274766,1131
203275766,1126
203276766,1135
203277766,1108
203278766,1085
203279766,1055
203280766,1037
203281766,1019
203282766,997
203283766,977
203284766,945
203285766,919
203286766,909
203287766,883
203288766,875
203289766,848
203290766,833
203291766,814
203292766,812
203293766,788
203294766,764
203305137,867
203306137,876
203307137,846
203308137,846
203309137,838
203310137,842
203311137,841
203312137,852
203313137,861
203314137,880
203315137,922
203316137,899
203317137,907
203318137,903
203319137,879
203320137,869
203321137,892
203322137,896
203323137,921
203324137,939
203325137,965
203326137,990
203327137,1008
203328137,990
203329137,975
203330137,961
203331137,989
203332137,1007
203333137,1013
203334137,1039
203344547,975
203345547,960
203346547,935
203347547,905
203348547,893
203349547,878
203350547,851
203351547,831
203352547,836
203353547,815
203354547,795
203355547,784
203356547,769
203357547,750
203358547,746
203359547,720
203360547,716
203361547,695
203362547,677
203363547,665
203364547,657
203365547,656
203366547,629
203367547,619
203368547,603
203369547,592
203370547,584
203371547,576
203372547,567
203373547,556
203374547,536
203384980,432
203385980,427
203386980,429
203387980,433
203388980,432
203389980,437
203390980,444
203391980,449
203392980,469
203393980,523
203394980,499
203395980,490
203396980,491
203397980,469
203398980,471
203399980,483
203400980,503
203401980,511
203402980,531
203403980,553
203404980,547
203405980,552
203406980,552
203407980,544
203408980,532
203409980,509
203410980,507
203411980,542
203412980,601
203413980,669
203414980,753
203425431,1137
203426431,1167
203427431,1179
203428431,1182
203429431,1191
203430431,1182
203431431,1169
203432431,1136
203433431,1121
203434431,1094
203435431,1069
203436431,1073
203437431,1023
203438431,1008
203439431,1014
203440431,1071
203441431,1053
203442431,1022
203443431,1019
203444431,1009
203445431,987
203446431,977
203447431,979
203448431,982
203449431,985
203450431,986
203460865,907
203461865,883
203462865,865
203463865,857
203464865,839
203465865,815
203466865,799
203467865,785
203468865,769
203469865,746
203470865,737
203471865,724
203472865,723
203473865,710
203474865,720
203475865,735
203476865,752
203477865,745
203478865,733
203479865,713
203480865,697
203481865,697
203482865,693
203483865,686
203484865,667
203485865,671
203486865,687
203487865,729
203488865,776
203489865,827
203490865,880
203501299,1073
203502299,1124
203503299,1167
203504299,1201
203505299,1205
203506299,1199
203507299,1179
203508299,1151
203509299,1148
203510299,1120
203511299,1094
203512299,1068
203513299,1060
203514299,995
203515299,1013
203516299,1003
203517299,955
203518299,969
203519299,941
203520299,921
203521299,875
203522299,880
203523299,868
203524299,816
203525299,828
203526299,825
203527299,801
203537687,673
203538687,671
203539687,673
203540687,651
203541687,656
203542687,641
203543687,628
203544687,625
203545687,624
203546687,636
203547687,618
203548687,621
203549687,611
203550687,613
203551687,589
203552687,585
203553687,567
203554687,560
203555687,560
203556687,578
203557687,579
203558687,609
203559687,623
203560687,613
203561687,624
203562687,623
203563687,649
203564687,660
203565687,657
203566687,677
203567687,634
203578121,758
203579121,816
203580121,880
203581121,921
203582121,941
203583121,927
203584121,899
203585121,891
203586121,881
203587121,876
203588121,846
203589121,843
203590121,821
203591121,811
203592121,801
203593121,785
203594121,777
203595121,779
203596121,797
203597121,807
203598121,801
203599121,791
203600121,783
203601121,768
203602121,779
203603121,787
203604121,800
203605121,799
203606121,812
203607121,813
203608121,823
203618577,702
203619577,677
203620577,656
203621577,651
203622577,633
203623577,621
203624577,611
203625577,603
203626577,609
203627577,592
203628577,589
203629577,589
203630577,587
203631577,580
203632577,577
203633577,571
203634577,575
203635577,555
203636577,541
203637577,533
203638577,511
203639577,510
203640577,501
203641577,494
203642577,478
203643577,469
203644577,467
203645577,461
203646577,465
203647577,483
203648577,474
203649577,480
203659995,587
203660995,605
203661995,609
203662995,614
203663995,624
203664995,621
203665995,613
203666995,593
203667995,588
203668995,580
203669995,591
203670995,595
203671995,613
203672995,621
203673995,611
203674995,604
203675995,595
203676995,581
203677995,576
203678995,561
203679995,559
203680995,545
203681995,527
203682995,553
203683995,505
203684995,502
203685995,485
203686995,501
203687995,465
203688995,451
203689995,451
203700446,379
203701446,366
203702446,357
203703446,374
203704446,357
203705446,359
203706446,348
203707446,330
203708446,327
203709446,319
203710446,321
203711446,311
203712446,317
203713446,317
203714446,309
203715446,299
203716446,297
203717446,299
203718446,288
203719446,277
203720446,284
203721446,267
203722446,255
203723446,261
203724446,262
203725446,287
203726446,292
203727446,355
203728446,448
203729446,559
203730446,669
203740880,1343
203741880,1311
203742880,1328
203743880,1265
203744880,1239
203745880,1227
203746880,1191
203747880,1153
203748880,1157
203749880,1120
203750880,1100
203751880,1079
203752880,1072
203753880,1014
203754880,1039
203755880,998
203756880,975
203757880,964
203758880,967
203759880,957
203760880,947
203761880,940
203762880,926
203763880,867
203764880,891
203765880,871
203766880,859
203777268,710
203778268,699
203779268,699
203780268,681
203781268,659
203782268,643
203783268,628
203784268,615
203785268,609
203786268,601
203787268,585
203788268,581
203789268,577
203790268,577
203791268,576
203792268,603
203793268,580
203794268,618
203795268,633
203796268,623
203797268,601
203798268,600
203799268,591
203800268,551
203801268,585
203802268,591
203803268,585
203804268,579
203805268,569
203806268,561
203807268,557
203817702,451
203818702,438
203819702,436
203820702,425
203821702,421
203822702,403
203823702,402
203824702,399
203825702,384
203826702,383
203827702,374
203828702,365
203829702,368
203830702,355
203831702,345
203832702,339
203833702,336
203834702,329
203835702,327
203836702,363
203837702,399
203838702,463
203839702,560
203840702,626
203841702,643
203842702,645
203843702,656
203844702,688
203845702,768
203846702,834
203847702,904
203858153,880
203859153,898
203860153,931
203861153,955
203862153,966
203863153,965
203864153,945
203865153,917
203866153,920
203867153,909
203868153,867
203869153,894
203870153,865
203871153,835
203872153,825
203873153,819
203874153,816
203875153,825
203876153,831
203877153,848
203878153,879
203879153,906
203880153,905
203881153,882
203882153,869
203883153,913
203884153,891
203885153,921
203886153,955
203887153,987
203888153,987
203889153,1006
203899582,851
203900582,837
203901582,822
203902582,798
203903582,787
203904582,769
203905582,751
203906582,740
203907582,720
203908582,721
203909582,704
203910582,702
203911582,684
203912582,667
203913582,656
203914582,643
203915582,624
203916582,622
203917582,605
203918582,584
203919582,577
203920582,560
203921582,560
203922582,544
203923582,538
203924582,524
203925582,511
203926582,499
203927582,483
203928582,477
203938968,629
203939968,625
203940968,653
203941968,690
203942968,737
203943968,773
203944968,784
203945968,777
203946968,763
203947968,773
203948968,731
203949968,720
203950968,699
203951968,700
203952968,709
203953968,714
203954968,702
203955968,692
203956968,640
203957968,657
203958968,640
203959968,633
203960968,612
203961968,619
203962968,648
203963968,705
203964968,748
203965968,789
203966968,805
203967968,803
203968968,808
203969968,831
203980391,913
203981391,894
203982391,880
203983391,859
203984391,841
203985391,823
203986391,816
203987391,810
203988391,793
203989391,774
203990391,721
203991391,751
203992391,723
203993391,715
203994391,718
203995391,683
203996391,679
203997391,664
203998391,642
203999391,651
204000391,628
204001391,608
204002391,598
204003391,587
204004391,569
204005391,561
204006391,545
204007391,546
204008391,560
204009391,491
204010391,510
204020842,693
204021842,701
204022842,697
204023842,720
204024842,764
204025842,803
204026842,842
204027842,885
204028842,912
204029842,944
204030842,943
204031842,926
204032842,912
204033842,887
204034842,869
204035842,851
204036842,841
204037842,816
204038842,793
204039842,783
204040842,768
204041842,768
204042842,772
204043842,759
204044842,765
204045842,752
204046842,744
204047842,732
204048842,741
204049842,757
204050842,793
204061276,719
204062276,717
204063276,699
204064276,689
204065276,681
204066276,660
204067276,656
204068276,645
204069276,631
204070276,607
204071276,606
204072276,598
204073276,592
204074276,575
204075276,569
204076276,559
204077276,556
204078276,545
204079276,523
204080276,529
204081276,555
204082276,553
204083276,547
204084276,540
204085276,529
204086276,511
204087276,496
204088276,496
204089276,487
204090276,484
204091276,470
204101727,433
204102727,441
204103727,425
204104727,437
204105727,441
204106727,419
204107727,411
204108727,413
204109727,407
204110727,423
204111727,394
204112727,393
204113727,383
204114727,387
204115727,383
204116727,369
204117727,377
204118727,351
204119727,372
204120727,356
204121727,356
204122727,349
204123727,352
204124727,337
204125727,336
204126727,330
204127727,333
204128727,313
204129727,305
204130727,304
204131727,301
204132727,307
204143150,313
204144150,311
204145150,325
204146150,383
204147150,467
204148150,564
204149150,687
204150150,764
204151150,849
204152150,897
204153150,904
204154150,879
204155150,911
204156150,958
204157150,1036
204158150,1135
204159150,1209
204160150,1281
204161150,1323
204162150,1315
204163150,1296
204164150,1289
204165150,1262
204166150,1236
204167150,1209
204168150,1185
204169150,1171
204179591,1060
204180591,1029
204181591,996
204182591,981
204183591,965
204184591,940
204185591,927
204186591,905
204187591,883
204188591,865
204189591,848
204190591,841
204191591,819
204192591,791
204193591,778
204194591,768
204195591,752
204196591,736
204197591,720
204198591,703
204199591,697
204200591,677
204201591,660
204202591,652
204203591,640
204204591,627
204205591,613
204206591,608
204207591,592
204208591,577
204209591,564
204219972,704
204220972,710
204221972,733
204222972,724
204223972,716
204224972,748
204225972,702
204226972,721
204227972,732
204228972,773
204229972,758
204230972,740
204231972,737
204232972,731
204233972,767
204234972,784
204235972,771
204236972,752
204237972,762
204238972,765
204239972,769
204240972,772
204241972,771
204242972,761
204243972,753
204244972,735
204245972,724
204246972,715
204247972,690
204248972,677
204249972,669
204260423,869
204261423,879
204262423,893
204263423,866
204264423,859
204265423,859
204266423,843
204267423,832
204268423,833
204269423,822
204270423,801
204271423,802
204272423,784
204273423,766
204274423,761
204275423,750
204276423,720
204277423,717
204278423,699
204279423,710
204280423,633
204281423,657
204282423,654
204283423,645
204284423,640
204285423,637
204286423,644
204287423,631
204288423,633
204289423,616
204290423,636
204300857,575
204301857,550
204302857,544
204303857,533
204304857,533
204305857,507
204306857,504
204307857,496
204308857,483
204309857,493
204310857,529
204311857,538
204312857,577
204313857,641
204314857,717
204315857,766
204316857,787
204317857,785
204318857,772
204319857,764
204320857,777
204321857,797
204322857,829
204323857,848
204324857,850
204325857,839
204326857,875
204327857,915
204328857,945
204329857,980
204330857,1043
204341246,1345
204342246,1360
204343246,1366
204344246,1328
204345246,1296
204346246,1269
204347246,1245
204348246,1229
204349246,1203
204350246,1193
204351246,1181
204352246,1159
204353246,1127
204354246,1113
204355246,1099
204356246,1083
204357246,1088
204358246,1091
204359246,1104
204360246,1103
204361246,1082
204362246,1072
204363246,1056
204364246,1050
204374641,882
204375641,917
204376641,996
204377641,1011
204378641,1036
204379641,1023
204380641,1008
204381641,971
204382641,1006
204383641,1009
204384641,1047
204385641,1049
204386641,1035
204387641,1062
204388641,1059
204389641,1040
204390641,1040
204391641,1055
204392641,1077
204393641,1114
204394641,1140
204395641,1141
204396641,1133
204397641,1122
204398641,1117
204409015,897
204410015,880
204411015,857
204412015,856
204413015,855
204414015,833
204415015,812
204416015,769
204417015,804
204418015,747
204419015,717
204420015,753
204421015,751
204422015,741
204423015,736
204424015,737
204425015,753
204426015,729
204427015,718
204428015,707
204429015,691
204430015,713
204431015,747
204432015,773
204433015,767
204434015,775
204435015,755
204436015,750
204437015,756
204438015,736
204439015,720
204449466,725
204450466,777
204451466,765
204452466,753
204453466,737
204454466,761
204455466,784
204456466,834
204457466,909
204458466,960
204459466,971
204460466,957
204461466,939
204462466,917
204463466,927
204464466,944
204465466,965
204466466,967
204467466,943
204468466,930
204469466,915
204470466,893
204471466,884
204472466,874
204473466,849
204474466,859
204475466,863
204476466,880
204477466,884
204478466,887
204479466,901
204480466,912
204490889,829
204491889,792
204492889,784
204493889,760
204494889,739
204495889,720
204496889,703
204497889,698
204498889,688
204499889,659
204500889,657
204501889,677
204502889,713
204503889,756
204504889,784
204505889,816
204506889,817
204507889,808
204508889,810
204509889,829
204510889,868
204511889,913
204512889,961
204513889,971
204514889,991
204515889,973
204516889,960
204517889,965
204518889,971
204519889,985
204520889,1003
204531340,1233
204532340,1296
204533340,1378
204534340,1464
204535340,1535
204536340,1587
204537340,1606
204538340,1587
204539340,1563
204540340,1533
204541340,1495
204542340,1457
204543340,1459
204544340,1410
204545340,1379
204546340,1348
204547340,1336
204548340,1301
204549340,1298
204550340,1297
204551340,1300
204552340,1315
204553340,1298
204554340,1293
204564760,1169
204565760,1148
204566760,1134
204567760,1130
204568760,1135
204569760,1117
204570760,1104
204571760,1111
204572760,1131
204573760,1124
204574760,1106
204575760,1077
204576760,1059
204577760,1051
204578760,1038
204579760,1017
204580760,1010
204581760,1019
204582760,1007
204583760,1008
204584760,1040
204585760,1106
204586760,1182
204587760,1230
204598163,1471
204599163,1455
204600163,1436
204601163,1398
204602163,1366
204603163,1360
204604163,1352
204605163,1333
204606163,1308
204607163,1291
204608163,1256
204609163,1228
204610163,1201
204611163,1175
204612163,1185
204613163,1203
204614163,1256
204615163,1290
204616163,1319
204617163,1329
204618163,1296
204619163,1309
204620163,1333
204621163,1390
204631583,1264
204632583,1246
204633583,1230
204634583,1201
204635583,1183
204636583,1155
204637583,1135
204638583,1091
204639583,1103
204640583,1082
204641583,1104
204642583,1136
204643583,1157
204644583,1137
204645583,1141
204646583,1119
204647583,1107
204648583,1097
204649583,1115
204650583,1145
204651583,1182
204652583,1190
204653583,1164
204654583,1137
204655583,1136
204665975,1072
204666975,1053
204667975,1021
204668975,1023
204669975,1001
204670975,986
204671975,989
204672975,1013
204673975,1038
204674975,1072
204675975,1109
204676975,1155
204677975,1182
204678975,1210
204679975,1209
204680975,1201
204681975,1200
204682975,1197
204683975,1197
204684975,1177
204685975,1169
204686975,1140
204687975,1136
204688975,1146
204699377,1262
204700377,1282
204701377,1278
204702377,1253
204703377,1232
204704377,1204
204705377,1191
204706377,1153
204707377,1102
204708377,1105
204709377,1081
204710377,1056
204711377,1035
204712377,1017
204713377,983
204714377,964
204715377,973
204716377,928
204717377,913
204718377,886
204719377,874
204720377,863
204721377,843
204722377,843
204723377,843
204724377,836
204725377,817
204735835,663
204736835,657
204737835,655
204738835,645
204739835,626
204740835,620
204741835,622
204742835,669
204743835,747
204744835,841
204745835,896
204746835,907
204747835,907
204748835,904
204749835,939
204750835,998
204751835,1073
204752835,1163
204753835,1255
204754835,1328
204755835,1358
204756835,1339
204757835,1330
204758835,1337
204759835,1333
204760835,1331
204761835,1322
204762835,1299
204773249,1115
204774249,1171
204775249,1232
204776249,1280
204777249,1272
204778249,1254
204779249,1253
204780249,1233
204781249,1235
204782249,1267
204783249,1317
204784249,1393
204785249,1458
204786249,1491
204787249,1480
204788249,1463
204789249,1465
204790249,1453
204791249,1423
204792249,1381
204793249,1381
204794249,1345
204795249,1292
204796249,1275
204806668,1017
204807668,1020
204808668,1040
204809668,1009
204810668,1008
204811668,973
204812668,955
204813668,933
204814668,912
204815668,889
204816668,873
204817668,851
204818668,837
204819668,816
204820668,799
204821668,785
204822668,823
204823668,841
204824668,842
204825668,820
204826668,806
204827668,805
204828668,801
204829668,820
204830668,849
204831668,820
204832668,844
204833668,832
204834668,841
204835668,845
204846077,790
204847077,785
204848077,768
204849077,776
204850077,789
204851077,786
204852077,797
204853077,863
204854077,895
204855077,887
204856077,870
204857077,854
204858077,831
204859077,829
204860077,836
204861077,837
204862077,793
204863077,797
204864077,811
204865077,849
204866077,875
204867077,895
204868077,926
204869077,943
204870077,943
204871077,1008
204872077,1058
204873077,1095
204874077,1104
204875077,1095
204885503,1021
204886503,1009
204887503,995
204888503,971
204889503,968
204890503,947
204891503,944
204892503,931
204893503,929
204894503,912
204895503,884
204896503,912
204897503,908
204898503,883
204899503,841
204900503,861
204901503,857
204902503,847
204903503,857
204904503,813
204905503,790
204906503,781
204907503,765
204908503,756
204909503,726
204910503,729
204911503,709
204912503,688
204913503,702
204914503,704
204924896,637
204925896,639
204926896,651
204927896,639
204928896,637
204929896,623
204930896,610
204931896,622
204932896,626
204933896,615
204934896,615
204935896,625
204936896,612
204937896,597
204938896,595
204939896,621
204940896,623
204941896,651
204942896,611
204943896,620
204944896,615
204945896,612
204946896,624
204947896,629
204948896,622
204949896,607
204950896,616
204951896,591
204952896,576
204953896,572
204954896,546
204955896,573
204966319,576
204967319,578
204968319,571
204969319,573
204970319,568
204971319,576
204972319,553
204973319,547
204974319,556
204975319,555
204976319,560
204977319,562
204978319,559
204979319,547
204980319,557
204981319,563
204982319,576
204983319,561
204984319,571
204985319,553
204986319,559
204987319,571
204988319,571
204989319,557
204990319,544
204991319,554
204992319,537
204993319,527
204994319,508
204995319,521
204996319,525
205006770,586
205007770,580
205008770,567
205009770,590
205010770,580
205011770,561
205012770,560
205013770,559
205014770,544
205015770,543
205016770,511
205017770,547
205018770,575
205019770,579
205020770,577
205021770,574
205022770,559
205023770,553
205024770,533
205025770,535
205026770,511
205027770,509
205028770,501
205029770,496
205030770,497
205031770,495
205032770,486
205033770,473
205034770,465
205035770,463
205036770,447
205047203,477
205048203,464
205049203,465
205050203,457
205051203,451
205052203,459
205053203,539
205054203,640
205055203,689
205056203,707
205057203,706
205058203,678
205059203,697
205060203,725
205061203,731
205062203,745
205063203,762
205064203,769
205065203,766
205066203,742
205067203,740
205068203,737
205069203,720
205070203,695
205071203,691
205072203,688
205073203,714
205074203,697
205075203,687
205076203,671
205077203,656
205087654,879
205088654,866
205089654,842
205090654,830
205091654,827
205092654,817
205093654,799
205094654,782
205095654,764
205096654,757
205097654,747
205098654,731
205099654,736
205100654,750
205101654,732
205102654,725
205103654,708
205104654,710
205105654,710
205106654,707
205107654,705
205108654,688
205109654,720
205110654,712
205111654,755
205112654,804
205113654,827
205114654,819
205115654,831
205116654,867
205117654,929
205118654,995
205129077,1037
205130077,1043
205131077,1033
205132077,1019
205133077,1054
205134077,1073
205135077,1085
205136077,1105
205137077,1112
205138077,1108
205139077,1083
205140077,1070
205141077,1049
205142077,1023
205143077,1037
205144077,1023
205145077,1020
205146077,1009
205147077,997
205148077,975
205149077,972
205150077,943
205151077,917
205152077,917
205153077,899
205154077,911
205164494,803
205165494,801
205166494,789
205167494,821
205168494,883
205169494,897
205170494,931
205171494,929
205172494,946
205173494,930
205174494,919
205175494,911
205176494,885
205177494,867
205178494,847
205179494,855
205180494,841
205181494,821
205182494,812
205183494,791
205184494,769
205185494,765
205186494,745
205187494,722
205188494,720
205189494,697
205190494,677
205191494,638
205192494,658
205193494,652
205194494,640
205204945,582
205205945,575
205206945,560
205207945,552
205208945,539
205209945,529
205210945,519
205211945,502
205212945,496
205213945,483
205214945,477
205215945,468
205216945,462
205217945,491
205218945,528
205219945,538
205220945,535
205221945,528
205222945,511
205223945,533
205224945,539
205225945,560
205226945,575
205227945,592
205228945,597
205229945,592
205230945,597
205231945,607
205232945,624
205233945,615
205234945,607
205245379,528
205246379,553
205247379,538
205248379,537
205249379,519
205250379,523
205251379,543
205252379,577
205253379,623
205254379,648
205255379,647
205256379,676
205257379,687
205258379,683
205259379,684
205260379,681
205261379,703
205262379,693
205263379,688
205264379,677
205265379,679
205266379,701
205267379,739
205268379,783
205269379,783
205270379,799
205271379,810
205272379,799
205273379,798
205274379,825
205275379,845
205285829,765
205286829,749
205287829,729
205288829,705
205289829,701
205290829,683
205291829,671
205292829,666
205293829,659
205294829,652
205295829,633
205296829,625
205297829,625
205298829,606
205299829,610
205300829,607
205301829,590
205302829,576
205303829,564
205304829,570
205305829,547
205306829,539
205307829,528
205308829,511
205309829,479
205310829,489
205311829,474
205312829,471
205313829,457
205314829,449
205315829,432
205316829,437
205327260,391
205328260,389
205329260,400
205330260,398
205331260,418
205332260,434
205333260,439
205334260,506
205335260,592
205336260,592
205337260,583
205338260,596
205339260,575
205340260,587
205341260,562
205342260,565
205343260,584
205344260,562
205345260,560
205346260,555
205347260,569
205348260,572
205349260,559
205350260,561
205351260,574
205352260,585
205353260,594
205354260,583
205355260,577
205356260,575
205357260,587
205367703,609
205368703,579
205369703,581
205370703,592
205371703,595
205372703,577
205373703,579
205374703,577
205375703,578
205376703,561
205377703,563
205378703,547
205379703,539
205380703,539
205381703,559
205382703,563
205383703,545
205384703,544
205385703,527
205386703,528
205387703,528
205388703,511
205389703,528
205390703,551
205391703,567
205392703,559
205393703,536
205394703,541
205395703,529
205396703,533
205397703,529
205408137,511
205409137,496
205410137,490
205411137,479
205412137,477
205413137,463
205414137,491
205415137,475
205416137,466
205417137,466
205418137,461
205419137,457
205420137,496
205421137,535
205422137,553
205423137,549
205424137,535
205425137,528
205426137,529
205427137,543
205428137,581
205429137,597
205430137,624
205431137,611
205432137,592
205433137,590
205434137,592
205435137,618
205436137,585
205437137,571
205438137,568
205448588,475
205449588,494
205450588,464
205451588,448
205452588,446
205453588,432
205454588,432
205455588,422
205456588,415
205457588,405
205458588,400
205459588,404
205460588,417
205461588,417
205462588,417
205463588,407
205464588,417
205465588,432
205466588,434
205467588,432
205468588,412
205469588,438
205470588,417
205471588,400
205472588,395
205473588,379
205474588,400
205475588,395
205476588,402
205477588,401
205478588,415
205479588,432
205490011,419
205491011,407
205492011,400
205493011,396
205494011,395
205495011,380
205496011,369
205497011,368
205498011,373
205499011,379
205500011,368
205501011,370
205502011,395
205503011,410
205504011,402
205505011,404
205506011,375
205507011,391
205508011,375
205509011,371
205510011,365
205511011,368
205512011,375
205513011,368
205514011,384
205515011,367
205516011,367
205517011,309
205518011,349
205519011,347
205520011,368
205530462,341
205531462,359
205532462,381
205533462,395
205534462,414
205535462,399
205536462,401
205537462,449
205538462,448
205539462,449
205540462,447
205541462,454
205542462,451
205543462,463
205544462,464
205545462,446
205546462,441
205547462,426
205548462,449
205549462,437
205550462,431
205551462,457
205552462,421
205553462,411
205554462,395
205555462,371
205556462,387
205557462,381
205558462,368
205559462,370
205560462,371
205570896,435
205571896,458
205572896,471
205573896,477
205574896,497
205575896,511
205576896,523
205577896,500
205578896,496
205579896,491
205580896,496
205581896,507
205582896,536
205583896,571
205584896,627
205585896,671
205586896,705
205587896,693
205588896,688
205589896,676
205590896,671
205591896,665
205592896,656
205593896,641
205594896,633
205595896,624
205596896,629
205597896,620
205598896,597
205599896,604
205600896,596
205611347,571
205612347,572
205613347,560
205614347,545
205615347,547
205616347,511
205617347,511
205618347,505
205619347,496
205620347,484
205621347,481
205622347,482
205623347,467
205624347,461
205625347,453
205626347,437
205627347,429
205628347,433
205629347,417
205630347,415
205631347,401
205632347,405
205633347,407
205634347,400
205635347,397
205636347,405
205637347,393
205638347,404
205639347,417
205640347,415
205641347,405
205642347,420
205652770,589
205653770,581
205654770,576
205655770,571
205656770,555
205657770,537
205658770,528
205659770,507
205660770,498
205661770,505
205662770,526
205663770,499
205664770,495
205665770,495
205666770,494
205667770,491
205668770,475
205669770,480
205670770,476
205671770,498
205672770,496
205673770,495
205674770,501
205675770,495
205676770,478
205677770,473
205678770,485
205679770,521
205680770,511
205681770,559
205682770,586
205693229,549
205694229,576
205695229,561
205696229,548
205697229,545
205698229,529
205699229,542
205700229,497
205701229,486
205702229,488
205703229,494
205704229,487
205705229,478
205706229,492
205707229,524
205708229,532
205709229,528
205710229,511
205711229,511
205712229,511
205713229,474
205714229,479
205715229,473
205716229,485
205717229,480
205718229,501
205719229,485
205720229,447
205721229,463
205722229,464
205723229,455
205733655,463
205734655,479
205735655,475
205736655,464
205737655,486
205738655,525
205739655,561
205740655,587
205741655,595
205742655,588
205743655,579
205744655,585
205745655,576
205746655,583
205747655,576
205748655,571
205749655,562
205750655,560
205751655,543
205752655,529
205753655,511
205754655,501
205755655,497
205756655,485
205757655,493
205758655,481
205759655,485
205760655,475
205761655,464
205762655,461
205763655,452
205774106,383
205775106,377
205776106,399
205777106,409
205778106,425
205779106,427
205780106,423
205781106,401
205782106,411
205783106,411
205784106,407
205785106,412
205786106,410
205787106,407
205788106,405
205789106,400
205790106,401
205791106,384
205792106,374
205793106,373
205794106,368
205795106,361
205796106,353
205797106,357
205798106,341
205799106,342
205800106,329
205801106,331
205802106,323
205803106,304
205804106,303
205805106,308
205815529,409
205816529,427
205817529,432
205818529,425
205819529,406
205820529,404
205821529,425
205822529,437
205823529,465
205824529,508
205825529,561
205826529,593
205827529,604
205828529,601
205829529,605
205830529,589
205831529,580
205832529,580
205833529,561
205834529,555
205835529,543
205836529,532
205837529,511
205838529,511
205839529,496
205840529,491
205841529,490
205842529,497
205843529,483
205844529,483
205845529,479
205855980,717
205856980,727
205857980,710
205858980,700
205859980,693
205860980,675
205861980,660
205862980,663
205863980,629
205864980,622
205865980,613
205866980,603
205867980,592
205868980,570
205869980,575
205870980,560
205871980,552
205872980,544
205873980,532
205874980,511
205875980,510
205876980,511
205877980,494
205878980,479
205879980,468
205880980,459
205881980,451
205882980,441
205883980,431
205884980,421
205885980,411
205896414,350
205897414,337
205898414,325
205899414,321
205900414,324
205901414,320
205902414,331
205903414,331
205904414,345
205905414,355
205906414,361
205907414,352
205908414,353
205909414,352
205910414,350
205911414,381
205912414,381
205913414,384
205914414,395
205915414,400
205916414,405
205917414,397
205918414,381
205919414,393
205920414,373
205921414,353
205922414,372
205923414,363
205924414,348
205925414,340
205926414,345
205936865,317
205937865,319
205938865,309
205939865,306
205940865,303
205941865,289
205942865,292
205943865,281
205944865,287
205945865,281
205946865,283
205947865,282
205948865,286
205949865,281
205950865,284
205951865,281
205952865,282
205953865,267
205954865,263
205955865,256
205956865,256
205957865,251
205958865,241
205959865,240
205960865,249
205961865,240
205962865,272
205963865,276
205964865,272
205965865,268
205966865,261
205967865,264
205978288,238
205979288,235
205980288,228
205981288,232
205982288,225
205983288,219
205984288,219
205985288,224
205986288,214
205987288,211
205988288,193
205989288,202
205990288,200
205991288,210
205992288,209
205993288,226
205994288,221
205995288,226
205996288,224
205997288,217
205998288,219
205999288,232
206000288,241
206001288,261
206002288,292
206003288,298
206004288,297
206005288,304
206006288,300
206007288,297
206008288,307
206018739,389
206019739,401
206020739,417
206021739,417
206022739,403
206023739,416
206024739,426
206025739,426
206026739,425
206027739,420
206028739,401
206029739,403
206030739,390
206031739,371
206032739,379
206033739,377
206034739,356
206035739,349
206036739,337
206037739,339
206038739,331
206039739,324
206040739,325
206041739,315
206042739,325
206043739,313
206044739,291
206045739,275
206046739,272
206047739,279
206048739,276
206059173,243
206060173,221
206061173,222
206062173,217
206063173,218
206064173,212
206065173,217
206066173,211
206067173,209
206068173,205
206069173,200
206070173,203
206071173,189
206072173,193
206073173,177
206074173,179
206075173,199
206076173,225
206077173,244
206078173,241
206079173,272
206080173,304
206081173,336
206082173,336
206083173,335
206084173,357
206085173,338
206086173,331
206087173,341
206088173,343
206089173,335
206099623,285
206100623,277
206101623,273
206102623,241
206103623,265
206104623,256
206105623,256
206106623,256
206107623,265
206108623,273
206109623,287
206110623,294
206111623,304
206112623,321
206113623,324
206114623,323
206115623,340
206116623,336
206117623,370
206118623,379
206119623,403
206120623,427
206121623,419
206122623,423
206123623,389
206124623,428
206125623,404
206126623,394
206127623,395
206128623,405
206129623,428
206130623,433
206141047,490
206142047,511
206143047,539
206144047,543
206145047,560
206146047,560
206147047,530
206148047,595
206149047,657
206150047,688
206151047,676
206152047,673
206153047,651
206154047,641
206155047,635
206156047,624
206157047,623
206158047,611
206159047,611
206160047,601
206161047,592
206162047,578
206163047,565
206164047,553
206165047,544
206166047,528
206167047,532
206168047,528
206169047,509
206170047,493
206171047,493
206181497,508
206182497,523
206183497,492
206184497,503
206185497,489
206186497,483
206187497,479
206188497,478
206189497,460
206190497,473
206191497,483
206192497,481
206193497,488
206194497,497
206195497,486
206196497,483
206197497,560
206198497,571
206199497,575
206200497,595
206201497,635
206202497,688
206203497,749
206204497,712
206205497,710
206206497,699
206207497,687
206208497,673
206209497,658
206210497,657
206211497,649
206221931,569
206222931,575
206223931,562
206224931,576
206225931,592
206226931,595
206227931,592
206228931,608
206229931,619
206230931,603
206231931,607
206232931,605
206233931,589
206234931,582
206235931,569
206236931,555
206237931,554
206238931,528
206239931,524
206240931,536
206241931,529
206242931,520
206243931,501
206244931,487
206245931,480
206246931,471
206247931,469
206248931,479
206249931,491
206250931,497
206251931,492
206262382,511
206263382,496
206264382,502
206265382,495
206266382,493
206267382,497
206268382,480
206269382,469
206270382,465
206271382,453
206272382,456
206273382,487
206274382,474
206275382,465
206276382,465
206277382,487
206278382,494
206279382,495
206280382,489
206281382,493
206282382,500
206283382,493
206284382,490
206285382,499
206286382,493
206287382,533
206288382,524
206289382,525
206290382,527
206291382,499
206292382,495
206293382,491
206303805,433
206304805,427
206305805,432
206306805,445
206307805,447
206308805,466
206309805,433
206310805,429
206311805,429
206312805,414
206313805,410
206314805,395
206315805,391
206316805,413
206317805,369
206318805,371
206319805,368
206320805,361
206321805,346
206322805,401
206323805,367
206324805,373
206325805,341
206326805,351
206327805,339
206328805,335
206329805,340
206330805,336
206331805,350
206332805,337
206333805,336
206344258,297
206345258,289
206346258,293
206347258,275
206348258,272
206349258,271
206350258,298
206351258,306
206352258,329
206353258,348
206354258,320
206355258,326
206356258,332
206357258,321
206358258,321
206359258,321
206360258,307
206361258,311
206362258,298
206363258,297
206364258,288
206365258,273
206366258,283
206367258,317
206368258,329
206369258,329
206370258,331
206371258,337
206372258,347
206373258,353
206374258,334
206384690,303
206385690,298
206386690,299
206387690,303
206388690,301
206389690,303
206390690,305
206391690,293
206392690,286
206393690,300
206394690,305
206395690,301
206396690,303
206397690,288
206398690,287
206399690,276
206400690,273
206401690,266
206402690,262
206403690,259
206404690,270
206405690,243
206406690,252
206407690,252
206408690,240
206409690,237
206410690,227
206411690,225
206412690,219
206413690,221
206414690,224
206425141,222
206426141,228
206427141,229
206428141,227
206429141,241
206430141,233
206431141,245
206432141,227
206433141,229
206434141,231
206435141,231
206436141,220
206437141,240
206438141,245
206439141,235
206440141,235
206441141,231
206442141,224
206443141,231
206444141,219
206445141,213
206446141,227
206447141,235
206448141,239
206449141,230
206450141,225
206451141,227
206452141,216
206453141,223
206454141,217
206455141,208
206456141,203
206466567,178
206467567,177
206468567,166
206469567,171
206470567,173
206471567,162
206472567,175
206473567,168
206474567,168
206475567,165
206476567,165
206477567,165
206478567,157
206479567,176
206480567,169
206481567,192
206482567,203
206483567,229
206484567,250
206485567,253
206486567,243
206487567,240
206488567,238
206489567,235
206490567,230
206491567,221
206492567,225
206493567,208
206494567,214
206495567,215
206496567,208
206507015,181
206508015,178
206509015,179
206510015,201
206511015,191
206512015,188
206513015,181
206514015,187
206515015,176
206516015,181
206517015,183
206518015,188
206519015,176
206520015,176
206521015,179
206522015,176
206523015,171
206524015,173
206525015,168
206526015,169
206527015,160
206528015,164
206529015,161
206530015,155
206531015,145
206532015,158
206533015,167
206534015,145
206535015,152
206536015,153
206537015,149
206547449,164
206548449,176
206549449,198
206550449,193
206551449,191
206552449,192
206553449,181
206554449,176
206555449,184
206556449,179
206557449,175
206558449,175
206559449,175
206560449,177
206561449,177
206562449,176
206563449,177
206564449,177
206565449,188
206566449,188
206567449,189
206568449,188
206569449,191
206570449,180
206571449,181
206572449,171
206573449,179
206574449,177
206575449,175
206576449,175
206577449,185
206587900,176
206588900,176
206589900,167
206590900,175
206591900,171
206592900,174
206593900,161
206594900,160
206595900,175
206596900,172
206597900,190
206598900,220
206599900,229
206600900,231
206601900,233
206602900,225
206603900,218
206604900,223
206605900,217
206606900,221
206607900,220
206608900,217
206609900,208
206610900,204
206611900,205
206612900,208
206613900,193
206614900,204
206615900,206
206616900,189
206617900,196
206618900,189
206629323,208
206630323,195
206631323,209
206632323,197
206633323,192
206634323,187
206635323,196
206636323,185
206637323,212
206638323,284
206639323,347
206640323,413
206641323,440
206642323,441
206643323,435
206644323,446
206645323,437
206646323,432
206647323,419
206648323,413
206649323,432
206650323,448
206651323,459
206652323,465
206653323,480
206654323,496
206655323,496
206656323,497
206657323,491
206658323,496
206659323,483
206669774,404
206670774,397
206671774,397
206672774,406
206673774,419
206674774,445
206675774,507
206676774,592
206677774,649
206678774,687
206679774,773
206680774,890
206681774,973
206682774,1023
206683774,1040
206684774,1017
206685774,1053
206686774,1127
206687774,1185
206688774,1305
206689774,1437
206690774,1568
206691774,1643
206692774,1687
206693774,1697
206694774,1744
206695774,1744
206706145,1426
206707145,1430
206708145,1403
206709145,1376
206710145,1346
206711145,1321
206712145,1299
206713145,1267
206714145,1255
206715145,1227
206716145,1195
206717145,1166
206718145,1148
206719145,1110
206720145,1091
206721145,1076
206722145,1053
206723145,1029
206724145,1006
206725145,976
206726145,965
206727145,961
206728145,945
206729145,932
206730145,911
206731145,925
206741564,1015
206742564,1007
206743564,992
206744564,993
206745564,958
206746564,961
206747564,985
206748564,989
206749564,997
206750564,995
206751564,980
206752564,953
206753564,940
206754564,922
206755564,932
206756564,959
206757564,940
206758564,1009
206759564,1008
206760564,997
206761564,975
206762564,963
206763564,1023
206764564,1148
206765564,1230
206766564,1264
206767564,1263
206768564,1237
206778974,1557
206779974,1519
206780974,1473
206781974,1445
206782974,1423
206783974,1391
206784974,1365
206785974,1340
206786974,1328
206787974,1312
206788974,1296
206789974,1264
206790974,1233
206791974,1209
206792974,1188
206793974,1173
206794974,1146
206795974,1131
206796974,1111
206797974,1126
206798974,1159
206799974,1243
206800974,1332
206801974,1387
206812377,1233
206813377,1209
206814377,1200
206815377,1201
206816377,1200
206817377,1196
206818377,1200
206819377,1191
206820377,1175
206821377,1193
206822377,1232
206823377,1247
206824377,1253
206825377,1278
206826377,1280
206827377,1209
206828377,1225
206829377,1199
206830377,1175
206831377,1157
206832377,1143
206833377,1124
206834377,1106
206835377,1098
206845796,1069
206846796,1042
206847796,1023
206848796,1001
206849796,1007
206850796,1008
206851796,982
206852796,967
206853796,960
206854796,937
206855796,931
206856796,948
206857796,941
206858796,970
206859796,999
206860796,1002
206861796,989
206862796,976
206863796,988
206864796,981
206865796,1008
206866796,1064
206867796,1085
206868796,1079
206869796,1070
206870796,1059
206871796,1072
206882168,1063
206883168,1057
206884168,1050
206885168,1057
206886168,1091
206887168,1116
206888168,1145
206889168,1168
206890168,1189
206891168,1200
206892168,1216
206893168,1217
206894168,1218
206895168,1217
206896168,1188
206897168,1195
206898168,1217
206899168,1219
206900168,1211
206901168,1203
206902168,1198
206903168,1196
206904168,1169
206905168,1147
206906168,1127
206916564,1086
206917564,1069
206918564,1047
206919564,1070
206920564,1081
206921564,1098
206922564,1123
206923564,1198
206924564,1243
206925564,1295
206926564,1297
206927564,1295
206928564,1287
206929564,1265
206930564,1247
206931564,1248
206932564,1257
206933564,1242
206934564,1219
206935564,1187
206936564,1185
206937564,1168
206938564,1150
206939564,1141
206949979,1040
206950979,1021
206951979,1011
206952979,1023
206953979,1049
206954979,1023
206955979,1007
206956979,976
206957979,963
206958979,950
206959979,945
206960979,974
206961979,1001
206962979,1001
206963979,989
206964979,961
206965979,937
206966979,919
206967979,906
206968979,885
206969979,884
206970979,897
206971979,923
206972979,912
206973979,911
206974979,933
206975979,959
206976979,917
206987375,945
206988375,1042
206989375,1136
206990375,1163
206991375,1148
206992375,1139
206993375,1171
206994375,1194
206995375,1203
206996375,1200
206997375,1180
206998375,1163
206999375,1156
207000375,1125
207001375,1102
207002375,1092
207003375,1067
207004375,1049
207005375,1014
207006375,994
207007375,976
207008375,962
207009375,955
207010375,956
207011375,979
207012375,1017
207022808,1094
207023808,1078
207024808,1040
207025808,1023
207026808,969
207027808,1008
207028808,1048
207029808,1035
207030808,1055
207031808,1016
207032808,1008
207033808,1040
207034808,1056
207035808,1039
207036808,1008
207037808,993
207038808,957
207039808,947
207040808,945
207041808,953
207042808,949
207043808,972
207044808,987
207045808,1009
207046808,1020
207047808,994
207058208,1018
207059208,1022
207060208,995
207061208,994
207062208,977
207063208,985
207064208,964
207065208,944
207066208,924
207067208,912
207068208,894
207069208,879
207070208,854
207071208,839
207072208,848
207073208,848
207074208,823
207075208,818
207076208,793
207077208,805
207078208,799
207079208,800
207080208,816
207081208,812
207082208,794
207083208,813
207084208,793
207085208,782
207086208,768
207087208,768
207088208,773
207098594,849
207099594,852
207100594,877
207101594,879
207102594,865
207103594,847
207104594,832
207105594,808
207106594,804
207107594,791
207108594,778
207109594,787
207110594,801
207111594,804
207112594,788
207113594,784
207114594,823
207115594,824
207116594,827
207117594,863
207118594,850
207119594,847
207120594,841
207121594,847
207122594,861
207123594,881
207124594,923
207125594,937
207126594,922
207127594,915
207128594,923
207139023,1137
207140023,1119
207141023,1104
207142023,1083
207143023,1120
207144023,1105
207145023,1159
207146023,1199
207147023,1196
207148023,1175
207149023,1171
207150023,1156
207151023,1134
207152023,1104
207153023,1088
207154023,1068
207155023,1104
207156023,1158
207157023,1165
207158023,1156
207159023,1121
207160023,1114
207161023,1103
207162023,1104
207172452,1129
207173452,1165
207174452,1168
207175452,1172
207176452,1237
207177452,1202
207178452,1177
207179452,1173
207180452,1172
207181452,1167
207182452,1145
207183452,1145
207184452,1152
207185452,1203
207186452,1227
207187452,1245
207188452,1235
207189452,1222
207190452,1199
207191452,1191
207192452,1181
207193452,1194
207194452,1183
207195452,1173
207196452,1173
207206835,1041
207207835,1060
207208835,1104
207209835,1165
207210835,1260
207211835,1295
207212835,1283
207213835,1321
207214835,1289
207215835,1275
207216835,1260
207217835,1251
207218835,1253
207219835,1255
207220835,1247
207221835,1228
207222835,1211
207223835,1206
207224835,1232
207225835,1248
207226835,1241
207227835,1219
207228835,1201
207229835,1189
207240256,1134
207241256,1129
207242256,1091
207243256,1083
207244256,1089
207245256,1099
207246256,1081
207247256,1079
207248256,1071
207249256,1054
207250256,1039
207251256,1009
207252256,995
207253256,976
207254256,995
207255256,1008
207256256,1045
207257256,1056
207258256,1039
207259256,1023
207260256,1018
207261256,993
207262256,981
207263256,1008
207264256,1005
207274629,1208
207275629,1193
207276629,1161
207277629,1138
207278629,1152
207279629,1163
207280629,1157
207281629,1129
207282629,1153
207283629,1194
207284629,1230
207285629,1233
207286629,1215
207287629,1185
207288629,1192
207289629,1268
207290629,1257
207291629,1244
207292629,1264
207293629,1295
207294629,1296
207295629,1271
207296629,1265
207297629,1322
207308032,1338
207309032,1324
207310032,1315
207311032,1360
207312032,1403
207313032,1480
207314032,1491
207315032,1493
207316032,1511
207317032,1507
207318032,1481
207319032,1479
207320032,1424
207321032,1420
207322032,1419
207323032,1420
207324032,1397
207325032,1364
207326032,1329
207327032,1335
207328032,1353
207329032,1333
207330032,1341
207331032,1301
207341451,1258
207342451,1235
207343451,1225
207344451,1219
207345451,1222
207346451,1201
207347451,1213
207348451,1264
207349451,1326
207350451,1343
207351451,1328
207352451,1359
207353451,1370
207354451,1345
207355451,1315
207356451,1297
207357451,1270
207358451,1246
207359451,1223
207360451,1193
207361451,1159
207362451,1147
207363451,1117
207364451,1091
207365451,1085
207375843,956
207376843,941
207377843,924
207378843,918
207379843,889
207380843,876
207381843,872
207382843,881
207383843,923
207384843,913
207385843,918
207386843,989
207387843,1011
207388843,1001
207389843,976
207390843,998
207391843,1007
207392843,1011
207393843,1035
207394843,981
207395843,970
207396843,958
207397843,934
207398843,956
207399843,992
207400843,1022
207401843,1019
207402843,1009
207413240,1296
207414240,1282
207415240,1280
207416240,1280
207417240,1265
207418240,1235
207419240,1233
207420240,1185
207421240,1199
207422240,1150
207423240,1133
207424240,1115
207425240,1104
207426240,1089
207427240,1105
207428240,1142
207429240,1164
207430240,1123
207431240,1121
207432240,1163
207433240,1228
207434240,1264
207435240,1267
207436240,1251
207446659,1124
207447659,1123
207448659,1091
207449659,1073
207450659,1060
207451659,1034
207452659,1008
207453659,981
207454659,957
207455659,949
207456659,927
207457659,960
207458659,912
207459659,917
207460659,907
207461659,896
207462659,880
207463659,880
207464659,859
207465659,851
207466659,845
207467659,789
207468659,800
207469659,779
207470659,769
207471659,766
207472659,768
207473659,767
207474659,752
207475659,745
207486085,974
207487085,1088
207488085,1236
207489085,1303
207490085,1248
207491085,1297
207492085,1328
207493085,1329
207494085,1319
207495085,1329
207496085,1309
207497085,1289
207498085,1267
207499085,1241
207500085,1225
207501085,1189
207502085,1207
207503085,1245
207504085,1265
207505085,1244
207506085,1273
207507085,1307
207508085,1345
207509085,1397
207519488,1211
207520488,1181
207521488,1163
207522488,1140
207523488,1124
207524488,1111
207525488,1088
207526488,1071
207527488,1058
207528488,1040
207529488,1042
207530488,1056
207531488,1060
207532488,1039
207533488,1040
207534488,1041
207535488,1040
207536488,1008
207537488,1016
207538488,996
207539488,1017
207540488,1067
207541488,1163
207542488,1217
207543488,1233
207553880,997
207554880,980
207555880,961
207556880,942
207557880,938
207558880,957
207559880,988
207560880,1005
207561880,1006
207562880,1023
207563880,1083
207564880,1090
207565880,1073
207566880,1044
207567880,1036
207568880,1011
207569880,991
207570880,962
207571880,944
207572880,928
207573880,914
207574880,900
207575880,887
207576880,861
207577880,863
207578880,880
207579880,867
207580880,851
207591292,818
207592292,813
207593292,832
207594292,833
207595292,827
207596292,801
207597292,794
207598292,791
207599292,772
207600292,753
207601292,752
207602292,753
207603292,761
207604292,809
207605292,860
207606292,848
207607292,875
207608292,969
207609292,1023
207610292,1040
207611292,1018
207612292,983
207613292,981
207614292,965
207615292,940
207616292,929
207617292,909
207618292,912
207619292,940
207620292,978
207630685,997
207631685,983
207632685,969
207633685,948
207634685,935
207635685,921
207636685,923
207637685,923
207638685,925
207639685,942
207640685,931
207641685,931
207642685,917
207643685,901
207644685,880
207645685,861
207646685,835
207647685,829
207648685,817
207649685,799
207650685,782
207651685,783
207652685,799
207653685,848
207654685,911
207655685,948
207656685,934
207657685,953
207658685,998
207659685,1040
207660685,1060
207671066,875
207672066,873
207673066,843
207674066,829
207675066,805
207676066,787
207677066,784
207678066,736
207679066,750
207680066,739
207681066,720
207682066,718
207683066,701
207684066,681
207685066,672
207686066,659
207687066,689
207688066,689
207689066,677
207690066,691
207691066,688
207692066,692
207693066,705
207694066,699
207695066,697
207696066,719
207697066,731
207698066,752
207699066,729
207700066,717
207701066,704
207711517,698
207712517,688
207713517,689
207714517,720
207715517,739
207716517,738
207717517,724
207718517,717
207719517,715
207720517,729
207721517,737
207722517,729
207723517,749
207724517,745
207725517,777
207726517,864
207727517,873
207728517,865
207729517,843
207730517,833
207731517,806
207732517,785
207733517,784
207734517,770
207735517,768
207736517,777
207737517,769
207738517,757
207739517,733
207740517,730
207741517,735
207751951,1130
207752951,1184
207753951,1194
207754951,1187
207755951,1183
207756951,1170
207757951,1165
207758951,1171
207759951,1168
207760951,1153
207761951,1140
207762951,1113
207763951,1089
207764951,1088
207765951,1070
207766951,1056
207767951,1034
207768951,1036
207769951,1008
207770951,1006
207771951,1007
207772951,997
207773951,971
207774951,963
207775951,970
207786325,796
207787325,784
207788325,764
207789325,755
207790325,747
207791325,768
207792325,805
207793325,793
207794325,780
207795325,773
207796325,752
207797325,741
207798325,743
207799325,719
207800325,720
207801325,736
207802325,767
207803325,764
207804325,747
207805325,739
207806325,719
207807325,704
207808325,691
207809325,688
207810325,665
207811325,687
207812325,697
207813325,697
207814325,685
207815325,684
207816325,691
207826776,595
207827776,592
207828776,588
207829776,571
207830776,560
207831776,547
207832776,531
207833776,521
207834776,511
207835776,491
207836776,491
207837776,496
207838776,508
207839776,532
207840776,537
207841776,536
207842776,556
207843776,552
207844776,581
207845776,572
207846776,560
207847776,549
207848776,539
207849776,511
207850776,548
207851776,508
207852776,464
207853776,497
207854776,496
207855776,492
207856776,495
207857776,489
207868199,507
207869199,529
207870199,511
207871199,480
207872199,496
207873199,480
207874199,475
207875199,464
207876199,461
207877199,448
207878199,441
207879199,433
207880199,425
207881199,423
207882199,423
207883199,433
207884199,417
207885199,415
207886199,399
207887199,400
207888199,388
207889199,389
207890199,371
207891199,377
207892199,361
207893199,373
207894199,366
207895199,368
207896199,382
207897199,379
207898199,371
207908650,435
207909650,425
207910650,424
207911650,441
207912650,465
207913650,489
207914650,507
207915650,483
207916650,475
207917650,462
207918650,457
207919650,451
207920650,444
207921650,448
207922650,438
207923650,437
207924650,432
207925650,429
207926650,425
207927650,427
207928650,416
207929650,405
207930650,406
207931650,415
207932650,446
207933650,479
207934650,497
207935650,496
207936650,528
207937650,577
207938650,636
207949084,544
207950084,545
207951084,547
207952084,558
207953084,560
207954084,547
207955084,511
207956084,539
207957084,526
207958084,511
207959084,496
207960084,502
207961084,509
207962084,511
207963084,511
207964084,504
207965084,500
207966084,493
207967084,479
207968084,465
207969084,475
207970084,485
207971084,482
207972084,477
207973084,474
207974084,454
207975084,457
207976084,441
207977084,437
207978084,433
207979084,417
207989535,397
207990535,392
207991535,385
207992535,383
207993535,387
207994535,388
207995535,381
207996535,373
207997535,359
207998535,372
207999535,387
208000535,426
208001535,463
208002535,482
208003535,483
208004535,546
208005535,577
208006535,596
208007535,608
208008535,583
208009535,586
208010535,576
208011535,573
208012535,589
208013535,586
208014535,584
208015535,612
208016535,624
208017535,607
208018535,596
208019535,593
208020535,584
208030958,618
208031958,607
208032958,617
208033958,631
208034958,631
208035958,611
208036958,599
208037958,578
208038958,588
208039958,539
208040958,567
208041958,563
208042958,562
208043958,558
208044958,558
208045958,587
208046958,592
208047958,579
208048958,616
208049958,617
208050958,623
208051958,624
208052958,607
208053958,583
208054958,607
208055958,614
208056958,605
208057958,585
208058958,577
208059958,561
208060958,571
208071409,501
208072409,499
208073409,495
208074409,496
208075409,493
208076409,480
208077409,560
208078409,597
208079409,593
208080409,576
208081409,633
208082409,657
208083409,681
208084409,714
208085409,741
208086409,755
208087409,739
208088409,706
208089409,725
208090409,739
208091409,765
208092409,801
208093409,807
208094409,817
208095409,814
208096409,810
208097409,783
208098409,800
208099409,814
208100409,830
208101409,849
208111843,890
208112843,877
208113843,855
208114843,869
208115843,851
208116843,859
208117843,835
208118843,827
208119843,777
208120843,781
208121843,772
208122843,764
208123843,748
208124843,725
208125843,716
208126843,713
208127843,701
208128843,679
208129843,667
208130843,661
208131843,673
208132843,697
208133843,713
208134843,717
208135843,693
208136843,689
208137843,670
208138843,656
208139843,652
208140843,630
208141843,628
208152294,779
208153294,785
208154294,780
208155294,761
208156294,759
208157294,753
208158294,736
208159294,720
208160294,705
208161294,688
208162294,641
208163294,665
208164294,655
208165294,644
208166294,637
208167294,623
208168294,613
208169294,601
208170294,612
208171294,592
208172294,591
208173294,571
208174294,556
208175294,555
208176294,537
208177294,533
208178294,527
208179294,505
208180294,497
208181294,486
208182294,485
208183294,475
208193717,389
208194717,389
208195717,368
208196717,368
208197717,380
208198717,385
208199717,393
208200717,390
208201717,432
208202717,431
208203717,430
208204717,419
208205717,410
208206717,404
208207717,400
208208717,395
208209717,394
208210717,419
208211717,400
208212717,415
208213717,411
208214717,386
208215717,403
208216717,405
208217717,396
208218717,393
208219717,391
208220717,389
208221717,390
208222717,371
208223717,368
208234168,434
208235168,415
208236168,405
208237168,397
208238168,400
208239168,381
208240168,379
208241168,373
208242168,367
208243168,368
208244168,356
208245168,346
208246168,348
208247168,341
208248168,360
208249168,364
208250168,365
208251168,387
208252168,412
208253168,393
208254168,395
208255168,397
208256168,396
208257168,416
208258168,453
208259168,525
208260168,559
208261168,587
208262168,657
208263168,725
208264168,767
208274602,720
208275602,732
208276602,719
208277602,720
208278602,689
208279602,681
208280602,698
208281602,653
208282602,642
208283602,630
208284602,614
208285602,608
208286602,601
208287602,563
208288602,579
208289602,567
208290602,558
208291602,560
208292602,542
208293602,532
208294602,539
208295602,527
208296602,497
208297602,483
208298602,497
208299602,482
208300602,499
208301602,499
208302602,499
208303602,500
208304602,511
208315053,565
208316053,553
208317053,540
208318053,537
208319053,511
208320053,511
208321053,510
208322053,505
208323053,501
208324053,494
208325053,495
208326053,480
208327053,467
208328053,464
208329053,484
208330053,476
208331053,485
208332053,489
208333053,483
208334053,491
208335053,481
208336053,473
208337053,464
208338053,457
208339053,416
208340053,454
208341053,457
208342053,450
208343053,448
208344053,438
208345053,431
208346053,428
208356476,379
208357476,381
208358476,381
208359476,371
208360476,381
208361476,379
208362476,383
208363476,383
208364476,369
208365476,363
208366476,356
208367476,345
208368476,348
208369476,329
208370476,332
208371476,320
208372476,315
208373476,319
208374476,339
208375476,365
208376476,366
208377476,362
208378476,386
208379476,395
208380476,404
208381476,400
208382476,396
208383476,381
208384476,375
208385476,369
208386476,363
208396927,353
208397927,372
208398927,381
208399927,397
208400927,404
208401927,401
208402927,395
208403927,401
208404927,403
208405927,427
208406927,435
208407927,439
208408927,445
208409927,436
208410927,417
208411927,405
208412927,410
208413927,391
208414927,387
208415927,383
208416927,390
208417927,404
208418927,400
208419927,382
208420927,371
208421927,385
208422927,371
208423927,377
208424927,385
208425927,384
208426927,393
208437361,363
208438361,363
208439361,359
208440361,357
208441361,365
208442361,381
208443361,391
208444361,398
208445361,407
208446361,427
208447361,431
208448361,435
208449361,432
208450361,435
208451361,452
208452361,457
208453361,448
208454361,444
208455361,432
208456361,430
208457361,425
208458361,426
208459361,426
208460361,415
208461361,409
208462361,424
208463361,412
208464361,401
208465361,401
208466361,398
208467361,401
208477811,449
208478811,445
208479811,441
208480811,419
208481811,420
208482811,412
208483811,403
208484811,400
208485811,400
208486811,402
208487811,401
208488811,391
208489811,401
208490811,443
208491811,455
208492811,445
208493811,477
208494811,507
208495811,511
208496811,501
208497811,497
208498811,476
208499811,481
208500811,479
208501811,495
208502811,468
208503811,457
208504811,448
208505811,443
208506811,449
208507811,476
208508811,476
208519242,560
208520242,583
208521242,592
208522242,561
208523242,571
208524242,598
208525242,593
208526242,587
208527242,585
208528242,571
208529242,573
208530242,579
208531242,587
208532242,597
208533242,581
208534242,573
208535242,561
208536242,550
208537242,548
208538242,529
208539242,511
208540242,509
208541242,501
208542242,509
208543242,511
208544242,532
208545242,528
208546242,511
208547242,523
208548242,528
208549242,558
208559685,485
208560685,485
208561685,465
208562685,464
208563685,459
208564685,511
208565685,606
208566685,658
208567685,656
208568685,740
208569685,814
208570685,877
208571685,875
208572685,865
208573685,858
208574685,866
208575685,841
208576685,868
208577685,895
208578685,897
208579685,880
208580685,882
208581685,867
208582685,817
208583685,809
208584685,786
208585685,788
208586685,766
208587685,741
208588685,729
208589685,725
208600119,659
208601119,648
208602119,636
208603119,624
208604119,625
208605119,609
208606119,603
208607119,592
208608119,581
208609119,584
208610119,561
208611119,555
208612119,542
208613119,529
208614119,519
208615119,507
208616119,509
208617119,499
208618119,497
208619119,500
208620119,506
208621119,511
208622119,529
208623119,539
208624119,538
208625119,536
208626119,510
208627119,504
208628119,494
208629119,526
208630119,555
208640576,534
208641576,551
208642576,545
208643576,535
208644576,528
208645576,511
208646576,501
208647576,508
208648576,508
208649576,509
208650576,499
208651576,507
208652576,511
208653576,499
208654576,495
208655576,485
208656576,477
208657576,468
208658576,464
208659576,467
208660576,469
208661576,470
208662576,461
208663576,474
208664576,511
208665576,511
208666576,560
208667576,622
208668576,651
208669576,670
208670576,669
208671576,655
208681993,561
208682993,560
208683993,544
208684993,551
208685993,543
208686993,541
208687993,537
208688993,508
208689993,523
208690993,528
208691993,543
208692993,537
208693993,529
208694993,511
208695993,504
208696993,502
208697993,493
208698993,531
208699993,574
208700993,593
208701993,624
208702993,679
208703993,721
208704993,747
208705993,753
208706993,779
208707993,735
208708993,725
208709993,686
208710993,702
208711993,677
208722444,630
208723444,617
208724444,617
208725444,612
208726444,595
208727444,581
208728444,577
208729444,579
208730444,583
208731444,592
208732444,575
208733444,567
208734444,573
208735444,579
208736444,571
208737444,554
208738444,591
208739444,588
208740444,567
208741444,560
208742444,550
208743444,562
208744444,553
208745444,544
208746444,531
208747444,527
208748444,497
208749444,487
208750444,487
208751444,480
208752444,468
208762878,533
208763878,511
208764878,506
208765878,495
208766878,492
208767878,480
208768878,473
208769878,455
208770878,448
208771878,437
208772878,437
208773878,430
208774878,411
208775878,429
208776878,433
208777878,436
208778878,432
208779878,463
208780878,433
208781878,443
208782878,445
208783878,435
208784878,431
208785878,432
208786878,411
208787878,428
208788878,405
208789878,393
208790878,387
208791878,399
208792878,407
208803329,365
208804329,368
208805329,373
208806329,366
208807329,353
208808329,356
208809329,352
208810329,339
208811329,335
208812329,332
208813329,335
208814329,348
208815329,359
208816329,348
208817329,345
208818329,338
208819329,340
208820329,323
208821329,339
208822329,368
208823329,400
208824329,425
208825329,420
208826329,413
208827329,435
208828329,478
208829329,531
208830329,561
208831329,571
208832329,557
208833329,550
208834329,543
208844752,528
208845752,551
208846752,553
208847752,535
208848752,511
208849752,510
208850752,506
208851752,495
208852752,484
208853752,485
208854752,503
208855752,548
208856752,523
208857752,528
208858752,534
208859752,535
208860752,528
208861752,511
208862752,507
208863752,511
208864752,507
208865752,496
208866752,492
208867752,483
208868752,459
208869752,465
208870752,480
208871752,441
208872752,436
208873752,437
208874752,432
208885203,483
208886203,496
208887203,479
208888203,473
208889203,463
208890203,462
208891203,447
208892203,435
208893203,432
208894203,424
208895203,415
208896203,411
208897203,405
208898203,393
208899203,388
208900203,384
208901203,373
208902203,370
208903203,365
208904203,349
208905203,345
208906203,341
208907203,340
208908203,335
208909203,340
208910203,340
208911203,337
208912203,333
208913203,336
208914203,317
208915203,317
208925637,291
208926637,277
208927637,281
208928637,277
208929637,293
208930637,266
208931637,268
208932637,282
208933637,312
208934637,323
208935637,352
208936637,356
208937637,375
208938637,388
208939637,382
208940637,371
208941637,375
208942637,361
208943637,355
208944637,359
208945637,373
208946637,336
208947637,349
208948637,346
208949637,337
208950637,341
208951637,360
208952637,368
208953637,364
208954637,355
208955637,353
208966088,388
208967088,395
208968088,386
208969088,389
208970088,380
208971088,368
208972088,387
208973088,436
208974088,462
208975088,458
208976088,489
208977088,528
208978088,544
208979088,529
208980088,532
208981088,524
208982088,503
208983088,511
208984088,511
208985088,501
208986088,500
208987088,489
208988088,464
208989088,467
208990088,464
208991088,447
208992088,432
208993088,432
208994088,438
208995088,423
208996088,442
208997088,428
209007511,453
209008511,441
209009511,441
209010511,431
209011511,426
209012511,423
209013511,456
209014511,479
209015511,491
209016511,494
209017511,488
209018511,475
209019511,457
209020511,463
209021511,477
209022511,456
209023511,428
209024511,463
209025511,452
209026511,448
209027511,429
209028511,431
209029511,417
209030511,432
209031511,400
209032511,397
209033511,401
209034511,401
209035511,421
209036511,423
209037511,431
209047962,473
209048962,480
209049962,473
209050962,453
209051962,449
209052962,423
209053962,490
209054962,530
209055962,532
209056962,548
209057962,585
209058962,573
209059962,561
209060962,556
209061962,548
209062962,530
209063962,528
209064962,521
209065962,511
209066962,528
209067962,511
209068962,511
209069962,487
209070962,500
209071962,527
209072962,533
209073962,557
209074962,557
209075962,545
209076962,538
209077962,547
209088396,564
209089396,553
209090396,523
209091396,528
209092396,528
209093396,510
209094396,508
209095396,492
209096396,495
209097396,528
209098396,544
209099396,509
209100396,546
209101396,542
209102396,544
209103396,511
209104396,511
209105396,487
209106396,483
209107396,464
209108396,479
209109396,455
209110396,454
209111396,437
209112396,433
209113396,407
209114396,431
209115396,421
209116396,405
209117396,401
209118396,399
209128847,336
209129847,320
209130847,318
209131847,319
209132847,317
209133847,316
209134847,317
209135847,320
209136847,340
209137847,347
209138847,364
209139847,356
209140847,356
209141847,345
209142847,336
209143847,338
209144847,335
209145847,324
209146847,329
209147847,320
209148847,323
209149847,319
209150847,304
209151847,298
209152847,299
209153847,304
209154847,284
209155847,279
209156847,277
209157847,276
209158847,289
209159847,277
209170270,329
209171270,336
209172270,341
209173270,320
209174270,337
209175270,337
209176270,327
209177270,323
209178270,315
209179270,312
209180270,305
209181270,311
209182270,287
209183270,292
209184270,289
209185270,285
209186270,286
209187270,266
209188270,270
209189270,262
209190270,260
209191270,259
209192270,256
209193270,256
209194270,265
209195270,265
209196270,265
209197270,270
209198270,274
209199270,276
209200270,272
209210721,291
209211721,291
209212721,285
209213721,285
209214721,272
209215721,277
209216721,279
209217721,277
209218721,289
209219721,325
209220721,368
209221721,403
209222721,412
209223721,464
209224721,506
209225721,528
209226721,544
209227721,561
209228721,581
209229721,577
209230721,565
209231721,555
209232721,543
209233721,531
209234721,523
209235721,501
209236721,507
209237721,493
209238721,489
209239721,452
209240721,471
209251154,449
209252154,461
209253154,457
209254154,483
209255154,502
209256154,511
209257154,501
209258154,527
209259154,533
209260154,548
209261154,559
209262154,590
209263154,605
209264154,605
209265154,588
209266154,592
209267154,558
209268154,571
209269154,561
209270154,551
209271154,509
209272154,528
209273154,525
209274154,511
209275154,499
209276154,497
209277154,488
209278154,481
209279154,470
209280154,458
209281154,462
209291605,432
209292605,432
209293605,382
209294605,414
209295605,403
209296605,401
209297605,393
209298605,391
209299605,379
209300605,370
209301605,369
209302605,367
209303605,368
209304605,364
209305605,364
209306605,358
209307605,348
209308605,345
209309605,347
209310605,340
209311605,336
209312605,331
209313605,337
209314605,353
209315605,371
209316605,373
209317605,372
209318605,363
209319605,353
209320605,357
209321605,346
209322605,337
209333028,314
209334028,309
209335028,302
209336028,300
209337028,297
209338028,290
209339028,284
209340028,294
209341028,313
209342028,322
209343028,306
209344028,309
209345028,327
209346028,321
209347028,315
209348028,315
209349028,318
209350028,315
209351028,309
209352028,295
209353028,275
209354028,301
209355028,301
209356028,323
209357028,324
209358028,352
209359028,356
209360028,351
209361028,346
209362028,336
209363028,336
209373479,479
209374479,506
209375479,499
209376479,497
209377479,495
209378479,498
209379479,477
209380479,482
209381479,469
209382479,491
209383479,511
209384479,497
209385479,527
209386479,544
209387479,560
209388479,565
209389479,556
209390479,539
209391479,587
209392479,538
209393479,561
209394479,560
209395479,553
209396479,563
209397479,566
209398479,551
209399479,556
209400479,538
209401479,531
209402479,511
209403479,560
209413913,535
209414913,545
209415913,548
209416913,557
209417913,543
209418913,532
209419913,528
209420913,502
209421913,498
209422913,489
209423913,481
209424913,484
209425913,484
209426913,467
209427913,473
209428913,465
209429913,449
209430913,445
209431913,440
209432913,444
209433913,455
209434913,440
209435913,431
209436913,432
209437913,445
209438913,443
209439913,469
209440913,481
209441913,496
209442913,496
209443913,493
209454364,590
209455364,617
209456364,624
209457364,629
209458364,624
209459364,624
209460364,615
209461364,592
209462364,578
209463364,577
209464364,588
209465364,596
209466364,593
209467364,571
209468364,560
209469364,571
209470364,549
209471364,544
209472364,523
209473364,511
209474364,501
209475364,493
209476364,487
209477364,489
209478364,497
209479364,493
209480364,478
209481364,470
209482364,463
209483364,465
209484364,492
209485364,480
209495787,580
209496787,589
209497787,593
209498787,560
209499787,551
209500787,545
209501787,539
209502787,540
209503787,537
209504787,509
209505787,509
209506787,501
209507787,478
209508787,487
209509787,477
209510787,478
209511787,468
209512787,465
209513787,449
209514787,443
209515787,445
209516787,449
209517787,464
209518787,471
209519787,486
209520787,553
209521787,577
209522787,573
209523787,571
209524787,565
209525787,591
209536246,527
209537246,497
209538246,497
209539246,505
209540246,502
209541246,481
209542246,496
209543246,528
209544246,589
209545246,601
209546246,576
209547246,592
209548246,605
209549246,596
209550246,609
209551246,611
209552246,595
209553246,593
209554246,589
209555246,577
209556246,572
209557246,560
209558246,565
209559246,572
209560246,575
209561246,561
209562246,592
209563246,607
209564246,615
209565246,631
209566246,617
209576672,496
209577672,485
209578672,479
209579672,465
209580672,463
209581672,461
209582672,447
209583672,441
209584672,432
209585672,423
209586672,412
209587672,406
209588672,400
209589672,399
209590672,387
209591672,385
209592672,376
209593672,367
209594672,364
209595672,352
209596672,341
209597672,365
209598672,297
209599672,336
209600672,336
209601672,374
209602672,336
209603672,351
209604672,396
209605672,432
209606672,427
209617123,531
209618123,537
209619123,528
209620123,540
209621123,545
209622123,528
209623123,505
209624123,497
209625123,496
209626123,495
209627123,495
209628123,488
209629123,493
209630123,489
209631123,475
209632123,468
209633123,465
209634123,481
209635123,448
209636123,441
209637123,438
209638123,433
209639123,421
209640123,428
209641123,409
209642123,409
209643123,400
209644123,396
209645123,388
209646123,373
209647123,367
209648123,369
209658546,305
209659546,299
209660546,304
209661546,335
209662546,329
209663546,335
209664546,366
209665546,361
209666546,365
209667546,361
209668546,400
209669546,419
209670546,437
209671546,420
209672546,421
209673546,409
209674546,400
209675546,357
209676546,392
209677546,389
209678546,377
209679546,368
209680546,357
209681546,360
209682546,380
209683546,400
209684546,400
209685546,393
209686546,400
209687546,429
209688546,430
209698997,425
209699997,407
209700997,401
209701997,391
209702997,385
209703997,381
209704997,393
209705997,420
209706997,436
209707997,438
209708997,423
209709997,432
209710997,429
209711997,439
209712997,441
209713997,438
209714997,439
209715997,429
209716997,427
209717997,405
209718997,411
209719997,397
209720997,396
209721997,420
209722997,441
209723997,463
209724997,465
209725997,453
209726997,448
209727997,447
209728997,449
209739431,571
209740431,587
209741431,593
209742431,597
209743431,583
209744431,587
209745431,573
209746431,561
209747431,563
209748431,571
209749431,565
209750431,573
209751431,571
209752431,588
209753431,592
209754431,579
209755431,571
209756431,566
209757431,583
209758431,581
209759431,577
209760431,573
209761431,557
209762431,560
209763431,560
209764431,544
209765431,543
209766431,528
209767431,507
209768431,501
209769431,495
209779882,433
209780882,436
209781882,443
209782882,443
209783882,444
209784882,434
209785882,419
209786882,419
209787882,420
209788882,409
209789882,401
209790882,406
209791882,395
209792882,405
209793882,433
209794882,427
209795882,426
209796882,434
209797882,459
209798882,471
209799882,466
209800882,464
209801882,465
209802882,445
209803882,434
209804882,432
209805882,429
209806882,416
209807882,419
209808882,395
209809882,423
209810882,432
209821305,529
209822305,530
209823305,511
209824305,503
209825305,492
209826305,480
209827305,497
209828305,545
209829305,601
209830305,628
209831305,624
209832305,674
209833305,716
209834305,720
209835305,709
209836305,703
209837305,690
209838305,696
209839305,667
209840305,689
209841305,671
209842305,682
209843305,720
209844305,720
209845305,708
209846305,695
209847305,687
209848305,675
209849305,656
209850305,646
209851305,619
209861756,585
209862756,580
209863756,607
209864756,604
209865756,591
209866756,593
209867756,604
209868756,618
209869756,605
209870756,619
209871756,635
209872756,634
209873756,651
209874756,638
209875756,633
209876756,623
209877756,617
209878756,623
209879756,618
209880756,613
209881756,594
209882756,575
209883756,577
209884756,565
209885756,549
209886756,560
209887756,555
209888756,547
209889756,557
209890756,555
209891756,544
209902190,694
209903190,689
209904190,680
209905190,658
209906190,657
209907190,656
209908190,673
209909190,649
209910190,656
209911190,665
209912190,681
209913190,672
209914190,684
209915190,668
209916190,660
209917190,641
209918190,654
209919190,649
209920190,643
209921190,639
209922190,573
209923190,613
209924190,599
209925190,585
209926190,577
209927190,579
209928190,592
209929190,621
209930190,635
209931190,633
209932190,656
209942641,655
209943641,662
209944641,657
209945641,642
209946641,657
209947641,671
209948641,659
209949641,664
209950641,641
209951641,637
209952641,611
209953641,618
209954641,609
209955641,621
209956641,625
209957641,639
209958641,630
209959641,627
209960641,624
209961641,603
209962641,605
209963641,603
209964641,593
209965641,588
209966641,580
209967641,566
209968641,565
209969641,544
209970641,557
209971641,549
209972641,548
209973641,556
209984064,598
209985064,596
209986064,589
209987064,598
209988064,625
209989064,635
209990064,637
209991064,644
209992064,677
209993064,688
209994064,699
209995064,676
209996064,697
209997064,688
209998064,684
209999064,657
210000064,672
210001064,707
210002064,769
210003064,816
210004064,800
210005064,833
210006064,881
210007064,923
210008064,913
210009064,885
210010064,876
210011064,865
210012064,844
210013064,832
210014064,846
210024515,848
210025515,792
210026515,774
210027515,763
210028515,742
210029515,739
210030515,717
210031515,705
210032515,729
210033515,769
210034515,811
210035515,812
210036515,831
210037515,872
210038515,911
210039515,915
210040515,908
210041515,881
210042515,859
210043515,860
210044515,812
210045515,824
210046515,805
210047515,804
210048515,798
210049515,753
210050515,781
210051515,775
210052515,747
210053515,734
210054515,731
210064948,720
210065948,720
210066948,720
210067948,720
210068948,697
210069948,683
210070948,676
210071948,660
210072948,639
210073948,636
210074948,617
210075948,619
210076948,613
210077948,622
210078948,621
210079948,619
210080948,601
210081948,594
210082948,593
210083948,572
210084948,563
210085948,561
210086948,583
210087948,604
210088948,623
210089948,608
210090948,608
210091948,595
210092948,589
210093948,592
210094948,592
210105399,552
210106399,539
210107399,560
210108399,573
210109399,565
210110399,561
210111399,552
210112399,548
210113399,545
210114399,546
210115399,535
210116399,534
210117399,528
210118399,509
210119399,499
210120399,493
210121399,479
210122399,472
210123399,464
210124399,448
210125399,445
210126399,435
210127399,422
210128399,416
210129399,414
210130399,419
210131399,398
210132399,402
210133399,416
210134399,397
210135399,384
210136399,384
210146822,383
210147822,385
210148822,383
210149822,377
210150822,369
210151822,355
210152822,347
210153822,346
210154822,344
210155822,336
210156822,329
210157822,317
210158822,315
210159822,305
210160822,314
210161822,337
210162822,385
210163822,419
210164822,413
210165822,437
210166822,447
210167822,449
210168822,457
210169822,449
210170822,457
210171822,461
210172822,464
210173822,479
210174822,493
210175822,492
210176822,479
210187273,440
210188273,416
210189273,400
210190273,401
210191273,401
210192273,378
210193273,371
210194273,398
210195273,427
210196273,434
210197273,427
210198273,460
210199273,448
210200273,435
210201273,445
210202273,382
210203273,432
210204273,413
210205273,412
210206273,397
210207273,437
210208273,432
210209273,433
210210273,419
210211273,403
210212273,406
210213273,427
210214273,447
210215273,431
210216273,397
210217273,432
210227707,400
210228707,383
210229707,383
210230707,395
210231707,400
210232707,397
210233707,381
210234707,381
210235707,381
210236707,387
210237707,379
210238707,380
210239707,383
210240707,374
210241707,365
210242707,353
210243707,355
210244707,367
210245707,365
210246707,366
210247707,331
210248707,361
210249707,364
210250707,359
210251707,367
210252707,374
210253707,411
210254707,418
210255707,433
210256707,415
210257707,413
210268158,416
210269158,409
210270158,401
210271158,419
210272158,432
210273158,465
210274158,473
210275158,464
210276158,464
210277158,531
210278158,595
210279158,624
210280158,616
210281158,608
210282158,585
210283158,583
210284158,576
210285158,569
210286158,569
210287158,598
210288158,601
210289158,613
210290158,593
210291158,635
210292158,573
210293158,561
210294158,563
210295158,560
210296158,551
210297158,585
210298158,598
210299158,595
210309584,598
210310584,585
210311584,559
210312584,546
210313584,545
210314584,543
210315584,535
210316584,523
210317584,507
210318584,509
210319584,506
210320584,477
210321584,492
210322584,475
210323584,470
210324584,482
210325584,466
210326584,466
210327584,492
210328584,499
210329584,523
210330584,501
210331584,499
210332584,450
210333584,495
210334584,511
210335584,576
210336584,576
210337584,592
210338584,593
210339584,567
210350032,533
210351032,525
210352032,541
210353032,497
210354032,493
210355032,481
210356032,461
210357032,465
210358032,439
210359032,478
210360032,465
210361032,481
210362032,503
210363032,496
210364032,531
210365032,564
210366032,557
210367032,542
210368032,541
210369032,550
210370032,560
210371032,569
210372032,578
210373032,580
210374032,562
210375032,560
210376032,545
210377032,533
210378032,523
210379032,501
210380032,499
210390466,489
210391466,487
210392466,492
210393466,479
210394466,484
210395466,476
210396466,465
210397466,449
210398466,461
210399466,497
210400466,547
210401466,540
210402466,525
210403466,555
210404466,550
210405466,573
210406466,557
210407466,575
210408466,535
210409466,511
210410466,511
210411466,529
210412466,511
210413466,499
210414466,521
210415466,491
210416466,501
210417466,509
210418466,496
210419466,489
210420466,508
210430917,483
210431917,511
210432917,528
210433917,528
210434917,556
210435917,619
210436917,656
210437917,663
210438917,659
210439917,646
210440917,629
210441917,625
210442917,625
210443917,646
210444917,642
210445917,637
210446917,629
210447917,651
210448917,620
210449917,620
210450917,608
210451917,598
210452917,607
210453917,617
210454917,611
210455917,607
210456917,601
210457917,587
210458917,550
210459917,578
210460917,573
210461917,511
210472340,487
210473340,490
210474340,478
210475340,464
210476340,457
210477340,464
210478340,439
210479340,435
210480340,431
210481340,419
210482340,403
210483340,401
210484340,400
210485340,391
210486340,382
210487340,383
210488340,366
210489340,362
210490340,364
210491340,347
210492340,352
210493340,341
210494340,353
210495340,348
210496340,345
210497340,372
210498340,399
210499340,419
210500340,401
210501340,381
210502340,381
210512791,347
210513791,356
210514791,383
210515791,411
210516791,428
210517791,437
210518791,475
210519791,495
210520791,497
210521791,505
210522791,506
210523791,498
210524791,492
210525791,469
210526791,468
210527791,464
210528791,449
210529791,440
210530791,433
210531791,429
210532791,415
210533791,414
210534791,424
210535791,441
210536791,460
210537791,480
210538791,471
210539791,491
210540791,483
210541791,490
210542791,479
210553233,427
210554233,419
210555233,409
210556233,411
210557233,402
210558233,416
210559233,412
210560233,419
210561233,415
210562233,409
210563233,400
210564233,399
210565233,393
210566233,385
210567233,377
210568233,377
210569233,369
210570233,390
210571233,371
210572233,368
210573233,361
210574233,347
210575233,347
210576233,339
210577233,331
210578233,323
210579233,336
210580233,336
210581233,333
210582233,334
210583233,354
210593676,511
210594676,511
210595676,496
210596676,494
210597676,495
210598676,497
210599676,481
210600676,483
210601676,475
210602676,457
210603676,460
210604676,441
210605676,433
210606676,419
210607676,435
210608676,441
210609676,425
210610676,424
210611676,415
210612676,391
210613676,409
210614676,420
210615676,418
210616676,441
210617676,459
210618676,459
210619676,452
210620676,441
210621676,444
210622676,431
210623676,427
210624676,416
210635099,355
210636099,355
210637099,364
210638099,357
210639099,340
210640099,343
210641099,331
210642099,319
210643099,321
210644099,321
210645099,291
210646099,304
210647099,297
210648099,291
210649099,292
210650099,295
210651099,317
210652099,337
210653099,349
210654099,377
210655099,427
210656099,460
210657099,453
210658099,454
210659099,433
210660099,433
210661099,425
210662099,430
210663099,419
210664099,416
210665099,411
210675550,387
210676550,409
210677550,431
210678550,438
210679550,442
210680550,450
210681550,443
210682550,432
210683550,419
210684550,414
210685550,395
210686550,399
210687550,392
210688550,399
210689550,395
210690550,385
210691550,403
210692550,445
210693550,451
210694550,453
210695550,445
210696550,440
210697550,426
210698550,425
210699550,406
210700550,403
210701550,397
210702550,385
210703550,385
210704550,377
210705550,372
210715984,305
210716984,301
210717984,290
210718984,290
210719984,288
210720984,281
210721984,275
210722984,272
210723984,268
210724984,259
210725984,255
210726984,249
210727984,253
210728984,244
210729984,238
210730984,239
210731984,224
210732984,230
210733984,224
210734984,235
210735984,257
210736984,271
210737984,283
210738984,279
210739984,281
210740984,293
210741984,299
210742984,301
210743984,293
210744984,301
210745984,291
210756434,347
210757434,337
210758434,336
210759434,334
210760434,329
210761434,299
210762434,305
210763434,302
210764434,302
210765434,291
210766434,288
210767434,288
210768434,286
210769434,281
210770434,291
210771434,310
210772434,317
210773434,321
210774434,317
210775434,341
210776434,345
210777434,339
210778434,333
210779434,324
210780434,324
210781434,322
210782434,334
210783434,318
210784434,315
210785434,336
210786434,350
210787434,352
210797858,351
210798858,341
210799858,337
210800858,334
210801858,332
210802858,327
210803858,316
210804858,307
210805858,309
210806858,305
210807858,303
210808858,301
210809858,299
210810858,298
210811858,295
210812858,285
210813858,283
210814858,273
210815858,272
210816858,286
210817858,292
210818858,285
210819858,277
210820858,273
210821858,263
210822858,271
210823858,287
210824858,278
210825858,282
210826858,279
210827858,271
210838308,277
210839308,271
210840308,272
210841308,282
210842308,272
210843308,272
210844308,286
210845308,301
210846308,300
210847308,288
210848308,299
210849308,294
210850308,289
210851308,313
210852308,342
210853308,315
210854308,331
210855308,327
210856308,318
210857308,315
210858308,316
210859308,304
210860308,315
210861308,311
210862308,320
210863308,332
210864308,331
210865308,323
210866308,321
210867308,317
210868308,319
210878742,343
210879742,319
210880742,313
210881742,313
210882742,309
210883742,305
210884742,353
210885742,339
210886742,336
210887742,335
210888742,337
210889742,320
210890742,331
210891742,352
210892742,383
210893742,365
210894742,380
210895742,408
210896742,427
210897742,419
210898742,436
210899742,411
210900742,405
210901742,391
210902742,389
210903742,384
210904742,382
210905742,369
210906742,368
210907742,377
210908742,385
210919193,391
210920193,401
210921193,397
210922193,394
210923193,385
210924193,370
210925193,366
210926193,361
210927193,361
210928193,382
210929193,404
210930193,400
210931193,400
210932193,413
210933193,405
210934193,400
210935193,406
210936193,403
210937193,389
210938193,390
210939193,375
210940193,393
210941193,389
210942193,427
210943193,492
210944193,490
210945193,485
210946193,483
210947193,472
210948193,510
210949193,461
210950193,443
210960616,432
210961616,476
210962616,495
210963616,494
210964616,509
210965616,506
210966616,496
210967616,493
210968616,480
210969616,508
210970616,547
210971616,576
210972616,590
210973616,606
210974616,637
210975616,647
210976616,633
210977616,623
210978616,625
210979616,655
210980616,669
210981616,661
210982616,641
210983616,636
210984616,637
210985616,656
210986616,708
210987616,750
210988616,752
210989616,795
210990616,837
211001067,833
211002067,866
211003067,845
211004067,883
211005067,925
211006067,945
211007067,949
211008067,917
211009067,932
211010067,925
211011067,940
211012067,939
211013067,955
211014067,973
211015067,960
211016067,945
211017067,922
211018067,909
211019067,887
211020067,873
211021067,858
211022067,836
211023067,848
211024067,864
211025067,892
211026067,928
211027067,931
211028067,972
211029067,998
211030067,1023
211031067,1021
211041518,819
211042518,805
211043518,768
211044518,769
211045518,753
211046518,736
211047518,730
211048518,705
211049518,699
211050518,684
211051518,671
211052518,652
211053518,648
211054518,631
211055518,608
211056518,601
211057518,596
211058518,612
211059518,576
211060518,562
211061518,560
211062518,558
211063518,545
211064518,533
211065518,528
211066518,496
211067518,495
211068518,495
211069518,483
211070518,467
211071518,468
211081969,397
211082969,385
211083969,409
211084969,431
211085969,437
211086969,435
211087969,457
211088969,464
211089969,487
211090969,494
211091969,491
211092969,485
211093969,491
211094969,473
211095969,464
211096969,475
211097969,497
211098969,534
211099969,563
211100969,571
211101969,565
211102969,567
211103969,561
211104969,557
211105969,543
211106969,531
211107969,528
211108969,536
211109969,549
211110969,549
211111969,553
211122403,522
211123403,511
211124403,511
211125403,499
211126403,492
211127403,480
211128403,489
211129403,466
211130403,481
211131403,502
211132403,499
211133403,497
211134403,485
211135403,494
211136403,475
211137403,464
211138403,455
211139403,443
211140403,432
211141403,422
211142403,414
211143403,416
211144403,412
211145403,419
211146403,421
211147403,432
211148403,415
211149403,409
211150403,390
211151403,359
211152403,402
211162854,420
211163854,411
211164854,407
211165854,401
211166854,399
211167854,389
211168854,395
211169854,377
211170854,372
211171854,372
211172854,369
211173854,363
211174854,361
211175854,347
211176854,356
211177854,337
211178854,361
211179854,326
211180854,346
211181854,334
211182854,337
211183854,327
211184854,330
211185854,336
211186854,328
211187854,325
211188854,324
211189854,325
211190854,320
211191854,308
211192854,320
211193854,341
211204277,400
211205277,428
211206277,459
211207277,483
211208277,509
211209277,529
211210277,553
211211277,551
211212277,539
211213277,511
211214277,523
211215277,511
211216277,531
211217277,531
211218277,539
211219277,528
211220277,511
211221277,524
211222277,505
211223277,501
211224277,528
211225277,495
211226277,495
211227277,480
211228277,507
211229277,469
211230277,475
211231277,457
211232277,447
211233277,439
211234277,429
211244728,465
211245728,464
211246728,452
211247728,449
211248728,443
211249728,429
211250728,427
211251728,416
211252728,403
211253728,400
211254728,383
211255728,397
211256728,403
211257728,432
211258728,417
211259728,366
211260728,400
211261728,397
211262728,388
211263728,385
211264728,375
211265728,389
211266728,371
211267728,373
211268728,357
211269728,379
211270728,385
211271728,368
211272728,369
211273728,371
211274728,399
211285162,316
211286162,301
211287162,307
211288162,303
211289162,301
211290162,282
211291162,284
211292162,288
211293162,275
211294162,270
211295162,271
211296162,258
211297162,269
211298162,256
211299162,264
211300162,268
211301162,302
211302162,303
211303162,321
211304162,322
211305162,327
211306162,319
211307162,357
211308162,387
211309162,411
211310162,396
211311162,433
211312162,460
211313162,463
211314162,464
211315162,445
211325613,427
211326613,397
211327613,393
211328613,391
211329613,391
211330613,386
211331613,387
211332613,363
211333613,357
211334613,357
211335613,352
211336613,352
211337613,349
211338613,339
211339613,340
211340613,332
211341613,325
211342613,334
211343613,345
211344613,367
211345613,392
211346613,400
211347613,395
211348613,379
211349613,398
211350613,383
211351613,377
211352613,368
211353613,359
211354613,351
211355613,345
211356613,351
211367036,642
211368036,651
211369036,653
211370036,656
211371036,661
211372036,656
211373036,643
211374036,631
211375036,631
211376036,614
211377036,594
211378036,593
211379036,585
211380036,576
211381036,576
211382036,588
211383036,595
211384036,609
211385036,652
211386036,619
211387036,644
211388036,652
211389036,643
211390036,634
211391036,631
211392036,623
211393036,607
211394036,590
211395036,585
211396036,569
211397036,561
211407496,478
211408496,489
211409496,496
211410496,491
211411496,483
211412496,469
211413496,467
211414496,445
211415496,456
211416496,486
211417496,491
211418496,500
211419496,525
211420496,553
211421496,543
211422496,533
211423496,511
211424496,525
211425496,505
211426496,494
211427496,487
211428496,487
211429496,496
211430496,478
211431496,474
211432496,480
211433496,480
211434496,477
211435496,483
211436496,487
211437496,471
211447921,464
211448921,460
211449921,456
211450921,446
211451921,432
211452921,428
211453921,432
211454921,416
211455921,406
211456921,401
211457921,404
211458921,400
211459921,411
211460921,383
211461921,369
211462921,369
211463921,365
211464921,355
211465921,348
211466921,350
211467921,336
211468921,336
211469921,330
211470921,329
211471921,303
211472921,305
211473921,297
211474921,304
211475921,291
211476921,301
211477921,294
211488372,269
211489372,265
211490372,256
211491372,261
211492372,241
211493372,241
211494372,234
211495372,240
211496372,244
211497372,235
211498372,237
211499372,237
211500372,226
211501372,244
211502372,279
211503372,332
211504372,341
211505372,365
211506372,400
211507372,445
211508372,463
211509372,463
211510372,450
211511372,439
211512372,434
211513372,441
211514372,438
211515372,437
211516372,431
211517372,422
211518372,412
211519372,407
211529795,403
211530795,424
211531795,411
211532795,411
211533795,428
211534795,395
211535795,399
211536795,388
211537795,379
211538795,371
211539795,373
211540795,369
211541795,370
211542795,352
211543795,353
211544795,364
211545795,358
211546795,382
211547795,357
211548795,351
211549795,368
211550795,363
211551795,365
211552795,353
211553795,336
211554795,347
211555795,336
211556795,368
211557795,392
211558795,418
211559795,407
211570254,375
211571254,351
211572254,353
211573254,354
211574254,368
211575254,349
211576254,329
211577254,333
211578254,314
211579254,324
211580254,323
211581254,356
211582254,383
211583254,399
211584254,407
211585254,416
211586254,409
211587254,407
211588254,389
211589254,371
211590254,400
211591254,409
211592254,396
211593254,427
211594254,449
211595254,457
211596254,415
211597254,440
211598254,432
211599254,425
211600254,416
211610679,385
211611679,379
211612679,380
211613679,384
211614679,400
211615679,387
211616679,387
211617679,411
211618679,432
211619679,464
211620679,476
211621679,464
211622679,465
211623679,452
211624679,433
211625679,435
211626679,428
211627679,419
211628679,401
211629679,402
211630679,400
211631679,382
211632679,388
211633679,379
211634679,381
211635679,389
211636679,400
211637679,399
211638679,400
211639679,398
211640679,389
211651130,366
211652130,360
211653130,327
211654130,335
211655130,340
211656130,333
211657130,323
211658130,347
211659130,321
211660130,317
211661130,307
211662130,304
211663130,304
211664130,310
211665130,316
211666130,336
211667130,305
211668130,313
211669130,309
211670130,307
211671130,297
211672130,283
211673130,285
211674130,277
211675130,281
211676130,296
211677130,293
211678130,278
211679130,280
211680130,284
211681130,289
211682130,289
211692555,351
211693555,353
211694555,346
211695555,339
211696555,335
211697555,321
211698555,340
211699555,373
211700555,397
211701555,384
211702555,419
211703555,445
211704555,431
211705555,453
211706555,449
211707555,432
211708555,419
211709555,419
211710555,426
211711555,435
211712555,421
211713555,458
211714555,465
211715555,497
211716555,511
211717555,511
211718555,511
211719555,509
211720555,497
211721555,490
211722555,495
211733004,509
211734004,511
211735004,499
211736004,507
211737004,497
211738004,497
211739004,493
211740004,500
211741004,488
211742004,494
211743004,501
211744004,497
211745004,487
211746004,495
211747004,511
211748004,534
211749004,565
211750004,575
211751004,575
211752004,576
211753004,579
211754004,571
211755004,573
211756004,573
211757004,581
211758004,572
211759004,559
211760004,545
211761004,535
211762004,569
211763004,595
211773438,688
211774438,673
211775438,671
211776438,671
211777438,683
211778438,685
211779438,671
211780438,655
211781438,639
211782438,662
211783438,643
211784438,629
211785438,624
211786438,613
211787438,609
211788438,622
211789438,606
211790438,592
211791438,585
211792438,576
211793438,598
211794438,590
211795438,581
211796438,594
211797438,619
211798438,639
211799438,624
211800438,637
211801438,657
211802438,661
211803438,673
211813889,592
211814889,609
211815889,609
211816889,624
211817889,586
211818889,576
211819889,581
211820889,563
211821889,566
211822889,548
211823889,544
211824889,556
211825889,519
211826889,460
211827889,496
211828889,503
211829889,497
211830889,478
211831889,495
211832889,483
211833889,500
211834889,528
211835889,521
211836889,529
211837889,518
211838889,539
211839889,528
211840889,527
211841889,527
211842889,511
211843889,496
211844889,497
211855312,435
211856312,417
211857312,415
211858312,404
211859312,399
211860312,396
211861312,406
211862312,406
211863312,432
211864312,413
211865312,407
211866312,364
211867312,389
211868312,381
211869312,378
211870312,368
211871312,359
211872312,355
211873312,359
211874312,349
211875312,351
211876312,345
211877312,324
211878312,324
211879312,322
211880312,320
211881312,307
211882312,305
211883312,300
211884312,298
211885312,287
211895763,289
211896763,284
211897763,281
211898763,287
211899763,272
211900763,267
211901763,268
211902763,252
211903763,253
211904763,250
211905763,241
211906763,247
211907763,241
211908763,241
211909763,241
211910763,236
211911763,239
211912763,228
211913763,217
211914763,223
211915763,207
211916763,208
211917763,211
211918763,203
211919763,193
211920763,196
211921763,195
211922763,191
211923763,185
211924763,187
211925763,181
211936197,176
211937197,176
211938197,159
211939197,185
211940197,189
211941197,177
211942197,193
211943197,208
211944197,199
211945197,195
211946197,196
211947197,144
211948197,189
211949197,192
211950197,186
211951197,184
211952197,188
211953197,184
211954197,178
211955197,176
211956197,180
211957197,175
211958197,179
211959197,171
211960197,169
211961197,173
211962197,175
211963197,197
211964197,220
211965197,240
211966197,240
211976648,328
211977648,336
211978648,337
211979648,335
211980648,332
211981648,329
211982648,332
211983648,320
211984648,307
211985648,301
211986648,300
211987648,299
211988648,288
211989648,277
211990648,276
211991648,276
211992648,274
211993648,311
211994648,373
211995648,405
211996648,416
211997648,458
211998648,473
211999648,478
212000648,468
212001648,455
212002648,441
212003648,431
212004648,429
212005648,417
212006648,409
212007648,462
212018071,364
212019071,336
212020071,325
212021071,327
212022071,320
212023071,311
212024071,312
212025071,305
212026071,297
212027071,337
212028071,291
212029071,278
212030071,290
212031071,320
212032071,311
212033071,311
212034071,303
212035071,297
212036071,304
212037071,293
212038071,303
212039071,298
212040071,294
212041071,297
212042071,294
212043071,304
212044071,286
212045071,285
212046071,300
212047071,337
212048071,363
212058522,460
212059522,448
212060522,448
212061522,431
212062522,421
212063522,424
212064522,402
212065522,399
212066522,400
212067522,400
212068522,413
212069522,433
212070522,433
212071522,457
212072522,445
212073522,438
212074522,436
212075522,433
212076522,439
212077522,435
212078522,432
212079522,432
212080522,431
212081522,446
212082522,485
212083522,511
212084522,529
212085522,529
212086522,511
212087522,506
212088522,507
212098956,465
212099956,468
212100956,464
212101956,450
212102956,460
212103956,435
212104956,431
212105956,430
212106956,434
212107956,464
212108956,495
212109956,492
212110956,484
212111956,473
212112956,474
212113956,470
212114956,472
212115956,472
212116956,456
212117956,452
212118956,446
212119956,437
212120956,426
212121956,416
212122956,409
212123956,399
212124956,393
212125956,384
212126956,375
212127956,363
212128956,366
212139407,357
212140407,343
212141407,365
212142407,358
212143407,365
212144407,365
212145407,355
212146407,353
212147407,375
212148407,400
212149407,406
212150407,400
212151407,401
212152407,399
212153407,381
212154407,385
212155407,371
212156407,368
212157407,365
212158407,353
212159407,358
212160407,344
212161407,336
212162407,342
212163407,336
212164407,342
212165407,337
212166407,327
212167407,304
212168407,356
212169407,365
212170407,368
212180830,332
212181830,341
212182830,349
212183830,347
212184830,352
212185830,339
212186830,323
212187830,326
212188830,311
212189830,313
212190830,324
212191830,317
212192830,316
212193830,331
212194830,316
212195830,328
212196830,320
212197830,333
212198830,306
212199830,305
212200830,291
212201830,292
212202830,285
212203830,293
212204830,282
212205830,285
212206830,277
212207830,297
212208830,305
212209830,305
212210830,291
212221281,341
212222281,340
212223281,321
212224281,321
212225281,341
212226281,299
212227281,347
212228281,336
212229281,346
212230281,339
212231281,334
212232281,338
212233281,363
212234281,336
212235281,340
212236281,315
212237281,311
212238281,279
212239281,299
212240281,304
212241281,316
212242281,317
212243281,315
212244281,311
212245281,316
212246281,315
212247281,325
212248281,347
212249281,361
212250281,392
212251281,411
212261715,390
212262715,393
212263715,391
212264715,381
212265715,383
212266715,385
212267715,377
212268715,370
212269715,381
212270715,381
212271715,383
212272715,403
212273715,409
212274715,427
212275715,439
212276715,427
212277715,415
212278715,405
212279715,401
212280715,400
212281715,387
212282715,379
212283715,366
212284715,375
212285715,377
212286715,369
212287715,368
212288715,363
212289715,365
212290715,359
212291715,352
212302166,415
212303166,412
212304166,411
212305166,420
212306166,429
212307166,445
212308166,445
212309166,431
212310166,429
212311166,433
212312166,447
212313166,460
212314166,457
212315166,465
212316166,469
212317166,469
212318166,509
212319166,463
212320166,463
212321166,459
212322166,486
212323166,527
212324166,561
212325166,593
212326166,597
212327166,615
212328166,605
212329166,594
212330166,597
212331166,609
212332166,621
212333166,607
212343593,540
212344593,540
212345593,527
212346593,498
212347593,483
212348593,476
212349593,477
212350593,464
212351593,488
212352593,480
212353593,489
212354593,503
212355593,531
212356593,502
212357593,493
212358593,483
212359593,484
212360593,481
212361593,465
212362593,483
212363593,511
212364593,508
212365593,497
212366593,496
212367593,491
212368593,489
212369593,479
212370593,454
212371593,461
212372593,464
212373593,457
212384040,672
212385040,665
212386040,690
212387040,729
212388040,747
212389040,759
212390040,758
212391040,743
212392040,729
212393040,737
212394040,769
212395040,813
212396040,817
212397040,819
212398040,805
212399040,783
212400040,769
212401040,772
212402040,790
212403040,809
212404040,859
212405040,922
212406040,961
212407040,999
212408040,1035
212409040,1047
212410040,1071
212411040,1063
212412040,1037
212413040,1011
212423458,911
212424458,912
212425458,894
212426458,880
212427458,864
212428458,847
212429458,832
212430458,844
212431458,858
212432458,839
212433458,820
212434458,811
212435458,796
212436458,782
212437458,780
212438458,796
212439458,820
212440458,839
212441458,849
212442458,856
212443458,855
212444458,852
212445458,844
212446458,841
212447458,924
212448458,1036
212449458,1099
212450458,1139
212451458,1134
212461886,1282
212462886,1251
212463886,1225
212464886,1203
212465886,1178
212466886,1143
212467886,1128
212468886,1118
212469886,1135
212470886,1171
212471886,1248
212472886,1313
212473886,1360
212474886,1373
212475886,1361
212476886,1328
212477886,1305
212478886,1301
212479886,1323
212480886,1353
212481886,1403
212482886,1456
212483886,1505
212484886,1523
212485886,1529
212496278,1360
212497278,1333
212498278,1313
212499278,1296
212500278,1291
212501278,1277
212502278,1264
212503278,1240
212504278,1228
212505278,1193
212506278,1188
212507278,1195
212508278,1197
212509278,1187
212510278,1164
212511278,1161
212512278,1153
212513278,1161
212514278,1134
212515278,1111
212516278,1108
212517278,1047
212518278,1095
212519278,1113
212529698,1313
212530698,1337
212531698,1296
212532698,1273
212533698,1269
212534698,1233
212535698,1223
212536698,1185
212537698,1165
212538698,1136
212539698,1107
212540698,1089
212541698,1065
212542698,1043
212543698,1019
212544698,1007
212545698,985
212546698,967
212547698,976
212548698,982
212549698,981
212550698,974
212551698,965
212552698,958
212553698,960
212554698,944
212565097,956
212566097,949
212567097,941
212568097,924
212569097,905
212570097,859
212571097,868
212572097,865
212573097,885
212574097,897
212575097,907
212576097,916
212577097,909
212578097,901
212579097,893
212580097,891
212581097,901
212582097,891
212583097,896
212584097,861
212585097,849
212586097,841
212587097,815
212588097,805
212589097,807
212590097,785
212591097,768
212592097,765
212593097,772
212594097,758
212595097,749
212605548,695
212606548,679
212607548,668
212608548,651
212609548,627
212610548,624
212611548,624
212612548,604
212613548,619
212614548,581
212615548,573
212616548,561
212617548,547
212618548,545
212619548,537
212620548,524
212621548,511
212622548,497
212623548,484
212624548,497
212625548,485
212626548,528
212627548,543
212628548,566
212629548,595
212630548,643
212631548,676
212632548,696
212633548,689
212634548,701
212635548,677
212636548,677
212646971,721
212647971,716
212648971,697
212649971,687
212650971,673
212651971,663
212652971,656
212653971,656
212654971,657
212655971,645
212656971,639
212657971,636
212658971,644
212659971,639
212660971,655
212661971,670
212662971,695
212663971,705
212664971,689
212665971,680
212666971,665
212667971,649
212668971,644
212669971,627
212670971,620
212671971,605
212672971,591
212673971,585
212674971,588
212675971,591
212676971,603
212687422,607
212688422,615
212689422,669
212690422,717
212691422,758
212692422,817
212693422,879
212694422,932
212695422,970
212696422,957
212697422,950
212698422,930
212699422,955
212700422,992
212701422,1051
212702422,1115
212703422,1168
212704422,1231
212705422,1276
212706422,1329
212707422,1377
212708422,1424
212709422,1433
212710422,1449
212711422,1439
212712422,1420
212713422,1382
212723863,1196
212724863,1173
212725863,1145
212726863,1117
212727863,1103
212728863,1081
212729863,1068
212730863,1039
212731863,1011
212732863,1003
212733863,973
212734863,981
212735863,973
212736863,963
212737863,961
212738863,944
212739863,923
212740863,909
212741863,848
212742863,880
212743863,852
212744863,819
212745863,867
212746863,835
212747863,812
212748863,804
212749863,788
212750863,789
212751863,791
212762255,709
212763255,707
212764255,681
212765255,678
212766255,659
212767255,651
212768255,645
212769255,649
212770255,645
212771255,628
212772255,624
212773255,617
212774255,609
212775255,593
212776255,633
212777255,674
212778255,692
212779255,703
212780255,701
212781255,693
212782255,682
212783255,673
212784255,657
212785255,644
212786255,628
212787255,621
212788255,613
212789255,614
212790255,589
212791255,587
212792255,572
212802699,511
212803699,508
212804699,505
212805699,495
212806699,508
212807699,475
212808699,469
212809699,457
212810699,404
212811699,452
212812699,464
212813699,433
212814699,484
212815699,505
212816699,511
212817699,531
212818699,496
212819699,499
212820699,496
212821699,508
212822699,506
212823699,499
212824699,496
212825699,496
212826699,485
212827699,496
212828699,505
212829699,499
212830699,537
212831699,560
212832699,571
212843132,580
212844132,623
212845132,665
212846132,703
212847132,734
212848132,733
212849132,730
212850132,719
212851132,705
212852132,693
212853132,673
212854132,659
212855132,657
212856132,653
212857132,672
212858132,688
212859132,701
212860132,691
212861132,681
212862132,676
212863132,651
212864132,640
212865132,634
212866132,612
212867132,579
212868132,588
212869132,587
212870132,569
212871132,558
212872132,547
212873132,555
212883583,554
212884583,551
212885583,545
212886583,555
212887583,511
212888583,510
212889583,511
212890583,543
212891583,527
212892583,519
212893583,500
212894583,496
212895583,479
212896583,465
212897583,467
212898583,452
212899583,448
212900583,437
212901583,437
212902583,432
212903583,432
212904583,429
212905583,444
212906583,437
212907583,461
212908583,477
212909583,495
212910583,505
212911583,553
212912583,577
212913583,545
212914583,539
212925006,505
212926006,499
212927006,496
212928006,481
212929006,474
212930006,464
212931006,459
212932006,455
212933006,445
212934006,432
212935006,432
212936006,419
212937006,411
212938006,411
212939006,423
212940006,449
212941006,491
212942006,518
212943006,503
212944006,547
212945006,566
212946006,581
212947006,576
212948006,580
212949006,572
212950006,561
212951006,545
212952006,535
212953006,537
212954006,525
212955006,520
212965457,459
212966457,456
212967457,455
212968457,459
212969457,461
212970457,497
212971457,491
212972457,473
212973457,504
212974457,489
212975457,483
212976457,492
212977457,460
212978457,452
212979457,473
212980457,495
212981457,495
212982457,509
212983457,571
212984457,567
212985457,559
212986457,559
212987457,560
212988457,545
212989457,576
212990457,576
212991457,560
212992457,561
212993457,555
212994457,580
212995457,586
213005891,641
213006891,661
213007891,687
213008891,723
213009891,721
213010891,725
213011891,795
213012891,835
213013891,844
213014891,817
213015891,845
213016891,864
213017891,858
213018891,869
213019891,912
213020891,897
213021891,880
213022891,868
213023891,886
213024891,893
213025891,877
213026891,892
213027891,851
213028891,846
213029891,834
213030891,830
213031891,852
213032891,818
213033891,828
213034891,787
213035891,769
213046342,649
213047342,675
213048342,687
213049342,656
213050342,656
213051342,656
213052342,685
213053342,705
213054342,695
213055342,676
213056342,675
213057342,672
213058342,695
213059342,647
213060342,629
213061342,625
213062342,609
213063342,597
213064342,592
213065342,576
213066342,576
213067342,577
213068342,599
213069342,592
213070342,595
213071342,643
213072342,679
213073342,673
213074342,676
213075342,682
213076342,665
213077342,663
213087765,720
213088765,721
213089765,708
213090765,704
213091765,726
213092765,755
213093765,758
213094765,816
213095765,886
213096765,907
213097765,922
213098765,889
213099765,896
213100765,873
213101765,864
213102765,839
213103765,822
213104765,812
213105765,792
213106765,789
213107765,766
213108765,739
213109765,725
213110765,715
213111765,710
213112765,689
213113765,687
213114765,678
213115765,665
213116765,646
213117765,639
213128223,577
213129224,561
213130224,557
213131224,551
213132224,548
213133224,541
213134224,558
213135224,549
213136224,538
213137224,528
213138224,511
213139224,528
213140224,511
213141224,508
213142224,488
213143224,473
213144224,489
213145224,463
213146224,473
213147224,475
213148224,465
213149224,464
213150224,450
213151224,450
213152224,436
213153224,440
213154224,435
213155224,432
213156224,434
213157224,416
213158224,421
213168650,469
213169650,474
213170650,497
213171650,535
213172650,546
213173650,551
213174650,543
213175650,532
213176650,533
213177650,533
213178650,544
213179650,560
213180650,570
213181650,591
213182650,591
213183650,581
213184650,570
213185650,558
213186650,556
213187650,529
213188650,527
213189650,525
213190650,529
213191650,533
213192650,533
213193650,511
213194650,507
213195650,523
213196650,564
213197650,587
213198650,585
213209101,560
213210101,553
213211101,539
213212101,560
213213101,565
213214101,556
213215101,559
213216101,548
213217101,534
213218101,499
213219101,511
213220101,532
213221101,558
213222101,557
213223101,544
213224101,531
213225101,539
213226101,560
213227101,551
213228101,547
213229101,537
213230101,529
213231101,523
213232101,499
213233101,495
213234101,479
213235101,479
213236101,480
213237101,457
213238101,447
213239101,457
213240101,480
213250524,649
213251524,643
213252524,649
213253524,681
213254524,721
213255524,747
213256524,747
213257524,733
213258524,721
213259524,709
213260524,694
213261524,685
213262524,679
213263524,671
213264524,678
213265524,689
213266524,713
213267524,704
213268524,704
213269524,687
213270524,698
213271524,709
213272524,697
213273524,707
213274524,693
213275524,667
213276524,657
213277524,651
213278524,659
213279524,692
213280524,707
213290975,886
213291975,873
213292975,860
213293975,846
213294975,817
213295975,822
213296975,807
213297975,787
213298975,782
213299975,761
213300975,774
213301975,781
213302975,755
213303975,765
213304975,780
213305975,773
213306975,750
213307975,735
213308975,719
213309975,736
213310975,727
213311975,723
213312975,723
213313975,720
213314975,699
213315975,687
213316975,677
213317975,671
213318975,655
213319975,642
213320975,637
213331409,683
213332409,688
213333409,689
213334409,671
213335409,681
213336409,707
213337409,738
213338409,741
213339409,732
213340409,733
213341409,734
213342409,756
213343409,766
213344409,772
213345409,785
213346409,814
213347409,816
213348409,836
213349409,833
213350409,825
213351409,811
213352409,823
213353409,851
213354409,895
213355409,941
213356409,941
213357409,928
213358409,913
213359409,943
213360409,976
213361409,1007
213371790,873
213372790,849
213373790,837
213374790,844
213375790,797
213376790,788
213377790,775
213378790,767
213379790,754
213380790,752
213381790,729
213382790,723
213383790,708
213384790,721
213385790,748
213386790,748
213387790,750
213388790,735
213389790,747
213390790,752
213391790,752
213392790,740
213393790,716
213394790,713
213395790,720
213396790,725
213397790,703
213398790,697
213399790,689
213400790,688
213401790,704
213412232,785
213413232,784
213414232,781
213415232,753
213416232,766
213417232,770
213418232,779
213419232,797
213420232,797
213421232,791
213422232,783
213423232,774
213424232,753
213425232,736
213426232,715
213427232,705
213428232,721
213429232,729
213430232,784
213431232,780
213432232,796
213433232,816
213434232,818
213435232,807
213436232,811
213437232,794
213438232,784
213439232,758
213440232,739
213441232,737
213442232,734
213452675,661
213453675,671
213454675,707
213455675,716
213456675,721
213457675,707
213458675,684
213459675,671
213460675,720
213461675,706
213462675,689
213463675,719
213464675,797
213465675,819
213466675,887
213467675,888
213468675,896
213469675,894
213470675,899
213471675,851
213472675,859
213473675,880
213474675,896
213475675,893
213476675,866
213477675,868
213478675,864
213479675,865
213480675,819
213481675,853
213482675,863
213483675,879
213494098,779
213495098,735
213496098,761
213497098,731
213498098,731
213499098,720
213500098,700
213501098,685
213502098,684
213503098,673
213504098,673
213505098,665
213506098,655
213507098,645
213508098,644
213509098,624
213510098,643
213511098,662
213512098,699
213513098,691
213514098,684
213515098,669
213516098,661
213517098,672
213518098,632
213519098,611
213520098,603
213521098,619
213522098,627
213523098,637
213524098,665
213534549,624
213535549,611
213536549,607
213537549,593
213538549,596
213539549,580
213540549,577
213541549,569
213542549,558
213543549,566
213544549,572
213545549,569
213546549,568
213547549,576
213548549,572
213549549,565
213550549,564
213551549,592
213552549,635
213553549,663
213554549,710
213555549,741
213556549,753
213557549,755
213558549,726
213559549,719
213560549,743
213561549,763
213562549,807
213563549,848
213564549,864
213574983,749
213575983,732
213576983,710
213577983,694
213578983,681
213579983,663
213580983,659
213581983,652
213582983,631
213583983,629
213584983,652
213585983,654
213586983,637
213587983,615
213588983,613
213589983,603
213590983,599
213591983,597
213592983,618
213593983,638
213594983,644
213595983,647
213596983,625
213597983,624
213598983,623
213599983,611
213600983,599
213601983,592
213602983,575
213603983,563
213604983,559
213615434,535
213616434,562
213617434,564
213618434,562
213619434,596
213620434,637
213621434,656
213622434,655
213623434,641
213624434,635
213625434,628
213626434,624
213627434,605
213628434,592
213629434,590
213630434,569
213631434,561
213632434,556
213633434,531
213634434,527
213635434,511
213636434,497
213637434,488
213638434,481
213639434,496
213640434,508
213641434,528
213642434,527
213643434,511
213644434,529
213645434,564
213646434,521
213656857,463
213657857,464
213658857,453
213659857,453
213660857,473
213661857,487
213662857,493
213663857,498
213664857,491
213665857,508
213666857,500
213667857,497
213668857,496
213669857,487
213670857,483
213671857,494
213672857,511
213673857,499
213674857,488
213675857,486
213676857,465
213677857,467
213678857,492
213679857,507
213680857,508
213681857,500
213682857,495
213683857,495
213684857,480
213685857,473
213686857,464
213697308,381
213698308,369
213699308,382
213700308,358
213701308,351
213702308,350
213703308,341
213704308,367
213705308,369
213706308,379
213707308,369
213708308,368
213709308,367
213710308,385
213711308,400
213712308,423
213713308,418
213714308,435
213715308,432
213716308,433
213717308,439
213718308,438
213719308,431
213720308,432
213721308,430
213722308,431
213723308,416
213724308,405
213725308,406
213726308,396
213727308,400
213737742,443
213738742,425
213739742,424
213740742,400
213741742,401
213742742,429
213743742,432
213744742,419
213745742,402
213746742,400
213747742,401
213748742,399
213749742,393
213750742,397
213751742,394
213752742,415
213753742,387
213754742,400
213755742,407
213756742,416
213757742,411
213758742,439
213759742,458
213760742,457
213761742,460
213762742,441
213763742,432
213764742,429
213765742,432
213766742,436
213767742,453
213778192,540
213779192,544
213780192,548
213781192,548
213782192,527
213783192,532
213784192,499
213785192,496
213786192,487
213787192,469
213788192,464
213789192,453
213790192,448
213791192,445
213792192,425
213793192,429
213794192,409
213795192,409
213796192,433
213797192,465
213798192,483
213799192,493
213800192,487
213801192,507
213802192,563
213803192,557
213804192,605
213805192,595
213806192,608
213807192,603
213808192,613
213809192,602
213819616,569
213820616,558
213821616,556
213822616,537
213823616,529
213824616,497
213825616,511
213826616,524
213827616,524
213828616,529
213829616,545
213830616,547
213831616,543
213832616,523
213833616,509
213834616,499
213835616,494
213836616,485
213837616,492
213838616,496
213839616,491
213840616,492
213841616,478
213842616,468
213843616,462
213844616,463
213845616,451
213846616,448
213847616,443
213848616,451
213849616,441
213860066,416
213861066,426
213862066,406
213863066,402
213864066,408
213865066,383
213866066,377
213867066,373
213868066,372
213869066,365
213870066,356
213871066,347
213872066,364
213873066,398
213874066,398
213875066,391
213876066,427
213877066,435
213878066,461
213879066,463
213880066,461
213881066,449
213882066,441
213883066,431
213884066,419
213885066,405
213886066,405
213887066,395
213888066,400
213889066,385
213890066,379
213900500,403
213901500,417
213902500,417
213903500,426
213904500,405
213905500,402
213906500,401
213907500,397
213908500,393
213909500,384
213910500,396
213911500,419
213912500,420
213913500,420
213914500,399
213915500,400
213916500,396
213917500,397
213918500,401
213919500,400
213920500,399
213921500,429
213922500,423
213923500,424
213924500,416
213925500,407
213926500,416
213927500,416
213928500,395
213929500,400
213930500,407
213940951,509
213941951,542
213942951,529
213943951,528
213944951,508
213945951,499
213946951,495
213947951,481
213948951,471
213949951,461
213950951,463
213951951,452
213952951,467
213953951,458
213954951,452
213955951,465
213956951,460
213957951,453
213958951,445
213959951,449
213960951,436
213961951,433
213962951,436
213963951,449
213964951,449
213965951,464
213966951,489
213967951,507
213968951,511
213969951,548
213970951,547
213971951,537
213982374,463
213983374,487
213984374,471
213985374,479
213986374,467
213987374,484
213988374,484
213989374,496
213990374,480
213991374,466
213992374,471
213993374,460
213994374,449
213995374,453
213996374,443
213997374,437
213998374,459
213999374,416
214000374,433
214001374,432
214002374,411
214003374,412
214004374,415
214005374,411
214006374,436
214007374,433
214008374,433
214009374,465
214010374,527
214011374,580
214012374,586
214022825,609
214023825,612
214024825,592
214025825,591
214026825,624
214027825,652
214028825,656
214029825,651
214030825,640
214031825,621
214032825,613
214033825,567
214034825,602
214035825,580
214036825,561
214037825,560
214038825,557
214039825,547
214040825,551
214041825,571
214042825,573
214043825,567
214044825,593
214045825,581
214046825,557
214047825,540
214048825,529
214049825,509
214050825,499
214051825,471
214052825,496
214063259,526
214064259,553
214065259,583
214066259,596
214067259,628
214068259,620
214069259,612
214070259,601
214071259,593
214072259,583
214073259,589
214074259,571
214075259,574
214076259,567
214077259,559
214078259,552
214079259,563
214080259,544
214081259,531
214082259,543
214083259,547
214084259,571
214085259,575
214086259,567
214087259,598
214088259,609
214089259,723
214090259,721
214091259,709
214092259,705
214093259,688
214103710,688
214104710,749
214105710,749
214106710,731
214107710,723
214108710,724
214109710,727
214110710,758
214111710,781
214112710,780
214113710,779
214114710,787
214115710,781
214116710,777
214117710,755
214118710,755
214119710,753
214120710,737
214121710,737
214122710,731
214123710,737
214124710,773
214125710,801
214126710,807
214127710,817
214128710,868
214129710,913
214130710,944
214131710,965
214132710,975
214133710,963
214134710,934
214145133,905
214146133,908
214147133,891
214148133,867
214149133,854
214150133,833
214151133,839
214152133,816
214153133,809
214154133,798
214155133,787
214156133,779
214157133,774
214158133,764
214159133,755
214160133,768
214161133,769
214162133,766
214163133,795
214164133,796
214165133,787
214166133,769
214167133,759
214168133,746
214169133,722
214170133,709
214171133,705
214172133,698
214173133,703
214174133,734
214175133,731
214185587,807
214186587,799
214187587,799
214188587,805
214189587,787
214190587,759
214191587,757
214192587,767
214193587,755
214194587,745
214195587,753
214196587,740
214197587,723
214198587,735
214199587,756
214200587,747
214201587,730
214202587,711
214203587,701
214204587,655
214205587,684
214206587,667
214207587,665
214208587,629
214209587,623
214210587,624
214211587,611
214212587,621
214213587,635
214214587,633
214215587,617
214226018,597
214227018,596
214228018,605
214229018,603
214230018,627
214231018,639
214232018,635
214233018,662
214234018,692
214235018,703
214236018,685
214237018,677
214238018,672
214239018,656
214240018,644
214241018,637
214242018,617
214243018,611
214244018,601
214245018,592
214246018,580
214247018,579
214248018,576
214249018,560
214250018,560
214251018,547
214252018,541
214253018,528
214254018,511
214255018,497
214256018,505
214266477,489
214267477,499
214268477,499
214269477,536
214270477,577
214271477,602
214272477,617
214273477,592
214274477,623
214275477,624
214276477,618
214277477,608
214278477,597
214279477,590
214280477,571
214281477,571
214282477,592
214283477,620
214284477,661
214285477,676
214286477,677
214287477,687
214288477,735
214289477,811
214290477,857
214291477,883
214292477,921
214293477,914
214294477,884
214295477,884
214296477,883
214297477,912
214307892,865
214308892,859
214309892,889
214310892,847
214311892,839
214312892,843
214313892,852
214314892,848
214315892,885
214316892,817
214317892,842
214318892,830
214319892,833
214320892,828
214321892,805
214322892,791
214323892,774
214324892,758
214325892,753
214326892,764
214327892,763
214328892,768
214329892,779
214330892,755
214331892,763
214332892,751
214333892,749
214334892,753
214335892,727
214336892,739
214337892,740
214348343,697
214349343,720
214350343,707
214351343,717
214352343,699
214353343,688
214354343,669
214355343,661
214356343,643
214357343,645
214358343,627
214359343,625
214360343,624
214361343,595
214362343,592
214363343,623
214364343,625
214365343,620
214366343,624
214367343,620
214368343,620
214369343,593
214370343,593
214371343,589
214372343,577
214373343,565
214374343,551
214375343,545
214376343,547
214377343,540
214378343,511
214388777,502
214389777,501
214390777,499
214391777,521
214392777,502
214393777,519
214394777,508
214395777,503
214396777,487
214397777,484
214398777,487
214399777,461
214400777,462
214401777,463
214402777,457
214403777,453
214404777,438
214405777,432
214406777,431
214407777,425
214408777,409
214409777,415
214410777,443
214411777,434
214412777,473
214413777,507
214414777,507
214415777,527
214416777,496
214417777,497
214418777,499
214429235,443
214430235,425
214431235,395
214432235,422
214433235,432
214434235,433
214435235,423
214436235,429
214437235,430
214438235,432
214439235,442
214440235,471
214441235,482
214442235,534
214443235,593
214444235,641
214445235,641
214446235,624
214447235,618
214448235,595
214449235,593
214450235,584
214451235,584
214452235,576
214453235,561
214454235,561
214455235,559
214456235,543
214457235,544
214458235,541
214459235,554
214460235,576
214470651,578
214471651,579
214472651,558
214473651,584
214474651,613
214475651,609
214476651,592
214477651,587
214478651,575
214479651,571
214480651,560
214481651,550
214482651,553
214483651,591
214484651,614
214485651,628
214486651,623
214487651,622
214488651,601
214489651,579
214490651,581
214491651,567
214492651,597
214493651,611
214494651,604
214495651,613
214496651,592
214497651,641
214498651,653
214499651,675
214500651,667
214511102,573
214512102,560
214513102,552
214514102,573
214515102,596
214516102,587
214517102,579
214518102,607
214519102,622
214520102,607
214521102,607
214522102,610
214523102,621
214524102,624
214525102,617
214526102,606
214527102,601
214528102,593
214529102,573
214530102,560
214531102,557
214532102,556
214533102,554
214534102,547
214535102,496
214536102,528
214537102,540
214538102,589
214539102,625
214540102,647
214541102,633
214551535,701
214552535,692
214553535,688
214554535,695
214555535,688
214556535,697
214557535,694
214558535,691
214559535,673
214560535,655
214561535,689
214562535,705
214563535,699
214564535,683
214565535,676
214566535,677
214567535,668
214568535,655
214569535,639
214570535,652
214571535,676
214572535,689
214573535,687
214574535,697
214575535,725
214576535,709
214577535,712
214578535,691
214579535,686
214580535,697
214581535,701
214591986,667
214592986,679
214593986,689
214594986,677
214595986,724
214596986,748
214597986,748
214598986,733
214599986,718
214600986,707
214601986,691
214602986,671
214603986,665
214604986,667
214605986,657
214606986,643
214607986,635
214608986,617
214609986,603
214610986,621
214611986,595
214612986,596
214613986,599
214614986,615
214615986,619
214616986,623
214617986,627
214618986,636
214619986,631
214620986,641
214621986,624
214622986,624
214633410,654
214634410,669
214635410,661
214636410,672
214637410,688
214638410,689
214639410,690
214640410,661
214641410,643
214642410,650
214643410,625
214644410,651
214645410,672
214646410,686
214647410,663
214648410,721
214649410,751
214650410,775
214651410,765
214652410,757
214653410,741
214654410,719
214655410,712
214656410,695
214657410,691
214658410,685
214659410,713
214660410,785
214661410,847
214662410,837
214663410,889
214673860,1008
214674860,1002
214675860,971
214676860,984
214677860,977
214678860,974
214679860,976
214680860,974
214681860,1018
214682860,976
214683860,979
214684860,975
214685860,957
214686860,955
214687860,922
214688860,916
214689860,887
214690860,864
214691860,859
214692860,841
214693860,837
214694860,863
214695860,884
214696860,898
214697860,876
214698860,869
214699860,856
214700860,828
214701860,832
214702860,859
214713253,863
214714253,858
214715253,847
214716253,813
214717253,800
214718253,794
214719253,832
214720253,799
214721253,795
214722253,783
214723253,773
214724253,751
214725253,748
214726253,751
214727253,753
214728253,749
214729253,759
214730253,803
214731253,777
214732253,772
214733253,779
214734253,753
214735253,751
214736253,765
214737253,763
214738253,783
214739253,775
214740253,749
214741253,752
214742253,749
214743253,739
214753704,802
214754704,812
214755704,787
214756704,780
214757704,756
214758704,757
214759704,771
214760704,755
214761704,753
214762704,759
214763704,752
214764704,749
214765704,755
214766704,741
214767704,748
214768704,730
214769704,724
214770704,733
214771704,736
214772704,732
214773704,761
214774704,810
214775704,837
214776704,781
214777704,795
214778704,845
214779704,927
214780704,969
214781704,997
214782704,982
214783704,961
214784704,940
214795127,868
214796127,841
214797127,834
214798127,815
214799127,814
214800127,811
214801127,819
214802127,800
214803127,809
214804127,814
214805127,825
214806127,815
214807127,813
214808127,789
214809127,779
214810127,753
214811127,751
214812127,732
214813127,721
214814127,729
214815127,729
214816127,719
214817127,707
214818127,697
214819127,685
214820127,677
214821127,655
214822127,647
214823127,678
214824127,692
214825127,673
214835582,728
214836582,707
214837582,700
214838582,690
214839582,674
214840582,691
214841582,679
214842582,675
214843582,657
214844582,654
214845582,635
214846582,635
214847582,617
214848582,603
214849582,613
214850582,601
214851582,592
214852582,590
214853582,592
214854582,605
214855582,608
214856582,591
214857582,593
214858582,591
214859582,583
214860582,582
214861582,572
214862582,586
214863582,603
214864582,639
214865582,641
214876011,617
214877011,593
214878011,587
214879011,599
214880011,635
214881011,655
214882011,656
214883011,635
214884011,619
214885011,609
214886011,619
214887011,641
214888011,667
214889011,688
214890011,690
214891011,692
214892011,691
214893011,737
214894011,750
214895011,757
214896011,756
214897011,769
214898011,756
214899011,747
214900011,737
214901011,746
214902011,753
214903011,730
214904011,721
214905011,751
214906011,789
214916462,977
214917462,969
214918462,987
214919462,987
214920462,1004
214921462,1021
214922462,997
214923462,991
214924462,1023
214925462,1069
214926462,1023
214927462,999
214928462,991
214929462,990
214930462,976
214931462,960
214932462,935
214933462,918
214934462,912
214935462,927
214936462,949
214937462,944
214938462,921
214939462,923
214940462,963
214941462,996
214942462,1008
214943462,980
214944462,987
214945462,967
214955889,788
214956889,795
214957889,757
214958889,769
214959889,803
214960889,832
214961889,878
214962889,880
214963889,901
214964889,957
214965889,976
214966889,962
214967889,944
214968889,927
214969889,933
214970889,917
214971889,900
214972889,893
214973889,881
214974889,876
214975889,887
214976889,930
214977889,948
214978889,963
214979889,1023
214980889,1073
214981889,1067
214982889,1046
214983889,1040
214984889,1056
214995298,955
214996298,944
214997298,928
214998298,905
214999298,862
215000298,880
215001298,867
215002298,848
215003298,831
215004298,832
215005298,855
215006298,889
215007298,911
215008298,897
215009298,928
215010298,916
215011298,923
215012298,934
215013298,940
215014298,931
215015298,926
215016298,914
215017298,901
215018298,897
215019298,908
215020298,876
215021298,868
215022298,853
215023298,832
215024298,801
215034690,749
215035690,717
215036690,711
215037690,700
215038690,689
215039690,684
215040690,675
215041690,689
215042690,711
215043690,754
215044690,781
215045690,773
215046690,783
215047690,770
215048690,765
215049690,770
215050690,818
215051690,835
215052690,849
215053690,831
215054690,838
215055690,863
215056690,900
215057690,937
215058690,945
215059690,966
215060690,949
215061690,944
215062690,944
215063690,946
215064690,961
215065690,963
215076113,880
215077113,870
215078113,854
215079113,851
215080113,835
215081113,815
215082113,789
215083113,779
215084113,755
215085113,769
215086113,768
215087113,793
215088113,784
215089113,763
215090113,737
215091113,763
215092113,751
215093113,761
215094113,817
215095113,895
215096113,922
215097113,912
215098113,882
215099113,868
215100113,863
215101113,868
215102113,837
215103113,807
215104113,801
215105113,784
215106113,780
215116567,726
215117567,707
215118567,692
215119567,688
215120567,679
215121567,665
215122567,659
215123567,647
215124567,653
215125567,646
215126567,638
215127567,626
215128567,613
215129567,599
215130567,589
215131567,586
215132567,597
215133567,596
215134567,601
215135567,569
215136567,587
215137567,592
215138567,598
215139567,605
215140567,624
215141567,637
215142567,640
215143567,624
215144567,603
215145567,585
215146567,592
215156998,574
215157998,577
215158998,582
215159998,580
215160998,575
215161998,560
215162998,557
215163998,561
215164998,571
215165998,587
215166998,592
215167998,593
215168998,649
215169998,688
215170998,691
215171998,703
215172998,715
215173998,704
215174998,689
215175998,678
215176998,667
215177998,654
215178998,647
215179998,629
215180998,617
215181998,619
215182998,607
215183998,611
215184998,589
215185998,583
215186998,577
215197449,848
215198449,883
215199449,888
215200449,880
215201449,873
215202449,851
215203449,882
215204449,929
215205449,988
215206449,1007
215207449,1008
215208449,1052
215209449,1088
215210449,1106
215211449,1153
215212449,1181
215213449,1178
215214449,1162
215215449,1136
215216449,1107
215217449,1083
215218449,1071
215219449,1052
215220449,1019
215221449,993
215222449,990
215223449,985
215233820,991
215234820,1010
215235820,1065
215236820,1038
215237820,1035
215238820,1031
215239820,990
215240820,979
215241820,960
215242820,956
215243820,979
215244820,1005
215245820,992
215246820,985
215247820,973
215248820,993
215249820,977
215250820,957
215251820,947
215252820,916
215253820,893
215254820,885
215255820,865
215256820,848
215257820,832
215258820,822
215259820,803
215260820,779
215261820,796
215262820,769
215273255,764
215274255,759
215275255,763
215276255,772
215277255,803
215278255,812
215279255,792
215280255,800
215281255,785
215282255,808
215283255,819
215284255,805
215285255,816
215286255,833
215287255,885
215288255,929
215289255,961
215290255,961
215291255,998
215292255,1015
215293255,1040
215294255,1087
215295255,1120
215296255,1093
215297255,1131
215298255,1107
215299255,1107
215300255,1151
215310642,1257
215311642,1233
215312642,1213
215313642,1183
215314642,1143
215315642,1153
215316642,1151
215317642,1135
215318642,1103
215319642,1087
215320642,1069
215321642,1076
215322642,1081
215323642,1081
215324642,1097
215325642,1085
215326642,1072
215327642,1066
215328642,1061
215329642,1102
215330642,1168
215331642,1181
215332642,1168
215333642,1148
215344062,1491
215345062,1597
215346062,1649
215347062,1638
215348062,1621
215349062,1598
215350062,1559
215351062,1515
215352062,1524
215353062,1513
215354062,1497
215355062,1507
215356062,1514
215357062,1485
215358062,1504
215359062,1518
215360062,1492
215361062,1457
215362062,1424
215363062,1427
215364062,1453
215365062,1516
215366062,1569
215367062,1554
215368062,1599
215378454,1508
215379454,1487
215380454,1481
215381454,1489
215382454,1482
215383454,1452
215384454,1420
215385454,1411
215386454,1399
215387454,1370
215388454,1338
215389454,1331
215390454,1385
215391454,1440
215392454,1455
215393454,1440
215394454,1409
215395454,1409
215396454,1414
215397454,1417
215398454,1385
215399454,1363
215400454,1357
215401454,1315
215411874,1297
215412874,1278
215413874,1253
215414874,1243
215415874,1248
215416874,1264
215417874,1259
215418874,1247
215419874,1229
215420874,1195
215421874,1187
215422874,1191
215423874,1232
215424874,1229
215425874,1241
215426874,1312
215427874,1379
215428874,1392
215429874,1375
215430874,1347
215431874,1326
215432874,1299
215433874,1263
215434874,1260
215445294,1173
215446294,1168
215447294,1153
215448294,1125
215449294,1134
215450294,1137
215451294,1164
215452294,1135
215453294,1165
215454294,1157
215455294,1139
215456294,1123
215457294,1132
215458294,1132
215459294,1111
215460294,1091
215461294,1089
215462294,1084
215463294,1075
215464294,1073
215465294,1068
215466294,1051
215467294,1036
215468294,1040
215478696,882
215479696,869
215480696,854
215481696,832
215482696,837
215483696,795
215484696,806
215485696,791
215486696,771
215487696,757
215488696,759
215489696,740
215490696,743
215491696,758
215492696,766
215493696,763
215494696,752
215495696,745
215496696,728
215497696,714
215498696,752
215499696,788
215500696,785
215501696,780
215502696,780
215503696,767
215504696,768
215505696,752
215506696,749
215507696,784
215508696,825
215519147,764
215520147,753
215521147,777
215522147,764
215523147,784
215524147,773
215525147,771
215526147,753
215527147,755
215528147,748
215529147,741
215530147,737
215531147,721
215532147,713
215533147,699
215534147,679
215535147,713
215536147,641
215537147,693
215538147,695
215539147,720
215540147,723
215541147,711
215542147,688
215543147,660
215544147,661
215545147,655
215546147,624
215547147,624
215548147,629
215549147,625
215550147,619
215560575,752
215561575,745
215562575,738
215563575,731
215564575,716
215565575,722
215566575,732
215567575,779
215568575,801
215569575,801
215570575,828
215571575,813
215572575,815
215573575,816
215574575,800
215575575,775
215576575,763
215577575,751
215578575,739
215579575,734
215580575,730
215581575,713
215582575,705
215583575,708
215584575,707
215585575,718
215586575,727
215587575,755
215588575,797
215589575,780
215590575,833
215601021,906
215602021,891
215603021,879
215604021,858
215605021,873
215606021,886
215607021,921
215608021,912
215609021,892
215610021,880
215611021,870
215612021,881
215613021,877
215614021,860
215615021,841
215616021,832
215617021,833
215618021,816
215619021,790
215620021,783
215621021,765
215622021,754
215623021,736
215624021,720
215625021,697
215626021,699
215627021,681
215628021,672
215629021,668
215630021,648
215631021,633
215641464,508
215642464,496
215643464,493
215644464,496
215645464,548
215646464,600
215647464,592
215648464,587
215649464,578
215650464,585
215651464,602
215652464,628
215653464,626
215654464,629
215655464,628
215656464,639
215657464,625
215658464,638
215659464,608
215660464,608
215661464,657
215662464,721
215663464,769
215664464,780
215665464,836
215666464,880
215667464,886
215668464,872
215669464,855
215670464,894
215671464,908
215681906,874
215682906,878
215683906,867
215684906,881
215685906,895
215686906,883
215687906,859
215688906,849
215689906,835
215690906,829
215691906,836
215692906,816
215693906,803
215694906,799
215695906,741
215696906,771
215697906,793
215698906,835
215699906,883
215700906,881
215701906,909
215702906,956
215703906,964
215704906,961
215705906,945
215706906,957
215707906,917
215708906,884
215709906,896
215710906,855
215711906,832
215712906,828
215723329,1072
215724329,1067
215725329,1071
215726329,1069
215727329,1045
215728329,1033
215729329,1009
215730329,957
215731329,977
215732329,994
215733329,1002
215734329,1011
215735329,1035
215736329,1061
215737329,1038
215738329,1023
215739329,993
215740329,951
215741329,980
215742329,976
215743329,1003
215744329,1021
215745329,1023
215746329,1023
215747329,1001
215748329,976
215758745,805
215759745,781
215760745,773
215761745,752
215762745,759
215763745,760
215764745,745
215765745,733
215766745,733
215767745,725
215768745,710
215769745,695
215770745,685
215771745,677
215772745,685
215773745,697
215774745,690
215775745,688
215776745,670
215777745,677
215778745,697
215779745,697
215780745,688
215781745,715
215782745,715
215783745,724
215784745,720
215785745,690
215786745,686
215787745,684
215788745,650
215799196,557
215800196,548
215801196,529
215802196,540
215803196,527
215804196,540
215805196,568
215806196,576
215807196,580
215808196,560
215809196,560
215810196,564
215811196,548
215812196,579
215813196,590
215814196,612
215815196,592
215816196,576
215817196,560
215818196,547
215819196,533
215820196,565
215821196,557
215822196,548
215823196,545
215824196,560
215825196,549
215826196,547
215827196,547
215828196,564
215829196,549
215839630,655
215840630,703
215841630,668
215842630,656
215843630,640
215844630,625
215845630,613
215846630,614
215847630,591
215848630,593
215849630,581
215850630,576
215851630,569
215852630,531
215853630,587
215854630,573
215855630,564
215856630,526
215857630,556
215858630,539
215859630,523
215860630,532
215861630,511
215862630,490
215863630,489
215864630,479
215865630,473
215866630,463
215867630,449
215868630,449
215869630,439
215880081,436
215881081,448
215882081,433
215883081,433
215884081,431
215885081,423
215886081,413
215887081,386
215888081,395
215889081,401
215890081,420
215891081,399
215892081,377
215893081,391
215894081,394
215895081,437
215896081,420
215897081,462
215898081,481
215899081,528
215900081,569
215901081,564
215902081,569
215903081,555
215904081,541
215905081,531
215906081,511
215907081,510
215908081,511
215909081,500
215910081,499
215911081,543
215921504,559
215922504,539
215923504,511
215924504,511
215925504,511
215926504,496
215927504,497
215928504,479
215929504,478
215930504,469
215931504,453
215932504,448
215933504,437
215934504,432
215935504,391
215936504,415
215937504,409
215938504,395
215939504,401
215940504,401
215941504,371
215942504,384
215943504,374
215944504,368
215945504,353
215946504,359
215947504,347
215948504,339
215949504,336
215950504,347
215951504,329
215961955,365
215962955,350
215963955,336
215964955,341
215965955,337
215966955,324
215967955,319
215968955,316
215969955,304
215970955,300
215971955,304
215972955,308
215973955,288
215974955,273
215975955,281
215976955,289
215977955,285
215978955,277
215979955,284
215980955,277
215981955,272
215982955,285
215983955,293
215984955,301
215985955,292
215986955,289
215987955,281
215988955,292
215989955,293
215990955,278
215991955,289
216002389,423
216003389,410
216004389,415
216005389,449
216006389,457
216007389,475
216008389,495
216009389,496
216010389,496
216011389,490
216012389,478
216013389,494
216014389,528
216015389,525
216016389,535
216017389,511
216018389,496
216019389,485
216020389,481
216021389,459
216022389,469
216023389,461
216024389,430
216025389,465
216026389,474
216027389,484
216028389,464
216029389,471
216030389,474
216031389,441
216032389,427
216042840,548
216043840,531
216044840,525
216045840,547
216046840,560
216047840,587
216048840,601
216049840,631
216050840,640
216051840,662
216052840,683
216053840,708
216054840,713
216055840,715
216056840,723
216057840,734
216058840,724
216059840,725
216060840,708
216061840,736
216062840,733
216063840,716
216064840,709
216065840,687
216066840,677
216067840,677
216068840,687
216069840,698
216070840,709
216071840,713
216072840,726
216073840,742
216084266,675
216085266,681
216086266,686
216087266,688
216088266,705
216089266,723
216090266,775
216091266,745
216092266,727
216093266,722
216094266,726
216095266,710
216096266,705
216097266,688
216098266,684
216099266,679
216100266,661
216101266,665
216102266,666
216103266,667
216104266,660
216105266,651
216106266,643
216107266,649
216108266,635
216109266,671
216110266,689
216111266,664
216112266,677
216113266,690
216114266,679
216124714,603
216125714,624
216126714,665
216127714,659
216128714,697
216129714,717
216130714,723
216131714,708
216132714,709
216133714,719
216134714,723
216135714,746
216136714,772
216137714,787
216138714,779
216139714,771
216140714,773
216141714,779
216142714,769
216143714,773
216144714,749
216145714,725
216146714,715
216147714,710
216148714,711
216149714,720
216150714,701
216151714,691
216152714,693
216153714,699
216154714,707
216165148,689
216166148,711
216167148,736
216168148,736
216169148,724
216170148,704
216171148,705
216172148,728
216173148,756
216174148,781
216175148,787
216176148,828
216177148,809
216178148,880
216179148,931
216180148,989
216181148,971
216182148,959
216183148,941
216184148,947
216185148,977
216186148,976
216187148,964
216188148,964
216189148,943
216190148,924
216191148,895
216192148,887
216193148,876
216194148,861
216195148,859
216205599,729
216206599,720
216207599,708
216208599,695
216209599,688
216210599,682
216211599,681
216212599,659
216213599,650
216214599,644
216215599,624
216216599,613
216217599,609
216218599,600
216219599,588
216220599,576
216221599,577
216222599,557
216223599,560
216224599,549
216225599,550
216226599,555
216227599,537
216228599,546
216229599,529
216230599,561
216231599,561
216232599,547
216233599,545
216234599,549
216235599,551
216236599,548
216247022,651
216248022,649
216249022,639
216250022,614
216251022,611
216252022,601
216253022,592
216254022,571
216255022,564
216256022,555
216257022,551
216258022,569
216259022,588
216260022,582
216261022,583
216262022,577
216263022,572
216264022,567
216265022,559
216266022,545
216267022,529
216268022,525
216269022,511
216270022,528
216271022,511
216272022,501
216273022,496
216274022,500
216275022,505
216276022,496
216277022,501
216287473,542
216288473,549
216289473,560
216290473,567
216291473,561
216292473,548
216293473,553
216294473,555
216295473,531
216296473,529
216297473,541
216298473,555
216299473,551
216300473,537
216301473,542
216302473,528
216303473,511
216304473,503
216305473,505
216306473,495
216307473,483
216308473,464
216309473,470
216310473,443
216311473,460
216312473,479
216313473,493
216314473,493
216315473,492
216316473,489
216317473,491
216327907,469
216328907,464
216329907,461
216330907,443
216331907,452
216332907,468
216333907,525
216334907,558
216335907,592
216336907,637
216337907,659
216338907,665
216339907,656
216340907,663
216341907,695
216342907,763
216343907,798
216344907,830
216345907,845
216346907,848
216347907,845
216348907,831
216349907,813
216350907,796
216351907,784
216352907,761
216353907,751
216354907,732
216355907,715
216356907,710
216357907,683
216368358,565
216369358,555
216370358,543
216371358,502
216372358,509
216373358,511
216374358,503
216375358,496
216376358,482
216377358,480
216378358,463
216379358,453
216380358,443
216381358,441
216382358,448
216383358,481
216384358,541
216385358,584
216386358,615
216387358,644
216388358,646
216389358,625
216390358,636
216391358,656
216392358,693
216393358,691
216394358,678
216395358,668
216396358,672
216397358,709
216398358,727
216399358,742
216409781,691
216410781,685
216411781,667
216412781,656
216413781,647
216414781,637
216415781,620
216416781,617
216417781,587
216418781,585
216419781,590
216420781,579
216421781,602
216422781,591
216423781,591
216424781,592
216425781,569
216426781,559
216427781,561
216428781,558
216429781,559
216430781,544
216431781,537
216432781,528
216433781,511
216434781,511
216435781,500
216436781,511
216437781,525
216438781,525
216439781,505
216450240,563
216451240,563
216452240,583
216453240,618
216454240,644
216455240,656
216456240,675
216457240,671
216458240,682
216459240,667
216460240,654
216461240,667
216462240,719
216463240,773
216464240,827
216465240,848
216466240,848
216467240,843
216468240,836
216469240,828
216470240,827
216471240,841
216472240,845
216473240,821
216474240,809
216475240,793
216476240,795
216477240,785
216478240,775
216479240,769
216480240,768
216490665,659
216491665,635
216492665,660
216493665,624
216494665,648
216495665,661
216496665,657
216497665,663
216498665,640
216499665,625
216500665,620
216501665,630
216502665,628
216503665,626
216504665,615
216505665,603
216506665,594
216507665,625
216508665,588
216509665,576
216510665,570
216511665,561
216512665,545
216513665,544
216514665,532
216515665,529
216516665,524
216517665,511
216518665,507
216519665,497
216520665,496
216531116,407
216532116,416
216533116,427
216534116,418
216535116,401
216536116,395
216537116,397
216538116,383
216539116,377
216540116,370
216541116,355
216542116,353
216543116,381
216544116,413
216545116,443
216546116,480
216547116,511
216548116,555
216549116,583
216550116,576
216551116,572
216552116,589
216553116,639
216554116,685
216555116,720
216556116,741
216557116,766
216558116,721
216559116,707
216560116,705
216561116,723
216562116,736
216572539,676
216573539,651
216574539,641
216575539,627
216576539,639
216577539,655
216578539,665
216579539,675
216580539,684
216581539,685
216582539,685
216583539,669
216584539,656
216585539,649
216586539,640
216587539,634
216588539,618
216589539,592
216590539,595
216591539,585
216592539,581
216593539,573
216594539,567
216595539,560
216596539,511
216597539,528
216598539,533
216599539,531
216600539,528
216601539,511
216602539,499
216612990,433
216613990,425
216614990,432
216615990,464
216616990,529
216617990,593
216618990,637
216619990,656
216620990,651
216621990,641
216622990,624
216623990,611
216624990,625
216625990,658
216626990,716
216627990,729
216628990,745
216629990,750
216630990,752
216631990,761
216632990,761
216633990,762
216634990,747
216635990,735
216636990,711
216637990,705
216638990,693
216639990,672
216640990,682
216641990,675
216642990,667
216653424,679
216654424,700
216655424,670
216656424,663
216657424,655
216658424,644
216659424,635
216660424,629
216661424,621
216662424,617
216663424,587
216664424,580
216665424,579
216666424,573
216667424,559
216668424,565
216669424,548
216670424,538
216671424,547
216672424,511
216673424,506
216674424,499
216675424,539
216676424,527
216677424,511
216678424,500
216679424,529
216680424,559
216681424,577
216682424,581
216683424,576
216693875,603
216694875,647
216695875,668
216696875,661
216697875,641
216698875,635
216699875,675
216700875,720
216701875,750
216702875,752
216703875,790
216704875,795
216705875,829
216706875,867
216707875,911
216708875,923
216709875,907
216710875,899
216711875,881
216712875,896
216713875,930
216714875,987
216715875,1036
216716875,1046
216717875,1159
216718875,1193
216719875,1209
216720875,1208
216721875,1189
216722875,1162
216733302,944
216734302,917
216735302,908
216736302,883
216737302,867
216738302,848
216739302,823
216740302,813
216741302,801
216742302,802
216743302,784
216744302,785
216745302,823
216746302,801
216747302,795
216748302,784
216749302,774
216750302,770
216751302,791
216752302,767
216753302,753
216754302,749
216755302,736
216756302,717
216757302,717
216758302,720
216759302,702
216760302,699
216761302,685
216762302,684
216772694,685
216773694,662
216774694,644
216775694,656
216776694,663
216777694,665
216778694,660
216779694,624
216780694,625
216781694,624
216782694,624
216783694,639
216784694,638
216785694,633
216786694,651
216787694,624
216788694,609
216789694,604
216790694,593
216791694,603
216792694,598
216793694,598
216794694,589
216795694,580
216796694,587
216797694,599
216798694,614
216799694,603
216800694,602
216801694,595
216802694,591
216803694,576
216814117,496
216815117,499
216816117,496
216817117,493
216818117,489
216819117,473
216820117,441
216821117,511
216822117,478
216823117,481
216824117,467
216825117,474
216826117,487
216827117,479
216828117,481
216829117,476
216830117,467
216831117,451
216832117,443
216833117,447
216834117,435
216835117,442
216836117,430
216837117,435
216838117,444
216839117,448
216840117,452
216841117,451
216842117,443
216843117,427
216844117,427
216854572,502
216855572,565
216856572,564
216857572,592
216858572,596
216859572,579
216860572,574
216861572,564
216862572,564
216863572,596
216864572,609
216865572,629
216866572,663
216867572,697
216868572,752
216869572,801
216870572,833
216871572,819
216872572,800
216873572,786
216874572,779
216875572,781
216876572,773
216877572,792
216878572,816
216879572,814
216880572,807
216881572,782
216882572,784
216883572,749
216884572,753
216895002,674
216896002,681
216897002,683
216898002,679
216899002,687
216900002,678
216901002,671
216902002,661
216903002,640
216904002,627
216905002,624
216906002,612
216907002,609
216908002,585
216909002,593
216910002,561
216911002,557
216912002,556
216913002,549
216914002,533
216915002,543
216916002,555
216917002,563
216918002,555
216919002,561
216920002,576
216921002,556
216922002,541
216923002,541
216924002,553
216925002,576
216935453,853
216936453,857
216937453,853
216938453,831
216939453,816
216940453,812
216941453,819
216942453,820
216943453,829
216944453,823
216945453,811
216946453,767
216947453,784
216948453,759
216949453,752
216950453,768
216951453,785
216952453,816
216953453,835
216954453,850
216955453,880
216956453,882
216957453,872
216958453,851
216959453,855
216960453,863
216961453,877
216962453,889
216963453,876
216964453,854
216965453,833
216966453,821
216976876,773
216977876,746
216978876,741
216979876,713
216980876,713
216981876,691
216982876,683
216983876,694
216984876,659
216985876,656
216986876,644
216987876,649
216988876,656
216989876,678
216990876,721
216991876,780
216992876,816
216993876,837
216994876,847
216995876,821
216996876,843
216997876,865
216998876,883
216999876,896
217000876,885
217001876,879
217002876,880
217003876,880
217004876,863
217005876,846
217006876,832
217017327,690
217018327,679
217019327,673
217020327,656
217021327,644
217022327,633
217023327,619
217024327,620
217025327,609
217026327,655
217027327,688
217028327,692
217029327,699
217030327,695
217031327,688
217032327,675
217033327,687
217034327,703
217035327,709
217036327,716
217037327,708
217038327,693
217039327,671
217040327,665
217041327,628
217042327,635
217043327,633
217044327,635
217045327,637
217046327,623
217047327,616
217057760,689
217058760,688
217059760,720
217060760,752
217061760,772
217062760,781
217063760,784
217064760,784
217065760,790
217066760,791
217067760,785
217068760,794
217069760,787
217070760,775
217071760,763
217072760,749
217073760,727
217074760,717
217075760,701
217076760,685
217077760,673
217078760,684
217079760,660
217080760,669
217081760,685
217082760,675
217083760,670
217084760,677
217085760,683
217086760,665
217087760,676
217098211,654
217099211,645
217100211,656
217101211,636
217102211,645
217103211,624
217104211,641
217105211,637
217106211,642
217107211,605
217108211,587
217109211,578
217110211,563
217111211,559
217112211,547
217113211,534
217114211,528
217115211,541
217116211,497
217117211,495
217118211,481
217119211,470
217120211,464
217121211,463
217122211,463
217123211,476
217124211,480
217125211,468
217126211,477
217127211,511
217128211,544
217129211,547
217139634,727
217140634,711
217141634,711
217142634,710
217143634,697
217144634,685
217145634,668
217146634,662
217147634,655
217148634,647
217149634,641
217150634,657
217151634,672
217152634,680
217153634,684
217154634,688
217155634,676
217156634,653
217157634,654
217158634,640
217159634,657
217160634,678
217161634,688
217162634,685
217163634,683
217164634,678
217165634,659
217166634,681
217167634,685
217168634,671
217169634,661
217180085,582
217181085,607
217182085,626
217183085,655
217184085,688
217185085,703
217186085,695
217187085,708
217188085,735
217189085,780
217190085,755
217191085,748
217192085,785
217193085,821
217194085,839
217195085,848
217196085,837
217197085,844
217198085,853
217199085,853
217200085,849
217201085,820
217202085,813
217203085,790
217204085,777
217205085,763
217206085,769
217207085,723
217208085,715
217209085,727
217210085,722
217220519,618
217221519,607
217222519,621
217223519,608
217224519,603
217225519,593
217226519,587
217227519,565
217228519,563
217229519,541
217230519,535
217231519,527
217232519,510
217233519,499
217234519,511
217235519,544
217236519,547
217237519,549
217238519,535
217239519,543
217240519,567
217241519,610
217242519,649
217243519,685
217244519,709
217245519,699
217246519,688
217247519,683
217248519,659
217249519,666
217250519,675
217260970,787
217261970,791
217262970,789
217263970,788
217264970,764
217265970,783
217266970,784
217267970,841
217268970,883
217269970,951
217270970,994
217271970,987
217272970,995
217273970,956
217274970,1009
217275970,1042
217276970,1141
217277970,1178
217278970,1275
217279970,1277
217280970,1253
217281970,1249
217282970,1263
217283970,1237
217284970,1235
217285970,1184
217286970,1187
217287970,1166
217298400,1103
217299400,1097
217300400,1089
217301400,1067
217302400,1051
217303400,1023
217304400,1003
217305400,992
217306400,962
217307400,943
217308400,932
217309400,864
217310400,889
217311400,875
217312400,854
217313400,828
217314400,821
217315400,805
217316400,784
217317400,767
217318400,753
217319400,736
217320400,722
217321400,713
217322400,707
217323400,685
217324400,661
217325400,652
217326400,644
217336855,711
217337855,724
217338855,717
217339855,714
217340855,703
217341855,701
217342855,716
217343855,730
217344855,751
217345855,798
217346855,833
217347855,870
217348855,875
217349855,873
217350855,851
217351855,835
217352855,830
217353855,803
217354855,806
217355855,837
217356855,859
217357855,849
217358855,848
217359855,831
217360855,819
217361855,806
217362855,793
217363855,813
217364855,800
217365855,773
217366855,781
217377288,688
217378288,707
217379288,677
217380288,666
217381288,656
217382288,642
217383288,624
217384288,628
217385288,639
217386288,677
217387288,634
217388288,639
217389288,648
217390288,662
217391288,649
217392288,651
217393288,673
217394288,656
217395288,656
217396288,643
217397288,628
217398288,619
217399288,625
217400288,621
217401288,611
217402288,602
217403288,593
217404288,587
217405288,571
217406288,591
217407288,681
217417739,1285
217418739,1371
217419739,1435
217420739,1471
217421739,1499
217422739,1520
217423739,1586
217424739,1624
217425739,1645
217426739,1669
217427739,1689
217428739,1716
217429739,1722
217430739,1713
217431739,1699
217432739,1672
217433739,1635
217434739,1593
217435739,1535
217436739,1511
217437739,1506
217438739,1504
217439739,1505
217440739,1507
217441739,1503
217452131,1355
217453131,1340
217454131,1346
217455131,1361
217456131,1385
217457131,1399
217458131,1405
217459131,1387
217460131,1361
217461131,1331
217462131,1293
217463131,1271
217464131,1257
217465131,1271
217466131,1259
217467131,1242
217468131,1185
217469131,1200
217470131,1185
217471131,1166
217472131,1136
217473131,1123
217474131,1091
217475131,1076
217485552,889
217486552,858
217487552,848
217488552,848
217489552,852
217490552,893
217491552,971
217492552,1089
217493552,1193
217494552,1265
217495552,1302
217496552,1277
217497552,1277
217498552,1328
217499552,1403
217500552,1508
217501552,1648
217502552,1745
217503552,1825
217504552,1861
217505552,1859
217506552,1831
217507552,1801
217508552,1748
217509552,1719
217510552,1687
217520968,1411
217521968,1389
217522968,1372
217523968,1346
217524968,1328
217525968,1291
217526968,1269
217527968,1248
217528968,1207
217529968,1191
217530968,1167
217531968,1148
217532968,1115
217533968,1089
217534968,1073
217535968,1041
217536968,1019
217537968,1008
217538968,980
217539968,957
217540968,946
217541968,912
217542968,896
217543968,880
217544968,862
217555412,699
217556412,691
217557412,720
217558412,729
217559412,747
217560412,775
217561412,751
217562412,734
217563412,740
217564412,734
217565412,782
217566412,827
217567412,867
217568412,878
217569412,867
217570412,833
217571412,832
217572412,816
217573412,812
217574412,804
217575412,795
217576412,785
217577412,772
217578412,753
217579412,745
217580412,727
217581412,713
217582412,697
217583412,700
217584412,672
217585412,651
217586412,645
217596835,539
217597835,531
217598835,528
217599835,528
217600835,510
217601835,500
217602835,493
217603835,477
217604835,468
217605835,451
217606835,464
217607835,436
217608835,432
217609835,432
217610835,420
217611835,415
217612835,402
217613835,397
217614835,390
217615835,383
217616835,381
217617835,375
217618835,369
217619835,359
217620835,352
217621835,351
217622835,343
217623835,309
217624835,336
217625835,323
217626835,320
217637286,459
217638286,449
217639286,464
217640286,496
217641286,544
217642286,593
217643286,588
217644286,671
217645286,699
217646286,709
217647286,715
217648286,713
217649286,677
217650286,658
217651286,655
217652286,651
217653286,656
217654286,685
217655286,715
217656286,764
217657286,803
217658286,802
217659286,801
217660286,783
217661286,776
217662286,815
217663286,859
217664286,881
217665286,848
217666286,834
217667286,828
217677720,665
217678720,656
217679720,636
217680720,637
217681720,604
217682720,609
217683720,598
217684720,586
217685720,574
217686720,566
217687720,556
217688720,544
217689720,539
217690720,532
217691720,505
217692720,497
217693720,494
217694720,479
217695720,468
217696720,464
217697720,461
217698720,446
217699720,436
217700720,427
217701720,421
217702720,411
217703720,400
217704720,400
217705720,384
217706720,377
217707720,380
217718170,327
217719170,320
217720170,315
217721170,316
217722170,313
217723170,339
217724170,334
217725170,329
217726170,328
217727170,347
217728170,341
217729170,336
217730170,352
217731170,345
217732170,331
217733170,326
217734170,337
217735170,388
217736170,450
217737170,499
217738170,553
217739170,581
217740170,609
217741170,578
217742170,609
217743170,621
217744170,621
217745170,703
217746170,793
217747170,891
217748170,944
217749170,960
217759595,1830
217760595,1808
217761595,1797
217762595,1840
217763595,1877
217764595,1883
217765595,1857
217766595,1825
217767595,1789
217768595,1754
217769595,1711
217770595,1668
217771595,1636
217772595,1602
217773595,1587
217774595,1535
217775595,1513
217776595,1503
217777595,1497
217778595,1490
217779595,1456
217780595,1427
217781595,1394
217782595,1373
217793013,1104
217794013,1063
217795013,1059
217796013,1051
217797013,1017
217798013,995
217799013,982
217800013,984
217801013,996
217802013,1008
217803013,1001
217804013,990
217805013,971
217806013,960
217807013,944
217808013,941
217809013,941
217810013,956
217811013,955
217812013,932
217813013,912
217814013,899
217815013,877
217816013,873
217817013,865
217818013,852
217819013,831
217820013,820
217821013,797
217831451,641
217832451,627
217833451,633
217834451,607
217835451,623
217836451,577
217837451,592
217838451,589
217839451,588
217840451,570
217841451,561
217842451,550
217843451,551
217844451,567
217845451,601
217846451,642
217847451,680
217848451,676
217849451,672
217850451,663
217851451,679
217852451,668
217853451,656
217854451,705
217855451,752
217856451,848
217857451,953
217858451,1020
217859451,1047
217860451,1041
217870860,1677
217871860,1638
217872860,1616
217873860,1580
217874860,1555
217875860,1535
217876860,1505
217877860,1503
217878860,1471
217879860,1446
217880860,1398
217881860,1385
217882860,1353
217883860,1328
217884860,1291
217885860,1286
217886860,1279
217887860,1264
217888860,1261
217889860,1230
217890860,1200
217891860,1177
217892860,1166
217893860,1136
217894860,1109
217905259,893
217906259,863
217907259,848
217908259,839
217909259,817
217910259,801
217911259,781
217912259,773
217913259,752
217914259,732
217915259,721
217916259,712
217917259,689
217918259,688
217919259,702
217920259,720
217921259,719
217922259,720
217923259,703
217924259,704
217925259,724
217926259,709
217927259,702
217928259,700
217929259,709
217930259,688
217931259,681
217932259,663
217933259,656
217934259,664
217944644,749
217945644,766
217946644,919
217947644,1019
217948644,1125
217949644,1147
217950644,1134
217951644,1137
217952644,1189
217953644,1276
217954644,1374
217955644,1483
217956644,1571
217957644,1668
217958644,1744
217959644,1793
217960644,1819
217961644,1801
217962644,1751
217963644,1723
217964644,1711
217965644,1680
217966644,1641
217967644,1603
217968644,1616
217979019,1370
217980019,1350
217981019,1328
217982019,1296
217983019,1275
217984019,1249
217985019,1215
217986019,1200
217987019,1173
217988019,1139
217989019,1114
217990019,1108
217991019,1072
217992019,1057
217993019,1023
217994019,1009
217995019,976
217996019,960
217997019,936
217998019,915
217999019,903
218000019,880
218001019,870
218002019,856
218003019,825
218004019,817
218005019,796
218015407,669
218016407,637
218017407,639
218018407,623
218019407,608
218020407,601
218021407,587
218022407,573
218023407,561
218024407,545
218025407,540
218026407,532
218027407,535
218028407,511
218029407,492
218030407,509
218031407,501
218032407,505
218033407,511
218034407,510
218035407,531
218036407,567
218037407,609
218038407,640
218039407,672
218040407,676
218041407,644
218042407,656
218043407,682
218044407,753
218045407,754
218055858,726
218056858,742
218057858,753
218058858,685
218059858,684
218060858,676
218061858,667
218062858,692
218063858,641
218064858,625
218065858,624
218066858,619
218067858,593
218068858,593
218069858,578
218070858,616
218071858,573
218072858,564
218073858,595
218074858,585
218075858,571
218076858,553
218077858,553
218078858,560
218079858,561
218080858,549
218081858,525
218082858,521
218083858,503
218084858,497
218085858,487
218096292,417
218097292,416
218098292,415
218099292,432
218100292,416
218101292,407
218102292,409
218103292,388
218104292,393
218105292,378
218106292,377
218107292,379
218108292,362
218109292,380
218110292,363
218111292,368
218112292,385
218113292,417
218114292,474
218115292,541
218116292,567
218117292,588
218118292,575
218119292,563
218120292,562
218121292,579
218122292,587
218123292,654
218124292,688
218125292,697
218126292,718
218136743,1036
218137743,1040
218138743,1069
218139743,1121
218140743,1195
218141743,1273
218142743,1323
218143743,1357
218144743,1342
218145743,1323
218146743,1294
218147743,1261
218148743,1231
218149743,1214
218150743,1184
218151743,1163
218152743,1141
218153743,1130
218154743,1105
218155743,1089
218156743,1099
218157743,1055
218158743,1038
218159743,1008
218160743,991
218171135,787
218172135,771
218173135,781
218174135,766
218175135,752
218176135,740
218177135,693
218178135,689
218179135,687
218180135,686
218181135,663
218182135,656
218183135,625
218184135,635
218185135,619
218186135,603
218187135,607
218188135,586
218189135,579
218190135,571
218191135,560
218192135,561
218193135,560
218194135,545
218195135,544
218196135,536
218197135,535
218198135,576
218199135,583
218200135,581
218201135,585
218211588,621
218212588,603
218213588,599
218214588,586
218215588,575
218216588,560
218217588,557
218218588,541
218219588,531
218220588,528
218221588,509
218222588,499
218223588,497
218224588,507
218225588,483
218226588,480
218227588,475
218228588,460
218229588,457
218230588,447
218231588,439
218232588,439
218233588,437
218234588,427
218235588,431
218236588,413
218237588,411
218238588,423
218239588,403
218240588,451
218241588,511
218252019,909
218253019,989
218254019,1049
218255019,1092
218256019,1123
218257019,1136
218258019,1120
218259019,1109
218260019,1116
218261019,1105
218262019,1099
218263019,1083
218264019,1072
218265019,1043
218266019,1021
218267019,1001
218268019,969
218269019,977
218270019,977
218271019,960
218272019,961
218273019,945
218274019,930
218275019,911
218276019,891
218277019,832
218278019,854
218288399,705
218289399,734
218290399,804
218291399,868
218292399,912
218293399,905
218294399,894
218295399,891
218296399,917
218297399,949
218298399,995
218299399,1041
218300399,1040
218301399,1016
218302399,1003
218303399,989
218304399,976
218305399,960
218306399,943
218307399,921
218308399,887
218309399,880
218310399,868
218311399,850
218312399,820
218313399,801
218314399,797
218315399,788
218316399,784
218317399,780
218327800,643
218328800,657
218329800,624
218330800,616
218331800,601
218332800,583
218333800,560
218334800,560
218335800,553
218336800,539
218337800,528
218338800,511
218339800,503
218340800,487
218341800,494
218342800,475
218343800,466
218344800,459
218345800,448
218346800,432
218347800,431
218348800,432
218349800,416
218350800,402
218351800,400
218352800,387
218353800,383
218354800,368
218355800,367
218356800,365
218357800,332
218368251,329
218369251,329
218370251,330
218371251,321
218372251,321
218373251,309
218374251,317
218375251,311
218376251,314
218377251,308
218378251,301
218379251,297
218380251,299
218381251,293
218382251,291
218383251,295
218384251,292
218385251,284
218386251,287
218387251,292
218388251,333
218389251,415
218390251,493
218391251,591
218392251,666
218393251,733
218394251,732
218395251,723
218396251,739
218397251,795
218398251,869
218399251,955
218409674,1057
218410674,1049
218411674,1009
218412674,995
218413674,971
218414674,958
218415674,945
218416674,924
218417674,914
218418674,912
218419674,880
218420674,859
218421674,849
218422674,832
218423674,815
218424674,797
218425674,781
218426674,773
218427674,751
218428674,736
218429674,722
218430674,696
218431674,695
218432674,675
218433674,667
218434674,656
218435674,641
218436674,629
218437674,612
218438674,601
218449083,511
218450083,511
218451083,527
218452083,503
218453083,504
218454083,495
218455083,489
218456083,490
218457083,465
218458083,465
218459083,457
218460083,445
218461083,445
218462083,433
218463083,425
218464083,411
218465083,415
218466083,409
218467083,399
218468083,393
218469083,387
218470083,375
218471083,376
218472083,370
218473083,364
218474083,357
218475083,359
218476083,353
218477083,347
218478083,347
218479083,348
218489517,379
218490517,378
218491517,369
218492517,371
218493517,377
218494517,369
218495517,368
218496517,359
218497517,353
218498517,357
218499517,359
218500517,404
218501517,403
218502517,441
218503517,468
218504517,493
218505517,507
218506517,501
218507517,495
218508517,475
218509517,500
218510517,511
218511517,528
218512517,553
218513517,550
218514517,551
218515517,629
218516517,752
218517517,887
218518517,991
218519517,1082
218529898,1726
218530898,1689
218531898,1657
218532898,1616
218533898,1590
218534898,1535
218535898,1521
218536898,1489
218537898,1456
218538898,1467
218539898,1419
218540898,1395
218541898,1360
218542898,1329
218543898,1313
218544898,1285
218545898,1289
218546898,1301
218547898,1305
218548898,1320
218549898,1322
218550898,1328
218551898,1319
218552898,1313
218563301,1166
218564301,1138
218565301,1120
218566301,1118
218567301,1119
218568301,1107
218569301,1094
218570301,1085
218571301,1073
218572301,1084
218573301,1087
218574301,1088
218575301,1072
218576301,1056
218577301,1045
218578301,1023
218579301,1007
218580301,986
218581301,960
218582301,943
218583301,935
218584301,957
218585301,959
218586301,958
218587301,963
218588301,972
218598717,955
218599717,1011
218600717,1092
218601717,1137
218602717,1164
218603717,1151
218604717,1130
218605717,1122
218606717,1149
218607717,1184
218608717,1184
218609717,1184
218610717,1168
218611717,1156
218612717,1184
218613717,1211
218614717,1233
218615717,1249
218616717,1238
218617717,1221
218618717,1218
218619717,1257
218620717,1312
218621717,1382
218622717,1433
218633109,1376
218634109,1387
218635109,1379
218636109,1372
218637109,1365
218638109,1349
218639109,1324
218640109,1293
218641109,1269
218642109,1296
218643109,1319
218644109,1315
218645109,1297
218646109,1297
218647109,1263
218648109,1233
218649109,1205
218650109,1193
218651109,1168
218652109,1136
218653109,1119
218654109,1104
218655109,1072
218656109,1070
218666529,1872
218667529,1902
218668529,1943
218669529,2035
218670529,2156
218671529,2256
218672529,2379
218673529,2466
218674529,2536
218675529,2559
218676529,2555
218677529,2505
218678529,2459
218679529,2414
218680529,2391
218681529,2352
218682529,2288
218683529,2251
218684529,2207
218685529,2180
218686529,2128
218687529,2117
218688529,2096
218689529,2128
218699932,2015
218700932,2014
218701932,1984
218702932,1952
218703932,1921
218704932,1865
218705932,1837
218706932,1799
218707932,1766
218708932,1716
218709932,1696
218710932,1648
218711932,1620
218712932,1592
218713932,1553
218714932,1519
218715932,1492
218716932,1453
218717932,1426
218718932,1409
218719932,1386
218720932,1369
218721932,1338
218722932,1312
218733351,1067
218734351,1043
218735351,1010
218736351,989
218737351,972
218738351,951
218739351,960
218740351,922
218741351,909
218742351,875
218743351,867
218744351,866
218745351,833
218746351,815
218747351,795
218748351,784
218749351,773
218750351,770
218751351,751
218752351,729
218753351,715
218754351,705
218755351,713
218756351,672
218757351,656
218758351,647
218759351,619
218760351,639
218761351,639
218762351,645
218763351,621
218773733,784
218774733,897
218775733,993
218776733,1044
218777733,1050
218778733,1018
218779733,1033
218780733,1069
218781733,1129
218782733,1168
218783733,1167
218784733,1195
218785733,1257
218786733,1335
218787733,1375
218788733,1393
218789733,1365
218790733,1377
218791733,1365
218792733,1497
218793733,1605
218794733,1737
218795733,1829
218796733,1913
218797733,1970
218808107,1701
218809107,1673
218810107,1632
218811107,1587
218812107,1570
218813107,1531
218814107,1497
218815107,1461
218816107,1429
218817107,1405
218818107,1392
218819107,1395
218820107,1408
218821107,1422
218822107,1421
218823107,1409
218824107,1372
218825107,1358
218826107,1361
218827107,1345
218828107,1334
218829107,1336
218830107,1325
218831107,1297
218841527,1071
218842527,1052
218843527,1023
218844527,999
218845527,979
218846527,964
218847527,951
218848527,951
218849527,933
218850527,916
218851527,894
218852527,886
218853527,889
218854527,892
218855527,869
218856527,861
218857527,841
218858527,822
218859527,806
218860527,795
218861527,785
218862527,771
218863527,780
218864527,815
218865527,870
218866527,944
218867527,1023
218868527,1120
218869527,1135
218879964,1271
218880964,1265
218881964,1247
218882964,1255
218883964,1259
218884964,1235
218885964,1221
218886964,1235
218887964,1295
218888964,1355
218889964,1445
218890964,1509
218891964,1535
218892964,1557
218893964,1535
218894964,1510
218895964,1491
218896964,1457
218897964,1441
218898964,1433
218899964,1447
218900964,1447
218901964,1435
218902964,1441
218913384,1219
218914384,1231
218915384,1195
218916384,1203
218917384,1200
218918384,1189
218919384,1193
218920384,1153
218921384,1129
218922384,1114
218923384,1088
218924384,1067
218925384,1071
218926384,1087
218927384,1103
218928384,1079
218929384,1099
218930384,1063
218931384,1057
218932384,1039
218933384,1021
218934384,1010
218935384,993
218936384,973
218937384,961
218947759,944
218948759,944
218949759,929
218950759,925
218951759,916
218952759,934
218953759,971
218954759,1021
218955759,1036
218956759,1036
218957759,1039
218958759,1009
218959759,1007
218960759,1042
218961759,1087
218962759,1146
218963759,1163
218964759,1157
218965759,1137
218966759,1133
218967759,1141
218968759,1158
218969759,1195
218970759,1247
218971759,1299
218972759,1348
218983192,1507
218984192,1488
218985192,1488
218986192,1520
218987192,1566
218988192,1565
218989192,1563
218990192,1535
218991192,1527
218992192,1524
218993192,1521
218994192,1521
218995192,1529
218996192,1508
218997192,1481
218998192,1492
218999192,1484
219000192,1458
219001192,1441
219002192,1413
219003192,1386
219004192,1346
219005192,1327
219006192,1272
219016595,1081
219017595,1053
219018595,1041
219019595,1041
219020595,1058
219021595,1064
219022595,1057
219023595,1045
219024595,1018
219025595,1004
219026595,985
219027595,958
219028595,946
219029595,927
219030595,912
219031595,880
219032595,894
219033595,876
219034595,849
219035595,836
219036595,815
219037595,807
219038595,785
219039595,769
219040595,752
219041595,747
219042595,741
219043595,721
219054008,945
219055008,961
219056008,990
219057008,1007
219058008,1011
219059008,1021
219060008,992
219061008,994
219062008,976
219063008,965
219064008,962
219065008,955
219066008,923
219067008,931
219068008,928
219069008,933
219070008,909
219071008,911
219072008,899
219073008,880
219074008,853
219075008,837
219076008,855
219077008,848
219078008,846
219079008,839
219080008,807
219081008,800
219082008,781
219083008,759
219084008,752
219094389,719
219095389,747
219096389,754
219097389,745
219098389,734
219099389,715
219100389,720
219101389,725
219102389,745
219103389,748
219104389,757
219105389,759
219106389,761
219107389,743
219108389,729
219109389,675
219110389,740
219111389,691
219112389,691
219113389,693
219114389,683
219115389,699
219116389,697
219117389,674
219118389,677
219119389,655
219120389,643
219121389,629
219122389,624
219123389,610
219124389,595
219134840,864
219135840,849
219136840,855
219137840,921
219138840,972
219139840,1021
219140840,1105
219141840,1189
219142840,1231
219143840,1222
219144840,1200
219145840,1221
219146840,1261
219147840,1296
219148840,1296
219149840,1276
219150840,1257
219151840,1221
219152840,1204
219153840,1193
219154840,1184
219155840,1153
219156840,1135
219157840,1109
219158840,1158
219169284,1727
219170284,1813
219171284,1865
219172284,1901
219173284,1935
219174284,1949
219175284,1931
219176284,1889
219177284,1860
219178284,1840
219179284,1811
219180284,1777
219181284,1742
219182284,1728
219183284,1705
219184284,1681
219185284,1654
219186284,1619
219187284,1616
219188284,1585
219189284,1563
219190284,1535
219191284,1498
219192284,1469
219193284,1428
219203676,1293
219204676,1337
219205676,1377
219206676,1421
219207676,1431
219208676,1417
219209676,1386
219210676,1375
219211676,1383
219212676,1391
219213676,1390
219214676,1363
219215676,1348
219216676,1313
219217676,1290
219218676,1281
219219676,1315
219220676,1296
219221676,1300
219222676,1275
219223676,1247
219224676,1218
219225676,1200
219226676,1184
219237096,1184
219238096,1149
219239096,1115
219240096,1105
219241096,1104
219242096,1083
219243096,1087
219244096,1072
219245096,1061
219246096,1022
219247096,1008
219248096,989
219249096,980
219250096,964
219251096,939
219252096,937
219253096,949
219254096,970
219255096,963
219256096,950
219257096,964
219258096,945
219259096,971
219260096,992
219261096,980
219262096,966
219263096,947
219264096,921
219274509,1088
219275509,1100
219276509,1089
219277509,1063
219278509,1022
219279509,1047
219280509,1090
219281509,1131
219282509,1167
219283509,1191
219284509,1217
219285509,1216
219286509,1187
219287509,1171
219288509,1163
219289509,1132
219290509,1119
219291509,1074
219292509,1073
219293509,1057
219294509,999
219295509,1011
219296509,1002
219297509,1004
219307912,863
219308912,849
219309912,857
219310912,835
219311912,843
219312912,841
219313912,817
219314912,807
219315912,785
219316912,793
219317912,789
219318912,784
219319912,771
219320912,764
219321912,752
219322912,737
219323912,691
219324912,708
219325912,692
219326912,676
219327912,657
219328912,649
219329912,636
219330912,619
219331912,615
219332912,601
219333912,593
219334912,576
219335912,559
219336912,545
219337912,530
219348362,455
219349362,461
219350362,473
219351362,470
219352362,479
219353362,465
219354362,443
219355362,448
219356362,461
219357362,468
219358362,488
219359362,528
219360362,550
219361362,569
219362362,566
219363362,562
219364362,544
219365362,553
219366362,573
219367362,594
219368362,593
219369362,589
219370362,588
219371362,564
219372362,556
219373362,543
219374362,529
219375362,523
219376362,510
219377362,505
219378362,532
219379362,495
219389786,440
219390786,415
219391786,401
219392786,407
219393786,399
219394786,385
219395786,373
219396786,377
219397786,369
219398786,359
219399786,365
219400786,368
219401786,370
219402786,380
219403786,363
219404786,354
219405786,353
219406786,347
219407786,339
219408786,339
219409786,331
219410786,336
219411786,331
219412786,309
219413786,308
219414786,301
219415786,294
219416786,295
219417786,279
219418786,272
219419786,281
219430244,229
219431244,224
219432244,213
219433244,221
219434244,208
219435244,205
219436244,206
219437244,207
219438244,199
219439244,193
219440244,194
219441244,194
219442244,188
219443244,187
219444244,185
219445244,175
219446244,175
219447244,177
219448244,179
219449244,193
219450244,228
219451244,260
219452244,261
219453244,282
219454244,304
219455244,332
219456244,336
219457244,353
219458244,351
219459244,354
219460244,341
219470670,291
219471670,287
219472670,281
219473670,272
219474670,272
219475670,263
219476670,257
219477670,256
219478670,248
219479670,239
219480670,236
219481670,240
219482670,233
219483670,229
219484670,226
219485670,224
219486670,221
219487670,208
219488670,208
219489670,207
219490670,207
219491670,195
219492670,191
219493670,190
219494670,192
219495670,179
219496670,191
219497670,185
219498670,176
219499670,180
219500670,171
219511121,144
219512121,147
219513121,151
219514121,135
219515121,144
219516121,143
219517121,133
219518121,138
219519121,140
219520121,130
219521121,130
219522121,128
219523121,114
219524121,130
219525121,127
219526121,127
219527121,113
219528121,123
219529121,120
219530121,113
219531121,116
219532121,124
219533121,121
219534121,133
219535121,144
219536121,153
219537121,159
219538121,191
219539121,211
219540121,218
219541121,209
219542121,213
219552544,181
219553544,182
219554544,176
219555544,175
219556544,163
219557544,159
219558544,161
219559544,164
219560544,159
219561544,167
219562544,151
219563544,149
219564544,145
219565544,144
219566544,143
219567544,144
219568544,144
219569544,139
219570544,117
219571544,129
219572544,133
219573544,141
219574544,131
219575544,129
219576544,130
219577544,125
219578544,128
219579544,129
219580544,118
219581544,176
219582544,116
219592995,107
219593995,96
219594995,99
219595995,107
219596995,103
219597995,100
219598995,104
219599995,96
219600995,97
219601995,101
219602995,92
219603995,101
219604995,90
219605995,93
219606995,100
219607995,83
219608995,89
219609995,96
219610995,97
219611995,88
219612995,92
219613995,83
219614995,81
219615995,99
219616995,95
219617995,105
219618995,105
219619995,105
219620995,159
219621995,107
219622995,100
219623995,106
219624995,103
219625995,100
219626995,96
219627995,102
219638377,89
219639377,96
219640377,91
219641377,86
219642377,95
219643377,81
219644377,95
219645377,111
219646377,103
219647377,100
219648377,108
219649377,135
219650377,147
219651377,145
219652377,144
219653377,145
219654377,142
219655377,141
219656377,143
219657377,135
219658377,141
219659377,136
219660377,129
219661377,131
219662377,142
219663377,127
219664377,129
219665377,127
219666377,121
219667377,137
219668377,121
219669377,115
219670377,114
219680824,173
219681824,179
219682824,167
219683824,163
219684824,160
219685824,157
219686824,160
219687824,159
219688824,157
219689824,151
219690824,175
219691824,144
219692824,144
219693824,139
219694824,139
219695824,144
219696824,142
219697824,141
219698824,137
219699824,131
219700824,132
219701824,132
219702824,139
219703824,135
219704824,139
219705824,129
219706824,128
219707824,127
219708824,124
219709824,129
219710824,144
219711824,139
219722255,263
219723255,269
219724255,256
219725255,261
219726255,254
219727255,243
219728255,249
219729255,245
219730255,244
219731255,237
219732255,236
219733255,228
219734255,221
219735255,227
219736255,210
219737255,213
219738255,216
219739255,208
219740255,205
219741255,193
219742255,201
219743255,179
219744255,198
219745255,211
219746255,207
219747255,208
219748255,207
219749255,179
219750255,194
219751255,205
219752255,193
219762698,173
219763698,171
219764698,175
219765698,163
219766698,157
219767698,160
219768698,153
219769698,165
219770698,146
219771698,149
219772698,144
219773698,148
219774698,142
219775698,130
219776698,129
219777698,135
219778698,140
219779698,127
219780698,144
219781698,129
219782698,131
219783698,155
219784698,127
219785698,131
219786698,128
219787698,113
219788698,124
219789698,120
219790698,123
219791698,118
219792698,116
219803132,105
219804132,109
219805132,99
219806132,95
219807132,75
219808132,106
219809132,103
219810132,99
219811132,83
219812132,101
219813132,97
219814132,101
219815132,107
219816132,101
219817132,115
219818132,111
219819132,113
219820132,112
219821132,99
219822132,112
219823132,107
219824132,116
219825132,107
219826132,105
219827132,104
219828132,110
219829132,102
219830132,91
219831132,105
219832132,101
219833132,109
219834132,108
219835132,109
219836132,123
219846553,119
219847553,116
219848553,110
219849553,111
219850553,113
219851553,112
219852553,112
219853553,113
219854553,110
219855553,80
219856553,112
219857553,108
219858553,112
219859553,106
219860553,108
219861553,101
219862553,103
219863553,112
219864553,100
219865553,91
219866553,96
219867553,117
219868553,99
219869553,93
219870553,100
219871553,97
219872553,101
219873553,96
219874553,96
219875553,95
219876553,96
219877553,105
219878553,95
219879553,94
219889937,96
219890937,75
219891937,81
219892937,81
219893937,81
219894937,80
219895937,84
219896937,85
219897937,98
219898937,86
219899937,89
219900937,80
219901937,75
219902937,78
219903937,71
219904937,80
219905937,78
219906937,84
219907937,78
219908937,79
219909937,71
219910937,75
219911937,75
219912937,72
219913937,78
219914937,77
219915937,73
219916937,77
219917937,71
219918937,75
219919937,73
219920937,89
219921937,82
219922937,80
219923937,75
219924937,83
219925937,79
219926937,73
219927937,79
219928937,76
219929937,79
219930937,69
219931937,92
219932937,73
219943339,73
219944339,67
219945339,64
219946339,73
219947339,69
219948339,75
219949339,71
219950339,69
219951339,67
219952339,59
219953339,64
219954339,70
219955339,68
219956339,64
219957339,55
219958339,67
219959339,63
219960339,65
219961339,75
219962339,64
219963339,75
219964339,64
219965339,85
219966339,96
219967339,71
219968339,83
219969339,78
219970339,79
219971339,79
219972339,80
219973339,75
219974339,80
219975339,77
219976339,67
219977339,75
219978339,73
219979339,76
219980339,70
219981339,73
219982339,80
219983339,71
219984339,89
219985339,79
219995752,81
219996752,81
219997752,111
219998752,79
219999752,81
220000752,77
220001752,76
220002752,80
220003752,78
220004752,80
220005752,105
220006752,73
220007752,76
220008752,71
220009752,73
220010752,76
220011752,74
220012752,69
220013752,73
220014752,69
220015752,73
220016752,77
220017752,73
220018752,81
220019752,69
220020752,74
220021752,64
220022752,73
220023752,73
220024752,45
220025752,65
220026752,75
220027752,80
220028752,72
220029752,64
220030752,65
220031752,64
220032752,73
220033752,76
220034752,76
220035752,79
220036752,81
220037752,72
220048182,79
220049182,66
220050182,71
220051182,65
220052182,64
220053182,65
220054182,71
220055182,69
220056182,73
220057182,63
220058182,89
220059182,64
220060182,71
220061182,72
220062182,75
220063182,69
220064182,67
220065182,73
220066182,77
220067182,66
220068182,65
220069182,63
220070182,68
220071182,65
220072182,70
220073182,65
220074182,67
220075182,65
220076182,64
220077182,64
220078182,64
220079182,65
220080182,65
220081182,64
220082182,68
220083182,63
220084182,65
220085182,65
220086182,70
220087182,59
220088182,64
220089182,63
220090182,69
220091182,63
220101569,68
220102569,70
220103569,73
220104569,64
220105569,65
220106569,76
220107569,68
220108569,64
220109569,65
220110569,61
220111569,69
220112569,64
220113569,80
220114569,55
220115569,69
220116569,67
220117569,65
220118569,68
220119569,88
220120569,53
220121569,51
220122569,67
220123569,65
220124569,59
220125569,69
220126569,68
220127569,64
220128569,59
220129569,29
220130569,61
220131569,59
220132569,57
220133569,61
220134569,64
220135569,64
220136569,57
220137569,53
220138569,54
220139569,64
220140569,64
220141569,61
220142569,54
220143569,68
220144569,59
220154969,69
220155969,69
220156969,70
220157969,69
220158969,63
220159969,63
220160969,69
220161969,68
220162969,65
220163969,65
220164969,71
220165969,65
220166969,90
220167969,63
220168969,76
220169969,71
220170969,64
220171969,61
220172969,64
220173969,82
220174969,65
220175969,64
220176969,81
220177969,73
220178969,65
220179969,65
220180969,65
220181969,63
220182969,66
220183969,61
220184969,57
220185969,68
220186969,67
220187969,59
220188969,59
220189969,60
220190969,77
220191969,73
220192969,69
220193969,59
220194969,57
220195969,51
220196969,64
220207382,59
220208382,61
220209382,65
220210382,69
220211382,60
220212382,64
220213382,65
220214382,77
220215382,69
220216382,73
220217382,45
220218382,67
220219382,73
220220382,65
220221382,69
220222382,68
220223382,59
220224382,64
220225382,67
220226382,64
220227382,60
220228382,72
220229382,67
220230382,68
220231382,63
220232382,65
220233382,65
220234382,70
220235382,68
220236382,64
220237382,64
220238382,65
220239382,64
220240382,69
220241382,69
220242382,64
220243382,64
220244382,57
220245382,62
220246382,65
220247382,64
220248382,63
220249382,64
220250382,69
220260767,89
220261767,83
220262767,68
220263767,59
220264767,67
220265767,69
220266767,67
220267767,64
220268767,76
220269767,66
220270767,81
220271767,98
220272767,73
220273767,51
220274767,65
220275767,80
220276767,81
220277767,91
220278767,80
220279767,97
220280767,71
220281767,81
220282767,77
220283767,65
220284767,61
220285767,65
220286767,60
220287767,99
220288767,80
220289767,75
220290767,68
220291767,67
220292767,85
220293767,103
220294767,63
220295767,66
220296767,65
220297767,69
220298767,81
220299767,80
220300767,71
220301767,68
220302767,79
220313197,64
220314197,69
220315197,69
220316197,65
220317197,63
220318197,68
220319197,65
220320197,79
220321197,64
220322197,69
220323197,65
220324197,64
220325197,68
220326197,65
220327197,67
220328197,74
220329197,75
220330197,79
220331197,98
220332197,73
220333197,95
220334197,75
220335197,80
220336197,76
220337197,76
220338197,81
220339197,81
220340197,81
220341197,85
220342197,100
220343197,113
220344197,101
220345197,92
220346197,97
220347197,96
220348197,91
220349197,99
220350197,89
220351197,97
220352197,100
220353197,123
220354197,108
220364602,144
220365602,168
220366602,166
220367602,170
220368602,170
220369602,172
220370602,176
220371602,170
220372602,162
220373602,173
220374602,172
220375602,164
220376602,169
220377602,172
220378602,162
220379602,165
220380602,159
220381602,156
220382602,147
220383602,167
220384602,157
220385602,150
220386602,143
220387602,143
220388602,148
220389602,141
220390602,142
220391602,131
220392602,143
220393602,143
220394602,154
220405036,176
220406036,168
220407036,169
220408036,167
220409036,159
220410036,161
220411036,125
220412036,114
220413036,154
220414036,158
220415036,153
220416036,159
220417036,187
220418036,198
220419036,208
220420036,210
220421036,212
220422036,203
220423036,207
220424036,224
220425036,221
220426036,219
220427036,216
220428036,207
220429036,207
220430036,218
220431036,202
220432036,201
220433036,196
220434036,181
220435036,189
220445487,170
220446487,163
220447487,157
220448487,153
220449487,185
220450487,171
220451487,155
220452487,171
220453487,161
220454487,147
220455487,176
220456487,175
220457487,188
220458487,193
220459487,195
220460487,193
220461487,193
220462487,202
220463487,192
220464487,201
220465487,203
220466487,212
220467487,208
220468487,208
220469487,200
220470487,193
220471487,190
220472487,191
220473487,188
220474487,192
220475487,186
220476487,176
220486910,251
220487910,272
220488910,281
220489910,292
220490910,287
220491910,291
220492910,304
220493910,297
220494910,287
220495910,290
220496910,284
220497910,272
220498910,271
220499910,262
220500910,273
220501910,261
220502910,269
220503910,251
220504910,240
220505910,250
220506910,272
220507910,347
220508910,375
220509910,374
220510910,384
220511910,388
220512910,366
220513910,395
220514910,411
220515910,447
220516910,464
220527361,385
220528361,390
220529361,369
220530361,383
220531361,358
220532361,351
220533361,359
220534361,357
220535361,347
220536361,346
220537361,336
220538361,337
220539361,352
220540361,351
220541361,373
220542361,400
220543361,409
220544361,413
220545361,407
220546361,396
220547361,383
220548361,382
220549361,368
220550361,385
220551361,366
220552361,356
220553361,352
220554361,366
220555361,336
220556361,325
220557361,313
220567795,368
220568795,352
220569795,347
220570795,361
220571795,336
220572795,335
220573795,336
220574795,363
220575795,385
220576795,398
220577795,402
220578795,399
220579795,387
220580795,391
220581795,381
220582795,379
220583795,383
220584795,383
220585795,369
220586795,371
220587795,427
220588795,480
220589795,497
220590795,481
220591795,497
220592795,527
220593795,525
220594795,528
220595795,496
220596795,471
220597795,496
220608249,395
220609249,395
220610249,385
220611249,383
220612249,374
220613249,369
220614249,363
220615249,362
220616249,365
220617249,345
220618249,346
220619249,330
220620249,322
220621249,325
220622249,315
220623249,304
220624249,313
220625249,305
220626249,309
220627249,287
220628249,299
220629249,294
220630249,289
220631249,283
220632249,273
220633249,275
220634249,269
220635249,265
220636249,255
220637249,247
220638249,257
220639249,253
220649669,207
220650669,205
220651669,215
220652669,203
220653669,208
220654669,204
220655669,199
220656669,187
220657669,183
220658669,177
220659669,190
220660669,178
220661669,176
220662669,163
220663669,167
220664669,173
220665669,171
220666669,165
220667669,165
220668669,153
220669669,150
220670669,161
220671669,153
220672669,155
220673669,160
220674669,153
220675669,157
220676669,160
220677669,145
220678669,160
220679669,143
220690120,128
220691120,136
220692120,123
220693120,125
220694120,128
220695120,128
220696120,118
220697120,115
220698120,121
220699120,115
220700120,119
220701120,113
220702120,136
220703120,141
220704120,139
220705120,142
220706120,131
220707120,163
220708120,205
220709120,236
220710120,241
220711120,259
220712120,311
220713120,356
220714120,389
220715120,391
220716120,385
220717120,381
220718120,369
220719120,373
220720120,363
220730555,304
220731555,295
220732555,289
220733555,281
220734555,284
220735555,275
220736555,253
220737555,266
220738555,269
220739555,261
220740555,255
220741555,239
220742555,249
220743555,239
220744555,255
220745555,231
220746555,233
220747555,221
220748555,223
220749555,220
220750555,193
220751555,208
220752555,208
220753555,208
220754555,197
220755555,193
220756555,195
220757555,192
220758555,186
220759555,185
220760555,175
220771004,160
220772004,144
220773004,156
220774004,144
220775004,145
220776004,170
220777004,140
220778004,145
220779004,117
220780004,133
220781004,129
220782004,133
220783004,129
220784004,123
220785004,125
220786004,125
220787004,151
220788004,128
220789004,120
220790004,124
220791004,122
220792004,113
220793004,109
220794004,112
220795004,121
220796004,112
220797004,113
220798004,116
220799004,111
220800004,105
220801004,112
220802004,112
220812428,145
220813428,144
220814428,144
220815428,147
220816428,159
220817428,153
220818428,160
220819428,164
220820428,154
220821428,161
220822428,152
220823428,152
220824428,147
220825428,147
220826428,153
220827428,140
220828428,144
220829428,143
220830428,152
220831428,138
220832428,135
220833428,140
220834428,135
220835428,131
220836428,126
220837428,132
220838428,126
220839428,127
220840428,122
220841428,127
220842428,115
220852878,110
220853878,113
220854878,92
220855878,111
220856878,109
220857878,107
220858878,107
220859878,104
220860878,100
220861878,99
220862878,107
220863878,95
220864878,139
220865878,108
220866878,99
220867878,91
220868878,91
220869878,107
220870878,100
220871878,93
220872878,95
220873878,81
220874878,93
220875878,85
220876878,73
220877878,81
220878878,91
220879878,84
220880878,96
220881878,79
220882878,89
220883878,86
220884878,96
220885878,81
220886878,85
220887878,89
220888878,89
220889878,80
220900257,80
220901257,77
220902257,77
220903257,82
220904257,96
220905257,106
220906257,107
220907257,64
220908257,81
220909257,83
220910257,86
220911257,81
220912257,65
220913257,81
220914257,71
220915257,69
220916257,78
220917257,75
220918257,75
220919257,67
220920257,73
220921257,84
220922257,80
220923257,81
220924257,73
220925257,73
220926257,84
220927257,69
220928257,69
220929257,71
220930257,65
220931257,67
220932257,69
220933257,67
220934257,76
220935257,64
220936257,64
220937257,69
220938257,67
220939257,66
220940257,56
220941257,66
220942257,68
220952687,95
220953687,69
220954687,59
220955687,64
220956687,65
220957687,76
220958687,61
220959687,73
220960687,57
220961687,58
220962687,68
220963687,68
220964687,65
220965687,71
220966687,97
220967687,74
220968687,88
220969687,96
220970687,89
220971687,94
220972687,83
220973687,90
220974687,91
220975687,116
220976687,80
220977687,99
220978687,80
220979687,84
220980687,89
220981687,90
220982687,83
220983687,80
220984687,79
220985687,80
220986687,85
220987687,83
220988687,83
220989687,81
220990687,80
220991687,73
220992687,81
220993687,71
220994687,80
221005117,105
221006117,107
221007117,95
221008117,96
221009117,93
221010117,96
221011117,91
221012117,103
221013117,107
221014117,112
221015117,105
221016117,117
221017117,135
221018117,129
221019117,148
221020117,147
221021117,144
221022117,144
221023117,133
221024117,130
221025117,133
221026117,131
221027117,130
221028117,128
221029117,125
221030117,126
221031117,120
221032117,128
221033117,125
221034117,123
221035117,113
221036117,123
221037117,123
221047495,126
221048495,113
221049495,117
221050495,113
221051495,112
221052495,121
221053495,103
221054495,144
221055495,145
221056495,134
221057495,139
221058495,141
221059495,142
221060495,133
221061495,131
221062495,129
221063495,138
221064495,129
221065495,125
221066495,127
221067495,125
221068495,119
221069495,131
221070495,113
221071495,128
221072495,113
221073495,116
221074495,107
221075495,120
221076495,112
221077495,101
221087928,120
221088928,107
221089928,121
221090928,111
221091928,114
221092928,113
221093928,110
221094928,116
221095928,113
221096928,108
221097928,119
221098928,112
221099928,129
221100928,97
221101928,96
221102928,109
221103928,97
221104928,91
221105928,99
221106928,94
221107928,91
221108928,81
221109928,100
221110928,91
221111928,98
221112928,97
221113928,100
221114928,96
221115928,86
221116928,96
221117928,90
221118928,88
221119928,89
221120928,87
221121928,97
221122928,80
221123928,89
221134369,87
221135369,87
221136369,81
221137369,83
221138369,79
221139369,81
221140369,75
221141369,73
221142369,81
221143369,81
221144369,81
221145369,74
221146369,80
221147369,81
221148369,76
221149369,83
221150369,51
221151369,112
221152369,109
221153369,112
221154369,112
221155369,111
221156369,103
221157369,96
221158369,111
221159369,110
221160369,110
221161369,108
221162369,107
221163369,108
221164369,104
221165369,105
221166369,127
221167369,107
221168369,109
221169369,99
221170369,109
221180740,139
221181740,138
221182740,130
221183740,136
221184740,127
221185740,121
221186740,117
221187740,113
221188740,133
221189740,124
221190740,118
221191740,107
221192740,122
221193740,117
221194740,113
221195740,112
221196740,111
221197740,105
221198740,108
221199740,122
221200740,108
221201740,102
221202740,110
221203740,111
221204740,112
221205740,109
221206740,107
221207740,109
221208740,107
221209740,112
221210740,97
221221174,102
221222174,107
221223174,84
221224174,99
221225174,96
221226174,91
221227174,68
221228174,91
221229174,82
221230174,91
221231174,91
221232174,93
221233174,67
221234174,83
221235174,79
221236174,83
221237174,85
221238174,100
221239174,91
221240174,99
221241174,97
221242174,105
221243174,99
221244174,91
221245174,100
221246174,100
221247174,100
221248174,102
221249174,113
221250174,99
221251174,104
221252174,99
221253174,105
221254174,99
221255174,100
221256174,99
221257174,99
221258174,93
221259174,96
221269611,108
221270611,96
221271611,105
221272611,109
221273611,94
221274611,112
221275611,107
221276611,107
221277611,101
221278611,102
221279611,112
221280611,102
221281611,107
221282611,94
221283611,85
221284611,89
221285611,97
221286611,99
221287611,96
221288611,100
221289611,94
221290611,93
221291611,96
221292611,105
221293611,102
221294611,93
221295611,113
221296611,113
221297611,125
221298611,115
221299611,129
221300611,137
221301611,129
221302611,129
221303611,135
221313985,118
221314985,115
221315985,127
221316985,143
221317985,160
221318985,158
221319985,161
221320985,180
221321985,197
221322985,212
221323985,211
221324985,220
221325985,227
221326985,213
221327985,211
221328985,222
221329985,187
221330985,208
221331985,201
221332985,209
221333985,212
221334985,214
221335985,227
221336985,215
221337985,219
221338985,213
221339985,208
221340985,201
221341985,199
221342985,197
221343985,204
221354419,368
221355419,419
221356419,401
221357419,412
221358419,402
221359419,365
221360419,393
221361419,399
221362419,392
221363419,383
221364419,389
221365419,399
221366419,382
221367419,379
221368419,369
221369419,372
221370419,356
221371419,337
221372419,351
221373419,338
221374419,349
221375419,349
221376419,331
221377419,334
221378419,339
221379419,368
221380419,393
221381419,383
221382419,396
221383419,416
221384419,409
221394870,355
221395870,352
221396870,347
221397870,347
221398870,352
221399870,365
221400870,381
221401870,400
221402870,432
221403870,421
221404870,427
221405870,451
221406870,459
221407870,480
221408870,464
221409870,453
221410870,445
221411870,437
221412870,432
221413870,428
221414870,415
221415870,409
221416870,402
221417870,398
221418870,400
221419870,400
221420870,399
221421870,398
221422870,387
221423870,385
221424870,371
221425870,356
221436293,303
221437293,291
221438293,301
221439293,304
221440293,298
221441293,285
221442293,306
221443293,303
221444293,291
221445293,283
221446293,313
221447293,296
221448293,271
221449293,270
221450293,256
221451293,256
221452293,257
221453293,245
221454293,249
221455293,268
221456293,233
221457293,229
221458293,224
221459293,225
221460293,221
221461293,215
221462293,212
221463293,211
221464293,219
221465293,219
221466293,225
221476744,203
221477744,204
221478744,205
221479744,192
221480744,192
221481744,194
221482744,181
221483744,182
221484744,182
221485744,179
221486744,182
221487744,185
221488744,179
221489744,162
221490744,177
221491744,172
221492744,159
221493744,161
221494744,156
221495744,156
221496744,156
221497744,154
221498744,155
221499744,145
221500744,146
221501744,147
221502744,163
221503744,174
221504744,155
221505744,163
221506744,153
221517178,144
221518178,161
221519178,158
221520178,150
221521178,155
221522178,147
221523178,169
221524178,206
221525178,195
221526178,197
221527178,187
221528178,180
221529178,179
221530178,185
221531178,179
221532178,180
221533178,169
221534178,171
221535178,161
221536178,164
221537178,159
221538178,160
221539178,184
221540178,195
221541178,185
221542178,191
221543178,187
221544178,192
221545178,175
221546178,179
221547178,193
221557629,153
221558629,156
221559629,149
221560629,144
221561629,144
221562629,157
221563629,138
221564629,148
221565629,143
221566629,113
221567629,131
221568629,125
221569629,129
221570629,125
221571629,118
221572629,121
221573629,127
221574629,121
221575629,110
221576629,113
221577629,112
221578629,115
221579629,117
221580629,103
221581629,97
221582629,113
221583629,108
221584629,111
221585629,112
221586629,113
221587629,103
221588629,120
221599052,98
221600052,91
221601052,96
221602052,95
221603052,89
221604052,94
221605052,84
221606052,89
221607052,89
221608052,96
221609052,76
221610052,78
221611052,91
221612052,80
221613052,81
221614052,84
221615052,81
221616052,80
221617052,80
221618052,75
221619052,80
221620052,95
221621052,89
221622052,84
221623052,91
221624052,81
221625052,83
221626052,87
221627052,85
221628052,81
221629052,80
221630052,82
221631052,85
221632052,73
221633052,80
221634052,79
221635052,84
221636052,80
221637052,80
221638052,84
221639052,80
221640052,80
221641052,73
221651464,65
221652464,81
221653464,61
221654464,77
221655464,67
221656464,93
221657464,73
221658464,80
221659464,67
221660464,79
221661464,80
221662464,80
221663464,79
221664464,64
221665464,106
221666464,80
221667464,85
221668464,72
221669464,75
221670464,67
221671464,80
221672464,68
221673464,63
221674464,67
221675464,75
221676464,81
221677464,73
221678464,77
221679464,96
221680464,81
221681464,100
221682464,108
221683464,108
221684464,109
221685464,89
221686464,108
221687464,83
221688464,97
221689464,97
221690464,96
221691464,99
221692464,91
221702870,89
221703870,93
221704870,96
221705870,83
221706870,91
221707870,87
221708870,83
221709870,92
221710870,110
221711870,104
221712870,99
221713870,122
221714870,124
221715870,116
221716870,117
221717870,114
221718870,115
221719870,113
221720870,105
221721870,105
221722870,107
221723870,110
221724870,108
221725870,112
221726870,113
221727870,104
221728870,123
221729870,111
221730870,129
221731870,113
221732870,126
221733870,133
221734870,127
221735870,124
221746272,156
221747272,142
221748272,139
221749272,133
221750272,131
221751272,127
221752272,128
221753272,129
221754272,129
221755272,129
221756272,124
221757272,124
221758272,126
221759272,125
221760272,124
221761272,117
221762272,126
221763272,125
221764272,136
221765272,123
221766272,137
221767272,143
221768272,134
221769272,133
221770272,134
221771272,137
221772272,131
221773272,130
221774272,143
221775272,144
221776272,141
221786723,175
221787723,176
221788723,182
221789723,187
221790723,173
221791723,180
221792723,176
221793723,177
221794723,171
221795723,161
221796723,170
221797723,171
221798723,172
221799723,157
221800723,159
221801723,157
221802723,153
221803723,149
221804723,149
221805723,147
221806723,145
221807723,149
221808723,148
221809723,132
221810723,144
221811723,148
221812723,142
221813723,141
221814723,154
221815723,166
221816723,170
221827157,176
221828157,163
221829157,169
221830157,166
221831157,149
221832157,192
221833157,156
221834157,150
221835157,147
221836157,159
221837157,147
221838157,180
221839157,144
221840157,149
221841157,153
221842157,139
221843157,131
221844157,148
221845157,153
221846157,144
221847157,160
221848157,148
221849157,153
221850157,175
221851157,138
221852157,142
221853157,141
221854157,144
221855157,157
221856157,135
221857157,140
221867608,131
221868608,137
221869608,144
221870608,139
221871608,129
221872608,129
221873608,135
221874608,139
221875608,141
221876608,144
221877608,145
221878608,144
221879608,144
221880608,143
221881608,137
221882608,143
221883608,144
221884608,144
221885608,137
221886608,135
221887608,134
221888608,134
221889608,128
221890608,133
221891608,137
221892608,139
221893608,135
221894608,133
221895608,144
221896608,157
221897608,153
221898608,154
221909031,145
221910031,158
221911031,155
221912031,147
221913031,147
221914031,149
221915031,157
221916031,147
221917031,156
221918031,158
221919031,157
221920031,161
221921031,157
221922031,160
221923031,155
221924031,139
221925031,157
221926031,147
221927031,155
221928031,143
221929031,143
221930031,149
221931031,145
221932031,172
221933031,162
221934031,155
221935031,167
221936031,149
221937031,159
221938031,145
221939031,137
221949482,130
221950482,132
221951482,129
221952482,127
221953482,129
221954482,121
221955482,127
221956482,123
221957482,82
221958482,113
221959482,123
221960482,118
221961482,122
221962482,125
221963482,121
221964482,125
221965482,124
221966482,137
221967482,130
221968482,118
221969482,130
221970482,129
221971482,126
221972482,128
221973482,115
221974482,125
221975482,131
221976482,135
221977482,128
221978482,130
221979482,101
221989916,126
221990916,126
221991916,130
221992916,156
221993916,129
221994916,131
221995916,132
221996916,145
221997916,129
221998916,136
221999916,121
222000916,129
222001916,125
222002916,117
222003916,123
222004916,124
222005916,117
222006916,125
222007916,116
222008916,115
222009916,113
222010916,111
222011916,113
222012916,147
222013916,111
222014916,116
222015916,107
222016916,107
222017916,109
222018916,111
222019916,97
222020916,105
222031339,113
222032339,112
222033339,113
222034339,111
222035339,99
222036339,102
222037339,110
222038339,110
222039339,91
222040339,107
222041339,107
222042339,123
222043339,97
222044339,107
222045339,100
222046339,95
222047339,104
222048339,107
222049339,100
222050339,95
222051339,105
222052339,95
222053339,92
222054339,97
222055339,94
222056339,93
222057339,101
222058339,89
222059339,89
222060339,90
222061339,89
222062339,93
222063339,87
222064339,91
222065339,89
222066339,93
222076721,98
222077721,90
222078721,87
222079721,96
222080721,100
222081721,101
222082721,96
222083721,96
222084721,100
222085721,97
222086721,99
222087721,95
222088721,87
222089721,96
222090721,87
222091721,92
222092721,91
222093721,95
222094721,80
222095721,83
222096721,94
222097721,95
222098721,96
222099721,87
222100721,83
222101721,92
222102721,99
222103721,88
222104721,79
222105721,77
222106721,78
222107721,111
222108721,80
222109721,80
222110721,81
222111721,85
222112721,115
222113721,89
222114721,93
222115721,86
222116721,89
222117721,82
222128109,91
222129109,97
222130109,108
222131109,96
222132109,96
222133109,95
222134109,104
222135109,96
222136109,98
222137109,96
222138109,93
222139109,95
222140109,89
222141109,92
222142109,91
222143109,89
222144109,90
222145109,89
222146109,92
222147109,87
222148109,86
222149109,84
222150109,85
222151109,96
222152109,80
222153109,83
222154109,81
222155109,83
222156109,81
222157109,82
222158109,85
222159109,89
222160109,97
222161109,96
222162109,98
222163109,97
222164109,91
222165109,94
222166109,93
222167109,103
222168109,96
222169109,90
222179497,88
222180497,89
222181497,86
222182497,80
222183497,80
222184497,85
222185497,89
222186497,81
222187497,65
222188497,81
222189497,81
222190497,93
222191497,76
222192497,80
222193497,96
222194497,80
222195497,72
222196497,82
222197497,81
222198497,81
222199497,80
222200497,75
222201497,77
222202497,79
222203497,75
222204497,80
222205497,74
222206497,80
222207497,73
222208497,80
222209497,71
222210497,72
222211497,78
222212497,75
222213497,75
222214497,80
222215497,80
222216497,80
222217497,80
222218497,79
222219497,78
222220497,80
222221497,68
222222497,67
222232882,66
222233882,68
222234882,67
222235882,72
222236882,65
222237882,65
222238882,47
222239882,73
222240882,65
222241882,66
222242882,65
222243882,64
222244882,68
222245882,59
222246882,65
222247882,64
222248882,71
222249882,64
222250882,65
222251882,66
222252882,63
222253882,70
222254882,64
222255882,69
222256882,75
222257882,69
222258882,60
222259882,69
222260882,57
222261882,61
222262882,58
222263882,65
222264882,64
222265882,54
222266882,64
222267882,64
222268882,59
222269882,57
222270882,51
222271882,61
222272882,54
222273882,61
222274882,65
222275882,61
222286284,53
222287284,54
222288284,64
222289284,60
222290284,51
222291284,56
222292284,51
222293284,52
222294284,53
222295284,59
222296284,65
222297284,63
222298284,65
222299284,71
222300284,73
222301284,56
222302284,61
222303284,54
222304284,65
222305284,57
222306284,64
222307284,61
222308284,55
222309284,70
222310284,64
222311284,72
222312284,57
222313284,66
222314284,60
222315284,49
222316284,68
222317284,65
222318284,58
222319284,59
222320284,61
222321284,77
222322284,61
222323284,60
222324284,58
222325284,53
222326284,78
222327284,60
222328284,50
222338697,100
222339697,99
222340697,100
222341697,99
222342697,96
222343697,92
222344697,98
222345697,111
222346697,117
222347697,125
222348697,143
222349697,144
222350697,140
222351697,149
222352697,143
222353697,148
222354697,137
222355697,133
222356697,137
222357697,144
222358697,135
222359697,148
222360697,180
222361697,208
222362697,240
222363697,267
222364697,298
222365697,304
222366697,293
222367697,291
222368697,275
222369697,303
222370697,299
222381075,461
222382075,476
222383075,435
222384075,433
222385075,425
222386075,417
222387075,403
222388075,407
222389075,395
222390075,411
222391075,373
222392075,373
222393075,369
222394075,356
222395075,359
222396075,329
222397075,346
222398075,345
222399075,333
222400075,332
222401075,321
222402075,285
222403075,316
222404075,301
222405075,303
222406075,287
222407075,293
222408075,284
222409075,267
222410075,268
222411075,289
222421509,223
222422509,219
222423509,220
222424509,208
222425509,205
222426509,204
222427509,193
222428509,196
222429509,193
222430509,187
222431509,208
222432509,177
222433509,183
222434509,171
222435509,176
222436509,177
222437509,169
222438509,175
222439509,155
222440509,163
222441509,167
222442509,161
222443509,149
222444509,155
222445509,176
222446509,151
222447509,149
222448509,139
222449509,139
222450509,144
222451509,149
222461960,125
222462960,125
222463960,121
222464960,121
222465960,122
222466960,113
222467960,113
222468960,112
222469960,117
222470960,112
222471960,113
222472960,103
222473960,105
222474960,105
222475960,99
222476960,109
222477960,104
222478960,99
222479960,99
222480960,108
222481960,93
222482960,95
222483960,97
222484960,103
222485960,94
222486960,95
222487960,108
222488960,89
222489960,105
222490960,91
222491960,96
222492960,86
222493960,90
222494960,89
222495960,92
222496960,88
222507359,100
222508359,96
222509359,93
222510359,93
222511359,85
222512359,81
222513359,99
222514359,103
222515359,112
222516359,118
222517359,112
222518359,125
222519359,120
222520359,112
222521359,116
222522359,113
222523359,118
222524359,115
222525359,112
222526359,107
222527359,108
222528359,110
222529359,111
222530359,111
222531359,112
222532359,108
222533359,104
222534359,100
222535359,101
222536359,108
222537359,93
222538359,94
222539359,92
222540359,96
222550761,81
222551761,81
222552761,86
222553761,83
222554761,92
222555761,87
222556761,86
222557761,81
222558761,96
222559761,80
222560761,83
222561761,79
222562761,73
222563761,80
222564761,73
222565761,73
222566761,80
222567761,78
222568761,85
222569761,91
222570761,89
222571761,85
222572761,97
222573761,93
222574761,98
222575761,103
222576761,104
222577761,100
222578761,90
222579761,92
222580761,88
222581761,85
222582761,95
222583761,92
222584761,83
222585761,86
222586761,93
222587761,99
222588761,102
222589761,96
222590761,93
222591761,97
222602149,96
222603149,80
222604149,96
222605149,83
222606149,89
222607149,87
222608149,81
222609149,83
222610149,75
222611149,80
222612149,79
222613149,79
222614149,80
222615149,79
222616149,80
222617149,81
222618149,81
222619149,80
222620149,80
222621149,84
222622149,78
222623149,77
222624149,81
222625149,81
222626149,80
222627149,81
222628149,79
222629149,80
222630149,81
222631149,72
222632149,83
222633149,78
222634149,79
222635149,75
222636149,80
222637149,72
222638149,75
222639149,67
222640149,72
222641149,75
222642149,69
222643149,76
222644149,64
222645149,75
222655552,67
222656552,72
222657552,99
222658552,73
222659552,71
222660552,65
222661552,88
222662552,71
222663552,66
222664552,63
222665552,65
222666552,70
222667552,65
222668552,67
222669552,64
222670552,66
222671552,76
222672552,64
222673552,61
222674552,65
222675552,72
222676552,62
222677552,65
222678552,73
222679552,68
222680552,51
222681552,64
222682552,63
222683552,64
222684552,61
222685552,66
222686552,57
222687552,68
222688552,50
222689552,53
222690552,65
222691552,65
222692552,63
222693552,67
222694552,65
222695552,50
222696552,68
222697552,57
222707964,68
222708964,60
222709964,61
222710964,68
222711964,63
222712964,65
222713964,60
222714964,65
222715964,48
222716964,64
222717964,61
222718964,61
222719964,68
222720964,50
222721964,57
222722964,58
222723964,52
222724964,59
222725964,64
222726964,71
222727964,64
222728964,63
222729964,65
222730964,51
222731964,59
222732964,64
222733964,57
222734964,51
222735964,48
222736964,57
222737964,56
222738964,64
222739964,57
222740964,57
222741964,59
222742964,51
222743964,59
222744964,49
222745964,55
222746964,51
222747964,52
222748964,51
222749964,65
222750964,53
222761349,57
222762349,59
222763349,68
222764349,53
222765349,57
222766349,49
222767349,27
222768349,64
222769349,63
222770349,64
222771349,55
222772349,65
222773349,59
222774349,16
222775349,64
222776349,65
222777349,64
222778349,59
222779349,56
222780349,73
222781349,65
222782349,61
222783349,55
222784349,57
222785349,55
222786349,69
222787349,52
222788349,73
222789349,58
222790349,55
222791349,77
222792349,64
222793349,61
222794349,63
222795349,57
222796349,64
222797349,51
222798349,64
222799349,62
222800349,64
222801349,63
222802349,77
222803349,57
222804349,55
222814751,65
222815751,62
222816751,52
222817751,61
222818751,49
222819751,61
222820751,64
222821751,65
222822751,61
222823751,64
222824751,57
222825751,70
222826751,59
222827751,57
222828751,61
222829751,56
222830751,65
222831751,61
222832751,58
222833751,67
222834751,64
222835751,56
222836751,62
222837751,64
222838751,65
222839751,62
222840751,55
222841751,55
222842751,53
222843751,59
222844751,63
222845751,58
222846751,51
222847751,59
222848751,64
222849751,59
222850751,61
222851751,56
222852751,41
222853751,67
222854751,64
222855751,52
222856751,54
222867164,52
222868164,58
222869164,57
222870164,49
222871164,64
222872164,55
222873164,53
222874164,49
222875164,65
222876164,59
222877164,64
222878164,59
222879164,57
222880164,64
222881164,57
222882164,64
222883164,54
222884164,61
222885164,64
222886164,65
222887164,63
222888164,68
222889164,68
222890164,76
222891164,69
222892164,73
222893164,65
222894164,67
222895164,64
222896164,65
222897164,68
222898164,61
222899164,64
222900164,65
222901164,60
222902164,67
222903164,61
222904164,64
222905164,67
222906164,65
222907164,62
222908164,62
222909164,62
222910164,65
222920549,68
222921549,64
222922549,64
222923549,64
222924549,57
222925549,57
222926549,64
222927549,59
222928549,59
222929549,59
222930549,65
222931549,59
222932549,62
222933549,65
222934549,68
222935549,68
222936549,57
222937549,63
222938549,64
222939549,64
222940549,58
222941549,59
222942549,57
222943549,59
222944549,65
222945549,60
222946549,64
222947549,65
222948549,64
222949549,55
222950549,51
222951549,53
222952549,64
222953549,54
222954549,64
222955549,60
222956549,53
222957549,54
222958549,57
222959549,63
222960549,55
222961549,57
222962549,57
222963549,54
222973951,53
222974951,57
222975951,64
222976951,57
222977951,64
222978951,54
222979951,61
222980951,63
222981951,63
222982951,55
222983951,59
222984951,64
222985951,49
222986951,59
222987951,53
222988951,64
222989951,57
222990951,75
222991951,65
222992951,48
222993951,65
222994951,64
222995951,46
222996951,54
222997951,61
222998951,63
222999951,49
223000951,64
223001951,61
223002951,53
223003951,64
223004951,50
223005951,59
223006951,71
223007951,64
223008951,64
223009951,32
223010951,60
223011951,65
223012951,56
223013951,56
223014951,66
223015951,60
223026364,52
223027364,64
223028364,47
223029364,54
223030364,65
223031364,64
223032364,58
223033364,61
223034364,60
223035364,64
223036364,57
223037364,59
223038364,59
223039364,53
223040364,62
223041364,55
223042364,55
223043364,57
223044364,51
223045364,64
223046364,56
223047364,60
223048364,45
223049364,57
223050364,49
223051364,68
223052364,48
223053364,59
223054364,65
223055364,51
223056364,57
223057364,47
223058364,60
223059364,59
223060364,69
223061364,64
223062364,64
223063364,58
223064364,59
223065364,67
223066364,60
223067364,58
223068364,61
223069364,47
223079749,66
223080749,70
223081749,79
223082749,64
223083749,68
223084749,67
223085749,73
223086749,68
223087749,60
223088749,59
223089749,64
223090749,69
223091749,80
223092749,61
223093749,65
223094749,63
223095749,70
223096749,63
223097749,59
223098749,65
223099749,69
223100749,67
223101749,65
223102749,55
223103749,61
223104749,76
223105749,64
223106749,84
223107749,60
223108749,64
223109749,65
223110749,61
223111749,69
223112749,59
223113749,72
223114749,61
223115749,49
223116749,59
223117749,68
223118749,64
223119749,61
223120749,62
223121749,64
223122749,72
223133151,56
223134151,57
223135151,64
223136151,68
223137151,49
223138151,60
223139151,59
223140151,68
223141151,61
223142151,66
223143151,62
223144151,65
223145151,64
223146151,55
223147151,64
223148151,49
223149151,64
223150151,60
223151151,58
223152151,59
223153151,64
223154151,62
223155151,65
223156151,57
223157151,64
223158151,65
223159151,57
223160151,61
223161151,55
223162151,54
223163151,51
223164151,59
223165151,63
223166151,63
223167151,61
223168151,53
223169151,68
223170151,56
223171151,61
223172151,53
223173151,57
223174151,63
223175151,60
223185566,60
223186566,57
223187566,64
223188566,59
223189566,67
223190566,63
223191566,53
223192566,65
223193566,64
223194566,52
223195566,60
223196566,63
223197566,57
223198566,68
223199566,57
223200566,65
223201566,55
223202566,51
223203566,55
223204566,57
223205566,55
223206566,53
223207566,55
223208566,47
223209566,60
223210566,52
223211566,57
223212566,49
223213566,51
223214566,33
223215566,53
223216566,61
223217566,53
223218566,58
223219566,65
223220566,64
223221566,61
223222566,73
223223566,59
223224566,58
223225566,50
223226566,53
223227566,55
223228566,55
223238949,53
223239949,49
223240949,61
223241949,51
223242949,57
223243949,59
223244949,64
223245949,61
223246949,61
223247949,64
223248949,53
223249949,53
223250949,55
223251949,64
223252949,49
223253949,64
223254949,59
223255949,59
223256949,56
223257949,56
223258949,93
223259949,37
223260949,53
223261949,61
223262949,53
223263949,63
223264949,61
223265949,59
223266949,57
223267949,63
223268949,59
223269949,48
223270949,49
223271949,53
223272949,59
223273949,58
223274949,55
223275949,57
223276949,64
223277949,53
223278949,57
223279949,57
223280949,53
223281949,51
223292351,64
223293351,52
223294351,61
223295351,62
223296351,55
223297351,75
223298351,59
223299351,61
223300351,65
223301351,51
223302351,58
223303351,56
223304351,64
223305351,58
223306351,63
223307351,66
223308351,51
223309351,49
223310351,54
223311351,66
223312351,52
223313351,64
223314351,64
223315351,60
223316351,53
223317351,30
223318351,61
223319351,60
223320351,57
223321351,58
223322351,53
223323351,48
223324351,59
223325351,59
223326351,68
223327351,64
223328351,51
223329351,61
223330351,66
223331351,57
223332351,61
223333351,59
223334351,64
223344763,64
223345763,81
223346763,65
223347763,59
223348763,60
223349763,59
223350763,51
223351763,51
223352763,57
223353763,57
223354763,52
223355763,60
223356763,57
223357763,51
223358763,55
223359763,57
223360763,60
223361763,64
223362763,65
223363763,59
223364763,65
223365763,52
223366763,60
223367763,51
223368763,58
223369763,68
223370763,60
223371763,56
223372763,60
223373763,56
223374763,59
223375763,49
223376763,71
223377763,49
223378763,57
223379763,60
223380763,53
223381763,63
223382763,57
223383763,64
223384763,61
223385763,61
223386763,64
223387763,65
223398148,72
223399148,63
223400148,67
223401148,64
223402148,65
223403148,59
223404148,64
223405148,76
223406148,67
223407148,71
223408148,76
223409148,65
223410148,64
223411148,69
223412148,64
223413148,68
223414148,66
223415148,73
223416148,79
223417148,107
223418148,233
223419148,412
223420148,603
223421148,803
223422148,1053
223423148,1264
223424148,1367
223425148,1381
223426148,1396
223427148,1497
223428148,1666
223429148,1900
223430148,2134
223431148,2347
223441572,2507
223442572,2483
223443572,2559
223444572,2928
223445572,3446
223446572,3870
223447572,3903
223448572,3872
223449572,3877
223450572,3851
223451572,3899
223452572,3874
223453572,3871
223454572,3862
223455572,3855
223456572,3871
223457572,3870
223458572,3873
223459572,3865
223460572,3877
223461572,3859
223462572,3888
223463572,3869
223464572,3890
223474971,3884
223475971,3913
223476971,3871
223477971,3856
223478971,3863
223479971,3873
223480971,3882
223481971,3859
223482971,3829
223483971,3840
223484971,3869
223485971,3857
223486971,3875
223487971,3877
223488971,3867
223489971,3867
223490971,3869
223491971,3860
223492971,3856
223493971,3857
223494971,3867
223495971,3875
223496971,3873
223497971,3867
223508390,3087
223509390,2995
223510390,2931
223511390,2869
223512390,2807
223513390,2746
223514390,2682
223515390,2620
223516390,2559
223517390,2505
223518390,2449
223519390,2393
223520390,2352
223521390,2303
223522390,2256
223523390,2204
223524390,2159
223525390,2103
223526390,2059
223527390,2006
223528390,1966
223529390,1914
223530390,1890
223531390,1840
223532390,1811
223542782,1535
223543782,1520
223544782,1522
223545782,1525
223546782,1519
223547782,1504
223548782,1479
223549782,1459
223550782,1417
223551782,1396
223552782,1376
223553782,1344
223554782,1314
223555782,1293
223556782,1260
223557782,1235
223558782,1203
223559782,1179
223560782,1161
223561782,1145
223562782,1105
223563782,1097
223564782,1071
223565782,1041
223576202,831
223577202,813
223578202,792
223579202,769
223580202,769
223581202,747
223582202,732
223583202,720
223584202,702
223585202,675
223586202,683
223587202,656
223588202,639
223589202,630
223590202,619
223591202,609
223592202,577
223593202,585
223594202,576
223595202,561
223596202,548
223597202,539
223598202,529
223599202,510
223600202,505
223601202,493
223602202,486
223603202,474
223604202,461
223605202,453
223606202,433
223616653,353
223617653,361
223618653,347
223619653,341
223620653,335
223621653,327
223622653,324
223623653,323
223624653,311
223625653,311
223626653,301
223627653,299
223628653,299
223629653,288
223630653,279
223631653,275
223632653,276
223633653,271
223634653,259
223635653,259
223636653,268
223637653,259
223638653,265
223639653,303
223640653,315
223641653,323
223642653,319
223643653,305
223644653,320
223645653,306
223646653,297
223657087,355
223658087,361
223659087,345
223660087,340
223661087,327
223662087,332
223663087,321
223664087,310
223665087,302
223666087,270
223667087,296
223668087,291
223669087,299
223670087,292
223671087,288
223672087,273
223673087,284
223674087,299
223675087,284
223676087,275
223677087,271
223678087,273
223679087,276
223680087,282
223681087,271
223682087,258
223683087,264
223684087,243
223685087,243
223686087,256
223687087,246
223697538,336
223698538,346
223699538,345
223700538,351
223701538,350
223702538,347
223703538,343
223704538,335
223705538,347
223706538,356
223707538,368
223708538,388
223709538,388
223710538,371
223711538,363
223712538,361
223713538,358
223714538,347
223715538,349
223716538,331
223717538,323
223718538,325
223719538,313
223720538,306
223721538,309
223722538,305
223723538,307
223724538,308
223725538,288
223726538,268
223727538,285
223728538,279
223738961,247
223739961,236
223740961,225
223741961,235
223742961,225
223743961,240
223744961,219
223745961,213
223746961,213
223747961,206
223748961,200
223749961,210
223750961,199
223751961,187
223752961,196
223753961,195
223754961,208
223755961,213
223756961,240
223757961,244
223758961,239
223759961,252
223760961,277
223761961,266
223762961,241
223763961,241
223764961,245
223765961,233
223766961,236
223767961,224
223768961,236
223779412,192
223780412,197
223781412,186
223782412,195
223783412,187
223784412,202
223785412,177
223786412,177
223787412,176
223788412,173
223789412,176
223790412,168
223791412,155
223792412,163
223793412,162
223794412,156
223795412,155
223796412,160
223797412,155
223798412,151
223799412,152
223800412,144
223801412,142
223802412,109
223803412,144
223804412,141
223805412,131
223806412,137
223807412,134
223808412,129
223809412,125
223819846,124
223820846,112
223821846,110
223822846,107
223823846,102
223824846,112
223825846,103
223826846,118
223827846,105
223828846,99
223829846,110
223830846,101
223831846,112
223832846,101
223833846,81
223834846,105
223835846,99
223836846,97
223837846,108
223838846,101
223839846,105
223840846,113
223841846,105
223842846,100
223843846,108
223844846,101
223845846,105
223846846,109
223847846,96
223848846,103
223849846,103
223850846,96
223851846,89
223862293,90
223863293,92
223864293,83
223865293,90
223866293,89
223867293,80
223868293,91
223869293,92
223870293,92
223871293,100
223872293,95
223873293,97
223874293,92
223875293,128
223876293,89
223877293,112
223878293,81
223879293,96
223880293,81
223881293,90
223882293,81
223883293,83
223884293,81
223885293,81
223886293,89
223887293,84
223888293,77
223889293,75
223890293,86
223891293,78
223892293,77
223893293,80
223894293,80
223895293,79
223896293,80
223897293,80
223898293,84
223899293,73
223900293,80
223901293,73
223902293,85
223903293,70
223904293,72
223914723,67
223915723,77
223916723,80
223917723,78
223918723,74
223919723,73
223920723,80
223921723,80
223922723,81
223923723,77
223924723,79
223925723,80
223926723,79
223927723,75
223928723,79
223929723,84
223930723,73
223931723,73
223932723,80
223933723,67
223934723,74
223935723,79
223936723,77
223937723,65
223938723,75
223939723,75
223940723,74
223941723,71
223942723,67
223943723,67
223944723,81
223945723,42
223946723,76
223947723,84
223948723,64
223949723,32
223950723,75
223951723,74
223952723,81
223953723,77
223954723,77
223955723,80
223956723,59
223957723,95
223968125,80
223969125,71
223970125,75
223971125,80
223972125,84
223973125,92
223974125,89
223975125,106
223976125,91
223977125,93
223978125,83
223979125,73
223980125,81
223981125,83
223982125,90
223983125,85
223984125,82
223985125,89
223986125,89
223987125,84
223988125,93
223989125,93
223990125,81
223991125,97
223992125,83
223993125,81
223994125,79
223995125,77
223996125,80
223997125,81
223998125,80
223999125,83
224000125,84
224001125,79
224002125,77
224003125,80
224004125,88
224005125,79
224006125,77
224007125,48
224008125,83
224009125,80
224010125,73
224020538,69
224021538,68
224022538,79
224023538,75
224024538,65
224025538,76
224026538,73
224027538,88
224028538,64
224029538,83
224030538,82
224031538,73
224032538,84
224033538,67
224034538,70
224035538,67
224036538,68
224037538,80
224038538,71
224039538,71
224040538,68
224041538,67
224042538,70
224043538,69
224044538,75
224045538,77
224046538,77
224047538,65
224048538,69
224049538,69
224050538,65
224051538,67
224052538,67
224053538,69
224054538,70
224055538,75
224056538,67
224057538,75
224058538,77
224059538,76
224060538,67
224061538,69
224062538,71
224063538,59
224073940,73
224074940,64
224075940,68
224076940,67
224077940,58
224078940,69
224079940,64
224080940,69
224081940,75
224082940,73
224083940,63
224084940,65
224085940,67
224086940,80
224087940,70
224088940,70
224089940,68
224090940,78
224091940,71
224092940,69
224093940,67
224094940,75
224095940,70
224096940,67
224097940,72
224098940,64
224099940,59
224100940,53
224101940,67
224102940,69
224103940,71
224104940,75
224105940,65
224106940,68
224107940,65
224108940,69
224109940,72
224110940,71
224111940,53
224112940,63
224113940,64
224114940,63
224115940,66
224126353,73
224127353,67
224128353,64
224129353,73
224130353,74
224131353,67
224132353,67
224133353,73
224134353,61
224135353,64
224136353,68
224137353,65
224138353,65
224139353,76
224140353,72
224141353,57
224142353,70
224143353,64
224144353,59
224145353,64
224146353,64
224147353,91
224148353,63
224149353,57
224150353,70
224151353,64
224152353,57
224153353,64
224154353,65
224155353,63
224156353,69
224157353,76
224158353,64
224159353,64
224160353,64
224161353,67
224162353,64
224163353,59
224164353,61
224165353,59
224166353,64
224167353,65
224168353,59
224169353,65
224179738,72
224180738,67
224181738,73
224182738,59
224183738,64
224184738,64
224185738,66
224186738,78
224187738,69
224188738,64
224189738,74
224190738,64
224191738,64
224192738,65
224193738,68
224194738,59
224195738,70
224196738,67
224197738,70
224198738,65
224199738,57
224200738,59
224201738,67
224202738,64
224203738,68
224204738,65
224205738,68
224206738,65
224207738,79
224208738,77
224209738,68
224210738,73
224211738,77
224212738,71
224213738,65
224214738,75
224215738,67
224216738,69
224217738,65
224218738,68
224219738,73
224220738,66
224221738,65
224222738,68
224233140,57
224234140,64
224235140,64
224236140,67
224237140,67
224238140,65
224239140,53
224240140,66
224241140,67
224242140,59
224243140,66
224244140,54
224245140,64
224246140,59
224247140,65
224248140,60
224249140,63
224250140,64
224251140,69
224252140,59
224253140,65
224254140,57
224255140,63
224256140,69
224257140,57
224258140,62
224259140,59
224260140,65
224261140,69
224262140,64
224263140,55
224264140,57
224265140,57
224266140,57
224267140,64
224268140,61
224269140,65
224270140,65
224271140,57
224272140,64
224273140,57
224274140,57
224275140,57
224285554,65
224286554,86
224287554,62
224288554,65
224289554,65
224290554,59
224291554,61
224292554,61
224293554,65
224294554,64
224295554,51
224296554,62
224297554,64
224298554,75
224299554,65
224300554,57
224301554,59
224302554,66
224303554,69
224304554,66
224305554,57
224306554,64
224307554,63
224308554,64
224309554,61
224310554,48
224311554,67
224312554,65
224313554,51
224314554,59
224315554,57
224316554,54
224317554,53
224318554,56
224319554,64
224320554,49
224321554,58
224322554,55
224323554,61
224324554,63
224325554,61
224326554,61
224327554,53
224328554,51
224338938,57
224339938,58
224340938,57
224341938,57
224342938,52
224343938,65
224344938,60
224345938,53
224346938,60
224347938,65
224348938,55
224349938,58
224350938,57
224351938,64
224352938,59
224353938,65
224354938,57
224355938,60
224356938,67
224357938,61
224358938,57
224359938,61
224360938,57
224361938,66
224362938,57
224363938,51
224364938,51
224365938,66
224366938,64
224367938,60
224368938,64
224369938,58
224370938,61
224371938,63
224372938,64
224373938,68
224374938,70
224375938,59
224376938,53
224377938,64
224378938,63
224379938,51
224380938,60
224381938,60
224392340,59
224393340,77
224394340,51
224395340,60
224396340,47
224397340,57
224398340,73
224399340,64
224400340,59
224401340,57
224402340,52
224403340,64
224404340,51
224405340,61
224406340,51
224407340,59
224408340,61
224409340,61
224410340,53
224411340,53
224412340,64
224413340,80
224414340,64
224415340,55
224416340,48
224417340,59
224418340,55
224419340,51
224420340,61
224421340,57
224422340,49
224423340,61
224424340,48
224425340,48
224426340,51
224427340,60
224428340,59
224429340,63
224430340,55
224431340,61
224432340,58
224433340,73
224434340,59
224444752,66
224445752,53
224446752,65
224447752,48
224448752,53
224449752,55
224450752,59
224451752,59
224452752,52
224453752,57
224454752,59
224455752,27
224456752,65
224457752,59
224458752,59
224459752,60
224460752,54
224461752,48
224462752,59
224463752,49
224464752,51
224465752,57
224466752,49
224467752,57
224468752,51
224469752,64
224470752,60
224471752,59
224472752,54
224473752,59
224474752,48
224475752,51
224476752,49
224477752,65
224478752,59
224479752,50
224480752,58
224481752,53
224482752,53
224483752,51
224484752,55
224485752,51
224486752,61
224487752,64
224498137,59
224499137,51
224500137,49
224501137,57
224502137,62
224503137,64
224504137,57
224505137,55
224506137,60
224507137,65
224508137,55
224509137,57
224510137,66
224511137,65
224512137,65
224513137,62
224514137,68
224515137,62
224516137,60
224517137,55
224518137,53
224519137,51
224520137,53
224521137,58
224522137,58
224523137,57
224524137,65
224525137,61
224526137,55
224527137,57
224528137,57
224529137,59
224530137,59
224531137,57
224532137,57
224533137,61
224534137,61
224535137,58
224536137,61
224537137,67
224538137,51
224539137,60
224540137,62
224541137,61
224551539,57
224552539,51
224553539,51
224554539,59
224555539,65
224556539,55
224557539,57
224558539,59
224559539,58
224560539,64
224561539,80
224562539,53
224563539,62
224564539,59
224565539,64
224566539,59
224567539,68
224568539,61
224569539,60
224570539,51
224571539,61
224572539,59
224573539,57
224574539,55
224575539,61
224576539,61
224577539,67
224578539,60
224579539,55
224580539,62
224581539,57
224582539,57
224583539,38
224584539,53
224585539,59
224586539,57
224587539,61
224588539,69
224589539,73
224590539,55
224591539,64
224592539,63
224593539,51
224603952,58
224604952,57
224605952,63
224606952,68
224607952,54
224608952,64
224609952,51
224610952,64
224611952,65
224612952,64
224613952,70
224614952,59
224615952,61
224616952,63
224617952,51
224618952,52
224619952,55
224620952,54
224621952,58
224622952,62
224623952,60
224624952,56
224625952,61
224626952,51
224627952,55
224628952,63
224629952,49
224630952,59
224631952,57
224632952,64
224633952,61
224634952,56
224635952,55
224636952,51
224637952,64
224638952,61
224639952,55
224640952,61
224641952,49
224642952,49
224643952,63
224644952,56
224645952,60
224646952,57
224657337,68
224658337,71
224659337,57
224660337,65
224661337,64
224662337,65
224663337,53
224664337,59
224665337,57
224666337,57
224667337,64
224668337,59
224669337,85
224670337,57
224671337,62
224672337,53
224673337,61
224674337,51
224675337,62
224676337,53
224677337,58
224678337,64
224679337,47
224680337,59
224681337,60
224682337,51
224683337,57
224684337,49
224685337,60
224686337,60
224687337,64
224688337,63
224689337,63
224690337,52
224691337,53
224692337,57
224693337,49
224694337,51
224695337,52
224696337,61
224697337,76
224698337,60
224699337,51
224700337,65
224710739,64
224711739,65
224712739,71
224713739,53
224714739,59
224715739,65
224716739,61
224717739,63
224718739,27
224719739,62
224720739,61
224721739,59
224722739,65
224723739,64
224724739,85
224725739,65
224726739,45
224727739,57
224728739,64
224729739,71
224730739,59
224731739,49
224732739,65
224733739,61
224734739,67
224735739,79
224736739,69
224737739,57
224738739,59
224739739,62
224740739,67
224741739,61
224742739,64
224743739,67
224744739,60
224745739,59
224746739,53
224747739,60
224748739,58
224749739,50
224750739,61
224751739,71
224752739,67
224763152,64
224764152,57
224765152,65
224766152,60
224767152,59
224768152,57
224769152,59
224770152,68
224771152,59
224772152,64
224773152,59
224774152,61
224775152,65
224776152,65
224777152,60
224778152,60
224779152,58
224780152,53
224781152,56
224782152,63
224783152,55
224784152,65
224785152,58
224786152,59
224787152,68
224788152,64
224789152,63
224790152,59
224791152,60
224792152,51
224793152,64
224794152,59
224795152,57
224796152,63
224797152,61
224798152,60
224799152,57
224800152,57
224801152,63
224802152,63
224803152,53
224804152,59
224805152,57
224806152,57
224816537,63
224817537,57
224818537,62
224819537,54
224820537,64
224821537,53
224822537,55
224823537,65
224824537,55
224825537,49
224826537,64
224827537,61
224828537,59
224829537,60
224830537,55
224831537,78
224832537,53
224833537,49
224834537,57
224835537,60
224836537,64
224837537,57
224838537,59
224839537,59
224840537,63
224841537,63
224842537,58
224843537,59
224844537,61
224845537,58
224846537,59
224847537,63
224848537,68
224849537,64
224850537,57
224851537,75
224852537,65
224853537,59
224854537,60
224855537,77
224856537,63
224857537,55
224858537,69
224859537,64
224869939,67
224870939,61
224871939,65
224872939,59
224873939,75
224874939,68
224875939,55
224876939,64
224877939,68
224878939,57
224879939,49
224880939,60
224881939,56
224882939,62
224883939,61
224884939,64
224885939,61
224886939,50
224887939,53
224888939,59
224889939,64
224890939,49
224891939,52
224892939,64
224893939,59
224894939,58
224895939,35
224896939,64
224897939,57
224898939,65
224899939,53
224900939,53
224901939,60
224902939,51
224903939,63
224904939,54
224905939,57
224906939,60
224907939,53
224908939,51
224909939,59
224910939,60
224911939,57
224922352,68
224923352,55
224924352,64
224925352,64
224926352,53
224927352,51
224928352,70
224929352,64
224930352,61
224931352,55
224932352,62
224933352,52
224934352,61
224935352,52
224936352,51
224937352,55
224938352,57
224939352,63
224940352,59
224941352,61
224942352,59
224943352,63
224944352,60
224945352,57
224946352,51
224947352,57
224948352,58
224949352,54
224950352,55
224951352,49
224952352,64
224953352,63
224954352,55
224955352,64
224956352,59
224957352,65
224958352,55
224959352,63
224960352,57
224961352,61
224962352,64
224963352,63
224964352,57
224965352,57
224975737,59
224976737,53
224977737,56
224978737,61
224979737,59
224980737,65
224981737,55
224982737,60
224983737,59
224984737,55
224985737,49
224986737,57
224987737,57
224988737,61
224989737,65
224990737,64
224991737,54
224992737,51
224993737,61
224994737,53
224995737,64
224996737,54
224997737,55
224998737,64
224999737,57
225000737,57
225001737,70
225002737,64
225003737,64
225004737,72
225005737,64
225006737,61
225007737,78
225008737,62
225009737,51
225010737,59
225011737,64
225012737,57
225013737,63
225014737,69
225015737,55
225016737,55
225017737,51
225018737,53
225029139,57
225030139,51
225031139,57
225032139,52
225033139,64
225034139,49
225035139,54
225036139,57
225037139,60
225038139,42
225039139,60
225040139,59
225041139,55
225042139,58
225043139,64
225044139,59
225045139,49
225046139,60
225047139,49
225048139,59
225049139,58
225050139,59
225051139,52
225052139,59
225053139,55
225054139,62
225055139,63
225056139,57
225057139,51
225058139,39
225059139,54
225060139,65
225061139,54
225062139,59
225063139,57
225064139,58
225065139,61
225066139,59
225067139,65
225068139,57
225069139,56
225070139,68
225071139,58
225081552,57
225082552,43
225083552,51
225084552,63
225085552,57
225086552,57
225087552,51
225088552,55
225089552,58
225090552,64
225091552,77
225092552,64
225093552,55
225094552,67
225095552,57
225096552,57
225097552,49
225098552,53
225099552,51
225100552,58
225101552,59
225102552,56
225103552,49
225104552,48
225105552,60
225106552,55
225107552,69
225108552,57
225109552,58
225110552,78
225111552,53
225112552,64
225113552,53
225114552,82
225115552,61
225116552,60
225117552,57
225118552,49
225119552,57
225120552,58
225121552,64
225122552,49
225123552,48
225124552,60
225134937,49
225135937,65
225136937,61
225137937,57
225138937,81
225139937,59
225140937,63
225141937,61
225142937,62
225143937,68
225144937,64
225145937,56
225146937,59
225147937,54
225148937,57
225149937,61
225150937,67
225151937,54
225152937,48
225153937,65
225154937,63
225155937,55
225156937,64
225157937,60
225158937,60
225159937,56
225160937,60
225161937,63
225162937,37
225163937,63
225164937,53
225165937,17
225166937,56
225167937,52
225168937,64
225169937,59
225170937,53
225171937,65
225172937,59
225173937,68
225174937,63
225175937,57
225176937,59
225177937,59
225188339,69
225189339,66
225190339,63
225191339,65
225192339,65
225193339,65
225194339,68
225195339,61
225196339,65
225197339,57
225198339,67
225199339,59
225200339,64
225201339,76
225202339,66
225203339,65
225204339,66
225205339,60
225206339,64
225207339,65
225208339,64
225209339,68
225210339,64
225211339,65
225212339,61
225213339,59
225214339,64
225215339,61
225216339,59
225217339,57
225218339,66
225219339,54
225220339,64
225221339,57
225222339,61
225223339,55
225224339,64
225225339,64
225226339,61
225227339,61
225228339,53
225229339,57
225230339,64
225240751,59
225241751,87
225242751,54
225243751,51
225244751,51
225245751,63
225246751,61
225247751,60
225248751,61
225249751,57
225250751,57
225251751,60
225252751,63
225253751,63
225254751,63
225255751,51
225256751,61
225257751,59
225258751,59
225259751,53
225260751,64
225261751,61
225262751,60
225263751,45
225264751,68
225265751,65
225266751,64
225267751,61
225268751,55
225269751,64
225270751,40
225271751,59
225272751,62
225273751,64
225274751,62
225275751,62
225276751,74
225277751,58
225278751,63
225279751,72
225280751,59
225281751,73
225282751,64
225283751,69
225294136,65
225295136,73
225296136,73
225297136,69
225298136,77
225299136,75
225300136,63
225301136,73
225302136,73
225303136,72
225304136,71
225305136,61
225306136,65
225307136,75
225308136,64
225309136,80
225310136,71
225311136,80
225312136,72
225313136,59
225314136,80
225315136,67
225316136,80
225317136,100
225318136,161
225319136,244
225320136,345
225321136,442
225322136,511
225323136,567
225324136,592
225325136,577
225326136,579
225327136,645
225328136,676
225329136,748
225330136,823
225331136,905
225341549,1280
225342549,1296
225343549,1296
225344549,1278
225345549,1241
225346549,1217
225347549,1212
225348549,1206
225349549,1209
225350549,1225
225351549,1222
225352549,1237
225353549,1239
225354549,1233
225355549,1212
225356549,1251
225357549,1323
225358549,1413
225359549,1473
225360549,1490
225361549,1489
225362549,1488
225363549,1457
225364549,1469
225374952,1616
225375952,1648
225376952,1733
225377952,1823
225378952,1874
225379952,1955
225380952,2007
225381952,2064
225382952,2115
225383952,2202
225384952,2301
225385952,2453
225386952,2640
225387952,2782
225388952,2896
225389952,2900
225390952,2868
225391952,2890
225392952,2986
225393952,3200
225394952,3541
225395952,3862
225396952,3875
225397952,3861
225408371,3860
225409371,3862
225410371,3866
225411371,3863
225412371,3870
225413371,3840
225414371,3884
225415371,3843
225416371,3877
225417371,3878
225418371,3819
225419371,3862
225420371,3883
225421371,3870
225422371,3872
225423371,3863
225424371,3859
225425371,3838
225426371,3873
225427371,3907
225428371,3878
225429371,3827
225430371,3863
225431371,3878
225432371,3886
225442763,3879
225443763,3887
225444763,3828
225445763,3815
225446763,3862
225447763,3866
225448763,3865
225449763,3843
225450763,3877
225451763,3867
225452763,3888
225453763,3873
225454763,3863
225455763,3878
225456763,3888
225457763,3880
225458763,3901
225459763,3903
225460763,3866
225461763,3875
225462763,3881
225463763,3871
225464763,3879
225465763,3864
225476183,3866
225477183,3866
225478183,3875
225479183,3868
225480183,3877
225481183,3871
225482183,3874
225483183,3870
225484183,3878
225485183,3888
225486183,3867
225487183,3874
225488183,3874
225489183,3874
225490183,3889
225491183,3866
225492183,3888
225493183,3882
225494183,3881
225495183,3871
225496183,3865
225497183,3878
225498183,3859
225499183,3876
225509603,3821
225510603,3871
225511603,3873
225512603,3881
225513603,3878
225514603,3883
225515603,3875
225516603,3883
225517603,3864
225518603,3871
225519603,3873
225520603,3869
225521603,3872
225522603,3881
225523603,3875
225524603,3879
225525603,3883
225526603,3863
225527603,3887
225528603,3875
225529603,3870
225530603,3882
225531603,3873
225532603,3858
225543005,3873
225544005,3891
225545005,3864
225546005,3881
225547005,3886
225548005,3878
225549005,3873
225550005,3899
225551005,3877
225552005,3876
225553005,3873
225554005,3871
225555005,3868
225556005,3873
225557005,3857
225558005,3873
225559005,3876
225560005,3878
225561005,3871
225562005,3888
225563005,3879
225564005,3895
225565005,3879
225566005,3873
225576425,3867
225577425,3872
225578425,3877
225579425,3895
225580425,3875
225581425,3872
225582425,3920
225583425,3900
225584425,3878
225585425,3888
225586425,3876
225587425,3866
225588425,3875
225589425,3865
225590425,3892
225591425,3867
225592425,3878
225593425,3879
225594425,3863
225595425,3876
225596425,3886
225597425,3877
225598425,3891
225599425,3873
225600425,3877
225610817,3879
225611817,3869
225612817,3867
225613817,3885
225614817,3879
225615817,3852
225616817,3881
225617817,3888
225618817,3883
225619817,3869
225620817,3870
225621817,3857
225622817,3882
225623817,3865
225624817,3883
225625817,3875
225626817,3875
225627817,3879
225628817,3878
225629817,3883
225630817,3867
225631817,3885
225632817,3876
225633817,3869
225644245,3899
225645245,3875
225646245,3877
225647245,3886
225648245,3873
225649245,3871
225650245,3883
225651245,3862
225652245,3879
225653245,3879
225654245,3867
225655245,3872
225656245,3876
225657245,3877
225658245,3874
225659245,3856
225660245,3888
225661245,3877
225662245,3884
225663245,3871
225664245,3879
225665245,3871
225666245,3872
225667245,3887
225677657,3872
225678657,3888
225679657,3877
225680657,3847
225681657,3853
225682657,3893
225683657,3919
225684657,3883
225685657,3886
225686657,3872
225687657,3888
225688657,3888
225689657,3883
225690657,3865
225691657,3874
225692657,3849
225693657,3856
225694657,3881
225695657,3872
225696657,3867
225697657,3874
225698657,3855
225699657,3873
225700657,3863
225711059,3874
225712059,3859
225713059,3881
225714059,3866
225715059,3889
225716059,3866
225717059,3888
225718059,3906
225719059,3873
225720059,3874
225721059,3882
225722059,3888
225723059,3887
225724059,3888
225725059,3866
225726059,3879
225727059,3908
225728059,3877
225729059,3876
225730059,3923
225731059,3877
225732059,3873
225733059,3865
225734059,3883
225744479,3869
225745479,3856
225746479,3873
225747479,3879
225748479,3879
225749479,3879
225750479,3879
225751479,3871
225752479,3872
225753479,3872
225754479,3871
225755479,3919
225756479,3871
225757479,3889
225758479,3878
225759479,3867
225760479,3888
225761479,3856
225762479,3858
225763479,3920
225764479,3877
225765479,3883
225766479,3872
225767479,3882
225768479,3888
225778871,3887
225779871,3877
225780871,3854
225781871,3911
225782871,3865
225783871,3872
225784871,3870
225785871,3860
225786871,3883
225787871,3889
225788871,3859
225789871,3880
225790871,3863
225791871,3890
225792871,3861
225793871,3874
225794871,3879
225795871,3888
225796871,3867
225797871,3895
225798871,3861
225799871,3869
225800871,3869
225801871,3872
225812291,3872
225813291,3888
225814291,3905
225815291,3874
225816291,3874
225817291,3871
225818291,3878
225819291,3887
225820291,3883
225821291,3875
225822291,3871
225823291,3868
225824291,3885
225825291,3875
225826291,3863
225827291,3872
225828291,3878
225829291,3879
225830291,3873
225831291,3865
225832291,3884
225833291,3862
225834291,3888
225835291,3872
225845710,3920
225846710,3875
225847710,3879
225848710,3879
225849710,3880
225850710,3885
225851710,3859
225852710,3856
225853710,3885
225854710,3889
225855710,3866
225856710,3873
225857710,3824
225858710,3833
225859710,3861
225860710,3881
225861710,3867
225862710,3888
225863710,3862
225864710,3888
225865710,3897
225866710,3883
225867710,3883
225868710,3856
225879113,3870
225880113,3871
225881113,3881
225882113,3883
225883113,3888
225884113,3874
225885113,3909
225886113,3883
225887113,3888
225888113,3904
225889113,3888
225890113,3870
225891113,3873
225892113,3885
225893113,3871
225894113,3873
225895113,3868
225896113,3873
225897113,3875
225898113,3886
225899113,3874
225900113,3887
225901113,3875
225902113,3882
225912533,3859
225913533,3859
225914533,3876
225915533,3870
225916533,3875
225917533,3874
225918533,3877
225919533,3906
225920533,3878
225921533,3862
225922533,3879
225923533,3877
225924533,3888
225925533,3882
225926533,3875
225927533,3863
225928533,3881
225929533,3888
225930533,3871
225931533,3872
225932533,3870
225933533,3894
225934533,3870
225935533,3853
225936533,3875
225946925,3902
225947925,3875
225948925,3877
225949925,3877
225950925,3883
225951925,3883
225952925,3861
225953925,3881
225954925,3898
225955925,3889
225956925,3865
225957925,3877
225958925,3909
225959925,3875
225960925,3891
225961925,3878
225962925,3887
225963925,3875
225964925,3885
225965925,3887
225966925,3893
225967925,3869
225968925,3882
225969925,3870
225980345,3824
225981345,3876
225982345,3862
225983345,3885
225984345,3885
225985345,3868
225986345,3866
225987345,3870
225988345,3885
225989345,3877
225990345,3879
225991345,3879
225992345,3883
225993345,3861
225994345,3879
225995345,3875
225996345,3883
225997345,3883
225998345,3898
225999345,3885
226000345,3870
226001345,3885
226002345,3878
226003345,3887
226013764,3885
226014764,3868
226015764,3874
226016764,3866
226017764,3883
226018764,3862
226019764,3839
226020764,3876
226021764,3878
226022764,3881
226023764,3871
226024764,3889
226025764,3872
226026764,3850
226027764,3888
226028764,3884
226029764,3876
226030764,3905
226031764,3872
226032764,3869
226033764,3893
226034764,3874
226035764,3871
226036764,3891
226047167,3873
226048167,3871
226049167,3884
226050167,3881
226051167,3879
226052167,3870
226053167,3872
226054167,3877
226055167,3877
226056167,3875
226057167,3888
226058167,3870
226059167,3883
226060167,3868
226061167,3870
226062167,3873
226063167,3870
226064167,3874
226065167,3857
226066167,3869
226067167,3878
226068167,3874
226069167,3872
226070167,3879
226080587,3873
226081587,3883
226082587,3888
226083587,3882
226084587,3867
226085587,3878
226086587,3883
226087587,3871
226088587,3867
226089587,3870
226090587,3882
226091587,3862
226092587,3884
226093587,3883
226094587,3856
226095587,3885
226096587,3901
226097587,3881
226098587,3903
226099587,3882
226100587,3878
226101587,3875
226102587,3879
226103587,3874
226104587,3894
226114979,3872
226115979,3875
226116979,3871
226117979,3873
226118979,3871
226119979,3888
226120979,3881
226121979,3880
226122979,3876
226123979,3877
226124979,3867
226125979,3879
226126979,3873
226127979,3881
226128979,3859
226129979,3871
226130979,3888
226131979,3876
226132979,3878
226133979,3876
226134979,3883
226135979,3909
226136979,3874
226137979,3875
226148399,3888
226149399,3877
226150399,3888
226151399,3889
226152399,3888
226153399,3853
226154399,3877
226155399,3883
226156399,3883
226157399,3881
226158399,3888
226159399,3882
226160399,3877
226161399,3868
226162399,3890
226163399,3874
226164399,3888
226165399,3877
226166399,3869
226167399,3878
226168399,3871
226169399,3911
226170399,3843
226171399,3863
226181818,3886
226182818,3866
226183818,3871
226184818,3889
226185818,3859
226186818,3867
226187818,3862
226188818,3870
226189818,3867
226190818,3879
226191818,3889
226192818,3862
226193818,3863
226194818,3890
226195818,3875
226196818,3885
226197818,3883
226198818,3875
226199818,3888
226200818,3877
226201818,3872
226202818,3886
226203818,3886
226204818,3878
226215229,3873
226216229,3890
226217229,3877
226218229,3869
226219229,3870
226220229,3875
226221229,3884
226222229,3883
226223229,3888
226224229,3883
226225229,3871
226226229,3895
226227229,3858
226228229,3872
226229229,3877
226230229,3877
226231229,3867
226232229,3888
226233229,3864
226234229,3861
226235229,3873
226236229,3879
226237229,3876
226238229,3873
226248641,3890
226249641,3877
226250641,3861
226251641,3874
226252641,3878
226253641,3864
226254641,3867
226255641,3878
226256641,3821
226257641,3873
226258641,3876
226259641,3871
226260641,3889
226261641,3878
226262641,3873
226263641,3872
226264641,3877
226265641,3902
226266641,3873
226267641,3872
226268641,3881
226269641,3886
226270641,3879
226271641,3856
226272641,3885
226283033,3857
226284033,3873
226285033,3866
226286033,3875
226287033,3872
226288033,3868
226289033,3889
226290033,3851
226291033,3892
226292033,3885
226293033,3883
226294033,3876
226295033,3881
226296033,3883
226297033,3877
226298033,3866
226299033,3867
226300033,3884
226301033,3840
226302033,3861
226303033,3872
226304033,3887
226305033,3869
226306033,3873
226316452,3875
226317452,3872
226318452,3887
226319452,3881
226320452,3875
226321452,3865
226322452,3873
226323452,3875
226324452,3876
226325452,3878
226326452,3879
226327452,3878
226328452,3871
226329452,3877
226330452,3875
226331452,3857
226332452,3871
226333452,3879
226334452,3891
226335452,3888
226336452,3879
226337452,3873
226338452,3875
226339452,3880
226349872,3888
226350872,3869
226351872,3882
226352872,3853
226353872,3871
226354872,3868
226355872,3881
226356872,3887
226357872,3884
226358872,3877
226359872,3869
226360872,3857
226361872,3888
226362872,3870
226363872,3879
226364872,3885
226365872,3873
226366872,3882
226367872,3872
226368872,3866
226369872,3837
226370872,3858
226371872,3888
226372872,3877
226383275,3871
226384275,3875
226385275,3871
226386275,3882
226387275,3857
226388275,3877
226389275,3882
226390275,3877
226391275,3862
226392275,3904
226393275,3869
226394275,3859
226395275,3868
226396275,3888
226397275,3876
226398275,3878
226399275,3877
226400275,3856
226401275,3870
226402275,3877
226403275,3843
226404275,3891
226405275,3878
226406275,3869
226416695,3846
226417695,3869
226418695,3874
226419695,3877
226420695,3876
226421695,3866
226422695,3866
226423695,3867
226424695,3883
226425695,3887
226426695,3880
226427695,3907
226428695,3875
226429695,3887
226430695,3884
226431695,3881
226432695,3870
226433695,3888
226434695,3871
226435695,3854
226436695,3872
226437695,3911
226438695,3882
226439695,3888
226440695,3881
226451087,3877
226452087,3891
226453087,3875
226454087,3880
226455087,3875
226456087,3869
226457087,3886
226458087,3874
226459087,3863
226460087,3873
226461087,3879
226462087,3883
226463087,3870
226464087,3869
226465087,3878
226466087,3854
226467087,3894
226468087,3876
226469087,3868
226470087,3933
226471087,3891
226472087,3877
226473087,3894
226474087,3875
226484506,3884
226485506,3862
226486506,3873
226487506,3865
226488506,3873
226489506,3871
226490506,3900
226491506,3865
226492506,3819
226493506,3881
226494506,3873
226495506,3874
226496506,3867
226497506,3867
226498506,3907
226499506,3860
226500506,3863
226501506,3872
226502506,3872
226503506,3886
226504506,3881
226505506,3861
226506506,3879
226507506,3899
226517926,3894
226518926,3872
226519926,3887
226520926,3885
226521926,3871
226522926,3867
226523926,3883
226524926,3881
226525926,3876
226526926,3888
226527926,3862
226528926,3873
226529926,3888
226530926,3875
226531926,3874
226532926,3888
226533926,3879
226534926,3873
226535926,3888
226536926,3868
226537926,3874
226538926,3861
226539926,3888
226540926,3888
226551329,3867
226552329,3883
226553329,3882
226554329,3874
226555329,3881
226556329,3876
226557329,3860
226558329,3919
226559329,3882
226560329,3885
226561329,3871
226562329,3873
226563329,3882
226564329,3866
226565329,3867
226566329,3880
226567329,3888
226568329,3882
226569329,3875
226570329,3877
226571329,3878
226572329,3873
226573329,3906
226574329,3863
226584748,3871
226585748,3873
226586748,3866
226587748,3866
226588748,3875
226589748,3887
226590748,3874
226591748,3882
226592748,3865
226593748,3875
226594748,3879
226595748,3876
226596748,3865
226597748,3885
226598748,3875
226599748,3895
226600748,3861
226601748,3897
226602748,3869
226603748,3883
226604748,3875
226605748,3904
226606748,3878
226607748,3873
226608748,3879
226619140,3861
226620140,3873
226621140,3863
226622140,3901
226623140,3875
226624140,3877
226625140,3889
226626140,3883
226627140,3877
226628140,3880
226629140,3837
226630140,3872
226631140,3929
226632140,3837
226633140,3879
226634140,3872
226635140,3872
226636140,3872
226637140,3854
226638140,3850
226639140,3868
226640140,3910
226641140,3856
226642140,3847
226652564,3879
226653564,3867
226654564,3871
226655564,3868
226656564,3889
226657564,3874
226658564,3877
226659564,3886
226660564,3869
226661564,3870
226662564,3865
226663564,3873
226664564,3867
226665564,3912
226666564,3923
226667564,3888
226668564,3870
226669564,3884
226670564,3876
226671564,3881
226672564,3891
226673564,3870
226674564,3869
226675564,3876
226685980,3857
226686980,3875
226687980,3871
226688980,3891
226689980,3876
226690980,3883
226691980,3872
226692980,3887
226693980,3888
226694980,3859
226695980,3885
226696980,3873
226697980,3886
226698980,3953
226699980,3883
226700980,3889
226701980,3878
226702980,3875
226703980,3872
226704980,3874
226705980,3891
226706980,3872
226707980,3870
226708980,3899
226719383,3880
226720383,3873
226721383,3881
226722383,3873
226723383,3878
226724383,3877
226725383,3879
226726383,3863
226727383,3876
226728383,3868
226729383,3888
226730383,3869
226731383,3872
226732383,3853
226733383,3861
226734383,3876
226735383,3875
226736383,3891
226737383,3863
226738383,3880
226739383,3888
226740383,3874
226741383,3883
226742383,3881
226752802,3876
226753802,3878
226754802,3878
226755802,3872
226756802,3861
226757802,3875
226758802,3871
226759802,3870
226760802,3877
226761802,3883
226762802,3870
226763802,3877
226764802,3870
226765802,3870
226766802,3870
226767802,3871
226768802,3882
226769802,3863
226770802,3886
226771802,3879
226772802,3879
226773802,3903
226774802,3884
226775802,3856
226776802,3874
226787194,3882
226788194,3867
226789194,3871
226790194,3862
226791194,3876
226792194,3861
226793194,3878
226794194,3873
226795194,3887
226796194,3883
226797194,3862
226798194,3871
226799194,3871
226800194,3881
226801194,3875
226802194,3870
226803194,3874
226804194,3869
226805194,3876
226806194,3871
226807194,3875
226808194,3877
226809194,3888
226810194,3866
226820614,3878
226821614,3856
226822614,3891
226823614,3862
226824614,3876
226825614,3878
226826614,3875
226827614,3870
226828614,3877
226829614,3863
226830614,3875
226831614,3856
226832614,3866
226833614,3879
226834614,3876
226835614,3871
226836614,3861
226837614,3873
226838614,3874
226839614,3887
226840614,3868
226841614,3872
226842614,3869
226843614,3870
226854034,3870
226855034,3871
226856034,3881
226857034,3873
226858034,3873
226859034,3866
226860034,3873
226861034,3869
226862034,3869
226863034,3874
226864034,3870
226865034,3868
226866034,3867
226867034,3867
226868034,3870
226869034,3892
226870034,3875
226871034,3856
226872034,3867
226873034,3875
226874034,3877
226875034,3884
226876034,3865
226877034,3865
226887436,3869
226888436,3884
226889436,3877
226890436,3889
226891436,3888
226892436,3878
226893436,3868
226894436,3869
226895436,3884
226896436,3827
226897436,3871
226898436,3876
226899436,3885
226900436,3866
226901436,3871
226902436,3808
226903436,3873
226904436,3873
226905436,3886
226906436,3869
226907436,3872
226908436,3879
226909436,3878
226910436,3873
226920856,3881
226921856,3873
226922856,3868
226923856,3870
226924856,3893
226925856,3852
226926856,3879
226927856,3854
226928856,3838
226929856,3869
226930856,3883
226931856,3863
226932856,3881
226933856,3859
226934856,3867
226935856,3855
226936856,3872
226937856,3881
226938856,3879
226939856,3861
226940856,3877
226941856,3871
226942856,3873
226943856,3872
226944856,3839
226955256,3866
226956256,3870
226957256,3857
226958256,3847
226959256,3876
226960256,3875
226961256,3863
226962256,3890
226963256,3859
226964256,3881
226965256,3881
226966256,3938
226967256,3938
226968256,3851
226969256,3835
226970256,3883
226971256,3867
226972256,3881
226973256,3875
226974256,3870
226975256,3856
226976256,3868
226977256,3805
226978256,3869
226988668,3878
226989668,3879
226990668,3877
226991668,3843
226992668,3880
226993668,3861
226994668,3875
226995668,3904
226996668,3793
226997668,3868
226998668,3878
226999668,3893
227000668,3869
227001668,3877
227002668,3879
227003668,3934
227004668,3872
227005668,3871
227006668,3907
227007668,3887
227008668,3869
227009668,3867
227010668,3872
227011668,3874
227022088,3859
227023088,3872
227024088,3885
227025088,3893
227026088,3881
227027088,3867
227028088,3881
227029088,3875
227030088,3869
227031088,3874
227032088,3866
227033088,3875
227034088,3875
227035088,3866
227036088,3876
227037088,3882
227038088,3885
227039088,3883
227040088,3854
227041088,3875
227042088,3869
227043088,3871
227044088,3876
227045088,3873
227055490,3876
227056490,3873
227057490,3877
227058490,3874
227059490,3869
227060490,3877
227061490,3866
227062490,3869
227063490,3879
227064490,3871
227065490,3879
227066490,3868
227067490,3866
227068490,3881
227069490,3872
227070490,3856
227071490,3873
227072490,3875
227073490,3865
227074490,3858
227075490,3873
227076490,3881
227077490,3882
227078490,3883
227088910,3890
227089910,3885
227090910,3865
227091910,3881
227092910,3863
227093910,3875
227094910,3872
227095910,3871
227096910,3846
227097910,3876
227098910,3871
227099910,3867
227100910,3871
227101910,3878
227102910,3862
227103910,3873
227104910,3903
227105910,3874
227106910,3881
227107910,3871
227108910,3875
227109910,3868
227110910,3878
227111910,3868
227112910,3879
227123302,3871
227124302,3881
227125302,3875
227126302,3882
227127302,3865
227128302,3881
227129302,3869
227130302,3871
227131302,3874
227132302,3872
227133302,3881
227134302,3875
227135302,3872
227136302,3887
227137302,3857
227138302,3871
227139302,3872
227140302,3874
227141302,3886
227142302,3872
227143302,3894
227144302,3856
227145302,3884
227146302,3871
227156722,3869
227157722,3891
227158722,3874
227159722,3876
227160722,3866
227161722,3866
227162722,3876
227163722,3878
227164722,3873
227165722,3854
227166722,3860
227167722,3888
227168722,3885
227169722,3867
227170722,3872
227171722,3866
227172722,3873
227173722,3861
227174722,3881
227175722,3875
227176722,3876
227177722,3871
227178722,3859
227179722,3872
227190141,3871
227191141,3877
227192141,3883
227193141,3873
227194141,3863
227195141,3878
227196141,3874
227197141,3885
227198141,3869
227199141,3893
227200141,3888
227201141,3861
227202141,3870
227203141,3854
227204141,3885
227205141,3869
227206141,3859
227207141,3870
227208141,3878
227209141,3866
227210141,3873
227211141,3879
227212141,3870
227213141,3885
227223544,3874
227224544,3870
227225544,3888
227226544,3867
227227544,3875
227228544,3873
227229544,3876
227230544,3870
227231544,3870
227232544,3875
227233544,3863
227234544,3856
227235544,3883
227236544,3872
227237544,3878
227238544,3894
227239544,3879
227240544,3872
227241544,3853
227242544,3873
227243544,3869
227244544,3887
227245544,3872
227246544,3873
227256964,3886
227257964,3885
227258964,3869
227259964,3882
227260964,3870
227261964,3883
227262964,3861
227263964,3871
227264964,3879
227265964,3870
227266964,3872
227267964,3886
227268964,3881
227269964,3873
227270964,3887
227271964,3892
227272964,3877
227273964,3875
227274964,3879
227275964,3870
227276964,3887
227277964,3878
227278964,3867
227279964,3855
227280964,3878
227291356,3869
227292356,3869
227293356,3821
227294356,3875
227295356,3871
227296356,3867
227297356,3857
227298356,3874
227299356,3878
227300356,3874
227301356,3873
227302356,3890
227303356,3869
227304356,3888
227305356,3879
227306356,3856
227307356,3867
227308356,3874
227309356,3863
227310356,3867
227311356,3894
227312356,3873
227313356,3878
227314356,3873
227324776,3884
227325776,3867
227326776,3867
227327776,3879
227328776,3872
227329776,3883
227330776,3871
227331776,3898
227332776,3881
227333776,3856
227334776,3875
227335776,3845
227336776,3875
227337776,3882
227338776,3849
227339776,3856
227340776,3856
227341776,3875
227342776,3858
227343776,3858
227344776,3862
227345776,3857
227346776,3873
227347776,3871
227358195,3867
227359195,3869
227360195,3863
227361195,3867
227362195,3878
227363195,3872
227364195,3867
227365195,3877
227366195,3876
227367195,3875
227368195,3877
227369195,3870
227370195,3865
227371195,3871
227372195,3870
227373195,3858
227374195,3871
227375195,3872
227376195,3871
227377195,3879
227378195,3860
227379195,3876
227380195,3883
227381195,3883
227391598,3851
227392598,3864
227393598,3888
227394598,3886
227395598,3860
227396598,3885
227397598,3884
227398598,3883
227399598,3885
227400598,3874
227401598,3872
227402598,3862
227403598,3862
227404598,3869
227405598,3861
227406598,3903
227407598,3867
227408598,3883
227409598,3878
227410598,3873
227411598,3866
227412598,3858
227413598,3872
227414598,3881
227425018,3857
227426018,3874
227427018,3858
227428018,3881
227429018,3861
227430018,3867
227431018,3873
227432018,3874
227433018,3878
227434018,3869
227435018,3869
227436018,3883
227437018,3857
227438018,3877
227439018,3891
227440018,3872
227441018,3875
227442018,3823
227443018,3877
227444018,3867
227445018,3862
227446018,3877
227447018,3878
227448018,3877
227449018,3862
227459410,3888
227460410,3863
227461410,3865
227462410,3850
227463410,3862
227464410,3874
227465410,3869
227466410,3871
227467410,3875
227468410,3852
227469410,3873
227470410,3872
227471410,3872
227472410,3861
227473410,3863
227474410,3866
227475410,3890
227476410,3887
227477410,3860
227478410,3844
227479410,3856
227480410,3871
227481410,3863
227482410,3858
227492830,3856
227493830,3875
227494830,3839
227495830,3869
227496830,3875
227497830,3854
227498830,3869
227499830,3867
227500830,3871
227501830,3873
227502830,3867
227503830,3867
227504830,3874
227505830,3861
227506830,3868
227507830,3894
227508830,3868
227509830,3878
227510830,3857
227511830,3874
227512830,3870
227513830,3878
227514830,3871
227515830,3870
227526257,3873
227527257,3856
227528257,3859
227529257,3870
227530257,3869
227531257,3871
227532257,3863
227533257,3853
227534257,3877
227535257,3871
227536257,3878
227537257,3883
227538257,3873
227539257,3862
227540257,3863
227541257,3863
227542257,3852
227543257,3869
227544257,3857
227545257,3867
227546257,3875
227547257,3881
227548257,3854
227549257,3878
227559652,3875
227560652,3888
227561652,3869
227562652,3870
227563652,3899
227564652,3863
227565652,3867
227566652,3863
227567652,3870
227568652,3870
227569652,3848
227570652,3875
227571652,3867
227572652,3875
227573652,3877
227574652,3861
227575652,3792
227576652,3857
227577652,3888
227578652,3871
227579652,3867
227580652,3867
227581652,3858
227582652,3881
227593072,3858
227594072,3873
227595072,3872
227596072,3869
227597072,3862
227598072,3823
227599072,3873
227600072,3870
227601072,3871
227602072,3870
227603072,3875
227604072,3870
227605072,3869
227606072,3872
227607072,3884
227608072,3876
227609072,3873
227610072,3865
227611072,3871
227612072,3857
227613072,3855
227614072,3886
227615072,3873
227616072,3869
227617072,3870
227627464,3803
227628464,3877
227629464,3883
227630464,3863
227631464,3866
227632464,3872
227633464,3872
227634464,3868
227635464,3856
227636464,3859
227637464,3873
227638464,3854
227639464,3867
227640464,3824
227641464,3856
227642464,3851
227643464,3879
227644464,3876
227645464,3863
227646464,3871
227647464,3881
227648464,3856
227649464,3888
227650464,3873
227660883,3872
227661883,3871
227662883,3851
227663883,3861
227664883,3878
227665883,3861
227666883,3895
227667883,3877
227668883,3861
227669883,3865
227670883,3840
227671883,3857
227672883,3849
227673883,3839
227674883,3854
227675883,3856
227676883,3861
227677883,3882
227678883,3860
227679883,3888
227680883,3869
227681883,3865
227682883,3862
227683883,3867
227694303,3856
227695303,3718
227696303,3621
227697303,3569
227698303,3680
227699303,3872
227700303,3857
227701303,3888
227702303,3867
227703303,3858
227704303,3872
227705303,3870
227706303,3870
227707303,3873
227708303,3866
227709303,3862
227710303,3865
227711303,3867
227712303,3869
227713303,3874
227714303,3862
227715303,3875
227716303,3878
227717303,3824
227727706,3863
227728706,3867
227729706,3855
227730706,3872
227731706,3859
227732706,3863
227733706,3911
227734706,3873
227735706,3869
227736706,3862
227737706,3862
227738706,3866
227739706,3857
227740706,3875
227741706,3917
227742706,3851
227743706,3879
227744706,3873
227745706,3861
227746706,3907
227747706,3859
227748706,3871
227749706,3874
227750706,3731
227761126,3297
227762126,3221
227763126,3238
227764126,3242
227765126,3170
227766126,3113
227767126,3143
227768126,3125
227769126,3110
227770126,3108
227771126,3042
227772126,2981
227773126,3024
227774126,3164
227775126,3291
227776126,3430
227777126,3568
227778126,3727
227779126,3847
227780126,3842
227781126,3866
227782126,3858
227783126,3859
227784126,3875
227785126,3870
227795518,3888
227796518,3878
227797518,3867
227798518,3840
227799518,3876
227800518,3914
227801518,3883
227802518,3898
227803518,3873
227804518,3847
227805518,3866
227806518,3898
227807518,3904
227808518,3818
227809518,3715
227810518,3611
227811518,3489
227812518,3408
227813518,3346
227814518,3294
227815518,3251
227816518,3185
227817518,3118
227818518,3057
227828937,3211
227829937,3166
227830937,3103
227831937,3033
227832937,3017
227833937,3024
227834937,3009
227835937,2943
227836937,2951
227837937,2943
227838937,2898
227839937,2827
227840937,2803
227841937,2916
227842937,3152
227843937,3450
227844937,3663
227845937,3617
227846937,3717
227847937,3833
227848937,3859
227849937,3863
227850937,3855
227851937,3855
227862357,3776
227863357,3641
227864357,3565
227865357,3477
227866357,3573
227867357,3769
227868357,3843
227869357,3855
227870357,3867
227871357,3863
227872357,3872
227873357,3869
227874357,3871
227875357,3888
227876357,3876
227877357,3853
227878357,3869
227879357,3850
227880357,3869
227881357,3859
227882357,3898
227883357,3743
227884357,3737
227885357,3824
227895760,3830
227896760,3740
227897760,3583
227898760,3490
227899760,3489
227900760,3572
227901760,3617
227902760,3539
227903760,3471
227904760,3395
227905760,3329
227906760,3327
227907760,3317
227908760,3369
227909760,3434
227910760,3504
227911760,3611
227912760,3705
227913760,3708
227914760,3652
227915760,3549
227916760,3502
227917760,3530
227918760,3475
227929179,3413
227930179,3406
227931179,3504
227932179,3776
227933179,3857
227934179,3856
227935179,3755
227936179,3646
227937179,3557
227938179,3485
227939179,3467
227940179,3383
227941179,3291
227942179,3215
227943179,3155
227944179,3152
227945179,3152
227946179,3095
227947179,3038
227948179,2971
227949179,3005
227950179,3023
227951179,3051
227952179,3063
227953179,3060
227963575,2833
227964575,2787
227965575,2737
227966575,2707
227967575,2666
227968575,2704
227969575,2805
227970575,2907
227971575,2913
227972575,2880
227973575,3021
227974575,3211
227975575,3297
227976575,3254
227977575,3184
227978575,3097
227979575,3040
227980575,3047
227981575,3071
227982575,3023
227983575,2955
227984575,2901
227985575,2874
227986575,2821
227996991,2719
227997991,2768
227998991,2797
227999991,2822
228000991,2832
228001991,2814
228002991,2787
228003991,2775
228004991,2718
228005991,2707
228006991,2677
228007991,2633
228008991,2559
228009991,2506
228010991,2529
228011991,2553
228012991,2513
228013991,2551
228014991,2629
228015991,2628
228016991,2583
228017991,2587
228018991,2559
228019991,2559
228030411,2471
228031411,2591
228032411,2761
228033411,2815
228034411,2768
228035411,2767
228036411,2818
228037411,2833
228038411,2789
228039411,2765
228040411,2714
228041411,2655
228042411,2606
228043411,2581
228044411,2559
228045411,2555
228046411,2513
228047411,2524
228048411,2559
228049411,2589
228050411,2559
228051411,2525
228052411,2512
228053411,2537
228063814,2681
228064814,2640
228065814,2687
228066814,2737
228067814,2801
228068814,2823
228069814,2853
228070814,2839
228071814,2791
228072814,2726
228073814,2672
228074814,2635
228075814,2559
228076814,2608
228077814,2683
228078814,2775
228079814,2771
228080814,2735
228081814,2707
228082814,2705
228083814,2654
228084814,2660
228085814,2651
228086814,2625
228097241,2559
228098241,2547
228099241,2511
228100241,2466
228101241,2416
228102241,2367
228103241,2331
228104241,2298
228105241,2289
228106241,2241
228107241,2202
228108241,2161
228109241,2153
228110241,2113
228111241,2096
228112241,2079
228113241,2061
228114241,2017
228115241,1981
228116241,1969
228117241,1936
228118241,1915
228119241,1984
228120241,2047
228121241,2084
228131625,2814
228132625,2921
228133625,2992
228134625,3021
228135625,2975
228136625,2927
228137625,2927
228138625,2907
228139625,2875
228140625,2957
228141625,3025
228142625,3037
228143625,2975
228144625,2954
228145625,2896
228146625,2828
228147625,2784
228148625,2821
228149625,2843
228150625,2865
228151625,2871
228152625,2834
228153625,2769
228154625,2714
228165045,2326
228166045,2288
228167045,2256
228168045,2254
228169045,2260
228170045,2321
228171045,2342
228172045,2295
228173045,2292
228174045,2283
228175045,2263
228176045,2209
228177045,2173
228178045,2135
228179045,2096
228180045,2103
228181045,2117
228182045,2103
228183045,2096
228184045,2071
228185045,2070
228186045,2077
228187045,2045
228188045,2082
228198465,2320
228199465,2310
228200465,2352
228201465,2369
228202465,2330
228203465,2293
228204465,2272
228205465,2227
228206465,2224
228207465,2221
228208465,2273
228209465,2364
228210465,2441
228211465,2553
228212465,2730
228213465,2866
228214465,2849
228215465,2957
228216465,3137
228217465,3265
228218465,3367
228219465,3472
228220465,3622
228221465,3659
228231867,3607
228232867,3500
228233867,3413
228234867,3327
228235867,3253
228236867,3251
228237867,3258
228238867,3248
228239867,3161
228240867,3113
228241867,3087
228242867,3021
228243867,2961
228244867,2939
228245867,2897
228246867,2831
228247867,2766
228248867,2745
228249867,2707
228250867,2677
228251867,2737
228252867,2799
228253867,2832
228254867,2789
228265287,2553
228266287,2734
228267287,2835
228268287,2825
228269287,2759
228270287,2714
228271287,2705
228272287,2698
228273287,2673
228274287,2623
228275287,2599
228276287,2559
228277287,2557
228278287,2551
228279287,2557
228280287,2601
228281287,2672
228282287,2701
228283287,2661
228284287,2671
228285287,2639
228286287,2589
228287287,2557
228288287,2583
228289287,2654
228299679,2895
228300679,2848
228301679,2770
228302679,2721
228303679,2658
228304679,2605
228305679,2557
228306679,2521
228307679,2485
228308679,2463
228309679,2416
228310679,2448
228311679,2413
228312679,2415
228313679,2405
228314679,2492
228315679,2645
228316679,2830
228317679,2910
228318679,2871
228319679,2880
228320679,2937
228321679,3006
228322679,3056
228333099,3086
228334099,3091
228335099,3210
228336099,3320
228337099,3329
228338099,3253
228339099,3222
228340099,3163
228341099,3177
228342099,3265
228343099,3429
228344099,3614
228345099,3627
228346099,3540
228347099,3525
228348099,3491
228349099,3445
228350099,3409
228351099,3461
228352099,3449
228353099,3385
228354099,3361
228355099,3354
228356099,3458
228366519,3861
228367519,3861
228368519,3875
228369519,3824
228370519,3865
228371519,3873
228372519,3871
228373519,3871
228374519,3859
228375519,3863
228376519,3890
228377519,3842
228378519,3879
228379519,3883
228380519,3801
228381519,3876
228382519,3923
228383519,3911
228384519,3873
228385519,3888
228386519,3862
228387519,3876
228388519,3881
228389519,3842
228399921,3547
228400921,3603
228401921,3659
228402921,3664
228403921,3616
228404921,3510
228405921,3416
228406921,3359
228407921,3286
228408921,3228
228409921,3161
228410921,3135
228411921,3088
228412921,3007
228413921,2956
228414921,2883
228415921,2883
228416921,2948
228417921,2987
228418921,3035
228419921,3089
228420921,3015
228421921,3010
228422921,3085
228433341,3037
228434341,2972
228435341,2950
228436341,2961
228437341,2965
228438341,2985
228439341,2927
228440341,2929
228441341,3003
228442341,3131
228443341,3223
228444341,3247
228445341,3199
228446341,3173
228447341,3159
228448341,3115
228449341,3083
228450341,2959
228451341,2949
228452341,2870
228453341,2853
228454341,2787
228455341,2765
228456341,2695
228457341,2650
228467733,2691
228468733,2661
228469733,2617
228470733,2635
228471733,2763
228472733,2811
228473733,2811
228474733,2783
228475733,2763
228476733,2792
228477733,2804
228478733,2800
228479733,2766
228480733,2709
228481733,2652
228482733,2601
228483733,2540
228484733,2555
228485733,2667
228486733,2777
228487733,2821
228488733,2787
228489733,2790
228490733,2928
228501153,2657
228502153,2639
228503153,2665
228504153,2678
228505153,2641
228506153,2678
228507153,2747
228508153,2800
228509153,2757
228510153,2743
228511153,2800
228512153,2749
228513153,2789
228514153,2866
228515153,2925
228516153,2873
228517153,2895
228518153,2944
228519153,2993
228520153,2992
228521153,2949
228522153,2894
228523153,2832
228524153,2805
228534579,2601
228535579,2577
228536579,2526
228537579,2581
228538579,2645
228539579,2710
228540579,2749
228541579,2731
228542579,2730
228543579,2859
228544579,3061
228545579,3232
228546579,3298
228547579,3238
228548579,3245
228549579,3311
228550579,3355
228551579,3408
228552579,3429
228553579,3364
228554579,3287
228555579,3265
228556579,3218
228557579,3180
228567975,3203
228568975,3162
228569975,3135
228570975,3171
228571975,3203
228572975,3173
228573975,3116
228574975,3057
228575975,3069
228576975,3120
228577975,3175
228578975,3169
228579975,3152
228580975,3097
228581975,3018
228582975,3037
228583975,3118
228584975,3164
228585975,3143
228586975,3103
228587975,3148
228588975,3159
228589975,3095
228590975,3089
228601395,2801
228602395,2758
228603395,2757
228604395,2818
228605395,2891
228606395,2903
228607395,2864
228608395,2832
228609395,2878
228610395,2997
228611395,3161
228612395,3206
228613395,3169
228614395,3110
228615395,3151
228616395,3283
228617395,3419
228618395,3425
228619395,3374
228620395,3293
228621395,3197
228622395,3195
228623395,3165
228624395,3087
228625395,3008
228635787,2610
228636787,2632
228637787,2646
228638787,2637
228639787,2544
228640787,2503
228641787,2544
228642787,2644
228643787,2713
228644787,2701
228645787,2643
228646787,2626
228647787,2618
228648787,2591
228649787,2545
228650787,2485
228651787,2429
228652787,2383
228653787,2327
228654787,2300
228655787,2263
228656787,2225
228657787,2188
228658787,2164
228669207,2067
228670207,2063
228671207,2044
228672207,2075
228673207,2153
228674207,2181
228675207,2187
228676207,2172
228677207,2128
228678207,2115
228679207,2103
228680207,2223
228681207,2473
228682207,2675
228683207,2657
228684207,2739
228685207,3024
228686207,3408
228687207,3791
228688207,3870
228689207,3869
228690207,3856
228691207,3870
228692207,3847
228702626,3344
228703626,3286
228704626,3235
228705626,3169
228706626,3136
228707626,3140
228708626,3153
228709626,3158
228710626,3105
228711626,3154
228712626,3198
228713626,3153
228714626,3089
228715626,3049
228716626,3007
228717626,2971
228718626,2898
228719626,2885
228720626,2885
228721626,2864
228722626,2797
228723626,2768
228724626,2725
228725626,2682
228736029,2301
228737029,2326
228738029,2331
228739029,2307
228740029,2307
228741029,2287
228742029,2323
228743029,2328
228744029,2288
228745029,2285
228746029,2341
228747029,2419
228748029,2512
228749029,2498
228750029,2448
228751029,2399
228752029,2350
228753029,2326
228754029,2286
228755029,2231
228756029,2191
228757029,2147
228758029,2112
228759029,2096
228769449,2322
228770449,2391
228771449,2421
228772449,2402
228773449,2338
228774449,2289
228775449,2223
228776449,2224
228777449,2230
228778449,2244
228779449,2240
228780449,2224
228781449,2200
228782449,2151
228783449,2131
228784449,2130
228785449,2160
228786449,2187
228787449,2181
228788449,2147
228789449,2107
228790449,2082
228791449,2085
228792449,2079
228793449,2098
228803841,2683
228804841,2666
228805841,2624
228806841,2631
228807841,2672
228808841,2672
228809841,2640
228810841,2761
228811841,2885
228812841,2906
228813841,2849
228814841,2847
228815841,2893
228816841,2886
228817841,2837
228818841,2773
228819841,2733
228820841,2695
228821841,2623
228822841,2559
228823841,2537
228824841,2517
228825841,2471
228826841,2429
228837260,2222
228838260,2287
228839260,2353
228840260,2433
228841260,2418
228842260,2388
228843260,2373
228844260,2333
228845260,2289
228846260,2235
228847260,2192
228848260,2132
228849260,2091
228850260,2058
228851260,2034
228852260,2001
228853260,2000
228854260,2076
228855260,2184
228856260,2257
228857260,2254
228858260,2331
228859260,2447
228860260,2544
228870680,2255
228871680,2234
228872680,2237
228873680,2231
228874680,2197
228875680,2223
228876680,2279
228877680,2277
228878680,2244
228879680,2256
228880680,2256
228881680,2218
228882680,2185
228883680,2151
228884680,2128
228885680,2115
228886680,2121
228887680,2081
228888680,2092
228889680,2083
228890680,2032
228891680,2005
228892680,1987
228893680,1957
228904083,2019
228905083,2011
228906083,1976
228907083,1947
228908083,1916
228909083,1872
228910083,1856
228911083,1837
228912083,1805
228913083,1782
228914083,1744
228915083,1713
228916083,1723
228917083,1750
228918083,1819
228919083,1796
228920083,1796
228921083,1777
228922083,1773
228923083,1818
228924083,1878
228925083,1917
228926083,1941
228927083,1997
228937503,2117
228938503,2165
228939503,2151
228940503,2109
228941503,2067
228942503,2026
228943503,1984
228944503,1943
228945503,1935
228946503,1933
228947503,1908
228948503,1871
228949503,1850
228950503,1815
228951503,1839
228952503,1849
228953503,1826
228954503,1821
228955503,1891
228956503,1948
228957503,1984
228958503,1989
228959503,1955
228960503,1962
228961503,1995
228971895,2056
228972895,2013
228973895,1979
228974895,1939
228975895,1907
228976895,1872
228977895,1850
228978895,1904
228979895,1951
228980895,1967
228981895,1959
228982895,1973
228983895,2109
228984895,2225
228985895,2256
228986895,2245
228987895,2305
228988895,2369
228989895,2352
228990895,2316
228991895,2319
228992895,2293
228993895,2245
228994895,2203
229005314,1970
229006314,1927
229007314,1875
229008314,1845
229009314,1819
229010314,1840
229011314,1867
229012314,1865
229013314,1845
229014314,1878
229015314,1914
229016314,1902
229017314,1879
229018314,1883
229019314,1945
229020314,2014
229021314,2059
229022314,2064
229023314,2016
229024314,2045
229025314,2128
229026314,2172
229027314,2172
229028314,2129
229038734,1930
229039734,1910
229040734,1871
229041734,1817
229042734,1817
229043734,1815
229044734,1810
229045734,1923
229046734,2009
229047734,2012
229048734,1980
229049734,1970
229050734,1932
229051734,1937
229052734,1906
229053734,1921
229054734,1949
229055734,1923
229056734,1889
229057734,1850
229058734,1933
229059734,2088
229060734,2195
229061734,2207
229072137,2177
229073137,2189
229074137,2171
229075137,2131
229076137,2122
229077137,2145
229078137,2150
229079137,2123
229080137,2157
229081137,2181
229082137,2146
229083137,2108
229084137,2064
229085137,2031
229086137,2033
229087137,2085
229088137,2134
229089137,2129
229090137,2095
229091137,2064
229092137,2113
229093137,2111
229094137,2097
229095137,2096
229105561,1808
229106561,1791
229107561,1757
229108561,1721
229109561,1687
229110561,1640
229111561,1610
229112561,1600
229113561,1581
229114561,1535
229115561,1517
229116561,1489
229117561,1457
229118561,1472
229119561,1482
229120561,1457
229121561,1445
229122561,1486
229123561,1580
229124561,1626
229125561,1617
229126561,1701
229127561,1835
229128561,1932
229129561,1917
229139949,1948
229140949,1926
229141949,1907
229142949,1909
229143949,1873
229144949,1834
229145949,1799
229146949,1762
229147949,1724
229148949,1680
229149949,1652
229150949,1678
229151949,1745
229152949,1786
229153949,1775
229154949,1823
229155949,1905
229156949,2015
229157949,2077
229158949,2089
229159949,2071
229160949,2115
229161949,2150
229162949,2131
229173368,1737
229174368,1695
229175368,1673
229176368,1625
229177368,1598
229178368,1565
229179368,1530
229180368,1504
229181368,1473
229182368,1440
229183368,1405
229184368,1371
229185368,1339
229186368,1321
229187368,1295
229188368,1277
229189368,1268
229190368,1267
229191368,1241
229192368,1215
229193368,1199
229194368,1201
229195368,1276
229196368,1341
229206788,1529
229207788,1524
229208788,1471
229209788,1508
229210788,1602
229211788,1680
229212788,1760
229213788,1744
229214788,1754
229215788,1763
229216788,1806
229217788,1840
229218788,1809
229219788,1777
229220788,1776
229221788,1788
229222788,1789
229223788,1769
229224788,1743
229225788,1706
229226788,1663
229227788,1637
229228788,1598
229229788,1567
229240191,1425
229241191,1474
229242191,1487
229243191,1465
229244191,1461
229245191,1488
229246191,1468
229247191,1457
229248191,1429
229249191,1392
229250191,1387
229251191,1330
229252191,1436
229253191,1477
229254191,1473
229255191,1460
229256191,1488
229257191,1535
229258191,1567
229259191,1531
229260191,1502
229261191,1481
229262191,1445
229263191,1424
229273610,1521
229274610,1497
229275610,1473
229276610,1472
229277610,1496
229278610,1515
229279610,1501
229280610,1471
229281610,1444
229282610,1440
229283610,1431
229284610,1409
229285610,1487
229286610,1627
229287610,1722
229288610,1704
229289610,1724
229290610,1833
229291610,1983
229292610,2082
229293610,2077
229294610,2029
229295610,1993
229296610,2022
229297610,2129
229308002,2288
229309002,2225
229310002,2187
229311002,2142
229312002,2098
229313002,2041
229314002,2021
229315002,2015
229316002,2016
229317002,1991
229318002,1955
229319002,1917
229320002,1872
229321002,1843
229322002,1810
229323002,1781
229324002,1777
229325002,1699
229326002,1665
229327002,1651
229328002,1641
229329002,1659
229330002,1617
229331002,1595
229341422,1692
229342422,1659
229343422,1621
229344422,1616
229345422,1606
229346422,1593
229347422,1583
229348422,1563
229349422,1558
229350422,1564
229351422,1568
229352422,1524
229353422,1500
229354422,1520
229355422,1563
229356422,1599
229357422,1596
229358422,1598
229359422,1623
229360422,1673
229361422,1712
229362422,1689
229363422,1662
229364422,1634
229374842,1683
229375842,1739
229376842,1801
229377842,1840
229378842,1839
229379842,1804
229380842,1833
229381842,1841
229382842,1840
229383842,1809
229384842,1785
229385842,1778
229386842,1758
229387842,1728
229388842,1732
229389842,1727
229390842,1720
229391842,1712
229392842,1669
229393842,1649
229394842,1617
229395842,1617
229396842,1601
229397842,1587
229408249,1578
229409249,1568
229410249,1588
229411249,1693
229412249,1777
229413249,1782
229414249,1750
229415249,1776
229416249,1782
229417249,1751
229418249,1713
229419249,1683
229420249,1675
229421249,1663
229422249,1638
229423249,1605
229424249,1651
229425249,1756
229426249,1841
229427249,1863
229428249,1840
229429249,1909
229430249,1983
229431249,1968
229441664,1901
229442664,1936
229443664,1957
229444664,1958
229445664,1935
229446664,1895
229447664,1855
229448664,1813
229449664,1784
229450664,1757
229451664,1740
229452664,1725
229453664,1703
229454664,1670
229455664,1645
229456664,1630
229457664,1599
229458664,1559
229459664,1521
229460664,1493
229461664,1488
229462664,1457
229463664,1456
229464664,1473
229465664,1459
229476056,1648
229477056,1648
229478056,1675
229479056,1740
229480056,1844
229481056,1855
229482056,1849
229483056,1907
229484056,1979
229485056,1971
229486056,1948
229487056,1970
229488056,1954
229489056,1920
229490056,1905
229491056,1873
229492056,1877
229493056,1907
229494056,1915
229495056,1891
229496056,1872
229497056,1877
229498056,1863
229499056,1827
229509476,1865
229510476,1833
229511476,1853
229512476,1862
229513476,1833
229514476,1837
229515476,1821
229516476,1798
229517476,1773
229518476,1778
229519476,1818
229520476,1861
229521476,1875
229522476,1850
229523476,1818
229524476,1773
229525476,1758
229526476,1699
229527476,1673
229528476,1641
229529476,1614
229530476,1584
229531476,1535
229532476,1515
229542896,2447
229543896,2433
229544896,2389
229545896,2384
229546896,2393
229547896,2435
229548896,2473
229549896,2499
229550896,2487
229551896,2453
229552896,2437
229553896,2416
229554896,2443
229555896,2468
229556896,2448
229557896,2418
229558896,2480
229559896,2559
229560896,2622
229561896,2593
229562896,2587
229563896,2623
229564896,2654
229565896,2633
229576298,3101
229577298,3113
229578298,3161
229579298,3142
229580298,3071
229581298,3071
229582298,3111
229583298,3151
229584298,3137
229585298,3071
229586298,3013
229587298,2992
229588298,2987
229589298,2987
229590298,2979
229591298,2935
229592298,2916
229593298,2827
229594298,2790
229595298,2753
229596298,2704
229597298,2662
229598298,2630
229599298,2587
229609718,2284
229610718,2289
229611718,2301
229612718,2283
229613718,2239
229614718,2205
229615718,2179
229616718,2155
229617718,2155
229618718,2174
229619718,2227
229620718,2258
229621718,2230
229622718,2189
229623718,2206
229624718,2173
229625718,2173
229626718,2166
229627718,2179
229628718,2221
229629718,2277
229630718,2301
229631718,2301
229632718,2262
229633718,2333
229644110,2224
229645110,2182
229646110,2157
229647110,2207
229648110,2375
229649110,2528
229650110,2605
229651110,2559
229652110,2559
229653110,2637
229654110,2652
229655110,2617
229656110,2644
229657110,2621
229658110,2640
229659110,2601
229660110,2623
229661110,2625
229662110,2639
229663110,2618
229664110,2591
229665110,2559
229666110,2656
229667110,2701
229677530,2355
229678530,2380
229679530,2395
229680530,2391
229681530,2352
229682530,2309
229683530,2284
229684530,2243
229685530,2198
229686530,2155
229687530,2113
229688530,2088
229689530,2066
229690530,2065
229691530,2067
229692530,2084
229693530,2043
229694530,2007
229695530,1995
229696530,1979
229697530,1977
229698530,1941
229699530,1904
229700530,1873
229710950,2115
229711950,2079
229712950,2112
229713950,2166
229714950,2213
229715950,2265
229716950,2379
229717950,2415
229718950,2375
229719950,2416
229720950,2417
229721950,2375
229722950,2347
229723950,2331
229724950,2331
229725950,2299
229726950,2277
229727950,2224
229728950,2189
229729950,2129
229730950,2141
229731950,2115
229732950,2064
229733950,2017
229744352,2559
229745352,2620
229746352,2590
229747352,2546
229748352,2543
229749352,2559
229750352,2559
229751352,2511
229752352,2457
229753352,2411
229754352,2363
229755352,2327
229756352,2320
229757352,2308
229758352,2285
229759352,2267
229760352,2229
229761352,2307
229762352,2367
229763352,2435
229764352,2549
229765352,2559
229766352,2559
229767352,2702
229777772,2901
229778772,2848
229779772,2788
229780772,2700
229781772,2662
229782772,2608
229783772,2547
229784772,2497
229785772,2448
229786772,2413
229787772,2465
229788772,2591
229789772,2689
229790772,2739
229791772,2736
229792772,2728
229793772,2783
229794772,2862
229795772,2872
229796772,2828
229797772,2796
229798772,2775
229799772,2747
229800772,2700
229801772,2674
229812164,2801
229813164,2865
229814164,2837
229815164,2827
229816164,2896
229817164,2993
229818164,3107
229819164,3182
229820164,3191
229821164,3148
229822164,3087
229823164,3104
229824164,3026
229825164,2975
229826164,2915
229827164,2843
229828164,2794
229829164,2715
229830164,2669
229831164,2656
229832164,2753
229833164,2829
229834164,2846
229835164,2809
229845586,3869
229846586,3856
229847586,3874
229848586,3867
229849586,3878
229850586,3869
229851586,3867
229852586,3865
229853586,3872
229854586,3865
229855586,3872
229856586,3862
229857586,3883
229858586,3862
229859586,3892
229860586,3858
229861586,3881
229862586,3863
229863586,3871
229864586,3859
229865586,3881
229866586,3873
229867586,3869
229868586,3871
229879003,3865
229880003,3846
229881003,3730
229882003,3603
229883003,3504
229884003,3452
229885003,3439
229886003,3531
229887003,3670
229888003,3775
229889003,3791
229890003,3694
229891003,3621
229892003,3629
229893003,3679
229894003,3733
229895003,3711
229896003,3695
229897003,3627
229898003,3519
229899003,3489
229900003,3582
229901003,3655
229902003,3695
229912406,3733
229913406,3859
229914406,3860
229915406,3875
229916406,3863
229917406,3873
229918406,3856
229919406,3831
229920406,3696
229921406,3611
229922406,3539
229923406,3447
229924406,3408
229925406,3406
229926406,3397
229927406,3345
229928406,3262
229929406,3199
229930406,3158
229931406,3132
229932406,3104
229933406,3045
229934406,2984
229935406,2917
229945826,2768
229946826,2847
229947826,2882
229948826,2841
229949826,2800
229950826,2775
229951826,2745
229952826,2722
229953826,2793
229954826,2829
229955826,2832
229956826,2797
229957826,2764
229958826,2717
229959826,2655
229960826,2559
229961826,2544
229962826,2519
229963826,2495
229964826,2480
229965826,2480
229966826,2446
229967826,2421
229968826,2454
229969826,2487
229980223,2582
229981223,2525
229982223,2490
229983223,2467
229984223,2441
229985223,2442
229986224,2415
229987224,2377
229988224,2352
229989224,2336
229990224,2293
229991224,2260
229992224,2258
229993224,2279
229994224,2313
229995224,2346
229996224,2348
229997224,2391
229998224,2521
229999224,2688
230000224,2877
230001224,2956
230002224,2904
230003224,2862
230013638,3275
230014638,3251
230015638,3184
230016638,3120
230017638,3057
230018638,2966
230019638,2928
230020638,2907
230021638,2874
230022638,2849
230023638,2836
230024638,2800
230025638,2757
230026638,2706
230027638,2773
230028638,2939
230029638,3083
230030638,3139
230031638,3167
230032638,3245
230033638,3273
230034638,3264
230035638,3186
230036638,3223
230047057,3621
230048057,3794
230049057,3856
230050057,3871
230051057,3871
230052057,3827
230053057,3809
230054057,3833
230055057,3817
230056057,3853
230057057,3791
230058057,3855
230059057,3871
230060057,3877
230061057,3871
230062057,3873
230063057,3865
230064057,3881
230065057,3875
230066057,3864
230067057,3865
230068057,3858
230069057,3843
230070057,3799
230080460,3863
230081460,3867
230082460,3872
230083460,3906
230084460,3826
230085460,3692
230086460,3579
230087460,3483
230088460,3398
230089460,3338
230090460,3319
230091460,3253
230092460,3199
230093460,3184
230094460,3182
230095460,3157
230096460,3126
230097460,3093
230098460,3006
230099460,2960
230100460,2891
230101460,2843
230102460,2811
230103460,2767
230113880,2553
230114880,2603
230115880,2603
230116880,2592
230117880,2623
230118880,2611
230119880,2559
230120880,2607
230121880,2655
230122880,2735
230123880,2809
230124880,2867
230125880,2896
230126880,2861
230127880,2867
230128880,3071
230129880,3471
230130880,3830
230131880,3858
230132880,3876
230133880,3875
230134880,3856
230135880,3871
230136880,3874
230137880,3835
230148272,3866
230149272,3861
230150272,3863
230151272,3867
230152272,3854
230153272,3859
230154272,3863
230155272,3856
230156272,3874
230157272,3870
230158272,3879
230159272,3872
230160272,3867
230161272,3857
230162272,3885
230163272,3885
230164272,3870
230165272,3875
230166272,3867
230167272,3871
230168272,3872
230169272,3874
230170272,3878
230171272,3877
230181692,3861
230182692,3920
230183692,3871
230184692,3860
230185692,3864
230186692,3856
230187692,3861
230188692,3815
230189692,3867
230190692,3865
230191692,3873
230192692,3869
230193692,3867
230194692,3867
230195692,3889
230196692,3864
230197692,3859
230198692,3875
230199692,3871
230200692,3877
230201692,3869
230202692,3869
230203692,3863
230204692,3857
230215111,3872
230216111,3874
230217111,3855
230218111,3861
230219111,3865
230220111,3872
230221111,3875
230222111,3873
230223111,3888
230224111,3856
230225111,3919
230226111,3856
230227111,3869
230228111,3878
230229111,3867
230230111,3867
230231111,3870
230232111,3863
230233111,3882
230234111,3888
230235111,3866
230236111,3854
230237111,3858
230238111,3867
230248514,3868
230249514,3863
230250514,3862
230251514,3889
230252514,3886
230253514,3867
230254514,3869
230255514,3867
230256514,3875
230257514,3883
230258514,3859
230259514,3868
230260514,3861
230261514,3856
230262514,3873
230263514,3876
230264514,3869
230265514,3862
230266514,3862
230267514,3861
230268514,3874
230269514,3871
230270514,3869
230271514,3885
230281934,3871
230282934,3878
230283934,3885
230284934,3870
230285934,3874
230286934,3886
230287934,3870
230288934,3875
230289934,3874
230290934,3858
230291934,3872
230292934,3858
230293934,3866
230294934,3873
230295934,3863
230296934,3860
230297934,3859
230298934,3863
230299934,3865
230300934,3872
230301934,3872
230302934,3871
230303934,3844
230304934,3856
230305934,3856
230316326,3865
230317326,3881
230318326,3872
230319326,3867
230320326,3856
230321326,3858
230322326,3861
230323326,3851
230324326,3863
230325326,3867
230326326,3863
230327326,3867
230328326,3873
230329326,3861
230330326,3866
230331326,3876
230332326,3855
230333326,3856
230334326,3879
230335326,3855
230336326,3867
230337326,3872
230338326,3878
230339326,3876
230349745,3862
230350745,3864
230351745,3853
230352745,3899
230353745,3862
230354745,3856
230355745,3865
230356745,3853
230357745,3805
230358745,3698
230359745,3659
230360745,3577
230361745,3494
230362745,3444
230363745,3434
230364745,3429
230365745,3376
230366745,3311
230367745,3296
230368745,3363
230369745,3531
230370745,3682
230371745,3735
230372745,3663
230383165,3208
230384165,3141
230385165,3088
230386165,3071
230387165,3082
230388165,3059
230389165,2999
230390165,2999
230391165,2963
230392165,2924
230393165,2919
230394165,2862
230395165,2864
230396165,2886
230397165,2802
230398165,2797
230399165,2885
230400165,2997
230401165,3152
230402165,3233
230403165,3274
230404165,3237
230405165,3216
230406165,3357
230416570,3877
230417570,3881
230418570,3863
230419570,3854
230420570,3879
230421570,3877
230422570,3873
230423570,3857
230424570,3886
230425570,3856
230426570,3882
230427570,3872
230428570,3863
230429570,3877
230430570,3871
230431570,3863
230432570,3867
230433570,3871
230434570,3867
230435570,3872
230436570,3865
230437570,3870
230438570,3869
230439570,3866
230449988,3863
230450988,3845
230451988,3865
230452988,3868
230453988,3882
230454988,3872
230455988,3871
230456988,3865
230457988,3883
230458988,3866
230459988,3874
230460988,3874
230461988,3868
230462988,3865
230463988,3851
230464988,3852
230465988,3879
230466988,3868
230467988,3872
230468988,3872
230469988,3862
230470988,3869
230471988,3872
230472988,3874
230473988,3866
230484380,3881
230485380,3874
230486380,3877
230487380,3873
230488380,3873
230489380,3893
230490380,3898
230491380,3873
230492380,3870
230493380,3865
230494380,3876
230495380,3887
230496380,3891
230497380,3830
230498380,3870
230499380,3874
230500380,3877
230501380,3879
230502380,3867
230503380,3838
230504380,3863
230505380,3866
230506380,3847
230507380,3888
230517799,3869
230518799,3872
230519799,3885
230520799,3867
230521799,3877
230522799,3867
230523799,3869
230524799,3858
230525799,3879
230526799,3865
230527799,3863
230528799,3862
230529799,3859
230530799,3873
230531799,3871
230532799,3843
230533799,3873
230534799,3873
230535799,3878
230536799,3872
230537799,3878
230538799,3860
230539799,3885
230540799,3864
230551223,3858
230552223,3888
230553223,3859
230554223,3861
230555224,3862
230556224,3877
230557224,3874
230558224,3906
230559224,3835
230560224,3863
230561224,3888
230562224,3829
230563224,3879
230564224,3885
230565224,3856
230566224,3867
230567224,3870
230568224,3865
230569224,3877
230570224,3885
230571224,3866
230572224,3861
230573224,3872
230574224,3869
230584622,3874
230585622,3871
230586622,3856
230587622,3867
230588622,3856
230589622,3877
230590622,3872
230591622,3888
230592622,3888
230593622,3874
230594622,3867
230595622,3871
230596622,3878
230597622,3861
230598622,3859
230599622,3877
230600622,3876
230601622,3884
230602622,3876
230603622,3869
230604622,3867
230605622,3893
230606622,3866
230607622,3856
230618041,3865
230619041,3874
230620041,3886
230621041,3861
230622041,3869
230623041,3882
230624041,3890
230625041,3878
230626041,3888
230627041,3872
230628041,3865
230629041,3857
230630041,3883
230631041,3809
230632041,3866
230633041,3889
230634041,3888
230635041,3889
230636041,3877
230637041,3891
230638041,3867
230639041,3878
230640041,3874
230641041,3882
230642041,3877
230652442,3869
230653442,3872
230654442,3879
230655442,3877
230656442,3879
230657442,3873
230658442,3885
230659442,3872
230660442,3925
230661442,3875
230662442,3879
230663442,3867
230664442,3875
230665442,3867
230666442,3861
230667442,3879
230668442,3876
230669442,3872
230670442,3889
230671442,3869
230672442,3876
230673442,3877
230674442,3867
230675442,3871
230685853,3882
230686853,3876
230687853,3887
230688853,3875
230689853,3869
230690853,3888
230691853,3882
230692853,3874
230693853,3872
230694853,3857
230695853,3882
230696853,3863
230697853,3869
230698853,3903
230699853,3857
230700853,3874
230701853,3873
230702853,3893
230703853,3870
230704853,3857
230705853,3875
230706853,3867
230707853,3869
230708853,3861
230719273,3873
230720273,3875
230721273,3874
230722273,3877
230723273,3869
230724273,3863
230725273,3862
230726273,3873
230727273,3853
230728273,3872
230729273,3875
230730273,3875
230731273,3877
230732273,3861
230733273,3872
230734273,3869
230735273,3878
230736273,3879
230737273,3870
230738273,3885
230739273,3885
230740273,3885
230741273,3872
230742273,3881
230752676,3875
230753676,3868
230754676,3877
230755676,3863
230756676,3877
230757676,3869
230758676,3856
230759676,3875
230760676,3878
230761676,3870
230762676,3854
230763676,3866
230764676,3856
230765676,3883
230766676,3863
230767676,3873
230768676,3871
230769676,3867
230770676,3861
230771676,3877
230772676,3887
230773676,3868
230774676,3856
230775676,3873
230786095,3856
230787095,3858
230788095,3845
230789095,3871
230790095,3890
230791095,3869
230792095,3872
230793095,3870
230794095,3858
230795095,3867
230796095,3879
230797095,3868
230798095,3873
230799095,3886
230800095,3878
230801095,3871
230802095,3881
230803095,3885
230804095,3877
230805095,3861
230806095,3878
230807095,3856
230808095,3872
230809095,3865
230810095,3872
230820487,3906
230821487,3887
230822487,3879
230823487,3866
230824487,3817
230825487,3873
230826487,3878
230827487,3861
230828487,3873
230829487,3886
230830487,3855
230831487,3872
230832487,3871
230833487,3888
230834487,3878
230835487,3863
230836487,3843
230837487,3887
230838487,3868
230839487,3885
230840487,3857
230841487,3873
230842487,3873
230843487,3866
230853907,3876
230854907,3871
230855907,3871
230856907,3876
230857907,3871
230858907,3881
230859907,3871
230860907,3872
230861907,3872
230862907,3877
230863907,3871
230864907,3873
230865907,3879
230866907,3886
230867907,3919
230868907,3905
230869907,3881
230870907,3878
230871907,3867
230872907,3882
230873907,3868
230874907,3887
230875907,3829
230876907,3874
230887327,3834
230888327,3882
230889327,3873
230890327,3921
230891327,3851
230892327,3888
230893327,3873
230894327,3895
230895327,3874
230896327,3867
230897327,3884
230898327,3871
230899327,3876
230900327,3877
230901327,3863
230902327,3883
230903327,3875
230904327,3869
230905327,3824
230906327,3873
230907327,3872
230908327,3871
230909327,3907
230910327,3861
230920729,3875
230921729,3871
230922729,3861
230923729,3879
230924729,3879
230925729,3886
230926729,3885
230927729,3879
230928729,3829
230929729,3877
230930729,3874
230931729,3888
230932729,3883
230933729,3877
230934729,3878
230935729,3871
230936729,3873
230937729,3825
230938729,3872
230939729,3931
230940729,3863
230941729,3873
230942729,3865
230943729,3850
230954149,3886
230955149,3875
230956149,3861
230957149,3873
230958149,3879
230959149,3889
230960149,3879
230961149,3877
230962149,3877
230963149,3888
230964149,3879
230965149,3862
230966149,3874
230967149,3856
230968149,3872
230969149,3873
230970149,3883
230971149,3877
230972149,3856
230973149,3879
230974149,3872
230975149,3863
230976149,3871
230977149,3863
230978149,3877
230988541,3876
230989541,3876
230990541,3875
230991541,3873
230992541,3871
230993541,3876
230994541,3874
230995541,3877
230996541,3870
230997541,3871
230998541,3873
230999541,3882
231000541,3867
231001541,3877
231002541,3849
231003541,3888
231004541,3904
231005541,3889
231006541,3867
231007541,3876
231008541,3879
231009541,3878
231010541,3920
231011541,3850
231021961,3877
231022961,3883
231023961,3878
231024961,3877
231025961,3870
231026961,3883
231027961,3852
231028961,3857
231029961,3888
231030961,3876
231031961,3876
231032961,3869
231033961,3889
231034961,3873
231035961,3876
231036961,3887
231037961,3881
231038961,3883
231039961,3876
231040961,3863
231041961,3856
231042961,3874
231043961,3877
231044961,3873
231055381,3874
231056381,3867
231057381,3873
231058381,3872
231059381,3869
231060381,3881
231061381,3877
231062381,3867
231063381,3877
231064381,3875
231065381,3870
231066381,3888
231067381,3871
231068381,3873
231069381,3888
231070381,3875
231071381,3874
231072381,3873
231073381,3874
231074381,3885
231075381,3872
231076381,3871
231077381,3881
231078381,3851
231088783,3875
231089783,3886
231090783,3867
231091783,3883
231092783,3873
231093783,3873
231094783,3879
231095783,3874
231096783,3854
231097783,3879
231098783,3888
231099783,3882
231100783,3866
231101783,3881
231102783,3845
231103783,3869
231104783,3888
231105783,3883
231106783,3878
231107783,3879
231108783,3892
231109783,3885
231110783,3885
231111783,3863
231122203,3878
231123203,3879
231124203,3877
231125203,3898
231126203,3879
231127203,3867
231128203,3870
231129203,3890
231130203,3877
231131203,3870
231132203,3903
231133203,3876
231134203,3871
231135203,3877
231136203,3876
231137203,3869
231138203,3877
231139203,3869
231140203,3901
231141203,3866
231142203,3875
231143203,3874
231144203,3865
231145203,3888
231146203,3879
231156596,3886
231157596,3860
231158596,3875
231159596,3867
231160596,3874
231161596,3866
231162596,3886
231163596,3883
231164596,3877
231165596,3875
231166596,3882
231167596,3876
231168596,3873
231169596,3871
231170596,3882
231171596,3879
231172596,3865
231173596,3871
231174596,3869
231175596,3856
231176596,3875
231177596,3870
231178596,3888
231179596,3867
231190015,3877
231191015,3863
231192015,3866
231193015,3895
231194015,3874
231195015,3845
231196015,3885
231197015,3870
231198015,3876
231199015,3878
231200015,3873
231201015,3878
231202015,3865
231203015,3873
231204015,3872
231205015,3874
231206015,3888
231207015,3876
231208015,3879
231209015,3875
231210015,3875
231211015,3872
231212015,3869
231213015,3863
231223434,3881
231224434,3884
231225434,3875
231226434,3874
231227434,3867
231228434,3859
231229434,3881
231230434,3879
231231434,3885
231232434,3888
231233434,3878
231234434,3876
231235434,3881
231236434,3862
231237434,3879
231238434,3872
231239434,3868
231240434,3869
231241434,3869
231242434,3878
231243434,3869
231244434,3873
231245434,3882
231246434,3877
231256837,3883
231257837,3885
231258837,3871
231259837,3883
231260837,3869
231261837,3888
231262837,3873
231263837,3793
231264837,3863
231265837,3878
231266837,3883
231267837,3866
231268837,3883
231269837,3882
231270837,3882
231271837,3881
231272837,3869
231273837,3887
231274837,3871
231275837,3875
231276837,3890
231277837,3872
231278837,3888
231279837,3871
231290257,3883
231291257,3873
231292257,3872
231293257,3874
231294257,3867
231295257,3876
231296257,3876
231297257,3871
231298257,3872
231299257,3882
231300257,3866
231301257,3875
231302257,3871
231303257,3877
231304257,3877
231305257,3875
231306257,3871
231307257,3884
231308257,3872
231309257,3885
231310257,3861
231311257,3883
231312257,3873
231313257,3874
231314257,3874
231324649,3875
231325649,3885
231326649,3886
231327649,3868
231328649,3871
231329649,3872
231330649,3873
231331649,3877
231332649,3866
231333649,3878
231334649,3847
231335649,3874
231336649,3877
231337649,3877
231338649,3872
231339649,3875
231340649,3878
231341649,3871
231342649,3887
231343649,3879
231344649,3888
231345649,3863
231346649,3855
231347649,3870
231358069,3887
231359069,3920
231360069,3877
231361069,3859
231362069,3887
231363069,3871
231364069,3863
231365069,3872
231366069,3868
231367069,3850
231368069,3877
231369069,3879
231370069,3866
231371069,3856
231372069,3872
231373069,3865
231374069,3875
231375069,3873
231376069,3877
231377069,3861
231378069,3873
231379069,3873
231380069,3866
231381069,3864
231391488,3915
231392488,3869
231393488,3859
231394488,3868
231395488,3846
231396488,3842
231397488,3878
231398488,3893
231399488,3873
231400488,3856
231401488,3879
231402488,3856
231403488,3885
231404488,3869
231405488,3870
231406488,3871
231407488,3877
231408488,3875
231409488,3873
231410488,3863
231411488,3892
231412488,3873
231413488,3885
231414488,3863
231424891,3869
231425891,3870
231426891,3877
231427891,3884
231428891,3878
231429891,3885
231430891,3869
231431891,3875
231432891,3887
231433891,3883
231434891,3874
231435891,3873
231436891,3875
231437891,3879
231438891,3888
231439891,3885
231440891,3873
231441891,3877
231442891,3877
231443891,3877
231444891,3888
231445891,3863
231446891,3863
231447891,3873
231458311,3870
231459311,3883
231460311,3883
231461311,3857
231462311,3864
231463311,3873
231464311,3866
231465311,3883
231466311,3874
231467311,3833
231468311,3879
231469311,3877
231470311,3899
231471311,3875
231472311,3877
231473311,3873
231474311,3872
231475311,3885
231476311,3858
231477311,3897
231478311,3878
231479311,3878
231480311,3879
231481311,3882
231482311,3896
231492703,3876
231493703,3885
231494703,3863
231495703,3873
231496703,3873
231497703,3893
231498703,3876
231499703,3877
231500703,3866
231501703,3882
231502703,3877
231503703,3876
231504703,3888
231505703,3888
231506703,3873
231507703,3873
231508703,3871
231509703,3871
231510703,3905
231511703,3881
231512703,3872
231513703,3847
231514703,3887
231515703,3876
231526123,3862
231527123,3875
231528123,3879
231529123,3894
231530123,3862
231531123,3915
231532123,3873
231533123,3856
231534123,3880
231535123,3875
231536123,3883
231537123,3875
231538123,3899
231539123,3866
231540123,3882
231541123,3883
231542123,3885
231543123,3884
231544123,3871
231545123,3871
231546123,3887
231547123,3869
231548123,3885
231549123,3865
231559542,3875
231560542,3865
231561542,3867
231562542,3871
231563542,3879
231564542,3886
231565542,3873
231566542,3877
231567542,3865
231568542,3905
231569542,3873
231570542,3920
231571542,3885
231572542,3875
231573542,3908
231574542,3882
231575542,3874
231576542,3888
231577542,3849
231578542,3872
231579542,3858
231580542,3881
231581542,3885
231582542,3878
231592945,3893
231593945,3821
231594945,3879
231595945,3885
231596945,3903
231597945,3874
231598945,3869
231599945,3883
231600945,3874
231601945,3871
231602945,3875
231603945,3881
231604945,3867
231605945,3889
231606945,3858
231607945,3877
231608945,3887
231609945,3885
231610945,3856
231611945,3871
231612945,3917
231613945,3869
231614945,3846
231615945,3873
231626365,3869
231627365,3882
231628365,3874
231629365,3859
231630365,3860
231631365,3864
231632365,3888
231633365,3885
231634365,3872
231635365,3872
231636365,3884
231637365,3894
231638365,3867
231639365,3868
231640365,3888
231641365,3857
231642365,3818
231643365,3880
231644365,3891
231645365,3876
231646365,3877
231647365,3874
231648365,3869
231649365,3883
231650365,3873
231660757,3869
231661757,3875
231662757,3867
231663757,3883
231664757,3871
231665757,3875
231666757,3873
231667757,3872
231668757,3867
231669757,3873
231670757,3873
231671757,3869
231672757,3870
231673757,3888
231674757,3866
231675757,3877
231676757,3873
231677757,3869
231678757,3879
231679757,3871
231680757,3871
231681757,3879
231682757,3871
231683757,3871
231694176,3923
231695176,3870
231696176,3884
231697176,3860
231698176,3929
231699176,3874
231700176,3869
231701176,3851
231702176,3873
231703176,3854
231704176,3874
231705176,3875
231706176,3873
231707176,3871
231708176,3865
231709176,3868
231710176,3871
231711176,3879
231712176,3854
231713176,3850
231714176,3885
231715176,3875
231716176,3877
231717176,3883
231727597,3868
231728597,3868
231729597,3809
231730597,3863
231731597,3879
231732597,3876
231733597,3875
231734597,3856
231735597,3867
231736597,3872
231737597,3860
231738597,3852
231739597,3872
231740597,3863
231741597,3862
231742597,3871
231743597,3872
231744597,3860
231745597,3876
231746597,3878
231747597,3867
231748597,3873
231749597,3870
231750597,3857
231760999,3863
231761999,3877
231762999,3874
231763999,3884
231764999,3871
231765999,3871
231766999,3879
231767999,3863
231768999,3859
231769999,3887
231770999,3879
231771999,3871
231772999,3874
231773999,3866
231774999,3875
231775999,3883
231776999,3859
231777999,3835
231778999,3870
231779999,3858
231780999,3875
231781999,3881
231782999,3867
231783999,3870
231794419,3878
231795419,3877
231796419,3863
231797419,3873
231798419,3871
231799419,3862
231800419,3871
231801419,3874
231802419,3874
231803419,3867
231804419,3882
231805419,3869
231806419,3867
231807419,3877
231808419,3875
231809419,3859
231810419,3865
231811419,3866
231812419,3857
231813419,3860
231814419,3860
231815419,3839
231816419,3863
231817419,3874
231818419,3888
231828811,3879
231829811,3882
231830811,3872
231831811,3870
231832811,3879
231833811,3871
231834811,3875
231835811,3870
231836811,3877
231837811,3857
231838811,3875
231839811,3866
231840811,3867
231841811,3866
231842811,3862
231843811,3886
231844811,3881
231845811,3871
231846811,3870
231847811,3873
231848811,3854
231849811,3855
231850811,3857
231851811,3862
231862239,3856
231863239,3824
231864239,3799
231865239,3790
231866239,3818
231867239,3826
231868239,3793
231869239,3726
231870239,3572
231871239,3501
231872239,3453
231873239,3425
231874239,3399
231875239,3319
231876239,3229
231877239,3167
231878239,3062
231879239,3070
231880239,3015
231881239,2983
231882239,2927
231883239,2864
231884239,2813
231885239,2805
231895650,2269
231896650,2211
231897650,2144
231898650,2145
231899650,2096
231900650,2033
231901650,2023
231902650,1948
231903650,1909
231904650,1861
231905650,1831
231906650,1803
231907650,1749
231908650,1719
231909650,1679
231910650,1647
231911650,1616
231912650,1593
231913650,1561
231914650,1553
231915650,1585
231916650,1617
231917650,1648
231918650,1652
231929053,1793
231930053,1866
231931053,1970
231932053,2129
231933053,2306
231934053,2483
231935053,2630
231936053,2699
231937053,2694
231938053,2642
231939053,2648
231940053,2646
231941053,2625
231942053,2603
231943053,2559
231944053,2543
231945053,2502
231946053,2471
231947053,2423
231948053,2375
231949053,2330
231950053,2277
231951053,2220
231952053,2177
231962472,1865
231963472,1827
231964472,1808
231965472,1760
231966472,1757
231967472,1719
231968472,1689
231969472,1651
231970472,1616
231971472,1589
231972472,1562
231973472,1518
231974472,1475
231975472,1449
231976472,1424
231977472,1379
231978472,1354
231979472,1321
231980472,1291
231981472,1265
231982472,1249
231983472,1216
231984472,1187
231985472,1151
231986472,1145
231996864,914
231997864,885
231998864,874
231999864,854
232000864,834
232001864,829
232002864,799
232003864,784
232004864,765
232005864,747
232006864,737
232007864,669
232008864,709
232009864,675
232010864,672
232011864,667
232012864,693
232013864,743
232014864,836
232015864,945
232016864,1052
232017864,1121
232018864,1131
232019864,1112
232020864,1150
232021864,1223
232022864,1327
232023864,1477
232034260,1561
232035260,1520
232036260,1507
232037260,1490
232038260,1481
232039260,1462
232040260,1439
232041260,1418
232042260,1390
232043260,1369
232044260,1341
232045260,1297
232046260,1280
232047260,1249
232048260,1218
232049260,1195
232050260,1178
232051260,1151
232052260,1124
232053260,1103
232054260,1087
232055260,1051
232056260,1023
232057260,1008
232067680,829
232068680,810
232069680,804
232070680,784
232071680,767
232072680,755
232073680,735
232074680,719
232075680,696
232076680,687
232077680,674
232078680,662
232079680,641
232080680,631
232081680,624
232082680,615
232083680,596
232084680,592
232085680,576
232086680,561
232087680,525
232088680,532
232089680,531
232090680,511
232091680,505
232092680,494
232093680,480
232094680,477
232095680,473
232096680,459
232097680,449
232098680,452
232109103,364
232110103,357
232111103,354
232112103,349
232113103,336
232114103,337
232115103,320
232116103,328
232117103,323
232118103,323
232119103,329
232120103,326
232121103,317
232122103,303
232123103,309
232124103,291
232125103,283
232126103,288
232127103,305
232128103,273
232129103,267
232130103,270
232131103,260
232132103,261
232133103,269
232134103,294
232135103,332
232136103,385
232137103,457
232138103,523
232139103,555
232149555,991
232150555,1016
232151555,1023
232152555,1008
232153555,991
232154555,982
232155555,987
232156555,974
232157555,961
232158555,951
232159555,928
232160555,914
232161555,895
232162555,885
232163555,855
232164555,849
232165555,823
232166555,805
232167555,788
232168555,777
232169555,763
232170555,749
232171555,733
232172555,715
232173555,703
232174555,691
232175555,676
232176555,656
232177555,647
232178555,631
232188946,511
232189946,502
232190946,480
232191946,479
232192946,471
232193946,464
232194946,460
232195946,444
232196946,435
232197946,430
232198946,417
232199946,409
232200946,403
232201946,389
232202946,379
232203946,385
232204946,367
232205946,368
232206946,361
232207946,351
232208946,337
232209946,340
232210946,333
232211946,325
232212946,316
232213946,313
232214946,307
232215946,299
232216946,294
232217946,290
232218946,284
232229397,236
232230397,233
232231397,233
232232397,226
232233397,235
232234397,243
232235397,272
232236397,289
232237397,333
232238397,323
232239397,322
232240397,322
232241397,341
232242397,367
232243397,385
232244397,416
232245397,434
232246397,454
232247397,450
232248397,473
232249397,453
232250397,444
232251397,432
232252397,432
232253397,429
232254397,411
232255397,416
232256397,400
232257397,401
232258397,388
232259397,381
232260397,378
232270820,312
232271820,301
232272820,289
232273820,293
232274820,290
232275820,277
232276820,273
232277820,272
232278820,268
232279820,271
232280820,264
232281820,250
232282820,244
232283820,247
232284820,241
232285820,240
232286820,234
232287820,229
232288820,223
232289820,223
232290820,209
232291820,209
232292820,212
232293820,208
232294820,207
232295820,193
232296820,198
232297820,199
232298820,193
232299820,195
232300820,181
232311271,158
232312271,149
232313271,148
232314271,155
232315271,144
232316271,148
232317271,144
232318271,137
232319271,141
232320271,141
232321271,134
232322271,134
232323271,142
232324271,133
232325271,130
232326271,123
232327271,132
232328271,119
232329271,119
232330271,115
232331271,123
232332271,121
232333271,127
232334271,116
232335271,115
232336271,113
232337271,113
232338271,113
232339271,112
232340271,112
232341271,116
232351705,99
232352705,91
232353705,97
232354705,100
232355705,95
232356705,109
232357705,84
232358705,91
232359705,83
232360705,95
232361705,90
232362705,81
232363705,92
232364705,89
232365705,89
232366705,70
232367705,83
232368705,79
232369705,80
232370705,83
232371705,81
232372705,72
232373705,80
232374705,81
232375705,79
232376705,80
232377705,79
232378705,85
232379705,92
232380705,107
232381705,93
232382705,91
232383705,99
232384705,112
232385705,121
232386705,142
232387705,149
232388705,148
232389705,149
232390705,145
232401114,183
232402114,186
232403114,201
232404114,212
232405114,211
232406114,209
232407114,205
232408114,205
232409114,178
232410114,192
232411114,183
232412114,196
232413114,183
232414114,179
232415114,176
232416114,176
232417114,176
232418114,169
232419114,174
232420114,163
232421114,163
232422114,163
232423114,176
232424114,157
232425114,161
232426114,147
232427114,147
232428114,149
232429114,124
232430114,144
232431114,144
232441548,127
232442548,117
232443548,116
232444548,114
232445548,120
232446548,115
232447548,121
232448548,109
232449548,113
232450548,112
232451548,100
232452548,106
232453548,107
232454548,99
232455548,99
232456548,101
232457548,95
232458548,108
232459548,97
232460548,107
232461548,100
232462548,97
232463548,106
232464548,97
232465548,99
232466548,101
232467548,92
232468548,107
232469548,83
232470548,90
232471548,95
232472548,89
232473548,85
232474548,82
232475548,79
232476548,90
232486964,81
232487964,73
232488964,79
232489964,80
232490964,82
232491964,73
232492964,70
232493964,84
232494964,92
232495964,107
232496964,80
232497964,79
232498964,79
232499964,76
232500964,65
232501964,70
232502964,77
232503964,79
232504964,72
232505964,75
232506964,72
232507964,80
232508964,84
232509964,113
232510964,147
232511964,176
232512964,192
232513964,200
232514964,207
232515964,190
232516964,192
232517964,209
232518964,224
232519964,251
232520964,260
232521964,283
232522964,297
232533387,1085
232534387,1083
232535387,1102
232536387,1115
232537387,1180
232538387,1251
232539387,1340
232540387,1429
232541387,1505
232542387,1565
232543387,1563
232544387,1555
232545387,1523
232546387,1486
232547387,1451
232548387,1414
232549387,1391
232550387,1361
232551387,1339
232552387,1312
232553387,1283
232554387,1251
232555387,1232
232556387,1206
232557387,1185
232567779,1473
232568779,1519
232569779,1509
232570779,1504
232571779,1566
232572779,1657
232573779,1776
232574779,1917
232575779,1997
232576779,2011
232577779,2007
232578779,2117
232579779,2403
232580779,3001
232581779,3834
232582779,3856
232583779,3869
232584779,3868
232585779,3873
232586779,3879
232587779,3873
232588779,3885
232589779,3879
232590779,3871
232601199,3867
232602199,3872
232603199,3889
232604199,3877
232605199,3876
232606199,3875
232607199,3871
232608199,3872
232609199,3879
232610199,3867
232611199,3867
232612199,3872
232613199,3864
232614199,3881
232615199,3873
232616199,3885
232617199,3887
232618199,3867
232619199,3878
232620199,3881
232621199,3874
232622199,3876
232623199,3875
232624199,3874
232634618,3879
232635618,3873
232636618,3888
232637618,3888
232638618,3899
232639618,3885
232640618,3879
232641618,3857
232642618,3914
232643618,3879
232644618,3918
232645618,3867
232646618,3883
232647618,3870
232648618,3891
232649618,3818
232650618,3875
232651618,3879
232652618,3877
232653618,3877
232654618,3881
232655618,3886
232656618,3929
232657618,3869
232668021,3866
232669021,3877
232670021,3868
232671021,3882
232672021,3883
232673021,3870
232674021,3861
232675021,3873
232676021,3888
232677021,3862
232678021,3865
232679021,3884
232680021,3856
232681021,3875
232682021,3879
232683021,3891
232684021,3874
232685021,3873
232686021,3874
232687021,3877
232688021,3859
232689021,3877
232690021,3881
232691021,3885
232701450,3877
232702450,3872
232703450,3887
232704450,3888
232705450,3879
232706450,3886
232707450,3878
232708450,3874
232709450,3883
232710450,3867
232711450,3870
232712450,3858
232713450,3879
232714450,3875
232715450,3874
232716450,3887
232717450,3856
232718450,3886
232719450,3872
232720450,3882
232721450,3872
232722450,3888
232723450,3886
232724450,3873
232725450,3881
232735833,3874
232736833,3863
232737833,3885
232738833,3867
232739833,3871
232740833,3870
232741833,3872
232742833,3870
232743833,3877
232744833,3881
232745833,3871
232746833,3866
232747833,3878
232748833,3885
232749833,3867
232750833,3871
232751833,3872
232752833,3888
232753833,3879
232754833,3869
232755833,3885
232756833,3879
232757833,3878
232758833,3883
232769260,3887
232770260,3879
232771260,3920
232772260,3873
232773260,3881
232774260,3857
232775260,3885
232776260,3879
232777260,3871
232778260,3888
232779260,3886
232780260,3859
232781260,3888
232782260,3869
232783260,3887
232784260,3884
232785260,3878
232786260,3884
232787260,3883
232788260,3878
232789260,3873
232790260,3861
232791260,3867
232792260,3888
232802672,3867
232803672,3875
232804672,3871
232805672,3876
232806672,3872
232807672,3871
232808672,3870
232809672,3870
232810672,3860
232811672,3852
232812672,3877
232813672,3871
232814672,3866
232815672,3883
232816672,3886
232817672,3888
232818672,3869
232819672,3874
232820672,3881
232821672,3866
232822672,3893
232823672,3872
232824672,3875
232825672,3874
232836075,3865
232837075,3873
232838075,3927
232839075,3855
232840075,3910
232841075,3874
232842075,3888
232843075,3871
232844075,3871
232845075,3863
232846075,3881
232847075,3884
232848075,3891
232849075,3885
232850075,3881
232851075,3885
232852075,3872
232853075,3877
232854075,3872
232855075,3875
232856075,3888
232857075,3883
232858075,3879
232859075,3870
232869495,3891
232870495,3888
232871495,3885
232872495,3859
232873495,3869
232874495,3875
232875495,3856
232876495,3882
232877495,3917
232878495,3856
232879495,3868
232880495,3863
232881495,3877
232882495,3873
232883495,3911
232884495,3865
232885495,3866
232886495,3883
232887495,3858
232888495,3871
232889495,3871
232890495,3889
232891495,3885
232892495,3882
232893495,3824
232903887,3861
232904887,3894
232905887,3868
232906887,3866
232907887,3868
232908887,3860
232909887,3865
232910887,3874
232911887,3878
232912887,3881
232913887,3874
232914887,3883
232915887,3859
232916887,3874
232917887,3884
232918887,3867
232919887,3877
232920887,3873
232921887,3888
232922887,3870
232923887,3877
232924887,3888
232925887,3886
232926887,3877
232937306,3877
232938306,3873
232939306,3870
232940306,3888
232941306,3878
232942306,3870
232943306,3872
232944306,3878
232945306,3879
232946306,3888
232947306,3872
232948306,3881
232949306,3887
232950306,3879
232951306,3889
232952306,3868
232953306,3866
232954306,3879
232955306,3873
232956306,3883
232957306,3858
232958306,3856
232959306,3873
232960306,3871
232970726,3866
232971726,3881
232972726,3878
232973726,3875
232974726,3861
232975726,3859
232976726,3865
232977726,3870
232978726,3865
232979726,3881
232980726,3887
232981726,3862
232982726,3889
232983726,3863
232984726,3884
232985726,3876
232986726,3886
232987726,3888
232988726,3887
232989726,3888
232990726,3858
232991726,3867
232992726,3869
232993726,3889
233004129,3872
233005129,3876
233006129,3871
233007129,3883
233008129,3873
233009129,3845
233010129,3885
233011129,3872
233012129,3878
233013129,3881
233014129,3866
233015129,3883
233016129,3873
233017129,3872
233018129,3868
233019129,3892
233020129,3878
233021129,3867
233022129,3868
233023129,3867
233024129,3856
233025129,3867
233026129,3865
233027129,3879
233037548,3871
233038548,3887
233039548,3874
233040548,3884
233041548,3862
233042548,3874
233043548,3878
233044548,3883
233045548,3867
233046548,3871
233047548,3879
233048548,3888
233049548,3880
233050548,3901
233051548,3879
233052548,3857
233053548,3897
233054548,3865
233055548,3873
233056548,3874
233057548,3885
233058548,3871
233059548,3881
233060548,3878
233061548,3875
233071940,3859
233072940,3886
233073940,3862
233074940,3878
233075940,3866
233076940,3903
233077940,3877
233078940,3893
233079940,3907
233080940,3878
233081940,3859
233082940,3865
233083940,3877
233084940,3885
233085940,3887
233086940,3882
233087940,3877
233088940,3882
233089940,3860
233090940,3875
233091940,3855
233092940,3872
233093940,3877
233094940,3877
233105360,3924
233106360,3872
233107360,3890
233108360,3882
233109360,3917
233110360,3861
233111360,3860
233112360,3893
233113360,3875
233114360,3857
233115360,3823
233116360,3861
233117360,3866
233118360,3900
233119360,3867
233120360,3895
233121360,3891
233122360,3875
233123360,3824
233124360,3857
233125360,3877
233126360,3900
233127360,3872
233128360,3872
233138780,3881
233139780,3869
233140780,3870
233141780,3859
233142780,3895
233143780,3879
233144780,3872
233145780,3878
233146780,3875
233147780,3915
233148780,3865
233149780,3875
233150780,3887
233151780,3881
233152780,3865
233153780,3879
233154780,3874
233155780,3878
233156780,3886
233157780,3875
233158780,3871
233159780,3859
233160780,3869
233161780,3873
233172183,3875
233173183,3881
233174183,3854
233175183,3856
233176183,3870
233177183,3870
233178183,3886
233179183,3878
233180183,3868
233181183,3856
233182183,3861
233183183,3886
233184183,3871
233185183,3871
233186183,3882
233187183,3910
233188183,3886
233189183,3872
233190183,3877
233191183,3874
233192183,3882
233193183,3861
233194183,3875
233195183,3872
233205602,3875
233206602,3870
233207602,3895
233208602,3911
233209602,3883
233210602,3869
233211602,3874
233212602,3869
233213602,3887
233214602,3883
233215602,3875
233216602,3875
233217602,3823
233218602,3878
233219602,3872
233220602,3866
233221602,3874
233222602,3871
233223602,3863
233224602,3875
233225602,3888
233226602,3871
233227602,3887
233228602,3877
233229602,3875
233239994,3866
233240994,3811
233241994,3873
233242994,3865
233243994,3870
233244994,3881
233245994,3867
233246994,3871
233247994,3869
233248994,3878
233249994,3860
233250994,3935
233251994,3867
233252994,3877
233253994,3852
233254994,3859
233255994,3883
233256994,3878
233257994,3875
233258994,3875
233259994,3888
233260994,3875
233261994,3876
233262994,3879
233273414,3882
233274414,3861
233275414,3876
233276414,3901
233277414,3888
233278414,3886
233279414,3875
233280414,3867
233281414,3871
233282414,3850
233283414,3873
233284414,3887
233285414,3886
233286414,3886
233287414,3833
233288414,3883
233289414,3886
233290414,3888
233291414,3877
233292414,3873
233293414,3829
233294414,3861
233295414,3859
233296414,3875
233306834,3878
233307834,3874
233308834,3879
233309834,3865
233310834,3883
233311834,3882
233312834,3877
233313834,3872
233314834,3877
233315834,3886
233316834,3888
233317834,3881
233318834,3883
233319834,3879
233320834,3879
233321834,3888
233322834,3858
233323834,3872
233324834,3880
233325834,3869
233326834,3874
233327834,3868
233328834,3886
233329834,3879
233340238,3870
233341238,3873
233342238,3877
233343238,3867
233344238,3858
233345238,3869
233346238,3873
233347238,3854
233348238,3883
233349238,3899
233350238,3904
233351238,3874
233352238,3876
233353238,3878
233354238,3883
233355238,3862
233356238,3880
233357238,3899
233358238,3888
233359238,3901
233360238,3871
233361238,3905
233362238,3877
233363238,3875
233373656,3867
233374656,3874
233375656,3871
233376656,3888
233377656,3881
233378656,3875
233379656,3862
233380656,3867
233381656,3877
233382656,3877
233383656,3871
233384656,3873
233385656,3873
233386656,3892
233387656,3878
233388656,3850
233389656,3882
233390656,3881
233391656,3873
233392656,3881
233393656,3874
233394656,3853
233395656,3872
233396656,3883
233397656,3883
233408048,3861
233409048,3873
233410048,3838
233411048,3865
233412048,3899
233413048,3851
233414048,3858
233415048,3873
233416048,3853
233417048,3893
233418048,3868
233419048,3888
233420048,3874
233421048,3869
233422048,3878
233423048,3872
233424048,3873
233425048,3866
233426048,3875
233427048,3886
233428048,3883
233429048,3887
233430048,3875
233431048,3891
233441468,3870
233442468,3883
233443468,3878
233444468,3869
233445468,3884
233446468,3885
233447468,3871
233448468,3867
233449468,3865
233450468,3878
233451468,3877
233452468,3881
233453468,3881
233454468,3866
233455468,3871
233456468,3875
233457468,3887
233458468,3865
233459468,3883
233460468,3874
233461468,3875
233462468,3886
233463468,3883
233464468,3909
233474888,3878
233475888,3877
233476888,3858
233477888,3875
233478888,3871
233479888,3895
233480888,3895
233481888,3889
233482888,3856
233483888,3839
233484888,3885
233485888,3873
233486888,3873
233487888,3876
233488888,3885
233489888,3882
233490888,3871
233491888,3887
233492888,3893
233493888,3878
233494888,3888
233495888,3875
233496888,3878
233497888,3859
233508290,3888
233509290,3873
233510290,3856
233511290,3880
233512290,3873
233513290,3881
233514290,3890
233515290,3872
233516290,3872
233517290,3883
233518290,3865
233519290,3874
233520290,3875
233521290,3873
233522290,3872
233523290,3870
233524290,3886
233525290,3871
233526290,3879
233527290,3877
233528290,3883
233529290,3887
233530290,3875
233531290,3882
233541710,3888
233542710,3877
233543710,3853
233544710,3863
233545710,3857
233546710,3856
233547710,3889
233548710,3888
233549710,3888
233550710,3877
233551710,3879
233552710,3874
233553710,3868
233554710,3871
233555710,3870
233556710,3875
233557710,3878
233558710,3903
233559710,3883
233560710,3886
233561710,3871
233562710,3903
233563710,3877
233564710,3886
233565710,3894
233576102,3879
233577102,3871
233578102,3859
233579102,3877
233580102,3861
233581102,3881
233582102,3856
233583102,3869
233584102,3867
233585102,3856
233586102,3862
233587102,3887
233588102,3871
233589102,3879
233590102,3877
233591102,3873
233592102,3907
233593102,3888
233594102,3867
233595102,3883
233596102,3871
233597102,3851
233598102,3873
233599102,3881
233609522,3876
233610522,3863
233611522,3874
233612522,3867
233613522,3883
233614522,3887
233615522,3888
233616522,3889
233617522,3824
233618522,3863
233619522,3856
233620522,3862
233621522,3896
233622522,3875
233623522,3925
233624522,3876
233625522,3893
233626522,3875
233627522,3869
233628522,3871
233629522,3863
233630522,3875
233631522,3856
233632522,3853
233642942,3865
233643942,3885
233644942,3875
233645942,3855
233646942,3877
233647942,3867
233648942,3881
233649942,3873
233650942,3876
233651942,3905
233652942,3878
233653942,3851
233654942,3877
233655942,3841
233656942,3866
233657942,3874
233658942,3888
233659942,3882
233660942,3875
233661942,3888
233662942,3878
233663942,3855
233664942,3876
233665942,3877
233676344,3846
233677344,3874
233678344,3878
233679344,3876
233680344,3888
233681344,3891
233682344,3895
233683344,3889
233684344,3874
233685344,3877
233686344,3889
233687344,3881
233688344,3875
233689344,3886
233690344,3874
233691344,3888
233692344,3885
233693344,3881
233694344,3885
233695344,3879
233696344,3875
233697344,3858
233698344,3869
233699344,3863
233709764,3888
233710764,3871
233711764,3874
233712764,3871
233713764,3865
233714764,3883
233715764,3888
233716764,3867
233717764,3879
233718764,3874
233719764,3865
233720764,3899
233721764,3867
233722764,3871
233723764,3875
233724764,3886
233725764,3888
233726764,3875
233727764,3885
233728764,3862
233729764,3872
233730764,3887
233731764,3815
233732764,3878
233733764,3887
233744156,3881
233745156,3869
233746156,3874
233747156,3876
233748156,3857
233749156,3882
233750156,3871
233751156,3895
233752156,3871
233753156,3910
233754156,3857
233755156,3847
233756156,3883
233757156,3890
233758156,3886
233759156,3873
233760156,3874
233761156,3867
233762156,3891
233763156,3872
233764156,3859
233765156,3889
233766156,3870
233767156,3875
233777582,3869
233778582,3872
233779582,3920
233780582,3869
233781582,3870
233782582,3893
233783582,3829
233784582,3869
233785582,3857
233786582,3860
233787582,3869
233788582,3888
233789582,3873
233790582,3871
233791582,3883
233792582,3894
233793582,3869
233794582,3883
233795582,3873
233796582,3869
233797582,3864
233798582,3871
233799582,3873
233800582,3878
233810995,3887
233811995,3877
233812995,3884
233813995,3863
233814995,3892
233815995,3858
233816995,3892
233817995,3882
233818995,3905
233819995,3879
233820995,3872
233821995,3871
233822995,3869
233823995,3872
233824995,3874
233825995,3877
233826995,3870
233827995,3862
233828995,3888
233829995,3888
233830995,3873
233831995,3857
233832995,3873
233833995,3872
233844398,3872
233845398,3869
233846398,3877
233847398,3879
233848398,3878
233849398,3881
233850398,3877
233851398,3873
233852398,3880
233853398,3878
233854398,3866
233855398,3877
233856398,3878
233857398,3888
233858398,3862
233859398,3879
233860398,3885
233861398,3888
233862398,3882
233863398,3886
233864398,3871
233865398,3873
233866398,3873
233867398,3882
233877818,3877
233878818,3863
233879818,3885
233880818,3917
233881818,3874
233882818,3873
233883818,3859
233884818,3874
233885818,3882
233886818,3873
233887818,3881
233888818,3886
233889818,3874
233890818,3874
233891818,3865
233892818,3881
233893818,3890
233894818,3854
233895818,3860
233896818,3860
233897818,3865
233898818,3874
233899818,3869
233900818,3877
233901818,3888
233912210,3920
233913210,3872
233914210,3876
233915210,3877
233916210,3868
233917210,3872
233918210,3872
233919210,3856
233920210,3877
233921210,3881
233922210,3886
233923210,3879
233924210,3884
233925210,3871
233926210,3918
233927210,3857
233928210,3873
233929210,3872
233930210,3881
233931210,3863
233932210,3879
233933210,3871
233934210,3878
233935210,3865
233945630,3862
233946630,3870
233947630,3874
233948630,3875
233949630,3859
233950630,3882
233951630,3873
233952630,3875
233953630,3876
233954630,3860
233955630,3887
233956630,3867
233957630,3888
233958630,3877
233959630,3879
233960630,3883
233961630,3879
233962630,3873
233963630,3861
233964630,3862
233965630,3877
233966630,3867
233967630,3871
233968630,3879
233979049,3856
233980049,3887
233981049,3880
233982049,3889
233983049,3885
233984049,3868
233985049,3881
233986049,3867
233987049,3875
233988049,3858
233989049,3872
233990049,3877
233991049,3888
233992049,3875
233993049,3878
233994049,3866
233995049,3883
233996049,3876
233997049,3873
233998049,3869
233999049,3882
234000049,3877
234001049,3855
234002049,3873
234012452,3864
234013452,3870
234014452,3824
234015452,3883
234016452,3882
234017452,3885
234018452,3877
234019452,3922
234020452,3877
234021452,3875
234022452,3885
234023452,3877
234024452,3913
234025452,3897
234026452,3861
234027452,3883
234028452,3869
234029452,3889
234030452,3888
234031452,3875
234032452,3872
234033452,3862
234034452,3863
234035452,3878
234045872,3884
234046872,3867
234047872,3876
234048872,3868
234049872,3871
234050872,3856
234051872,3883
234052872,3889
234053872,3862
234054872,3874
234055872,3871
234056872,3877
234057872,3885
234058872,3883
234059872,3875
234060872,3874
234061872,3871
234062872,3872
234063872,3825
234064872,3852
234065872,3865
234066872,3852
234067872,3889
234068872,3870
234069872,3878
234080267,3871
234081267,3872
234082267,3871
234083267,3877
234084267,3888
234085267,3881
234086267,3866
234087267,3874
234088267,3877
234089267,3872
234090267,3854
234091267,3863
234092267,3879
234093267,3854
234094267,3875
234095267,3873
234096267,3859
234097267,3869
234098267,3885
234099267,3867
234100267,3883
234101267,3889
234102267,3851
234103267,3872
234113683,3873
234114683,3888
234115683,3897
234116683,3863
234117683,3862
234118683,3857
234119683,3872
234120683,3896
234121683,3873
234122683,3866
234123683,3887
234124683,3887
234125683,3875
234126683,3870
234127683,3906
234128683,3860
234129683,3882
234130683,3856
234131683,3858
234132683,3865
234133683,3868
234134683,3883
234135683,3873
234136683,3898
234147103,3873
234148103,3873
234149103,3883
234150103,3878
234151103,3858
234152103,3875
234153103,3874
234154103,3876
234155103,3870
234156103,3873
234157103,3868
234158103,3870
234159103,3884
234160103,3868
234161103,3873
234162103,3887
234163103,3868
234164103,3874
234165103,3866
234166103,3865
234167103,3865
234168103,3871
234169103,3872
234170103,3877
234180506,3887
234181506,3888
234182506,3892
234183506,3863
234184506,3863
234185506,3886
234186506,3873
234187506,3871
234188506,3871
234189506,3868
234190506,3867
234191506,3878
234192506,3881
234193506,3863
234194506,3862
234195506,3857
234196506,3873
234197506,3863
234198506,3844
234199506,3874
234200506,3871
234201506,3888
234202506,3872
234203506,3873
234213926,3869
234214926,3866
234215926,3879
234216926,3873
234217926,3867
234218926,3888
234219926,3877
234220926,3870
234221926,3893
234222926,3869
234223926,3878
234224926,3872
234225926,3871
234226926,3875
234227926,3872
234228926,3876
234229926,3862
234230926,3884
234231926,3870
234232926,3879
234233926,3863
234234926,3864
234235926,3865
234236926,3866
234237926,3887
234248318,3868
234249318,3863
234250318,3869
234251318,3865
234252318,3882
234253318,3866
234254318,3873
234255318,3856
234256318,3868
234257318,3888
234258318,3879
234259318,3867
234260318,3877
234261318,3873
234262318,3869
234263318,3857
234264318,3876
234265318,3870
234266318,3873
234267318,3869
234268318,3871
234269318,3881
234270318,3878
234271318,3876
234281737,3870
234282737,3839
234283737,3856
234284737,3879
234285737,3877
234286737,3872
234287737,3875
234288737,3839
234289737,3877
234290737,3867
234291737,3874
234292737,3865
234293737,3874
234294737,3858
234295737,3878
234296737,3846
234297737,3882
234298737,3872
234299737,3887
234300737,3863
234301737,3826
234302737,3869
234303737,3861
234304737,3869
234315157,3870
234316157,3865
234317157,3853
234318157,3871
234319157,3863
234320157,3866
234321157,3882
234322157,3856
234323157,3865
234324157,3875
234325157,3866
234326157,3870
234327157,3872
234328157,3839
234329157,3874
234330157,3838
234331157,3877
234332157,3898
234333157,3887
234334157,3854
234335157,3872
234336157,3867
234337157,3873
234338157,3937
234348564,3878
234349564,3868
234350564,3873
234351564,3858
234352564,3861
234353564,3875
234354564,3861
234355564,3867
234356564,3888
234357564,3861
234358564,3874
234359564,3863
234360564,3861
234361564,3876
234362564,3873
234363564,3862
234364564,3871
234365564,3861
234366564,3874
234367564,3863
234368564,3873
234369564,3872
234370564,3857
234371564,3871
234381979,3864
234382979,3859
234383979,3871
234384979,3861
234385979,3875
234386979,3883
234387979,3845
234388979,3861
234389979,3857
234390979,3859
234391979,3878
234392979,3877
234393979,3869
234394979,3869
234395979,3869
234396979,3866
234397979,3867
234398979,3872
234399979,3869
234400979,3869
234401979,3862
234402979,3874
234403979,3871
234404979,3861
234405979,3865
234416371,3865
234417371,3861
234418371,3845
234419371,3870
234420371,3841
234421371,3835
234422371,3852
234423371,3854
234424371,3863
234425371,3897
234426371,3847
234427371,3877
234428371,3856
234429371,3875
234430371,3863
234431371,3860
234432371,3863
234433371,3862
234434371,3883
234435371,3872
234436371,3895
234437371,3873
234438371,3885
234439371,3879
234449791,3888
234450791,3856
234451791,3854
234452791,3849
234453791,3856
234454791,3903
234455791,3861
234456791,3860
234457791,3855
234458791,3861
234459791,3869
234460791,3863
234461791,3869
234462791,3856
234463791,3865
234464791,3861
234465791,3877
234466791,3875
234467791,3870
234468791,3877
234469791,3863
234470791,3873
234471791,3861
234472791,3846
234483211,3866
234484211,3869
234485211,3872
234486211,3873
234487211,3839
234488211,3863
234489211,3862
234490211,3871
234491211,3875
234492211,3879
234493211,3861
234494211,3888
234495211,3867
234496211,3853
234497211,3851
234498211,3861
234499211,3859
234500211,3887
234501211,3863
234502211,3863
234503211,3825
234504211,3861
234505211,3882
234506211,3867
234516614,3878
234517614,3871
234518614,3895
234519614,3859
234520614,3888
234521614,3856
234522614,3859
234523614,3863
234524614,3858
234525614,3873
234526614,3858
234527614,3861
234528614,3888
234529614,3870
234530614,3859
234531614,3865
234532614,3868
234533614,3868
234534614,3867
234535614,3856
234536614,3860
234537614,3856
234538614,3862
234539614,3866
234550033,3917
234551033,3858
234552033,3863
234553033,3887
234554033,3874
234555033,3871
234556033,3874
234557033,3883
234558033,3813
234559033,3859
234560033,3866
234561033,3855
234562033,3861
234563033,3859
234564033,3859
234565033,3867
234566033,3871
234567033,3845
234568033,3873
234569033,3872
234570033,3872
234571033,3862
234572033,3871
234573033,3829
234574033,3859
234584425,3859
234585425,3871
234586425,3868
234587425,3879
234588425,3887
234589425,3879
234590425,3830
234591425,3851
234592425,3856
234593425,3849
234594425,3866
234595425,3858
234596425,3879
234597425,3864
234598425,3867
234599425,3865
234600425,3862
234601425,3862
234602425,3869
234603425,3870
234604425,3857
234605425,3851
234606425,3850
234607425,3879
234617845,3600
234618845,3484
234619845,3381
234620845,3353
234621845,3371
234622845,3410
234623845,3411
234624845,3344
234625845,3297
234626845,3253
234627845,3191
234628845,3125
234629845,3093
234630845,3113
234631845,3153
234632845,3140
234633845,3086
234634845,3043
234635845,2967
234636845,2905
234637845,2845
234638845,2793
234639845,2747
234640845,2703
234651266,2994
234652266,2994
234653266,2958
234654266,2874
234655266,2881
234656266,2867
234657266,2829
234658266,2767
234659266,2709
234660266,2658
234661266,2609
234662266,2550
234663266,2496
234664266,2447
234665266,2431
234666266,2352
234667266,2359
234668266,2367
234669266,2331
234670266,2319
234671266,2365
234672266,2420
234673266,2512
234674266,2559
234684667,3018
234685667,3248
234686667,3409
234687667,3396
234688667,3453
234689667,3562
234690667,3683
234691667,3803
234692667,3794
234693667,3741
234694667,3747
234695667,3779
234696667,3714
234697667,3626
234698667,3494
234699667,3394
234700667,3337
234701667,3284
234702667,3213
234703667,3137
234704667,3088
234705667,3088
234706667,3071
234707667,3051
234718087,2978
234719087,3181
234720087,3275
234721087,3233
234722087,3311
234723087,3440
234724087,3490
234725087,3419
234726087,3376
234727087,3339
234728087,3293
234729087,3227
234730087,3183
234731087,3120
234732087,3125
234733087,3167
234734087,3184
234735087,3161
234736087,3131
234737087,3087
234738087,3047
234739087,3107
234740087,3187
234741087,3216
234742087,3163
234752479,2948
234753479,2901
234754479,2855
234755479,2801
234756479,2768
234757479,2750
234758479,2722
234759479,2731
234760479,2764
234761479,2939
234762479,3089
234763479,3097
234764479,3061
234765479,3137
234766479,3219
234767479,3263
234768479,3239
234769479,3173
234770479,3101
234771479,3035
234772479,2964
234773479,2935
234774479,2919
234775479,2864
234785899,2559
234786899,2607
234787899,2653
234788899,2640
234789899,2637
234790899,2705
234791899,2737
234792899,2736
234793899,2685
234794899,2624
234795899,2559
234796899,2530
234797899,2499
234798899,2483
234799899,2453
234800899,2475
234801899,2519
234802899,2593
234803899,2615
234804899,2559
234805899,2604
234806899,2632
234807899,2559
234808899,2559
234819319,2383
234820319,2432
234821319,2503
234822319,2497
234823319,2539
234824319,2689
234825319,2858
234826319,2946
234827319,2955
234828319,2887
234829319,2864
234830319,2839
234831319,2775
234832319,2721
234833319,2704
234834319,2766
234835319,2832
234836319,2892
234837319,2891
234838319,2845
234839319,2867
234840319,2914
234841319,2954
234842319,2914
234852721,2437
234853721,2417
234854721,2372
234855721,2309
234856721,2272
234857721,2215
234858721,2171
234859721,2136
234860721,2102
234861721,2053
234862721,2007
234863721,1985
234864721,1961
234865721,1914
234866721,1893
234867721,1947
234868721,1993
234869721,1969
234870721,1983
234871721,2046
234872721,2138
234873721,2227
234874721,2231
234875721,2278
234886141,2957
234887141,3028
234888141,3182
234889141,3283
234890141,3390
234891141,3469
234892141,3511
234893141,3571
234894141,3666
234895141,3685
234896141,3600
234897141,3625
234898141,3781
234899141,3861
234900141,3858
234901141,3860
234902141,3866
234903141,3856
234904141,3861
234905141,3857
234906141,3869
234907141,3861
234908141,3865
234909141,3851
234910141,3864
234920533,3859
234921533,3859
234922533,3846
234923533,3867
234924533,3842
234925533,3866
234926533,3878
234927533,3792
234928533,3757
234929533,3610
234930533,3519
234931533,3479
234932533,3577
234933533,3763
234934533,3854
234935533,3858
234936533,3833
234937533,3766
234938533,3642
234939533,3583
234940533,3549
234941533,3521
234942533,3446
234943533,3387
234953953,3143
234954953,3149
234955953,3132
234956953,3093
234957953,3057
234958953,3101
234959953,3166
234960953,3193
234961953,3150
234962953,3039
234963953,3043
234964953,3051
234965953,3121
234966953,3222
234967953,3324
234968953,3397
234969953,3407
234970953,3479
234971953,3454
234972953,3377
234973953,3280
234974953,3264
234975953,3187
234976953,3132
234987373,3025
234988373,3023
234989373,2996
234990373,2950
234991373,2972
234992373,3039
234993373,3125
234994373,3167
234995373,3159
234996373,3094
234997373,3071
234998373,3065
234999373,3090
235000373,3174
235001373,3213
235002373,3300
235003373,3265
235004373,3200
235005373,3184
235006373,3169
235007373,3121
235008373,3056
235009373,2990
235010373,2928
235020775,2768
235021775,2739
235022775,2656
235023775,2672
235024775,2705
235025775,2703
235026775,2661
235027775,2606
235028775,2552
235029775,2508
235030775,2475
235031775,2405
235032775,2384
235033775,2331
235034775,2306
235035775,2275
235036775,2224
235037775,2192
235038775,2231
235039775,2237
235040775,2197
235041775,2167
235042775,2134
235043775,2113
235054195,2055
235055195,2175
235056195,2160
235057195,2147
235058195,2137
235059195,2126
235060195,2135
235061195,2143
235062195,2160
235063195,2163
235064195,2187
235065195,2288
235066195,2340
235067195,2317
235068195,2422
235069195,2559
235070195,2733
235071195,2849
235072195,2919
235073195,2891
235074195,2863
235075195,2881
235076195,2894
235077195,2864
235078195,2831
235088590,2660
235089590,2635
235090590,2581
235091590,2539
235092590,2544
235093590,2584
235094590,2621
235095590,2618
235096590,2559
235097590,2553
235098590,2542
235099590,2527
235100590,2493
235101590,2457
235102590,2461
235103590,2407
235104590,2384
235105590,2342
235106590,2321
235107590,2349
235108590,2325
235109590,2305
235110590,2256
235111590,2251
235122007,2633
235123007,2766
235124007,2883
235125007,2933
235126007,2911
235127007,3050
235128007,3271
235129007,3444
235130007,3515
235131007,3441
235132007,3600
235133007,3861
235134007,3869
235135007,3873
235136007,3870
235137007,3871
235138007,3869
235139007,3848
235140007,3885
235141007,3857
235142007,3853
235143007,3865
235144007,3862
235145007,3819
235155426,3844
235156426,3866
235157426,3859
235158426,3856
235159426,3879
235160426,3863
235161426,3909
235162426,3871
235163426,3866
235164426,3869
235165426,3842
235166426,3856
235167426,3872
235168426,3863
235169426,3856
235170426,3859
235171426,3887
235172426,3869
235173426,3870
235174426,3876
235175426,3863
235176426,3859
235177426,3824
235178426,3856
235188829,3873
235189829,3871
235190829,3873
235191829,3881
235192829,3884
235193829,3877
235194829,3887
235195829,3877
235196829,3860
235197829,3881
235198829,3872
235199829,3856
235200829,3867
235201829,3874
235202829,3859
235203829,3899
235204829,3839
235205829,3859
235206829,3857
235207829,3871
235208829,3866
235209829,3860
235210829,3874
235211829,3869
235222249,3863
235223249,3937
235224249,3872
235225249,3877
235226249,3871
235227249,3873
235228249,3865
235229249,3888
235230249,3889
235231249,3869
235232249,3883
235233249,3874
235234249,3873
235235249,3867
235236249,3877
235237249,3873
235238249,3863
235239249,3872
235240249,3868
235241249,3865
235242249,3861
235243249,3854
235244249,3867
235245249,3865
235246249,3884
235256641,3927
235257641,3867
235258641,3879
235259641,3872
235260641,3879
235261641,3873
235262641,3887
235263641,3878
235264641,3873
235265641,3879
235266641,3856
235267641,3858
235268641,3884
235269641,3878
235270641,3828
235271641,3888
235272641,3882
235273641,3881
235274641,3888
235275641,3885
235276641,3887
235277641,3879
235278641,3867
235279641,3858
235290061,3838
235291061,3872
235292061,3858
235293061,3887
235294061,3879
235295061,3870
235296061,3873
235297061,3859
235298061,3881
235299061,3887
235300061,3871
235301061,3856
235302061,3885
235303061,3878
235304061,3887
235305061,3882
235306061,3881
235307061,3873
235308061,3888
235309061,3856
235310061,3861
235311061,3815
235312061,3872
235313061,3883
235323480,3878
235324480,3878
235325480,3827
235326480,3855
235327480,3898
235328480,3863
235329480,3873
235330480,3887
235331480,3905
235332480,3865
235333480,3871
235334480,3869
235335480,3814
235336480,3867
235337480,3859
235338480,3877
235339480,3881
235340480,3915
235341480,3883
235342480,3859
235343480,3879
235344480,3946
235345480,3871
235346480,3915
235356883,3879
235357883,3886
235358883,3885
235359883,3856
235360883,3853
235361883,3859
235362883,3880
235363883,3866
235364883,3871
235365883,3878
235366883,3865
235367883,3859
235368883,3870
235369883,3870
235370883,3888
235371883,3869
235372883,3867
235373883,3877
235374883,3874
235375883,3867
235376883,3873
235377883,3877
235378883,3887
235379883,3863
235390303,3869
235391303,3865
235392303,3869
235393303,3879
235394303,3898
235395303,3886
235396303,3862
235397303,3858
235398303,3861
235399303,3846
235400303,3865
235401303,3863
235402303,3856
235403303,3874
235404303,3875
235405303,3873
235406303,3870
235407303,3882
235408303,3893
235409303,3873
235410303,3873
235411303,3884
235412303,3866
235413303,3873
235414303,3887
235424695,3869
235425695,3869
235426695,3869
235427695,3866
235428695,3865
235429695,3858
235430695,3863
235431695,3867
235432695,3856
235433695,3871
235434695,3867
235435695,3875
235436695,3871
235437695,3871
235438695,3869
235439695,3861
235440695,3857
235441695,3871
235442695,3883
235443695,3861
235444695,3859
235445695,3934
235446695,3859
235447695,3877
235458114,3857
235459114,3815
235460114,3760
235461114,3696
235462114,3620
235463114,3525
235464114,3475
235465114,3504
235466114,3432
235467114,3396
235468114,3418
235469114,3447
235470114,3514
235471114,3509
235472114,3549
235473114,3561
235474114,3477
235475114,3426
235476114,3424
235477114,3435
235478114,3582
235479114,3653
235480114,3569
235481114,3475
235491534,2832
235492534,2802
235493534,2800
235494534,2749
235495534,2721
235496534,2748
235497534,2698
235498534,2689
235499534,2719
235500534,2802
235501534,2838
235502534,2800
235503534,2810
235504534,2854
235505534,2874
235506534,2857
235507534,2801
235508534,2814
235509534,2869
235510534,2951
235511534,3029
235512534,3069
235513534,3038
235514534,2989
235524937,2775
235525937,2731
235526937,2677
235527937,2620
235528937,2589
235529937,2544
235530937,2521
235531937,2505
235532937,2479
235533937,2434
235534937,2385
235535937,2380
235536937,2381
235537937,2383
235538937,2325
235539937,2343
235540937,2352
235541937,2352
235542937,2339
235543937,2335
235544937,2427
235545937,2480
235546937,2461
235547937,2425
235558357,2695
235559357,2733
235560357,2768
235561357,2843
235562357,2886
235563357,2835
235564357,2846
235565357,2911
235566357,2986
235567357,3045
235568357,3015
235569357,3059
235570357,3063
235571357,2999
235572357,2959
235573357,2899
235574357,2882
235575357,2869
235576357,2865
235577357,2819
235578357,2854
235579357,2881
235580357,2828
235581357,2764
235582357,2738
235592749,2599
235593749,2559
235594749,2515
235595749,2512
235596749,2495
235597749,2453
235598749,2417
235599749,2366
235600749,2320
235601749,2304
235602749,2257
235603749,2242
235604749,2244
235605749,2271
235606749,2305
235607749,2323
235608749,2295
235609749,2265
235610749,2313
235611749,2345
235612749,2309
235613749,2256
235614749,2202
235615749,2176
235626168,2241
235627168,2210
235628168,2196
235629168,2163
235630168,2129
235631168,2089
235632168,2041
235633168,2001
235634168,1989
235635168,2031
235636168,2078
235637168,2068
235638168,2055
235639168,2029
235640168,2041
235641168,2069
235642168,2000
235643168,1967
235644168,1936
235645168,1931
235646168,1937
235647168,1931
235648168,1875
235649168,1867
235659593,2298
235660593,2253
235661593,2208
235662593,2161
235663593,2170
235664593,2163
235665593,2191
235666593,2209
235667593,2197
235668593,2167
235669593,2122
235670593,2095
235671593,2034
235672593,1987
235673593,1949
235674593,1908
235675593,1881
235676593,1870
235677593,1860
235678593,1835
235679593,1884
235680593,1976
235681593,2054
235682593,2029
235692991,2262
235693991,2233
235694991,2240
235695991,2256
235696991,2257
235697991,2225
235698991,2175
235699991,2144
235700991,2113
235701991,2111
235702991,2093
235703991,2057
235704991,2096
235705991,2123
235706991,2100
235707991,2047
235708991,2060
235709991,2106
235710991,2165
235711991,2171
235712991,2155
235713991,2234
235714991,2323
235715991,2372
235726410,2282
235727410,2283
235728410,2255
235729410,2257
235730410,2297
235731410,2300
235732410,2268
235733410,2254
235734410,2246
235735410,2189
235736410,2187
235737410,2121
235738410,2083
235739410,2045
235740410,2000
235741410,1961
235742410,1923
235743410,1893
235744410,1869
235745410,1840
235746410,1812
235747410,1862
235748410,1866
235749410,1847
235750410,1797
235760802,1677
235761802,1638
235762802,1651
235763802,1705
235764802,1726
235765802,1729
235766802,1748
235767802,1763
235768802,1774
235769802,1792
235770802,1849
235771802,1891
235772802,1866
235773802,1892
235774802,1938
235775802,1993
235776802,2003
235777802,1971
235778802,1931
235779802,1890
235780802,1851
235781802,1825
235782802,1776
235783802,1753
235794230,1856
235795230,1845
235796230,1836
235797230,1811
235798230,1785
235799230,1744
235800230,1713
235801230,1685
235802230,1643
235803230,1616
235804230,1625
235805230,1633
235806230,1623
235807230,1592
235808230,1571
235809230,1581
235810230,1604
235811230,1601
235812230,1589
235813230,1532
235814230,1535
235815230,1530
235816230,1534
235817230,1616
235827642,1535
235828642,1507
235829642,1502
235830642,1505
235831642,1504
235832642,1487
235833642,1453
235834642,1425
235835642,1426
235836642,1453
235837642,1471
235838642,1503
235839642,1576
235840642,1648
235841642,1653
235842642,1649
235843642,1685
235844642,1705
235845642,1712
235846642,1833
235847642,1925
235848642,1923
235849642,2017
235850642,2177
235861045,2183
235862045,2136
235863045,2112
235864045,2087
235865045,2039
235866045,2025
235867045,1989
235868045,1956
235869045,1956
235870045,2006
235871045,2117
235872045,2201
235873045,2240
235874045,2283
235875045,2256
235876045,2291
235877045,2317
235878045,2327
235879045,2320
235880045,2279
235881045,2237
235882045,2192
235883045,2155
235884045,2105
235894464,1919
235895464,1946
235896464,1915
235897464,1889
235898464,1905
235899464,1885
235900464,1869
235901464,1888
235902464,1865
235903464,1872
235904464,1875
235905464,1963
235906464,2023
235907464,2094
235908464,2089
235909464,2056
235910464,2027
235911464,2025
235912464,2006
235913464,2000
235914464,2002
235915464,1961
235916464,1931
235917464,2011
235918464,2136
235928856,2771
235929856,2836
235930856,2864
235931856,2807
235932856,2810
235933856,2832
235934856,2855
235935856,2818
235936856,2759
235937856,2694
235938856,2648
235939856,2559
235940856,2519
235941856,2559
235942856,2679
235943856,2821
235944856,2863
235945856,2849
235946856,2931
235947856,2985
235948856,2977
235949856,2923
235950856,2850
235951856,2803
235962276,2415
235963276,2368
235964276,2320
235965276,2337
235966276,2245
235967276,2210
235968276,2192
235969276,2158
235970276,2128
235971276,2079
235972276,2035
235973276,1998
235974276,1951
235975276,1911
235976276,1883
235977276,1844
235978276,1812
235979276,1767
235980276,1719
235981276,1731
235982276,1730
235983276,1702
235984276,1691
235985276,1705
235995696,2433
235996696,2658
235997696,2681
235998696,2691
235999696,2860
236000696,3184
236001696,3426
236002696,3488
236003696,3477
236004696,3394
236005696,3377
236006696,3393
236007696,3471
236008696,3537
236009696,3611
236010696,3563
236011696,3504
236012696,3605
236013696,3686
236014696,3778
236015696,3799
236016696,3809
236017696,3695
236018696,3572
236029098,3203
236030098,3139
236031098,3063
236032098,2997
236033098,2929
236034098,2885
236035098,2853
236036098,2787
236037098,2749
236038098,2739
236039098,2737
236040098,2701
236041098,2657
236042098,2612
236043098,2549
236044098,2494
236045098,2435
236046098,2384
236047098,2332
236048098,2371
236049098,2436
236050098,2530
236051098,2550
236052098,2522
236062518,3320
236063518,3273
236064518,3308
236065518,3442
236066518,3676
236067518,3824
236068518,3839
236069518,3858
236070518,3874
236071518,3858
236072518,3861
236073518,3859
236074518,3874
236075518,3873
236076518,3871
236077518,3866
236078518,3871
236079518,3874
236080518,3871
236081518,3869
236082518,3858
236083518,3821
236084518,3829
236085518,3696
236086518,3563
236096910,3353
236097910,3315
236098910,3255
236099910,3153
236100910,3106
236101910,3057
236102910,2994
236103910,2971
236104910,2922
236105910,2877
236106910,2853
236107910,2831
236108910,2819
236109910,2775
236110910,2783
236111910,2737
236112910,2731
236113910,2768
236114910,2819
236115910,2873
236116910,2899
236117910,2881
236118910,2830
236119910,2789
236130330,3109
236131330,3046
236132330,2981
236133330,2935
236134330,2955
236135330,2993
236136330,3047
236137330,3089
236138330,3067
236139330,3178
236140330,3262
236141330,3247
236142330,3184
236143330,3215
236144330,3283
236145330,3299
236146330,3280
236147330,3219
236148330,3155
236149330,3065
236150330,3024
236151330,2975
236152330,2921
236153330,2896
236163750,2846
236164750,2788
236165750,2816
236166750,2957
236167750,3134
236168750,3205
236169750,3177
236170750,3152
236171750,3203
236172750,3293
236173750,3389
236174750,3435
236175750,3444
236176750,3414
236177750,3325
236178750,3248
236179750,3171
236180750,3114
236181750,3024
236182750,3006
236183750,3083
236184750,3161
236185750,3179
236186750,3162
236197152,3855
236198152,3861
236199152,3878
236200152,3871
236201152,3879
236202152,3867
236203152,3856
236204152,3872
236205152,3853
236206152,3857
236207152,3881
236208152,3875
236209152,3865
236210152,3873
236211152,3869
236212152,3876
236213152,3869
236214152,3872
236215152,3885
236216152,3871
236217152,3861
236218152,3873
236219152,3876
236220152,3860
236230577,3873
236231577,3856
236232577,3873
236233577,3867
236234577,3875
236235577,3873
236236577,3867
236237577,3867
236238577,3812
236239577,3856
236240577,3866
236241577,3886
236242577,3857
236243577,3859
236244577,3827
236245577,3731
236246577,3657
236247577,3600
236248577,3527
236249577,3519
236250577,3533
236251577,3519
236252577,3457
236253577,3369
236254577,3327
236264964,3542
236265964,3632
236266964,3565
236267964,3637
236268964,3755
236269964,3856
236270964,3845
236271964,3858
236272964,3870
236273964,3869
236274964,3870
236275964,3875
236276964,3875
236277964,3868
236278964,3894
236279964,3856
236280964,3888
236281964,3867
236282964,3872
236283964,3871
236284964,3868
236285964,3869
236286964,3885
236287964,3862
236298384,3867
236299384,3865
236300384,3869
236301384,3836
236302384,3729
236303384,3632
236304384,3530
236305384,3439
236306384,3355
236307384,3274
236308384,3187
236309384,3115
236310384,3053
236311384,2992
236312384,2945
236313384,2908
236314384,2855
236315384,2813
236316384,2776
236317384,2735
236318384,2692
236319384,2641
236320384,2651
236321384,2678
236331804,2773
236332804,2725
236333804,2706
236334804,2668
236335804,2623
236336804,2612
236337804,2704
236338804,2912
236339804,3221
236340804,3536
236341804,3670
236342804,3605
236343804,3582
236344804,3630
236345804,3668
236346804,3674
236347804,3577
236348804,3487
236349804,3408
236350804,3327
236351804,3312
236352804,3380
236353804,3472
236354804,3545
236365206,3499
236366206,3665
236367206,3820
236368206,3846
236369206,3875
236370206,3878
236371206,3865
236372206,3872
236373206,3845
236374206,3890
236375206,3870
236376206,3855
236377206,3871
236378206,3877
236379206,3840
236380206,3877
236381206,3861
236382206,3877
236383206,3870
236384206,3862
236385206,3859
236386206,3856
236387206,3867
236388206,3865
236398626,3869
236399626,3872
236400626,3871
236401626,3887
236402626,3874
236403626,3875
236404626,3843
236405626,3855
236406626,3865
236407626,3857
236408626,3883
236409626,3869
236410626,3901
236411626,3862
236412626,3859
236413626,3902
236414626,3862
236415626,3861
236416626,3881
236417626,3817
236418626,3829
236419626,3877
236420626,3873
236421626,3862
236422626,3880
236433018,3852
236434018,3862
236435018,3860
236436018,3870
236437018,3870
236438018,3843
236439018,3870
236440018,3886
236441018,3857
236442018,3882
236443018,3879
236444018,3888
236445018,3871
236446018,3873
236447018,3855
236448018,3873
236449018,3872
236450018,3879
236451018,3856
236452018,3877
236453018,3866
236454018,3878
236455018,3872
236456018,3866
236466438,3884
236467438,3882
236468438,3877
236469438,3887
236470438,3869
236471438,3837
236472438,3861
236473438,3870
236474438,3870
236475438,3885
236476438,3869
236477438,3888
236478438,3874
236479438,3873
236480438,3874
236481438,3858
236482438,3881
236483438,3870
236484438,3877
236485438,3883
236486438,3874
236487438,3863
236488438,3886
236489438,3927
236499857,3882
236500857,3869
236501857,3874
236502857,3875
236503857,3877
236504857,3881
236505857,3866
236506857,3856
236507857,3872
236508857,3859
236509857,3873
236510857,3885
236511857,3802
236512857,3865
236513857,3873
236514857,3884
236515857,3879
236516857,3863
236517857,3863
236518857,3866
236519857,3884
236520857,3870
236521857,3871
236522857,3856
236533260,3877
236534260,3882
236535260,3870
236536260,3871
236537260,3885
236538260,3872
236539260,3863
236540260,3881
236541260,3871
236542260,3869
236543260,3873
236544260,3865
236545260,3887
236546260,3878
236547260,3875
236548260,3875
236549260,3857
236550260,3867
236551260,3865
236552260,3871
236553260,3882
236554260,3862
236555260,3893
236556260,3881
236566680,3855
236567680,3873
236568680,3856
236569680,3893
236570680,3862
236571680,3858
236572680,3869
236573680,3862
236574680,3860
236575680,3873
236576680,3854
236577680,3869
236578680,3881
236579680,3867
236580680,3887
236581680,3863
236582680,3874
236583680,3873
236584680,3876
236585680,3814
236586680,3866
236587680,3854
236588680,3872
236589680,3859
236590680,3869
236601072,3914
236602072,3755
236603072,3868
236604072,3862
236605072,3824
236606072,3873
236607072,3884
236608072,3862
236609072,3867
236610072,3871
236611072,3879
236612072,3911
236613072,3879
236614072,3869
236615072,3883
236616072,3873
236617072,3870
236618072,3869
236619072,3871
236620072,3878
236621072,3857
236622072,3866
236623072,3861
236624072,3868
236634492,3869
236635492,3868
236636492,3875
236637492,3872
236638492,3862
236639492,3869
236640492,3872
236641492,3863
236642492,3875
236643492,3866
236644492,3861
236645492,3823
236646492,3839
236647492,3856
236648492,3882
236649492,3886
236650492,3871
236651492,3870
236652492,3867
236653492,3881
236654492,3920
236655492,3879
236656492,3861
236657492,3871
236667911,3873
236668911,3871
236669911,3877
236670911,3871
236671911,3874
236672911,3873
236673911,3867
236674911,3858
236675911,3808
236676911,3858
236677911,3875
236678911,3871
236679911,3873
236680911,3883
236681911,3892
236682911,3887
236683911,3873
236684911,3885
236685911,3875
236686911,3875
236687911,3878
236688911,3877
236689911,3881
236690911,3879
236701314,3819
236702314,3878
236703314,3876
236704314,3856
236705314,3879
236706314,3884
236707314,3871
236708314,3872
236709314,3864
236710314,3875
236711314,3865
236712314,3861
236713314,3833
236714314,3866
236715314,3873
236716314,3863
236717314,3867
236718314,3873
236719314,3854
236720314,3872
236721314,3881
236722314,3870
236723314,3865
236724314,3881
236734734,3877
236735734,3859
236736734,3860
236737734,3871
236738734,3869
236739734,3867
236740734,3874
236741734,3873
236742734,3857
236743734,3885
236744734,3867
236745734,3873
236746734,3858
236747734,3866
236748734,3891
236749734,3875
236750734,3874
236751734,3866
236752734,3858
236753734,3869
236754734,3871
236755734,3878
236756734,3879
236757734,3862
236758734,3873
236769126,3873
236770126,3869
236771126,3882
236772126,3875
236773126,3888
236774126,3881
236775126,3825
236776126,3865
236777126,3855
236778126,3902
236779126,3860
236780126,3907
236781126,3873
236782126,3874
236783126,3855
236784126,3873
236785126,3867
236786126,3899
236787126,3858
236788126,3859
236789126,3868
236790126,3876
236791126,3871
236792126,3875
236802546,3869
236803546,3872
236804546,3872
236805546,3862
236806546,3888
236807546,3875
236808546,3869
236809546,3868
236810546,3861
236811546,3835
236812546,3869
236813546,3857
236814546,3867
236815546,3885
236816546,3905
236817546,3874
236818546,3870
236819546,3839
236820546,3888
236821546,3883
236822546,3774
236823546,3865
236824546,3873
236825546,3883
236835965,3867
236836965,3884
236837965,3858
236838965,3867
236839965,3856
236840965,3875
236841965,3859
236842965,3872
236843965,3879
236844965,3881
236845965,3879
236846965,3881
236847965,3858
236848965,3859
236849965,3881
236850965,3871
236851965,3863
236852965,3877
236853965,3892
236854965,3872
236855965,3872
236856965,3870
236857965,3883
236858965,3871
236869368,3869
236870368,3873
236871368,3867
236872368,3859
236873368,3870
236874368,3879
236875368,3874
236876368,3871
236877368,3873
236878368,3871
236879368,3870
236880368,3871
236881368,3861
236882368,3865
236883368,3869
236884368,3878
236885368,3866
236886368,3870
236887368,3877
236888368,3854
236889368,3879
236890368,3869
236891368,3874
236892368,3866
236902788,3880
236903788,3867
236904788,3879
236905788,3872
236906788,3872
236907788,3900
236908788,3878
236909788,3870
236910788,3869
236911788,3879
236912788,3888
236913788,3857
236914788,3875
236915788,3873
236916788,3869
236917788,3853
236918788,3879
236919788,3882
236920788,3871
236921788,3884
236922788,3875
236923788,3889
236924788,3865
236925788,3871
236926788,3863
236937180,3869
236938180,3888
236939180,3869
236940180,3882
236941180,3875
236942180,3884
236943180,3876
236944180,3886
236945180,3867
236946180,3873
236947180,3879
236948180,3877
236949180,3875
236950180,3876
236951180,3899
236952180,3872
236953180,3873
236954180,3903
236955180,3875
236956180,3872
236957180,3876
236958180,3911
236959180,3873
236960180,3877
236970599,3881
236971599,3857
236972599,3870
236973599,3864
236974599,3875
236975599,3870
236976599,3861
236977599,3887
236978599,3905
236979599,3868
236980599,3888
236981599,3906
236982599,3838
236983599,3877
236984599,3870
236985599,3865
236986599,3856
236987599,3859
236988599,3885
236989599,3875
236990599,3871
236991599,3870
236992599,3874
236993599,3886
237004019,3862
237005019,3893
237006019,3873
237007019,3862
237008019,3873
237009019,3868
237010019,3854
237011019,3873
237012019,3874
237013019,3882
237014019,3879
237015019,3875
237016019,3866
237017019,3864
237018019,3884
237019019,3888
237020019,3884
237021019,3877
237022019,3863
237023019,3915
237024019,3863
237025019,3888
237026019,3870
237027019,3872
237037431,3889
237038431,3868
237039431,3875
237040431,3901
237041431,3877
237042431,3878
237043431,3849
237044431,3877
237045431,3866
237046431,3856
237047431,3882
237048431,3877
237049431,3886
237050431,3875
237051431,3876
237052431,3871
237053431,3872
237054431,3869
237055431,3869
237056431,3877
237057431,3879
237058431,3871
237059431,3859
237060431,3872
237070841,3855
237071841,3873
237072841,3867
237073841,3888
237074841,3893
237075841,3884
237076841,3877
237077841,3882
237078841,3872
237079841,3868
237080841,3886
237081841,3885
237082841,3856
237083841,3882
237084841,3874
237085841,3862
237086841,3883
237087841,3875
237088841,3869
237089841,3853
237090841,3869
237091841,3867
237092841,3869
237093841,3888
237094841,3863
237105241,3874
237106241,3881
237107241,3891
237108241,3881
237109241,3869
237110241,3871
237111241,3863
237112241,3866
237113241,3876
237114241,3890
237115241,3872
237116241,3864
237117241,3875
237118241,3885
237119241,3874
237120241,3867
237121241,3881
237122241,3891
237123241,3878
237124241,3869
237125241,3865
237126241,3871
237127241,3882
237128241,3868
237138653,3888
237139653,3875
237140653,3873
237141653,3875
237142653,3869
237143653,3874
237144653,3885
237145653,3875
237146653,3875
237147653,3873
237148653,3886
237149653,3874
237150653,3871
237151653,3858
237152653,3873
237153653,3856
237154653,3873
237155653,3874
237156653,3882
237157653,3885
237158653,3867
237159653,3907
237160653,3882
237161653,3888
237172073,3869
237173073,3877
237174073,3904
237175073,3823
237176073,3862
237177073,3885
237178073,3857
237179073,3887
237180073,3864
237181073,3871
237182073,3869
237183073,3860
237184073,3858
237185073,3912
237186073,3870
237187073,3863
237188073,3884
237189073,3869
237190073,3871
237191073,3872
237192073,3911
237193073,3862
237194073,3877
237195073,3861
237205476,3877
237206476,3938
237207476,3873
237208476,3871
237209476,3883
237210476,3900
237211476,3888
237212476,3881
237213476,3867
237214476,3862
237215476,3861
237216476,3885
237217476,3867
237218476,3853
237219476,3878
237220476,3888
237221476,3878
237222476,3891
237223476,3891
237224476,3863
237225476,3881
237226476,3873
237227476,3877
237228476,3882
237238895,3872
237239895,3870
237240895,3870
237241895,3873
237242895,3866
237243895,3877
237244895,3902
237245895,3878
237246895,3888
237247895,3863
237248895,3894
237249895,3888
237250895,3877
237251895,3903
237252895,3872
237253895,3883
237254895,3869
237255895,3883
237256895,3878
237257895,3879
237258895,3877
237259895,3869
237260895,3879
237261895,3862
237262895,3899
237273287,3878
237274287,3882
237275287,3874
237276287,3867
237277287,3859
237278287,3861
237279287,3883
237280287,3885
237281287,3877
237282287,3866
237283287,3875
237284287,3869
237285287,3882
237286287,3873
237287287,3865
237288287,3878
237289287,3875
237290287,3877
237291287,3870
237292287,3867
237293287,3869
237294287,3870
237295287,3872
237296287,3857
237306707,3876
237307707,3855
237308707,3878
237309707,3871
237310707,3889
237311707,3887
237312707,3859
237313707,3867
237314707,3883
237315707,3861
237316707,3876
237317707,3888
237318707,3888
237319707,3876
237320707,3871
237321707,3855
237322707,3856
237323707,3881
237324707,3876
237325707,3862
237326707,3866
237327707,3879
237328707,3856
237329707,3876
237340127,3888
237341127,3871
237342127,3861
237343127,3853
237344127,3869
237345127,3882
237346127,3883
237347127,3875
237348127,3886
237349127,3865
237350127,3869
237351127,3872
237352127,3877
237353127,3856
237354127,3902
237355127,3872
237356127,3879
237357127,3873
237358127,3881
237359127,3883
237360127,3881
237361127,3877
237362127,3873
237363127,3876
237373529,3874
237374529,3888
237375529,3874
237376529,3872
237377529,3873
237378529,3874
237379529,3882
237380529,3874
237381529,3873
237382529,3870
237383529,3879
237384529,3871
237385529,3882
237386529,3877
237387529,3887
237388529,3873
237389529,3883
237390529,3887
237391529,3871
237392529,3882
237393529,3870
237394529,3873
237395529,3882
237396529,3868
237406949,3871
237407949,3888
237408949,3874
237409949,3859
237410949,3867
237411949,3881
237412949,3903
237413949,3874
237414949,3892
237415949,3895
237416949,3866
237417949,3866
237418949,3872
237419949,3872
237420949,3878
237421949,3871
237422949,3874
237423949,3841
237424949,3856
237425949,3887
237426949,3876
237427949,3862
237428949,3872
237429949,3854
237430949,3867
237441341,3872
237442341,3883
237443341,3877
237444341,3876
237445341,3858
237446341,3891
237447341,3887
237448341,3886
237449341,3871
237450341,3867
237451341,3878
237452341,3877
237453341,3866
237454341,3872
237455341,3887
237456341,3882
237457341,3875
237458341,3873
237459341,3882
237460341,3875
237461341,3837
237462341,3888
237463341,3863
237464341,3865
237474761,3872
237475761,3884
237476761,3920
237477761,3869
237478761,3888
237479761,3871
237480761,3867
237481761,3875
237482761,3882
237483761,3883
237484761,3869
237485761,3877
237486761,3888
237487761,3897
237488761,3875
237489761,3874
237490761,3878
237491761,3873
237492761,3862
237493761,3870
237494761,3871
237495761,3838
237496761,3872
237497761,3939
237508181,3874
237509181,3869
237510181,3879
237511181,3894
237512181,3872
237513181,3874
237514181,3837
237515181,3874
237516181,3873
237517181,3888
237518181,3888
237519181,3824
237520181,3863
237521181,3865
237522181,3867
237523181,3888
237524181,3872
237525181,3875
237526181,3889
237527181,3885
237528181,3877
237529181,3889
237530181,3894
237531181,3882
237541583,3878
237542583,3860
237543583,3885
237544583,3875
237545583,3874
237546583,3873
237547583,3879
237548583,3873
237549583,3884
237550583,3889
237551583,3882
237552583,3879
237553583,3873
237554583,3863
237555583,3885
237556583,3871
237557583,3878
237558583,3872
237559583,3906
237560583,3858
237561583,3881
237562583,3895
237563583,3867
237564583,3865
237575003,3884
237576003,3881
237577003,3883
237578003,3867
237579003,3875
237580003,3883
237581003,3878
237582003,3883
237583003,3874
237584003,3879
237585003,3873
237586003,3893
237587003,3869
237588003,3859
237589003,3890
237590003,3865
237591003,3878
237592003,3880
237593003,3865
237594003,3860
237595003,3886
237596003,3872
237597003,3889
237598003,3873
237599003,3887
237609395,3877
237610395,3875
237611395,3873
237612395,3873
237613395,3885
237614395,3871
237615395,3888
237616395,3879
237617395,3881
237618395,3871
237619395,3877
237620395,3885
237621395,3871
237622395,3873
237623395,3877
237624395,3878
237625395,3882
237626395,3869
237627395,3883
237628395,3885
237629395,3878
237630395,3874
237631395,3872
237632395,3851
237642815,3873
237643815,3871
237644815,3873
237645815,3879
237646815,3863
237647815,3869
237648815,3878
237649815,3887
237650815,3883
237651815,3876
237652815,3920
237653815,3862
237654815,3907
237655815,3879
237656815,3815
237657815,3857
237658815,3863
237659815,3873
237660815,3871
237661815,3887
237662815,3873
237663815,3888
237664815,3875
237665815,3879
237676242,3882
237677242,3873
237678242,3872
237679242,3863
237680242,3846
237681242,3874
237682242,3881
237683242,3874
237684242,3875
237685242,3878
237686242,3883
237687242,3879
237688242,3871
237689242,3873
237690242,3872
237691242,3883
237692242,3867
237693242,3888
237694242,3872
237695242,3868
237696242,3854
237697242,3875
237698242,3871
237699242,3875
237709637,3921
237710637,3887
237711637,3861
237712637,3885
237713637,3871
237714637,3859
237715637,3875
237716637,3888
237717637,3871
237718637,3856
237719637,3857
237720637,3883
237721637,3885
237722637,3888
237723637,3871
237724637,3874
237725637,3871
237726637,3883
237727637,3917
237728637,3883
237729637,3885
237730637,3875
237731637,3870
237732637,3874
237743057,3869
237744057,3857
237745057,3879
237746057,3893
237747057,3850
237748057,3867
237749057,3898
237750057,3879
237751057,3870
237752057,3878
237753057,3853
237754057,3856
237755057,3885
237756057,3879
237757057,3872
237758057,3855
237759057,3874
237760057,3862
237761057,3874
237762057,3948
237763057,3888
237764057,3877
237765057,3872
237766057,3887
237767057,3840
237777449,3875
237778449,3871
237779449,3885
237780449,3874
237781449,3887
237782449,3871
237783449,3874
237784449,3874
237785449,3886
237786449,3913
237787449,3878
237788449,3871
237789449,3887
237790449,3875
237791449,3876
237792449,3888
237793449,3859
237794449,3891
237795449,3884
237796449,3931
237797449,3863
237798449,3837
237799449,3876
237800449,3883
237810869,3874
237811869,3874
237812869,3877
237813869,3877
237814869,3865
237815869,3822
237816869,3886
237817869,3877
237818869,3882
237819869,3878
237820869,3872
237821869,3914
237822869,3881
237823869,3879
237824869,3882
237825869,3858
237826869,3877
237827869,3941
237828869,3902
237829869,3884
237830869,3871
237831869,3874
237832869,3871
237833869,3897
237844288,3873
237845288,3861
237846288,3873
237847288,3872
237848288,3881
237849288,3878
237850288,3879
237851288,3871
237852288,3877
237853288,3874
237854288,3856
237855288,3862
237856288,3868
237857288,3869
237858288,3868
237859288,3887
237860288,3885
237861288,3871
237862288,3879
237863288,3877
237864288,3878
237865288,3869
237866288,3882
237867288,3874
237877691,3903
237878691,3887
237879691,3878
237880691,3865
237881691,3860
237882691,3871
237883691,3845
237884691,3901
237885691,3866
237886691,3883
237887691,3878
237888691,3861
237889691,3869
237890691,3859
237891691,3860
237892691,3877
237893691,3883
237894691,3865
237895691,3877
237896691,3861
237897691,3898
237898691,3872
237899691,3866
237900691,3885
237911111,3870
237912111,3875
237913111,3888
237914111,3868
237915111,3856
237916111,3851
237917111,3875
237918111,3871
237919111,3874
237920111,3867
237921111,3879
237922111,3867
237923111,3885
237924111,3875
237925111,3874
237926111,3875
237927111,3878
237928111,3878
237929111,3877
237930111,3875
237931111,3880
237932111,3885
237933111,3871
237934111,3873
237935111,3873
237945503,3851
237946503,3875
237947503,3849
237948503,3874
237949503,3871
237950503,3871
237951503,3849
237952503,3882
237953503,3882
237954503,3886
237955503,3863
237956503,3857
237957503,3875
237958503,3877
237959503,3879
237960503,3872
237961503,3879
237962503,3882
237963503,3872
237964503,3866
237965503,3878
237966503,3875
237967503,3888
237968503,3857
237978923,3869
237979923,3881
237980923,3881
237981923,3881
237982923,3866
237983923,3872
237984923,3882
237985923,3885
237986923,3883
237987923,3869
237988923,3878
237989923,3873
237990923,3876
237991923,3883
237992923,3873
237993923,3879
237994923,3875
237995923,3863
237996923,3879
237997923,3873
237998923,3872
237999923,3873
238000923,3887
238001923,3885
238012342,3888
238013342,3877
238014342,3873
238015342,3867
238016342,3884
238017342,3873
238018342,3873
238019342,3856
238020342,3888
238021342,3885
238022342,3850
238023342,3879
238024342,3855
238025342,3887
238026342,3888
238027342,3945
238028342,3870
238029342,3888
238030342,3873
238031342,3881
238032342,3885
238033342,3872
238034342,3856
238035342,3895
238045745,3891
238046745,3872
238047745,3864
238048745,3874
238049745,3888
238050745,3867
238051745,3885
238052745,3883
238053745,3878
238054745,3887
238055745,3874
238056745,3899
238057745,3883
238058745,3873
238059745,3887
238060745,3888
238061745,3866
238062745,3875
238063745,3877
238064745,3882
238065745,3887
238066745,3885
238067745,3881
238068745,3917
238079165,3850
238080165,3879
238081165,3877
238082165,3887
238083165,3868
238084165,3865
238085165,3886
238086165,3870
238087165,3874
238088165,3872
238089165,3886
238090165,3887
238091165,3875
238092165,3866
238093165,3877
238094165,3879
238095165,3877
238096165,3878
238097165,3866
238098165,3887
238099165,3871
238100165,3870
238101165,3889
238102165,3874
238103165,3902
238113561,3865
238114561,3863
238115561,3871
238116561,3874
238117561,3873
238118561,3868
238119561,3885
238120561,3888
238121561,3881
238122561,3878
238123561,3879
238124561,3881
238125561,3881
238126561,3872
238127561,3872
238128561,3851
238129561,3877
238130561,3876
238131561,3881
238132561,3872
238133561,3899
238134561,3873
238135561,3877
238136561,3866
238146976,3888
238147976,3877
238148976,3874
238149976,3869
238150976,3888
238151976,3861
238152976,3890
238153976,3869
238154976,3859
238155976,3858
238156976,3869
238157976,3874
238158976,3865
238159976,3874
238160976,3854
238161976,3875
238162976,3881
238163976,3887
238164976,3888
238165976,3875
238166976,3883
238167976,3869
238168976,3826
238169976,3870
238180396,3869
238181396,3861
238182396,3885
238183396,3872
238184396,3869
238185396,3873
238186396,3880
238187396,3881
238188396,3888
238189396,3865
238190396,3870
238191396,3881
238192396,3877
238193396,3858
238194396,3866
238195396,3879
238196396,3857
238197396,3859
238198396,3870
238199396,3871
238200396,3868
238201396,3877
238202396,3876
238203396,3881
238213799,3861
238214799,3870
238215799,3879
238216799,3850
238217799,3857
238218799,3875
238219799,3893
238220799,3872
238221799,3862
238222799,3874
238223799,3867
238224799,3888
238225799,3873
238226799,3838
238227799,3883
238228799,3880
238229799,3904
238230799,3854
238231799,3913
238232799,3878
238233799,3885
238234799,3846
238235799,3868
238236799,3856
238247223,3856
238248223,3888
238249223,3878
238250224,3888
238251224,3892
238252224,3872
238253224,3865
238254224,3867
238255224,3887
238256224,3878
238257224,3870
238258224,3868
238259224,3883
238260224,3872
238261224,3869
238262224,3866
238263224,3883
238264224,3879
238265224,3873
238266224,3872
238267224,3866
238268224,3870
238269224,3863
238270224,3870
238271224,3870
238281611,3867
238282611,3860
238283611,3858
238284611,3877
238285611,3859
238286611,3859
238287611,3871
238288611,3844
238289611,3765
238290611,3607
238291611,3485
238292611,3397
238293611,3302
238294611,3216
238295611,3142
238296611,3059
238297611,2992
238298611,2923
238299611,2853
238300611,2792
238301611,2728
238302611,2673
238303611,2617
238304611,2550
238315030,2030
238316030,1991
238317030,1951
238318030,1904
238319030,1853
238320030,1822
238321030,1787
238322030,1749
238323030,1712
238324030,1680
238325030,1647
238326030,1609
238327030,1568
238328030,1523
238329030,1499
238330030,1457
238331030,1437
238332030,1399
238333030,1362
238334030,1351
238335030,1311
238336030,1283
238337030,1256
238338030,1231
238348450,983
238349450,947
238350450,943
238351450,909
238352450,899
238353450,881
238354450,864
238355450,811
238356450,836
238357450,813
238358450,800
238359450,763
238360450,755
238361450,752
238362450,719
238363450,713
238364450,694
238365450,683
238366450,659
238367450,659
238368450,641
238369450,625
238370450,621
238371450,608
238372450,595
238373450,585
238374450,576
238375450,561
238376450,573
238377450,531
238378450,526
238388884,424
238389884,418
238390884,405
238391884,395
238392884,379
238393884,387
238394884,381
238395884,375
238396884,359
238397884,355
238398884,353
238399884,356
238400884,324
238401884,336
238402884,323
238403884,320
238404884,313
238405884,313
238406884,299
238407884,298
238408884,303
238409884,281
238410884,284
238411884,305
238412884,273
238413884,269
238414884,249
238415884,268
238416884,254
238417884,245
238418884,241
238429335,208
238430335,208
238431335,203
238432335,195
238433335,196
238434335,170
238435335,182
238436335,184
238437335,183
238438335,175
238439335,181
238440335,161
238441335,177
238442335,163
238443335,160
238444335,167
238445335,162
238446335,164
238447335,161
238448335,153
238449335,151
238450335,143
238451335,148
238452335,144
238453335,148
238454335,152
238455335,143
238456335,141
238457335,130
238458335,139
238459335,131
238460335,140
238470758,122
238471758,110
238472758,113
238473758,111
238474758,123
238475758,111
238476758,120
238477758,107
238478758,116
238479758,107
238480758,104
238481758,101
238482758,101
238483758,95
238484758,111
238485758,101
238486758,86
238487758,97
238488758,95
238489758,103
238490758,91
238491758,96
238492758,91
238493758,83
238494758,94
238495758,89
238496758,101
238497758,89
238498758,105
238499758,79
238500758,91
238501758,91
238502758,83
238503758,84
238504758,89
238505758,80
238516157,80
238517157,71
238518157,89
238519157,108
238520157,78
238521157,81
238522157,70
238523157,73
238524157,80
238525157,97
238526157,67
238527157,64
238528157,80
238529157,77
238530157,76
238531157,74
238532157,73
238533157,75
238534157,67
238535157,73
238536157,64
238537157,66
238538157,65
238539157,76
238540157,67
238541157,71
238542157,80
238543157,72
238544157,65
238545157,64
238546157,77
238547157,67
238548157,65
238549157,65
238550157,64
238551157,81
238552157,52
238553157,65
238554157,65
238555157,59
238556157,61
238557157,68
238558157,63
238568572,67
238569572,64
238570572,65
238571572,67
238572572,65
238573572,63
238574572,64
238575572,64
238576572,69
238577572,65
238578572,68
238579572,51
238580572,59
238581572,65
238582572,65
238583572,64
238584572,69
238585572,73
238586572,59
238587572,73
238588572,60
238589572,59
238590572,57
238591572,35
238592572,51
238593572,64
238594572,54
238595572,54
238596572,59
238597572,61
238598572,64
238599572,63
238600572,64
238601572,59
238602572,68
238603572,65
238604572,31
238605572,57
238606572,63
238607572,59
238608572,69
238609572,59
238610572,61
238611572,55
238621972,59
238622972,62
238623972,57
238624972,54
238625972,53
238626972,52
238627972,47
238628972,53
238629972,59
238630972,55
238631972,53
238632972,57
238633972,59
238634972,55
238635972,59
238636972,54
238637972,58
238638972,59
238639972,61
238640972,60
238641972,55
238642972,61
238643972,72
238644972,61
238645972,51
238646972,54
238647972,57
238648972,51
238649972,63
238650972,67
238651972,55
238652972,59
238653972,64
238654972,60
238655972,54
238656972,65
238657972,64
238658972,54
238659972,56
238660972,59
238661972,57
238662972,53
238663972,63
238674384,51
238675384,61
238676384,57
238677384,55
238678384,58
238679384,55
238680384,54
238681384,51
238682384,64
238683384,52
238684384,57
238685384,64
238686384,63
238687384,62
238688384,57
238689384,65
238690384,63
238691384,59
238692384,59
238693384,53
238694384,52
238695384,59
238696384,57
238697384,53
238698384,51
238699384,56
238700384,53
238701384,59
238702384,57
238703384,54
238704384,58
238705384,57
238706384,55
238707384,51
238708384,65
238709384,76
238710384,55
238711384,57
238712384,64
238713384,51
238714384,55
238715384,60
238716384,59
238717384,64
238727769,64
238728769,65
238729769,61
238730769,65
238731769,66
238732769,61
238733769,68
238734769,76
238735769,60
238736769,48
238737769,57
238738769,59
238739769,61
238740769,57
238741769,54
238742769,64
238743769,55
238744769,57
238745769,55
238746769,51
238747769,64
238748769,64
238749769,58
238750769,61
238751769,57
238752769,51
238753769,65
238754769,51
238755769,53
238756769,53
238757769,68
238758769,61
238759769,70
238760769,68
238761769,51
238762769,58
238763769,59
238764769,55
238765769,53
238766769,51
238767769,64
238768769,57
238769769,59
238770769,54
238781171,60
238782171,57
238783171,61
238784171,64
238785171,64
238786171,64
238787171,53
238788171,60
238789171,49
238790171,55
238791171,59
238792171,52
238793171,49
238794171,60
238795171,52
238796171,57
238797171,54
238798171,61
238799171,59
238800171,59
238801171,51
238802171,55
238803171,59
238804171,52
238805171,61
238806171,53
238807171,53
238808171,64
238809171,59
238810171,51
238811171,63
238812171,56
238813171,64
238814171,58
238815171,64
238816171,55
238817171,56
238818171,52
238819171,59
238820171,49
238821171,55
238822171,51
238823171,57
238833584,55
238834584,55
238835584,61
238836584,64
238837584,54
238838584,57
238839584,56
238840584,49
238841584,50
238842584,61
238843584,80
238844584,64
238845584,48
238846584,52
238847584,52
238848584,51
238849584,57
238850584,58
238851584,59
238852584,64
238853584,59
238854584,57
238855584,56
238856584,55
238857584,59
238858584,51
238859584,51
238860584,79
238861584,55
238862584,67
238863584,50
238864584,57
238865584,50
238866584,51
238867584,61
238868584,52
238869584,57
238870584,48
238871584,57
238872584,43
238873584,64
238874584,54
238875584,62
238876584,58
238886969,53
238887969,54
238888969,53
238889969,60
238890969,57
238891969,58
238892969,55
238893969,60
238894969,54
238895969,60
238896969,59
238897969,59
238898969,62
238899969,60
238900969,65
238901969,57
238902969,57
238903969,56
238904969,64
238905969,59
238906969,61
238907969,59
238908969,52
238909969,60
238910969,61
238911969,61
238912969,53
238913969,65
238914969,57
238915969,47
238916969,57
238917969,51
238918969,57
238919969,55
238920969,59
238921969,65
238922969,65
238923969,80
238924969,59
238925969,55
238926969,51
238927969,37
238928969,65
238929969,55
238940371,52
238941371,54
238942371,51
238943371,58
238944371,64
238945371,54
238946371,62
238947371,51
238948371,55
238949371,49
238950371,54
238951371,49
238952371,51
238953371,59
238954371,57
238955371,56
238956371,54
238957371,61
238958371,55
238959371,60
238960371,59
238961371,63
238962371,50
238963371,49
238964371,59
238965371,62
238966371,65
238967371,64
238968371,61
238969371,64
238970371,63
238971371,61
238972371,49
238973371,58
238974371,53
238975371,61
238976371,53
238977371,49
238978371,55
238979371,61
238980371,59
238981371,60
238982371,57
238992784,59
238993784,53
238994784,60
238995784,59
238996784,49
238997784,64
238998784,57
238999784,63
239000784,61
239001784,56
239002784,59
239003784,57
239004784,55
239005784,63
239006784,49
239007784,63
239008784,55
239009784,73
239010784,61
239011784,61
239012784,65
239013784,54
239014784,61
239015784,60
239016784,63
239017784,57
239018784,51
239019784,60
239020784,58
239021784,59
239022784,64
239023784,64
239024784,51
239025784,31
239026784,61
239027784,53
239028784,56
239029784,59
239030784,57
239031784,51
239032784,35
239033784,64
239034784,53
239035784,57
239046169,51
239047169,57
239048169,58
239049169,51
239050169,62
239051169,55
239052169,59
239053169,53
239054169,69
239055169,57
239056169,61
239057169,59
239058169,49
239059169,53
239060169,53
239061169,65
239062169,57
239063169,60
239064169,55
239065169,56
239066169,55
239067169,57
239068169,55
239069169,51
239070169,62
239071169,60
239072169,64
239073169,60
239074169,61
239075169,57
239076169,57
239077169,60
239078169,53
239079169,60
239080169,54
239081169,60
239082169,63
239083169,57
239084169,60
239085169,59
239086169,54
239087169,60
239088169,59
239089169,61
239099575,59
239100575,65
239101575,59
239102575,53
239103575,60
239104575,60
239105575,61
239106575,64
239107575,61
239108575,56
239109575,64
239110575,59
239111575,64
239112575,59
239113575,65
239114575,67
239115575,65
239116575,57
239117575,58
239118575,77
239119575,66
239120575,65
239121575,64
239122575,61
239123575,51
239124575,61
239125575,49
239126575,57
239127575,54
239128575,63
239129575,54
239130575,60
239131575,42
239132575,51
239133575,61
239134575,61
239135575,67
239136575,53
239137575,61
239138575,13
239139575,57
239140575,60
239141575,57
239151984,49
239152984,49
239153984,59
239154984,63
239155984,61
239156984,63
239157984,52
239158984,61
239159984,59
239160984,57
239161984,64
239162984,64
239163984,54
239164984,63
239165984,57
239166984,60
239167984,60
239168984,63
239169984,59
239170984,57
239171984,53
239172984,61
239173984,57
239174984,54
239175984,59
239176984,60
239177984,64
239178984,57
239179984,55
239180984,54
239181984,62
239182984,61
239183984,60
239184984,60
239185984,55
239186984,70
239187984,45
239188984,55
239189984,53
239190984,88
239191984,53
239192984,56
239193984,64
239194984,59
239205369,63
239206369,61
239207369,62
239208369,68
239209369,52
239210369,53
239211369,55
239212369,62
239213369,52
239214369,61
239215369,59
239216369,57
239217369,59
239218369,60
239219369,59
239220369,59
239221369,56
239222369,54
239223369,45
239224369,51
239225369,51
239226369,51
239227369,57
239228369,48
239229369,51
239230369,53
239231369,60
239232369,53
239233369,61
239234369,59
239235369,61
239236369,57
239237369,56
239238369,68
239239369,63
239240369,42
239241369,53
239242369,59
239243369,61
239244369,49
239245369,67
239246369,63
239247369,61
239248369,48
239258771,75
239259771,97
239260771,151
239261771,194
239262771,233
239263771,257
239264771,264
239265771,268
239266771,253
239267771,284
239268771,304
239269771,327
239270771,369
239271771,396
239272771,421
239273771,449
239274771,461
239275771,464
239276771,447
239277771,433
239278771,432
239279771,427
239280771,419
239281771,407
239282771,401
239283771,400
239284771,394
239285771,380
239286771,380
239287771,370
239288771,367
239289771,365
239300177,309
239301177,322
239302177,336
239303177,361
239304177,381
239305177,388
239306177,397
239307177,390
239308177,389
239309177,378
239310177,371
239311177,363
239312177,371
239313177,385
239314177,394
239315177,400
239316177,400
239317177,388
239318177,379
239319177,379
239320177,369
239321177,364
239322177,355
239323177,357
239324177,372
239325177,386
239326177,406
239327177,410
239328177,401
239329177,420
239330177,437
239340628,591
239341628,632
239342628,668
239343628,701
239344628,729
239345628,731
239346628,707
239347628,720
239348628,747
239349628,811
239350628,894
239351628,985
239352628,1070
239353628,1130
239354628,1167
239355628,1187
239356628,1209
239357628,1210
239358628,1188
239359628,1168
239360628,1149
239361628,1145
239362628,1169
239363628,1170
239364628,1168
239365628,1136
239366628,1154
239376999,2753
239377999,2947
239378999,3271
239379999,3699
239380999,3867
239381999,3865
239382999,3891
239383999,3871
239384999,3857
239385999,3871
239386999,3879
239387999,3867
239388999,3856
239389999,3909
239390999,3871
239391999,3871
239392999,3870
239393999,3859
239394999,3874
239395999,3839
239396999,3841
239397999,3881
239398999,3873
239399999,3837
239410419,3873
239411419,3872
239412419,3867
239413419,3875
239414419,3872
239415419,3875
239416419,3877
239417419,3878
239418419,3860
239419419,3871
239420419,3883
239421419,3877
239422419,3867
239423419,3883
239424419,3875
239425419,3878
239426419,3865
239427419,3873
239428419,3873
239429419,3876
239430419,3889
239431419,3866
239432419,3872
239433419,3873
239443821,3874
239444821,3874
239445821,3856
239446821,3884
239447821,3879
239448821,3857
239449821,3868
239450821,3874
239451821,3870
239452821,3873
239453821,3877
239454821,3883
239455821,3879
239456821,3883
239457821,3873
239458821,3877
239459821,3882
239460821,3872
239461821,3878
239462821,3875
239463821,3868
239464821,3875
239465821,3878
239466821,3875
239477242,3923
239478242,3888
239479242,3872
239480242,3861
239481242,3869
239482242,3860
239483242,3859
239484242,3875
239485242,3873
239486242,3862
239487242,3879
239488242,3876
239489242,3869
239490242,3854
239491242,3847
239492242,3877
239493242,3883
239494242,3860
239495242,3873
239496242,3877
239497242,3870
239498242,3887
239499242,3875
239500242,3879
239501242,3867
239511633,3862
239512633,3871
239513633,3874
239514633,3888
239515633,3878
239516633,3877
239517633,3882
239518633,3882
239519633,3875
239520633,3882
239521633,3858
239522633,3885
239523633,3883
239524633,3879
239525633,3879
239526633,3856
239527633,3866
239528633,3881
239529633,3873
239530633,3873
239531633,3882
239532633,3878
239533633,3846
239534633,3879
239545053,3881
239546053,3865
239547053,3879
239548053,3857
239549053,3862
239550053,3870
239551053,3871
239552053,3881
239553053,3887
239554053,3873
239555053,3883
239556053,3873
239557053,3872
239558053,3879
239559053,3883
239560053,3856
239561053,3888
239562053,3891
239563053,3873
239564053,3879
239565053,3885
239566053,3874
239567053,3870
239568053,3883
239578472,3874
239579472,3888
239580472,3876
239581472,3862
239582472,3867
239583472,3880
239584472,3869
239585472,3874
239586472,3951
239587472,3885
239588472,3868
239589472,3874
239590472,3877
239591472,3865
239592472,3888
239593472,3874
239594472,3866
239595472,3885
239596472,3870
239597472,3888
239598472,3898
239599472,3875
239600472,3862
239601472,3873
239611875,3870
239612875,3856
239613875,3899
239614875,3872
239615875,3881
239616875,3856
239617875,3888
239618875,3871
239619875,3863
239620875,3877
239621875,3904
239622875,3875
239623875,3899
239624875,3862
239625875,3880
239626875,3888
239627875,3868
239628875,3859
239629875,3868
239630875,3874
239631875,3882
239632875,3873
239633875,3873
239634875,3871
239645295,3883
239646295,3881
239647295,3873
239648295,3892
239649295,3875
239650295,3877
239651295,3882
239652295,3869
239653295,3888
239654295,3874
239655295,3884
239656295,3876
239657295,3880
239658295,3875
239659295,3884
239660295,3883
239661295,3881
239662295,3835
239663295,3904
239664295,3861
239665295,3875
239666295,3884
239667295,3876
239668295,3872
239669295,3880
239679687,3876
239680687,3871
239681687,3878
239682687,3866
239683687,3877
239684687,3890
239685687,3873
239686687,3869
239687687,3880
239688687,3870
239689687,3886
239690687,3865
239691687,3898
239692687,3876
239693687,3874
239694687,3889
239695687,3888
239696687,3869
239697687,3874
239698687,3879
239699687,3891
239700687,3884
239701687,3881
239702687,3877
239713107,3894
239714107,3882
239715107,3881
239716107,3877
239717107,3879
239718107,3876
239719107,3921
239720107,3887
239721107,3881
239722107,3883
239723107,3871
239724107,3881
239725107,3873
239726107,3867
239727107,3855
239728107,3856
239729107,3873
239730107,3888
239731107,3873
239732107,3889
239733107,3900
239734107,3877
239735107,3877
239736107,3877
239746526,3814
239747526,3869
239748526,3873
239749526,3875
239750526,3885
239751526,3878
239752526,3866
239753526,3888
239754526,3856
239755526,3871
239756526,3876
239757526,3890
239758526,3873
239759526,3880
239760526,3871
239761526,3878
239762526,3872
239763526,3875
239764526,3881
239765526,3907
239766526,3891
239767526,3885
239768526,3887
239769526,3876
239779929,3878
239780929,3874
239781929,3874
239782929,3862
239783929,3875
239784929,3873
239785929,3888
239786929,3872
239787929,3934
239788929,3872
239789929,3870
239790929,3865
239791929,3875
239792929,3870
239793929,3869
239794929,3896
239795929,3881
239796929,3841
239797929,3876
239798929,3868
239799929,3879
239800929,3856
239801929,3881
239802929,3877
239813349,3883
239814349,3879
239815349,3911
239816349,3906
239817349,3878
239818349,3875
239819349,3881
239820349,3875
239821349,3885
239822349,3878
239823349,3872
239824349,3888
239825349,3887
239826349,3867
239827349,3886
239828349,3873
239829349,3888
239830349,3867
239831349,3889
239832349,3883
239833349,3879
239834349,3872
239835349,3873
239836349,3881
239837349,3874
239847741,3867
239848741,3872
239849741,3871
239850741,3869
239851741,3865
239852741,3879
239853741,3869
239854741,3874
239855741,3881
239856741,3871
239857741,3894
239858741,3884
239859741,3904
239860741,3871
239861741,3878
239862741,3868
239863741,3879
239864741,3883
239865741,3879
239866741,3881
239867741,3890
239868741,3869
239869741,3877
239870741,3887
239881160,3868
239882160,3843
239883160,3879
239884160,3875
239885160,3875
239886160,3871
239887160,3878
239888160,3867
239889160,3876
239890160,3895
239891160,3878
239892160,3877
239893160,3903
239894160,3862
239895160,3877
239896160,3885
239897160,3888
239898160,3888
239899160,3885
239900160,3881
239901160,3877
239902160,3870
239903160,3888
239904160,3886
239914582,3875
239915582,3878
239916582,3883
239917582,3869
239918582,3882
239919582,3874
239920582,3862
239921582,3887
239922582,3911
239923582,3878
239924582,3886
239925582,3863
239926582,3840
239927582,3871
239928582,3888
239929582,3887
239930582,3856
239931582,3877
239932582,3862
239933582,3879
239934582,3879
239935582,3884
239936582,3881
239937582,3871
239947983,3881
239948983,3871
239949983,3887
239950983,3890
239951983,3888
239952983,3864
239953983,3875
239954983,3876
239955983,3885
239956983,3875
239957983,3897
239958983,3859
239959983,3902
239960983,3876
239961983,3873
239962983,3875
239963983,3869
239964983,3899
239965983,3887
239966983,3888
239967983,3877
239968983,3888
239969983,3873
239970983,3863
239981403,3882
239982403,3882
239983403,3873
239984403,3887
239985403,3877
239986403,3875
239987403,3883
239988403,3887
239989403,3857
239990403,3882
239991403,3867
239992403,3871
239993403,3881
239994403,3859
239995403,3877
239996403,3868
239997403,3876
239998403,3877
239999403,3873
240000403,3873
240001403,3868
240002403,3882
240003403,3874
240004403,3887
240005403,3867
240015795,3883
240016795,3823
240017795,3827
240018795,3876
240019795,3860
240020795,3879
240021795,3865
240022795,3877
240023795,3872
240024795,3869
240025795,3921
240026795,3855
240027795,3881
240028795,3869
240029795,3952
240030795,3875
240031795,3872
240032795,3871
240033795,3902
240034795,3858
240035795,3869
240036795,3871
240037795,3861
240038795,3885
240049214,3877
240050214,3881
240051214,3871
240052214,3881
240053214,3869
240054214,3869
240055214,3871
240056214,3877
240057214,3879
240058214,3878
240059214,3869
240060214,3893
240061214,3883
240062214,3878
240063214,3866
240064214,3881
240065214,3875
240066214,3842
240067214,3873
240068214,3883
240069214,3886
240070214,3875
240071214,3887
240072214,3857
240082634,3879
240083634,3869
240084634,3871
240085634,3871
240086634,3874
240087634,3887
240088634,3886
240089634,3868
240090634,3888
240091634,3871
240092634,3882
240093634,3879
240094634,3892
240095634,3888
240096634,3881
240097634,3910
240098634,3881
240099634,3871
240100634,3885
240101634,3866
240102634,3887
240103634,3877
240104634,3882
240105634,3884
240116037,3879
240117037,3888
240118037,3869
240119037,3881
240120037,3875
240121037,3885
240122037,3872
240123037,3861
240124037,3871
240125037,3877
240126037,3887
240127037,3879
240128037,3888
240129037,3873
240130037,3885
240131037,3881
240132037,3887
240133037,3858
240134037,3866
240135037,3870
240136037,3877
240137037,3888
240138037,3885
240139037,3899
240149456,3872
240150456,3872
240151456,3875
240152456,3874
240153456,3886
240154456,3878
240155456,3883
240156456,3884
240157456,3868
240158456,3883
240159456,3883
240160456,3875
240161456,3873
240162456,3873
240163456,3885
240164456,3881
240165456,3880
240166456,3876
240167456,3862
240168456,3872
240169456,3872
240170456,3870
240171456,3866
240172456,3887
240173456,3859
240183849,3885
240184849,3887
240185849,3865
240186849,3867
240187849,3873
240188849,3867
240189849,3868
240190849,3859
240191849,3885
240192849,3871
240193849,3862
240194849,3883
240195849,3871
240196849,3863
240197849,3873
240198849,3873
240199849,3873
240200849,3867
240201849,3903
240202849,3880
240203849,3873
240204849,3876
240205849,3874
240206849,3874
240217268,3888
240218268,3877
240219268,3833
240220268,3888
240221268,3872
240222268,3883
240223268,3887
240224268,3887
240225268,3838
240226268,3887
240227268,3883
240228268,3883
240229268,3881
240230268,3883
240231268,3899
240232268,3874
240233268,3869
240234268,3862
240235268,3883
240236268,3885
240237268,3877
240238268,3887
240239268,3887
240240268,3877
240250688,3888
240251688,3883
240252688,3878
240253688,3902
240254688,3870
240255688,3862
240256688,3868
240257688,3879
240258688,3874
240259688,3857
240260688,3886
240261688,3878
240262688,3877
240263688,3870
240264688,3870
240265688,3869
240266688,3877
240267688,3877
240268688,3866
240269688,3859
240270688,3881
240271688,3869
240272688,3877
240273688,3871
240284091,3879
240285091,3869
240286091,3866
240287091,3875
240288091,3881
240289091,3865
240290091,3867
240291091,3869
240292091,3882
240293091,3874
240294091,3869
240295091,3863
240296091,3883
240297091,3874
240298091,3883
240299091,3874
240300091,3872
240301091,3875
240302091,3878
240303091,3871
240304091,3851
240305091,3871
240306091,3864
240307091,3874
240317510,3876
240318510,3862
240319510,3857
240320510,3873
240321510,3874
240322510,3910
240323510,3869
240324510,3888
240325510,3888
240326510,3874
240327510,3870
240328510,3873
240329510,3870
240330510,3887
240331510,3879
240332510,3873
240333510,3875
240334510,3881
240335510,3872
240336510,3877
240337510,3882
240338510,3877
240339510,3861
240340510,3883
240341510,3881
240351902,3880
240352902,3885
240353902,3882
240354902,3870
240355902,3879
240356902,3869
240357902,3888
240358902,3873
240359902,3879
240360902,3877
240361902,3860
240362902,3879
240363902,3878
240364902,3879
240365902,3868
240366902,3907
240367902,3871
240368902,3883
240369902,3855
240370902,3875
240371902,3831
240372902,3872
240373902,3879
240374902,3865
240385322,3877
240386322,3885
240387322,3875
240388322,3878
240389322,3883
240390322,3879
240391322,3839
240392322,3887
240393322,3878
240394322,3875
240395322,3882
240396322,3879
240397322,3881
240398322,3875
240399322,3876
240400322,3875
240401322,3879
240402322,3878
240403322,3875
240404322,3869
240405322,3858
240406322,3867
240407322,3874
240408322,3875
240418742,3875
240419742,3875
240420742,3885
240421742,3882
240422742,3878
240423742,3885
240424742,3885
240425742,3881
240426742,3885
240427742,3871
240428742,3884
240429742,3880
240430742,3877
240431742,3879
240432742,3856
240433742,3855
240434742,3873
240435742,3890
240436742,3871
240437742,3843
240438742,3875
240439742,3874
240440742,3869
240441742,3875
240452145,3885
240453145,3888
240454145,3881
240455145,3872
240456145,3877
240457145,3870
240458145,3878
240459145,3897
240460145,3872
240461145,3874
240462145,3871
240463145,3936
240464145,3869
240465145,3884
240466145,3874
240467145,3888
240468145,3864
240469145,3877
240470145,3883
240471145,3872
240472145,3872
240473145,3870
240474145,3903
240475145,3871
240485567,3863
240486567,3875
240487567,3856
240488567,3867
240489567,3891
240490567,3867
240491567,3889
240492567,3881
240493567,3870
240494567,3866
240495567,3888
240496567,3874
240497567,3874
240498567,3877
240499567,3877
240500567,3872
240501567,3885
240502567,3863
240503567,3891
240504567,3872
240505567,3874
240506567,3879
240507567,3860
240508567,3859
240509567,3883
240519956,3879
240520956,3871
240521956,3885
240522956,3885
240523956,3875
240524956,3874
240525956,3871
240526956,3882
240527956,3874
240528956,3879
240529956,3874
240530956,3877
240531956,3883
240532956,3887
240533956,3874
240534956,3875
240535956,3861
240536956,3878
240537956,3873
240538956,3878
240539956,3885
240540956,3888
240541956,3888
240542956,3885
240553376,3874
240554376,3877
240555376,3875
240556376,3875
240557376,3868
240558376,3869
240559376,3871
240560376,3932
240561376,3885
240562376,3883
240563376,3878
240564376,3888
240565376,3888
240566376,3899
240567376,3874
240568376,3872
240569376,3891
240570376,3868
240571376,3876
240572376,3863
240573376,3869
240574376,3883
240575376,3817
240576376,3905
240586796,3883
240587796,3869
240588796,3873
240589796,3890
240590796,3860
240591796,3888
240592796,3871
240593796,3863
240594796,3865
240595796,3887
240596796,3887
240597796,3872
240598796,3865
240599796,3856
240600796,3870
240601796,3884
240602796,3882
240603796,3862
240604796,3809
240605796,3885
240606796,3862
240607796,3881
240608796,3887
240609796,3872
240620198,3871
240621198,3886
240622198,3878
240623198,3884
240624198,3876
240625198,3881
240626198,3887
240627198,3872
240628198,3887
240629198,3871
240630198,3881
240631198,3867
240632198,3862
240633198,3883
240634198,3867
240635198,3878
240636198,3875
240637198,3868
240638198,3883
240639198,3877
240640198,3873
240641198,3859
240642198,3871
240643198,3861
240653618,3883
240654618,3853
240655618,3876
240656618,3881
240657618,3873
240658618,3884
240659618,3883
240660618,3875
240661618,3888
240662618,3869
240663618,3882
240664618,3886
240665618,3862
240666618,3893
240667618,3869
240668618,3873
240669618,3888
240670618,3876
240671618,3885
240672618,3886
240673618,3875
240674618,3893
240675618,3871
240676618,3870
240677618,3872
240688010,3884
240689010,3902
240690010,3879
240691010,3885
240692010,3871
240693010,3869
240694010,3867
240695010,3877
240696010,3851
240697010,3899
240698010,3873
240699010,3862
240700010,3870
240701010,3881
240702010,3894
240703010,3876
240704010,3877
240705010,3893
240706010,3879
240707010,3884
240708010,3868
240709010,3872
240710010,3873
240711010,3875
240721430,3873
240722430,3878
240723430,3867
240724430,3874
240725430,3862
240726430,3866
240727430,3872
240728430,3881
240729430,3870
240730430,3876
240731430,3887
240732430,3873
240733430,3885
240734430,3867
240735430,3876
240736430,3883
240737430,3871
240738430,3874
240739430,3883
240740430,3881
240741430,3868
240742430,3874
240743430,3877
240744430,3869
240754850,3874
240755850,3872
240756850,3879
240757850,3869
240758850,3842
240759850,3874
240760850,3874
240761850,3885
240762850,3871
240763850,3870
240764850,3855
240765850,3875
240766850,3883
240767850,3877
240768850,3874
240769850,3878
240770850,3883
240771850,3882
240772850,3877
240773850,3882
240774850,3888
240775850,3873
240776850,3869
240777850,3876
240788252,3877
240789252,3872
240790252,3872
240791252,3878
240792252,3885
240793252,3883
240794252,3895
240795252,3876
240796252,3881
240797252,3888
240798252,3871
240799252,3877
240800252,3888
240801252,3867
240802252,3895
240803252,3881
240804252,3869
240805252,3871
240806252,3876
240807252,3869
240808252,3867
240809252,3883
240810252,3861
240811252,3874
240821672,3872
240822672,3879
240823672,3856
240824672,3867
240825672,3885
240826672,3869
240827672,3869
240828672,3856
240829672,3882
240830672,3876
240831672,3888
240832672,3890
240833672,3865
240834672,3881
240835672,3875
240836672,3886
240837672,3875
240838672,3824
240839672,3870
240840672,3868
240841672,3883
240842672,3884
240843672,3866
240844672,3883
240845672,3880
240856064,3860
240857064,3873
240858064,3882
240859064,3877
240860064,3847
240861064,3884
240862064,3891
240863064,3879
240864064,3886
240865064,3879
240866064,3887
240867064,3883
240868064,3883
240869064,3879
240870064,3875
240871064,3871
240872064,3879
240873064,3886
240874064,3879
240875064,3872
240876064,3862
240877064,3862
240878064,3895
240879064,3871
240889484,3871
240890484,3865
240891484,3878
240892484,3903
240893484,3877
240894484,3869
240895484,3882
240896484,3872
240897484,3880
240898484,3875
240899484,3871
240900484,3873
240901484,3873
240902484,3863
240903484,3885
240904484,3878
240905484,3871
240906484,3878
240907484,3877
240908484,3882
240909484,3869
240910484,3869
240911484,3882
240912484,3875
240922903,3888
240923903,3890
240924903,3877
240925903,3875
240926903,3861
240927903,3871
240928903,3873
240929903,3876
240930903,3907
240931903,3877
240932903,3888
240933903,3869
240934903,3888
240935903,3879
240936903,3887
240937903,3861
240938903,3888
240939903,3883
240940903,3888
240941903,3878
240942903,3873
240943903,3872
240944903,3903
240945903,3879
240956306,3874
240957306,3889
240958306,3871
240959306,3875
240960306,3877
240961306,3875
240962306,3869
240963306,3867
240964306,3871
240965306,3877
240966306,3879
240967306,3884
240968306,3869
240969306,3858
240970306,3877
240971306,3888
240972306,3876
240973306,3888
240974306,3881
240975306,3885
240976306,3879
240977306,3887
240978306,3877
240979306,3890
240989726,3889
240990726,3872
240991726,3878
240992726,3882
240993726,3862
240994726,3877
240995726,3879
240996726,3873
240997726,3858
240998726,3865
240999726,3885
241000726,3867
241001726,3913
241002726,3880
241003726,3857
241004726,3877
241005726,3917
241006726,3888
241007726,3878
241008726,3905
241009726,3878
241010726,3867
241011726,3885
241012726,3879
241013726,3879
241024118,3874
241025118,3867
241026118,3869
241027118,3861
241028118,3870
241029118,3871
241030118,3877
241031118,3879
241032118,3872
241033118,3877
241034118,3863
241035118,3863
241036118,3876
241037118,3814
241038118,3937
241039118,3893
241040118,3879
241041118,3906
241042118,3883
241043118,3873
241044118,3903
241045118,3871
241046118,3872
241047118,3880
241057538,3865
241058538,3881
241059538,3878
241060538,3829
241061538,3888
241062538,3876
241063538,3873
241064538,3870
241065538,3893
241066538,3884
241067538,3867
241068538,3869
241069538,3885
241070538,3872
241071538,3860
241072538,3875
241073538,3875
241074538,3888
241075538,3875
241076538,3887
241077538,3863
241078538,3876
241079538,3870
241080538,3877
241090957,3866
241091957,3857
241092957,3879
241093957,3879
241094957,3897
241095957,3873
241096957,3879
241097957,3873
241098957,3875
241099957,3889
241100957,3886
241101957,3853
241102957,3867
241103957,3889
241104957,3873
241105957,3861
241106957,3882
241107957,3875
241108957,3877
241109957,3867
241110957,3879
241111957,3886
241112957,3873
241113957,3859
241124360,3869
241125360,3873
241126360,3879
241127360,3883
241128360,3888
241129360,3859
241130360,3884
241131360,3873
241132360,3871
241133360,3877
241134360,3849
241135360,3881
241136360,3871
241137360,3883
241138360,3878
241139360,3885
241140360,3876
241141360,3871
241142360,3887
241143360,3863
241144360,3879
241145360,3898
241146360,3858
241147360,3889
241157780,3881
241158780,3879
241159780,3835
241160780,3871
241161780,3872
241162780,3878
241163780,3870
241164780,3882
241165780,3867
241166780,3861
241167780,3881
241168780,3879
241169780,3870
241170780,3872
241171780,3883
241172780,3863
241173780,3876
241174780,3883
241175780,3879
241176780,3875
241177780,3878
241178780,3865
241179780,3861
241180780,3876
241181780,3863
241192172,3877
241193172,3888
241194172,3877
241195172,3876
241196172,3876
241197172,3867
241198172,3865
241199172,3858
241200172,3873
241201172,3933
241202172,3877
241203172,3871
241204172,3867
241205172,3879
241206172,3875
241207172,3886
241208172,3875
241209172,3859
241210172,3884
241211172,3883
241212172,3856
241213172,3877
241214172,3885
241215172,3871
241225594,3866
241226594,3875
241227594,3882
241228594,3886
241229594,3865
241230594,3886
241231594,3871
241232594,3877
241233594,3875
241234594,3879
241235594,3867
241236594,3876
241237594,3870
241238594,3861
241239594,3889
241240594,3875
241241594,3871
241242594,3875
241243594,3888
241244594,3888
241245594,3873
241246594,3878
241247594,3875
241248594,3877
241259011,3885
241260011,3869
241261011,3881
241262011,3879
241263011,3877
241264011,3867
241265011,3860
241266011,3901
241267011,3869
241268011,3869
241269011,3879
241270011,3853
241271011,3868
241272011,3872
241273011,3862
241274011,3879
241275011,3857
241276011,3874
241277011,3856
241278011,3867
241279011,3872
241280011,3874
241281011,3871
241282011,3869
241292414,3874
241293414,3878
241294414,3877
241295414,3870
241296414,3873
241297414,3871
241298414,3881
241299414,3888
241300414,3873
241301414,3883
241302414,3863
241303414,3867
241304414,3861
241305414,3879
241306414,3874
241307414,3866
241308414,3886
241309414,3868
241310414,3875
241311414,3878
241312414,3882
241313414,3875
241314414,3867
241315414,3885
241325834,3881
241326834,3887
241327834,3875
241328834,3862
241329834,3872
241330834,3878
241331834,3871
241332834,3853
241333834,3855
241334834,3870
241335834,3869
241336834,3859
241337834,3875
241338834,3908
241339834,3831
241340834,3918
241341834,3856
241342834,3869
241343834,3865
241344834,3857
241345834,3871
241346834,3865
241347834,3871
241348834,3874
241349834,3874
241360234,3874
241361234,3861
241362234,3871
241363234,3863
241364234,3870
241365234,3877
241366234,3884
241367234,3868
241368234,3882
241369234,3866
241370234,3871
241371234,3868
241372234,3877
241373234,3875
241374234,3850
241375234,3871
241376234,3868
241377234,3878
241378234,3875
241379234,3871
241380234,3873
241381234,3856
241382234,3871
241383234,3866
241393645,3888
241394645,3887
241395645,3879
241396645,3886
241397645,3861
241398645,3879
241399645,3879
241400645,3862
241401645,3881
241402645,3861
241403645,3857
241404645,3871
241405645,3873
241406645,3874
241407645,3878
241408645,3877
241409645,3882
241410645,3870
241411645,3875
241412645,3869
241413645,3851
241414645,3872
241415645,3859
241416645,3862
241427065,3867
241428065,3870
241429065,3850
241430065,3867
241431065,3903
241432065,3846
241433065,3857
241434065,3867
241435065,3868
241436065,3750
241437065,3865
241438065,3865
241439065,3864
241440065,3874
241441065,3873
241442065,3871
241443065,3872
241444065,3837
241445065,3866
241446065,3872
241447065,3862
241448065,3872
241449065,3873
241450065,3877
241460468,3879
241461468,3873
241462468,3877
241463468,3867
241464468,3873
241465468,3890
241466468,3874
241467468,3869
241468468,3875
241469468,3878
241470468,3851
241471468,3866
241472468,3861
241473468,3871
241474468,3869
241475468,3856
241476468,3879
241477468,3885
241478468,3875
241479468,3848
241480468,3875
241481468,3871
241482468,3872
241483468,3876
241493887,3885
241494887,3871
241495887,3877
241496887,3862
241497887,3877
241498887,3871
241499887,3900
241500887,3875
241501887,3857
241502887,3859
241503887,3877
241504887,3867
241505887,3886
241506887,3863
241507887,3863
241508887,3885
241509887,3853
241510887,3863
241511887,3865
241512887,3853
241513887,3877
241514887,3878
241515887,3856
241516887,3872
241517887,3858
241528280,3873
241529280,3889
241530280,3907
241531280,3865
241532280,3870
241533280,3862
241534280,3882
241535280,3862
241536280,3869
241537280,3869
241538280,3877
241539280,3877
241540280,3853
241541280,3880
241542280,3868
241543280,3866
241544280,3871
241545280,3867
241546280,3854
241547280,3872
241548280,3857
241549280,3862
241550280,3867
241551280,3877
241561699,3881
241562699,3877
241563699,3891
241564699,3868
241565699,3882
241566699,3879
241567699,3878
241568699,3915
241569699,3875
241570699,3888
241571699,3856
241572699,3873
241573699,3855
241574699,3879
241575699,3869
241576699,3871
241577699,3888
241578699,3871
241579699,3869
241580699,3877
241581699,3875
241582699,3867
241583699,3879
241584699,3855
241595119,3883
241596119,3858
241597119,3871
241598119,3869
241599119,3867
241600119,3868
241601119,3870
241602119,3887
241603119,3876
241604119,3877
241605119,3869
241606119,3859
241607119,3871
241608119,3865
241609119,3882
241610119,3868
241611119,3894
241612119,3824
241613119,3891
241614119,3874
241615119,3877
241616119,3890
241617119,3872
241618119,3855
241628522,3868
241629522,3866
241630522,3865
241631522,3881
241632522,3824
241633522,3872
241634522,3875
241635522,3859
241636522,3867
241637522,3861
241638522,3871
241639522,3862
241640522,3861
241641522,3856
241642522,3809
241643522,3878
241644522,3856
241645522,3862
241646522,3870
241647522,3872
241648522,3881
241649522,3863
241650522,3870
241651522,3873
241661941,3862
241662941,3876
241663941,3867
241664941,3862
241665941,3874
241666941,3859
241667941,3875
241668941,3920
241669941,3910
241670941,3871
241671941,3862
241672941,3856
241673941,3872
241674941,3869
241675941,3902
241676941,3875
241677941,3862
241678941,3869
241679941,3871
241680941,3862
241681941,3862
241682941,3869
241683941,3869
241684941,3882
241685941,3904
241696333,3858
241697333,3871
241698333,3872
241699333,3857
241700333,3862
241701333,3877
241702333,3827
241703333,3860
241704333,3867
241705333,3871
241706333,3877
241707333,3856
241708333,3887
241709333,3857
241710333,3851
241711333,3722
241712333,3570
241713333,3603
241714333,3583
241715333,3491
241716333,3391
241717333,3370
241718333,3373
241719333,3325
241729753,3552
241730753,3517
241731753,3506
241732753,3528
241733753,3583
241734753,3597
241735753,3549
241736753,3491
241737753,3439
241738753,3319
241739753,3248
241740753,3181
241741753,3101
241742753,3071
241743753,3171
241744753,3312
241745753,3323
241746753,3260
241747753,3297
241748753,3389
241749753,3377
241750753,3339
241751753,3413
241752753,3466
241763173,3136
241764173,3252
241765173,3312
241766173,3273
241767173,3387
241768173,3481
241769173,3406
241770173,3322
241771173,3232
241772173,3161
241773173,3088
241774173,3011
241775173,2992
241776173,3129
241777173,3299
241778173,3403
241779173,3355
241780173,3397
241781173,3573
241782173,3790
241783173,3855
241784173,3863
241785173,3863
241786173,3857
241796577,3280
241797577,3251
241798577,3264
241799577,3244
241800577,3216
241801577,3163
241802577,3225
241803577,3299
241804577,3278
241805577,3238
241806577,3323
241807577,3447
241808577,3519
241809577,3462
241810577,3464
241811577,3466
241812577,3502
241813577,3455
241814577,3415
241815577,3344
241816577,3294
241817577,3313
241818577,3347
241819577,3343
241829995,3213
241830995,3191
241831995,3141
241832995,3091
241833995,3009
241834995,3052
241835995,3184
241836995,3315
241837995,3330
241838995,3310
241839995,3350
241840995,3529
241841995,3758
241842995,3849
241843995,3858
241844995,3862
241845995,3874
241846995,3873
241847995,3869
241848995,3859
241849995,3861
241850995,3827
241851995,3669
241852995,3565
241853995,3479
241864387,3451
241865387,3364
241866387,3343
241867387,3281
241868387,3212
241869387,3141
241870387,3061
241871387,2992
241872387,2960
241873387,2945
241874387,3003
241875387,3104
241876387,3319
241877387,3462
241878387,3507
241879387,3443
241880387,3510
241881387,3661
241882387,3825
241883387,3868
241884387,3863
241885387,3869
241886387,3877
241887387,3857
241897807,3861
241898807,3843
241899807,3707
241900807,3614
241901807,3664
241902807,3760
241903807,3741
241904807,3700
241905807,3821
241906807,3821
241907807,3863
241908807,3857
241909807,3869
241910807,3857
241911807,3862
241912807,3895
241913807,3842
241914807,3833
241915807,3757
241916807,3696
241917807,3655
241918807,3536
241919807,3430
241920807,3345
241931235,3227
241932235,3204
241933235,3122
241934235,3106
241935235,3092
241936235,3038
241937235,2980
241938235,3024
241939235,3069
241940235,3029
241941235,3033
241942235,3056
241943235,2993
241944235,3018
241945235,3091
241946235,3181
241947235,3265
241948235,3209
241949235,3187
241950235,3233
241951235,3253
241952235,3267
241953235,3306
241954235,3246
241964629,2794
241965629,2777
241966629,2735
241967629,2702
241968629,2678
241969629,2669
241970629,2643
241971629,2630
241972629,2608
241973629,2655
241974629,2690
241975629,2672
241976629,2681
241977629,2736
241978629,2717
241979629,2710
241980629,2816
241981629,2882
241982629,2918
241983629,2890
241984629,2837
241985629,2774
241986629,2731
241987629,2683
241998049,3162
241999049,3089
242000049,3039
242001049,2971
242002049,2916
242003049,2921
242004049,2919
242005049,2865
242006049,2836
242007049,2825
242008049,2822
242009049,2784
242010049,2734
242011049,2794
242012049,2923
242013049,2935
242014049,2879
242015049,2813
242016049,2749
242017049,2704
242018049,2665
242019049,2603
242020049,2559
242021049,2527
242022049,2480
242032441,2174
242033441,2192
242034441,2234
242035441,2274
242036441,2272
242037441,2232
242038441,2221
242039441,2254
242040441,2314
242041441,2368
242042441,2359
242043441,2352
242044441,2365
242045441,2327
242046441,2371
242047441,2463
242048441,2535
242049441,2545
242050441,2526
242051441,2608
242052441,2640
242053441,2623
242054441,2559
242055441,2533
242065861,2868
242066861,2864
242067861,2855
242068861,2922
242069861,2993
242070861,3040
242071861,3031
242072861,3008
242073861,2977
242074861,2970
242075861,2917
242076861,2927
242077861,3043
242078861,3269
242079861,3472
242080861,3539
242081861,3481
242082861,3593
242083861,3632
242084861,3659
242085861,3618
242086861,3539
242087861,3507
242088861,3514
242099281,3353
242100281,3312
242101281,3279
242102281,3334
242103281,3562
242104281,3783
242105281,3701
242106281,3887
242107281,3859
242108281,3872
242109281,3844
242110281,3858
242111281,3863
242112281,3871
242113281,3878
242114281,3890
242115281,3920
242116281,3857
242117281,3797
242118281,3670
242119281,3655
242120281,3715
242121281,3785
242122281,3696
242132683,3341
242133683,3533
242134683,3635
242135683,3728
242136683,3813
242137683,3799
242138683,3837
242139683,3868
242140683,3867
242141683,3857
242142683,3855
242143683,3856
242144683,3859
242145683,3751
242146683,3618
242147683,3489
242148683,3420
242149683,3426
242150683,3541
242151683,3659
242152683,3691
242153683,3635
242154683,3765
242155683,3856
242166103,3858
242167103,3865
242168103,3859
242169103,3877
242170103,3875
242171103,3856
242172103,3869
242173103,3856
242174103,3796
242175103,3681
242176103,3670
242177103,3681
242178103,3611
242179103,3520
242180103,3481
242181103,3525
242182103,3632
242183103,3707
242184103,3658
242185103,3775
242186103,3870
242187103,3870
242188103,3859
242189103,3869
242190103,3856
242200495,3689
242201495,3845
242202495,3855
242203495,3887
242204495,3846
242205495,3857
242206495,3853
242207495,3829
242208495,3859
242209495,3871
242210495,3841
242211495,3875
242212495,3865
242213495,3808
242214495,3867
242215495,3854
242216495,3863
242217495,3869
242218495,3859
242219495,3869
242220495,3868
242221495,3859
242222495,3926
242223495,3824
242233915,3867
242234915,3877
242235915,3860
242236915,3898
242237915,3859
242238915,3854
242239915,3872
242240915,3863
242241915,3861
242242915,3870
242243915,3870
242244915,3903
242245915,3863
242246915,3856
242247915,3792
242248915,3722
242249915,3687
242250915,3657
242251915,3577
242252915,3475
242253915,3405
242254915,3314
242255915,3229
242256915,3159
242267334,2681
242268334,2638
242269334,2582
242270334,2530
242271334,2513
242272334,2527
242273334,2491
242274334,2501
242275334,2522
242276334,2557
242277334,2554
242278334,2515
242279334,2495
242280334,2477
242281334,2454
242282334,2437
242283334,2432
242284334,2455
242285334,2480
242286334,2493
242287334,2467
242288334,2423
242289334,2368
242290334,2327
242300737,2880
242301737,2928
242302737,2925
242303737,2871
242304737,2847
242305737,2894
242306737,2930
242307737,2937
242308737,2901
242309737,2851
242310737,2801
242311737,2759
242312737,2739
242313737,2756
242314737,2737
242315737,2723
242316737,2688
242317737,2673
242318737,2729
242319737,2741
242320737,2696
242321737,2676
242322737,2715
242323737,2753
242334157,2928
242335157,2896
242336157,2853
242337157,2826
242338157,2825
242339157,2782
242340157,2736
242341157,2704
242342157,2653
242343157,2620
242344157,2608
242345157,2593
242346157,2598
242347157,2549
242348157,2501
242349157,2464
242350157,2432
242351157,2436
242352157,2427
242353157,2402
242354157,2365
242355157,2302
242356157,2256
242357157,2225
242358157,2171
242368549,1883
242369549,1845
242370549,1817
242371549,1765
242372549,1729
242373549,1683
242374549,1681
242375549,1670
242376549,1666
242377549,1663
242378549,1642
242379549,1654
242380549,1679
242381549,1755
242382549,1820
242383549,1805
242384549,1732
242385549,1735
242386549,1691
242387549,1680
242388549,1677
242389549,1684
242390549,1673
242391549,1651
242401969,2034
242402969,2075
242403969,2062
242404969,2023
242405969,2000
242406969,2020
242407969,2029
242408969,2027
242409969,1987
242410969,1949
242411969,1904
242412969,1902
242413969,1910
242414969,1921
242415969,1904
242416969,1893
242417969,1887
242418969,1861
242419969,1824
242420969,1803
242421969,1899
242422969,1982
242423969,2041
242424969,2016
242435388,1823
242436388,1810
242437388,1795
242438388,1773
242439388,1717
242440388,1709
242441388,1730
242442388,1753
242443388,1761
242444388,1779
242445388,1801
242446388,1795
242447388,1793
242448388,1755
242449388,1744
242450388,1889
242451388,2060
242452388,2141
242453388,2141
242454388,2109
242455388,2077
242456388,2035
242457388,1988
242458388,1935
242468791,1665
242469791,1651
242470791,1629
242471791,1616
242472791,1589
242473791,1579
242474791,1604
242475791,1664
242476791,1630
242477791,1691
242478791,1807
242479791,1906
242480791,1936
242481791,1963
242482791,1943
242483791,1952
242484791,1925
242485791,1894
242486791,1891
242487791,1904
242488791,1899
242489791,1867
242490791,1831
242491791,1817
242502211,1703
242503211,1729
242504211,1821
242505211,1904
242506211,1942
242507211,1961
242508211,2097
242509211,2300
242510211,2527
242511211,2688
242512211,2673
242513211,2606
242514211,2559
242515211,2537
242516211,2512
242517211,2535
242518211,2591
242519211,2650
242520211,2619
242521211,2559
242522211,2517
242523211,2485
242524211,2443
242525211,2387
242526211,2345
242536603,2202
242537603,2177
242538603,2170
242539603,2212
242540603,2283
242541603,2352
242542603,2352
242543603,2350
242544603,2305
242545603,2259
242546603,2224
242547603,2163
242548603,2122
242549603,2080
242550603,2032
242551603,2003
242552603,1989
242553603,1968
242554603,1932
242555603,1951
242556603,2021
242557603,2087
242558603,2063
242559603,2054
242570022,1799
242571022,1760
242572022,1745
242573022,1707
242574022,1665
242575022,1633
242576022,1599
242577022,1577
242578022,1535
242579022,1527
242580022,1523
242581022,1593
242582022,1680
242583022,1758
242584022,1777
242585022,1776
242586022,1837
242587022,1875
242588022,1936
242589022,1964
242590022,1931
242591022,1940
242592022,1943
242593022,1933
242603442,2073
242604442,2046
242605442,2025
242606442,2018
242607442,2011
242608442,1998
242609442,1979
242610442,1955
242611442,1925
242612442,1885
242613442,1845
242614442,1831
242615442,1835
242616442,1837
242617442,1803
242618442,1765
242619442,1732
242620442,1699
242621442,1680
242622442,1666
242623442,1683
242624442,1707
242625442,1696
242626442,1661
242636845,1596
242637845,1602
242638845,1600
242639845,1679
242640845,1814
242641845,1863
242642845,1835
242643845,1844
242644845,1854
242645845,1839
242646845,1793
242647845,1757
242648845,1720
242649845,1687
242650845,1648
242651845,1622
242652845,1597
242653845,1609
242654845,1648
242655845,1696
242656845,1721
242657845,1711
242658845,1744
242659845,1759
242670265,1868
242671265,1900
242672265,1891
242673265,1918
242674265,2000
242675265,2035
242676265,2017
242677265,1971
242678265,1941
242679265,1911
242680265,1883
242681265,1841
242682265,1805
242683265,1764
242684265,1727
242685265,1689
242686265,1669
242687265,1630
242688265,1614
242689265,1603
242690265,1609
242691265,1594
242692265,1559
242693265,1522
242694265,1489
242704657,1309
242705657,1282
242706657,1266
242707657,1280
242708657,1330
242709657,1361
242710657,1360
242711657,1344
242712657,1404
242713657,1499
242714657,1646
242715657,1729
242716657,1755
242717657,1739
242718657,1729
242719657,1713
242720657,1711
242721657,1712
242722657,1697
242723657,1671
242724657,1648
242725657,1665
242726657,1727
242727657,1733
242738076,1819
242739076,1803
242740076,1791
242741076,1753
242742076,1738
242743076,1710
242744076,1683
242745076,1683
242746076,1661
242747076,1632
242748076,1633
242749076,1616
242750076,1582
242751076,1535
242752076,1514
242753076,1500
242754076,1491
242755076,1518
242756076,1519
242757076,1520
242758076,1527
242759076,1520
242760076,1489
242761076,1509
242771496,1767
242772496,1775
242773496,1739
242774496,1725
242775496,1725
242776496,1705
242777496,1682
242778496,1677
242779496,1679
242780496,1694
242781496,1744
242782496,1750
242783496,1730
242784496,1695
242785496,1665
242786496,1623
242787496,1591
242788496,1580
242789496,1571
242790496,1557
242791496,1535
242792496,1524
242793496,1525
242794496,1526
242804899,1535
242805899,1595
242806899,1691
242807899,1723
242808899,1769
242809899,1796
242810899,1849
242811899,1887
242812899,1869
242813899,1904
242814899,2026
242815899,2142
242816899,2216
242817899,2234
242818899,2195
242819899,2162
242820899,2160
242821899,2169
242822899,2179
242823899,2169
242824899,2160
242825899,2133
242826899,2096
242827899,2054
242838318,2001
242839318,2019
242840318,2167
242841318,2203
242842318,2255
242843318,2253
242844318,2220
242845318,2175
242846318,2129
242847318,2083
242848318,2038
242849318,2000
242850318,1974
242851318,1936
242852318,1916
242853318,1884
242854318,1841
242855318,1808
242856318,1751
242857318,1747
242858318,1696
242859318,1659
242860318,1653
242861318,1632
242862318,1620
242872711,1308
242873711,1283
242874711,1254
242875711,1235
242876711,1204
242877711,1166
242878711,1145
242879711,1137
242880711,1158
242881711,1195
242882711,1207
242883711,1182
242884711,1210
242885711,1265
242886711,1307
242887711,1313
242888711,1374
242889711,1456
242890711,1453
242891711,1419
242892711,1436
242893711,1446
242894711,1440
242895711,1424
242906130,1221
242907130,1183
242908130,1200
242909130,1231
242910130,1281
242911130,1305
242912130,1317
242913130,1424
242914130,1505
242915130,1550
242916130,1533
242917130,1524
242918130,1561
242919130,1600
242920130,1652
242921130,1670
242922130,1662
242923130,1665
242924130,1606
242925130,1587
242926130,1582
242927130,1580
242928130,1562
242929130,1554
242939550,1648
242940550,1639
242941550,1614
242942550,1583
242943550,1535
242944550,1508
242945550,1504
242946550,1503
242947550,1482
242948550,1461
242949550,1453
242950550,1454
242951550,1430
242952550,1419
242953550,1406
242954550,1386
242955550,1444
242956550,1591
242957550,1725
242958550,1792
242959550,1768
242960550,1837
242961550,2000
242962550,2195
242972953,2335
242973953,2277
242974953,2239
242975953,2204
242976953,2161
242977953,2115
242978953,2077
242979953,2029
242980953,1999
242981953,1965
242982953,1936
242983953,1925
242984953,1883
242985953,1877
242986953,1871
242987953,1851
242988953,1803
242989953,1797
242990953,1735
242991953,1724
242992953,1697
242993953,1670
242994953,1637
242995953,1623
243006372,1386
243007372,1390
243008372,1401
243009372,1402
243010372,1388
243011372,1361
243012372,1327
243013372,1332
243014372,1360
243015372,1405
243016372,1359
243017372,1343
243018372,1401
243019372,1476
243020372,1565
243021372,1623
243022372,1632
243023372,1601
243024372,1650
243025372,1680
243026372,1715
243027372,1712
243028372,1679
243029372,1646
243030372,1625
243040764,1705
243041764,1713
243042764,1729
243043764,1741
243044764,1727
243045764,1691
243046764,1669
243047764,1636
243048764,1615
243049764,1626
243050764,1654
243051764,1687
243052764,1721
243053764,1744
243054764,1756
243055764,1728
243056764,1712
243057764,1739
243058764,1791
243059764,1820
243060764,1806
243061764,1779
243062764,1749
243063764,1744
243074184,1987
243075184,1957
243076184,1916
243077184,1872
243078184,1854
243079184,1818
243080184,1791
243081184,1731
243082184,1715
243083184,1680
243084184,1657
243085184,1634
243086184,1641
243087184,1653
243088184,1638
243089184,1630
243090184,1628
243091184,1610
243092184,1577
243093184,1535
243094184,1527
243095184,1523
243096184,1567
243097184,1615
243107604,1567
243108604,1623
243109604,1647
243110604,1682
243111604,1684
243112604,1653
243113604,1649
243114604,1673
243115604,1648
243116604,1679
243117604,1662
243118604,1631
243119604,1613
243120604,1585
243121604,1601
243122604,1625
243123604,1647
243124604,1641
243125604,1608
243126604,1600
243127604,1561
243128604,1554
243129604,1535
243130604,1520
243141007,1296
243142007,1312
243143007,1277
243144007,1232
243145007,1244
243146007,1217
243147007,1201
243148007,1180
243149007,1163
243150007,1170
243151007,1186
243152007,1193
243153007,1159
243154007,1141
243155007,1121
243156007,1109
243157007,1102
243158007,1098
243159007,1099
243160007,1088
243161007,1072
243162007,1075
243163007,1095
243164007,1115
243174426,1392
243175426,1525
243176426,1677
243177426,1737
243178426,1726
243179426,1811
243180426,1969
243181426,2067
243182426,2107
243183426,2113
243184426,2083
243185426,2037
243186426,2019
243187426,2028
243188426,1998
243189426,1965
243190426,1919
243191426,1900
243192426,1855
243193426,1815
243194426,1791
243195426,1739
243196426,1702
243197426,1685
243198426,1680
243208818,1535
243209818,1522
243210818,1471
243211818,1451
243212818,1456
243213818,1451
243214818,1473
243215818,1458
243216818,1465
243217818,1484
243218818,1463
243219818,1441
243220818,1397
243221818,1367
243222818,1351
243223818,1340
243224818,1358
243225818,1392
243226818,1418
243227818,1427
243228818,1417
243229818,1387
243230818,1359
243231818,1359
243242246,1209
243243246,1195
243244246,1185
243245246,1159
243246246,1135
243247246,1110
243248246,1101
243249246,1082
243250246,1076
243251246,1061
243252246,1053
243253246,1034
243254246,1009
243255246,1040
243256246,1107
243257246,1168
243258246,1162
243259246,1147
243260246,1173
243261246,1229
243262246,1296
243263246,1332
243264246,1327
243265246,1335
243275658,2288
243276658,2405
243277658,2457
243278658,2460
243279658,2452
243280658,2434
243281658,2462
243282658,2501
243283658,2531
243284658,2475
243285658,2447
243286658,2430
243287658,2441
243288658,2386
243289658,2375
243290658,2384
243291658,2414
243292658,2431
243293658,2430
243294658,2443
243295658,2420
243296658,2407
243297658,2352
243298658,2347
243309060,2585
243310060,2559
243311060,2523
243312060,2466
243313060,2429
243314060,2379
243315060,2329
243316060,2291
243317060,2279
243318060,2235
243319060,2288
243320060,2372
243321060,2418
243322060,2421
243323060,2401
243324060,2458
243325060,2480
243326060,2465
243327060,2438
243328060,2480
243329060,2499
243330060,2463
243331060,2497
243332060,2631
243342480,2627
243343480,2559
243344480,2542
243345480,2503
243346480,2471
243347480,2449
243348480,2416
243349480,2413
243350480,2382
243351480,2352
243352480,2311
243353480,2269
243354480,2224
243355480,2178
243356480,2165
243357480,2149
243358480,2111
243359480,2063
243360480,2014
243361480,1999
243362480,1969
243363480,1951
243364480,1919
243365480,1890
243366480,1853
243376872,1840
243377872,1883
243378872,1956
243379872,2033
243380872,2083
243381872,2102
243382872,2065
243383872,2035
243384872,2000
243385872,1959
243386872,1991
243387872,2100
243388872,2233
243389872,2411
243390872,2646
243391872,2783
243392872,2773
243393872,2911
243394872,3184
243395872,3505
243396872,3786
243397872,3856
243398872,3870
243399872,3861
243410292,3344
243411292,3312
243412292,3285
243413292,3247
243414292,3227
243415292,3161
243416292,3087
243417292,3019
243418292,2943
243419292,2883
243420292,2864
243421292,2835
243422292,2803
243423292,2749
243424292,2736
243425292,2747
243426292,2775
243427292,2795
243428292,2760
243429292,2721
243430292,2687
243431292,2671
243432292,2639
243433292,2555
243443712,2187
243444712,2128
243445712,2106
243446712,2123
243447712,2081
243448712,2117
243449712,2070
243450712,2045
243451712,2063
243452712,2065
243453712,2022
243454712,2062
243455712,2228
243456712,2397
243457712,2486
243458712,2544
243459712,2603
243460712,2550
243461712,2687
243462712,2886
243463712,3008
243464712,3071
243465712,3127
243466712,3088
243477114,2953
243478114,2886
243479114,2839
243480114,2865
243481114,2975
243482114,3110
243483114,3224
243484114,3286
243485114,3241
243486114,3199
243487114,3277
243488114,3389
243489114,3550
243490114,3713
243491114,3793
243492114,3696
243493114,3696
243494114,3803
243495114,3858
243496114,3871
243497114,3827
243498114,3808
243499114,3767
243500114,3760
243510534,3443
243511534,3358
243512534,3285
243513534,3259
243514534,3248
243515534,3187
243516534,3115
243517534,3034
243518534,3007
243519534,3003
243520534,3053
243521534,3146
243522534,3200
243523534,3184
243524534,3091
243525534,3043
243526534,3019
243527534,3109
243528534,3290
243529534,3414
243530534,3440
243531534,3382
243532534,3299
243533534,3295
243534534,3307
243544926,3156
243545926,3147
243546926,3111
243547926,3057
243548926,2995
243549926,3020
243550926,3150
243551926,3319
243552926,3472
243553926,3542
243554926,3561
243555926,3504
243556926,3463
243557926,3496
243558926,3504
243559926,3461
243560926,3366
243561926,3323
243562926,3408
243563926,3503
243564926,3447
243565926,3427
243566926,3558
243567926,3808
243578346,3874
243579346,3866
243580346,3875
243581346,3885
243582346,3888
243583346,3874
243584346,3888
243585346,3867
243586346,3863
243587346,3866
243588346,3857
243589346,3878
243590346,3862
243591346,3873
243592346,3879
243593346,3933
243594346,3872
243595346,3875
243596346,3873
243597346,3856
243598346,3857
243599346,3898
243600346,3873
243601346,3866
243611765,3873
243612765,3867
243613765,3862
243614765,3873
243615765,3861
243616765,3879
243617765,3862
243618765,3868
243619765,3723
243620765,3680
243621765,3863
243622765,3871
243623765,3887
243624765,3849
243625765,3857
243626765,3867
243627765,3877
243628765,3879
243629765,3881
243630765,3887
243631765,3877
243632765,3883
243633765,3869
243634765,3863
243645168,3867
243646168,3865
243647168,3858
243648168,3869
243649168,3828
243650168,3866
243651168,3863
243652168,3876
243653168,3884
243654168,3867
243655168,3869
243656168,3869
243657168,3877
243658168,3876
243659168,3865
243660168,3856
243661168,3864
243662168,3873
243663168,3862
243664168,3881
243665168,3871
243666168,3884
243667168,3877
243668168,3867
243678588,3863
243679588,3883
243680588,3871
243681588,3865
243682588,3861
243683588,3873
243684588,3860
243685588,3876
243686588,3839
243687588,3901
243688588,3873
243689588,3867
243690588,3871
243691588,3873
243692588,3857
243693588,3872
243694588,3882
243695588,3863
243696588,3911
243697588,3850
243698588,3877
243699588,3872
243700588,3871
243701588,3869
243702588,3868
243712980,3863
243713980,3845
243714980,3856
243715980,3831
243716980,3683
243717980,3568
243718980,3474
243719980,3406
243720980,3317
243721980,3290
243722980,3360
243723980,3419
243724980,3435
243725980,3382
243726980,3309
243727980,3247
243728980,3297
243729980,3271
243730980,3212
243731980,3204
243732980,3184
243733980,3143
243734980,3088
243735980,3024
243746400,2839
243747400,2844
243748400,2841
243749400,2803
243750400,2749
243751400,2688
243752400,2771
243753400,3165
243754400,3749
243755400,3868
243756400,3878
243757400,3886
243758400,3869
243759400,3856
243760400,3859
243761400,3872
243762400,3876
243763400,3873
243764400,3869
243765400,3866
243766400,3869
243767400,3882
243768400,3866
243769400,3867
243779819,3879
243780819,3868
243781819,3875
243782819,3873
243783819,3877
243784819,3859
243785819,3863
243786819,3847
243787819,3860
243788819,3857
243789819,3878
243790819,3862
243791819,3831
243792819,3865
243793819,3861
243794819,3868
243795819,3875
243796819,3859
243797819,3863
243798819,3877
243799819,3869
243800819,3874
243801819,3863
243802819,3866
243813230,3860
243814230,3890
243815230,3856
243816230,3870
243817230,3859
243818230,3875
243819230,3869
243820230,3849
243821230,3874
243822230,3891
243823230,3889
243824230,3878
243825230,3878
243826230,3885
243827230,3861
243828230,3889
243829230,3909
243830230,3881
243831230,3883
243832230,3871
243833230,3869
243834230,3875
243835230,3878
243836230,3878
243846642,3879
243847642,3877
243848642,3868
243849642,3867
243850642,3871
243851642,3861
243852642,3914
243853642,3871
243854642,3869
243855642,3867
243856642,3856
243857642,3859
243858642,3869
243859642,3872
243860642,3867
243861642,3881
243862642,3887
243863642,3859
243864642,3889
243865642,3872
243866642,3875
243867642,3881
243868642,3874
243869642,3888
243870642,3865
243881034,3880
243882034,3874
243883034,3883
243884034,3874
243885034,3877
243886034,3874
243887034,3875
243888034,3882
243889034,3877
243890034,3873
243891034,3867
243892034,3863
243893034,3873
243894034,3875
243895034,3868
243896034,3877
243897034,3854
243898034,3873
243899034,3868
243900034,3870
243901034,3850
243902034,3883
243903034,3864
243904034,3872
243914453,3876
243915453,3879
243916453,3878
243917453,3856
243918453,3870
243919453,3867
243920453,3882
243921453,3873
243922453,3885
243923453,3884
243924453,3875
243925453,3875
243926453,3883
243927453,3879
243928453,3871
243929453,3881
243930453,3871
243931453,3879
243932453,3869
243933453,3872
243934453,3871
243935453,3876
243936453,3879
243937453,3873
243947873,3863
243948873,3882
243949873,3885
243950873,3833
243951873,3887
243952873,3859
243953873,3879
243954873,3873
243955873,3857
243956873,3871
243957873,3887
243958873,3877
243959873,3879
243960873,3871
243961873,3871
243962873,3879
243963873,3854
243964873,3865
243965873,3862
243966873,3881
243967873,3873
243968873,3874
243969873,3857
243970873,3879
243981276,3877
243982276,3878
243983276,3869
243984276,3889
243985276,3873
243986276,3869
243987276,3881
243988276,3839
243989276,3871
243990276,3873
243991276,3862
243992276,3873
243993276,3887
243994276,3866
243995276,3859
243996276,3876
243997276,3857
243998276,3842
243999276,3877
244000276,3881
244001276,3872
244002276,3859
244003276,3877
244004276,3902
244014696,3863
244015696,3839
244016696,3871
244017696,3873
244018696,3865
244019696,3875
244020696,3877
244021696,3869
244022696,3877
244023696,3864
244024696,3888
244025696,3873
244026696,3870
244027696,3862
244028696,3868
244029696,3881
244030696,3877
244031696,3883
244032696,3882
244033696,3881
244034696,3882
244035696,3883
244036696,3877
244037696,3873
244038696,3817
244049088,3873
244050088,3845
244051088,3878
244052088,3886
244053088,3856
244054088,3873
244055088,3886
244056088,3875
244057088,3875
244058088,3870
244059088,3875
244060088,3891
244061088,3861
244062088,3911
244063088,3871
244064088,3858
244065088,3849
244066088,3883
244067088,3904
244068088,3879
244069088,3888
244070088,3871
244071088,3888
244072088,3873
244082507,3869
244083507,3861
244084507,3878
244085507,3873
244086507,3888
244087507,3879
244088507,3880
244089507,3884
244090507,3888
244091507,3872
244092507,3875
244093507,3867
244094507,3872
244095507,3882
244096507,3882
244097507,3888
244098507,3874
244099507,3879
244100507,3882
244101507,3869
244102507,3885
244103507,3875
244104507,3872
244105507,3872
244115927,3873
244116927,3863
244117927,3874
244118927,3885
244119927,3878
244120927,3877
244121927,3883
244122927,3882
244123927,3856
244124927,3869
244125927,3870
244126927,3867
244127927,3874
244128927,3877
244129927,3879
244130927,3860
244131927,3875
244132927,3874
244133927,3873
244134927,3856
244135927,3872
244136927,3881
244137927,3865
244138927,3819
244149330,3908
244150330,3875
244151330,3865
244152330,3876
244153330,3874
244154330,3856
244155330,3859
244156330,3859
244157330,3886
244158330,3875
244159330,3856
244160330,3872
244161330,3883
244162330,3859
244163330,3873
244164330,3882
244165330,3855
244166330,3908
244167330,3873
244168330,3873
244169330,3879
244170330,3890
244171330,3873
244172330,3878
244182749,3863
244183749,3844
244184749,3865
244185749,3878
244186749,3878
244187749,3885
244188749,3878
244189749,3879
244190749,3874
244191749,3856
244192749,3933
244193749,3878
244194749,3888
244195749,3869
244196749,3886
244197749,3879
244198749,3855
244199749,3869
244200749,3869
244201749,3875
244202749,3874
244203749,3877
244204749,3878
244205749,3867
244206749,3883
244217142,3865
244218142,3871
244219142,3881
244220142,3868
244221142,3885
244222142,3866
244223142,3925
244224142,3887
244225142,3883
244226142,3881
244227142,3872
244228142,3874
244229142,3874
244230142,3888
244231142,3882
244232142,3874
244233142,3879
244234142,3885
244235142,3877
244236142,3888
244237142,3871
244238142,3871
244239142,3887
244240142,3883
244250564,3863
244251564,3866
244252564,3878
244253564,3872
244254564,3863
244255564,3883
244256564,3861
244257564,3883
244258564,3882
244259564,3881
244260564,3894
244261564,3871
244262564,3881
244263564,3882
244264564,3888
244265564,3876
244266564,3877
244267564,3898
244268564,3874
244269564,3866
244270564,3919
244271564,3881
244272564,3871
244273564,3894
244283981,3872
244284981,3894
244285981,3878
244286981,3869
244287981,3886
244288981,3883
244289981,3877
244290981,3885
244291981,3884
244292981,3875
244293981,3859
244294981,3867
244295981,3824
244296981,3884
244297981,3869
244298981,3881
244299981,3856
244300981,3887
244301981,3872
244302981,3792
244303981,3871
244304981,3882
244305981,3872
244306981,3873
244317384,3866
244318384,3873
244319384,3856
244320384,3877
244321384,3872
244322384,3875
244323384,3872
244324384,3869
244325384,3857
244326384,3871
244327384,3871
244328384,3865
244329384,3875
244330384,3874
244331384,3862
244332384,3873
244333384,3843
244334384,3877
244335384,3875
244336384,3882
244337384,3879
244338384,3878
244339384,3872
244340384,3879
244350803,3883
244351803,3865
244352803,3883
244353803,3874
244354803,3865
244355803,3905
244356803,3875
244357803,3881
244358803,3867
244359803,3873
244360803,3859
244361803,3857
244362803,3877
244363803,3873
244364803,3887
244365803,3868
244366803,3862
244367803,3879
244368803,3866
244369803,3885
244370803,3874
244371803,3872
244372803,3871
244373803,3877
244374803,3871
244385195,3871
244386195,3872
244387195,3885
244388195,3871
244389195,3853
244390195,3871
244391195,3869
244392195,3872
244393195,3873
244394195,3888
244395195,3852
244396195,3878
244397195,3872
244398195,3870
244399195,3879
244400195,3871
244401195,3881
244402195,3882
244403195,3875
244404195,3885
244405195,3877
244406195,3864
244407195,3885
244408195,3875
244418615,3867
244419615,3885
244420615,3886
244421615,3873
244422615,3865
244423615,3869
244424615,3890
244425615,3886
244426615,3877
244427615,3867
244428615,3879
244429615,3867
244430615,3873
244431615,3888
244432615,3856
244433615,3877
244434615,3878
244435615,3867
244436615,3871
244437615,3863
244438615,3873
244439615,3863
244440615,3871
244441615,3877
244452035,3869
244453035,3885
244454035,3904
244455035,3872
244456035,3851
244457035,3887
244458035,3868
244459035,3873
244460035,3883
244461035,3883
244462035,3874
244463035,3868
244464035,3858
244465035,3877
244466035,3872
244467035,3905
244468035,3868
244469035,3871
244470035,3879
244471035,3858
244472035,3879
244473035,3877
244474035,3871
244475035,3888
244485438,3884
244486438,3861
244487438,3815
244488438,3883
244489438,3886
244490438,3867
244491438,3883
244492438,3872
244493438,3888
244494438,3852
244495438,3867
244496438,3876
244497438,3873
244498438,3881
244499438,3877
244500438,3879
244501438,3868
244502438,3869
244503438,3861
244504438,3877
244505438,3869
244506438,3856
244507438,3879
244508438,3889
244518857,3869
244519857,3869
244520857,3850
244521857,3861
244522857,3870
244523857,3872
244524857,3865
244525857,3878
244526857,3861
244527857,3879
244528857,3883
244529857,3872
244530857,3862
244531857,3822
244532857,3859
244533857,3874
244534857,3856
244535857,3883
244536857,3870
244537857,3866
244538857,3887
244539857,3863
244540857,3879
244541857,3870
244542857,3892
244553257,3879
244554257,3867
244555257,3871
244556257,3863
244557257,3861
244558257,3847
244559257,3876
244560257,3885
244561257,3879
244562257,3879
244563257,3889
244564257,3873
244565257,3872
244566257,3910
244567257,3877
244568257,3873
244569257,3877
244570257,3876
244571257,3907
244572257,3884
244573257,3888
244574257,3888
244575257,3872
244576257,3860
244586669,3882
244587669,3942
244588669,3863
244589669,3856
244590669,3885
244591669,3877
244592669,3888
244593669,3875
244594669,3870
244595669,3860
244596669,3863
244597669,3857
244598669,3879
244599669,3877
244600669,3872
244601669,3858
244602669,3874
244603669,3881
244604669,3869
244605669,3877
244606669,3858
244607669,3875
244608669,3869
244609669,3853
244620089,3885
244621089,3869
244622089,3888
244623089,3859
244624089,3872
244625089,3861
244626089,3884
244627089,3863
244628089,3867
244629089,3898
244630089,3829
244631089,3859
244632089,3863
244633089,3891
244634089,3867
244635089,3879
244636089,3906
244637089,3869
244638089,3888
244639089,3856
244640089,3867
244641089,3866
244642089,3863
244643089,3863
244653491,3860
244654491,3877
244655491,3879
244656491,3876
244657491,3869
244658491,3861
244659491,3883
244660491,3882
244661491,3878
244662491,3872
244663491,3875
244664491,3884
244665491,3881
244666491,3881
244667491,3865
244668491,3869
244669491,3867
244670491,3871
244671491,3872
244672491,3885
244673491,3862
244674491,3865
244675491,3871
244676491,3871
244686911,3874
244687911,3874
244688911,3886
244689911,3883
244690911,3873
244691911,3900
244692911,3884
244693911,3897
244694911,3887
244695911,3872
244696911,3869
244697911,3873
244698911,3871
244699911,3881
244700911,3876
244701911,3878
244702911,3877
244703911,3876
244704911,3878
244705911,3859
244706911,3871
244707911,3874
244708911,3862
244709911,3865
244710911,3875
244721303,3835
244722303,3876
244723303,3871
244724303,3862
244725303,3879
244726303,3871
244727303,3878
244728303,3862
244729303,3879
244730303,3871
244731303,3883
244732303,3871
244733303,3879
244734303,3873
244735303,3871
244736303,3869
244737303,3856
244738303,3867
244739303,3871
244740303,3871
244741303,3871
244742303,3868
244743303,3881
244744303,3885
244754723,3861
244755723,3858
244756723,3883
244757723,3877
244758723,3886
244759723,3875
244760723,3887
244761723,3871
244762723,3842
244763723,3889
244764723,3866
244765723,3873
244766723,3869
244767723,3882
244768723,3870
244769723,3883
244770723,3873
244771723,3868
244772723,3859
244773723,3876
244774723,3879
244775723,3882
244776723,3883
244777723,3886
244788143,3867
244789143,3871
244790143,3877
244791143,3879
244792143,3871
244793143,3863
244794143,3874
244795143,3874
244796143,3870
244797143,3869
244798143,3881
244799143,3879
244800143,3863
244801143,3883
244802143,3875
244803143,3888
244804143,3863
244805143,3857
244806143,3879
244807143,3855
244808143,3876
244809143,3875
244810143,3876
244811143,3866
244821545,3881
244822545,3874
244823545,3871
244824545,3871
244825545,3867
244826545,3882
244827545,3875
244828545,3871
244829545,3913
244830545,3863
244831545,3879
244832545,3882
244833545,3883
244834545,3875
244835545,3887
244836545,3875
244837545,3879
244838545,3879
244839545,3878
244840545,3881
244841545,3872
244842545,3877
244843545,3874
244844545,3871
244854965,3888
244855965,3867
244856965,3882
244857965,3871
244858965,3871
244859965,3877
244860965,3859
244861965,3877
244862965,3862
244863965,3877
244864965,3873
244865965,3881
244866965,3911
244867965,3881
244868965,3865
244869965,3885
244870965,3885
244871965,3873
244872965,3871
244873965,3887
244874965,3853
244875965,3883
244876965,3872
244877965,3874
244878965,3873
244889357,3872
244890357,3856
244891357,3887
244892357,3869
244893357,3903
244894357,3873
244895357,3865
244896357,3881
244897357,3875
244898357,3867
244899357,3874
244900357,3879
244901357,3867
244902357,3879
244903357,3867
244904357,3878
244905357,3888
244906357,3889
244907357,3863
244908357,3878
244909357,3929
244910357,3904
244911357,3869
244912357,3863
244922777,3876
244923777,3857
244924777,3875
244925777,3907
244926777,3874
244927777,3867
244928777,3878
244929777,3883
244930777,3881
244931777,3878
244932777,3873
244933777,3881
244934777,3883
244935777,3858
244936777,3878
244937777,3866
244938777,3821
244939777,3861
244940777,3859
244941777,3877
244942777,3878
244943777,3878
244944777,3875
244945777,3883
244956196,3872
244957196,3895
244958196,3883
244959196,3885
244960196,3885
244961196,3879
244962196,3871
244963196,3872
244964196,3888
244965196,3883
244966196,3863
244967196,3882
244968196,3888
244969196,3871
244970196,3881
244971196,3883
244972196,3857
244973196,3871
244974196,3879
244975196,3888
244976196,3876
244977196,3876
244978196,3858
244979196,3871
244989599,3891
244990599,3878
244991599,3884
244992599,3867
244993599,3865
244994599,3877
244995599,3885
244996599,3875
244997599,3856
244998599,3858
244999599,3865
245000599,3863
245001599,3869
245002599,3876
245003599,3901
245004599,3885
245005599,3927
245006599,3877
245007599,3874
245008599,3878
245009599,3874
245010599,3878
245011599,3883
245012599,3877
245023019,3874
245024019,3879
245025019,3878
245026019,3870
245027019,3806
245028019,3865
245029019,3875
245030019,3892
245031019,3917
245032019,3871
245033019,3862
245034019,3878
245035019,3935
245036019,3869
245037019,3873
245038019,3869
245039019,3907
245040019,3879
245041019,3887
245042019,3872
245043019,3880
245044019,3882
245045019,3871
245046019,3877
245047019,3862
245057411,3859
245058411,3885
245059411,3888
245060411,3857
245061411,3870
245062411,3856
245063411,3888
245064411,3882
245065411,3888
245066411,3877
245067411,3873
245068411,3884
245069411,3875
245070411,3915
245071411,3898
245072411,3870
245073411,3884
245074411,3881
245075411,3877
245076411,3862
245077411,3873
245078411,3877
245079411,3875
245080411,3884
245090831,3884
245091831,3875
245092831,3871
245093831,3888
245094831,3875
245095831,3872
245096831,3872
245097831,3869
245098831,3870
245099831,3887
245100831,3878
245101831,3888
245102831,3875
245103831,3887
245104831,3874
245105831,3866
245106831,3888
245107831,3841
245108831,3888
245109831,3901
245110831,3873
245111831,3881
245112831,3886
245113831,3856
245124258,3872
245125258,3883
245126258,3867
245127258,3887
245128258,3882
245129258,3899
245130258,3868
245131258,3874
245132258,3883
245133258,3889
245134258,3870
245135258,3879
245136258,3869
245137258,3878
245138258,3877
245139258,3883
245140258,3877
245141258,3865
245142258,3875
245143258,3876
245144258,3879
245145258,3881
245146258,3867
245147258,3870
245157653,3885
245158653,3879
245159653,3871
245160653,3875
245161653,3886
245162653,3870
245163653,3879
245164653,3873
245165653,3873
245166653,3872
245167653,3886
245168653,3881
245169653,3871
245170653,3873
245171653,3888
245172653,3879
245173653,3885
245174653,3860
245175653,3881
245176653,3866
245177653,3887
245178653,3867
245179653,3867
245180653,3877
245191073,3879
245192073,3873
245193073,3920
245194073,3873
245195073,3870
245196073,3867
245197073,3877
245198073,3881
245199073,3894
245200073,3867
245201073,3879
245202073,3824
245203073,3870
245204073,3860
245205073,3858
245206073,3877
245207073,3879
245208073,3886
245209073,3875
245210073,3886
245211073,3865
245212073,3877
245213073,3927
245214073,3879
245215073,3863
245225465,3869
245226465,3886
245227465,3871
245228465,3879
245229465,3883
245230465,3865
245231465,3879
245232465,3871
245233465,3816
245234465,3879
245235465,3867
245236465,3865
245237465,3876
245238465,3876
245239465,3872
245240465,3869
245241465,3866
245242465,3872
245243465,3878
245244465,3877
245245465,3871
245246465,3823
245247465,3856
245248465,3887
245258884,3876
245259884,3895
245260884,3874
245261884,3885
245262884,3878
245263884,3871
245264884,3866
245265884,3873
245266884,3886
245267884,3887
245268884,3887
245269884,3871
245270884,3878
245271884,3882
245272884,3877
245273884,3886
245274884,3868
245275884,3874
245276884,3869
245277884,3927
245278884,3870
245279884,3877
245280884,3875
245281884,3870
245292304,3870
245293304,3867
245294304,3875
245295304,3875
245296304,3874
245297304,3873
245298304,3885
245299304,3883
245300304,3888
245301304,3864
245302304,3873
245303304,3866
245304304,3895
245305304,3865
245306304,3882
245307304,3871
245308304,3876
245309304,3883
245310304,3888
245311304,3854
245312304,3871
245313304,3868
245314304,3857
245315304,3869
245325707,3895
245326707,3901
245327707,3887
245328707,3867
245329707,3883
245330707,3869
245331707,3877
245332707,3873
245333707,3878
245334707,3905
245335707,3873
245336707,3869
245337707,3874
245338707,3876
245339707,3885
245340707,3876
245341707,3923
245342707,3881
245343707,3871
245344707,3878
245345707,3856
245346707,3887
245347707,3873
245348707,3874
245359127,3875
245360127,3862
245361127,3863
245362127,3887
245363127,3875
245364127,3867
245365127,3887
245366127,3879
245367127,3900
245368127,3915
245369127,3859
245370127,3874
245371127,3876
245372127,3872
245373127,3878
245374127,3870
245375127,3877
245376127,3874
245377127,3877
245378127,3890
245379127,3861
245380127,3862
245381127,3878
245382127,3873
245383127,3869
245393519,3879
245394519,3861
245395519,3872
245396519,3881
245397519,3869
245398519,3877
245399519,3879
245400519,3879
245401519,3873
245402519,3873
245403519,3876
245404519,3872
245405519,3873
245406519,3884
245407519,3877
245408519,3875
245409519,3879
245410519,3875
245411519,3867
245412519,3868
245413519,3858
245414519,3883
245415519,3877
245416519,3871
245426938,3879
245427938,3856
245428938,3878
245429938,3876
245430938,3872
245431938,3872
245432938,3868
245433938,3877
245434938,3885
245435938,3879
245436938,3871
245437938,3917
245438938,3883
245439938,3895
245440938,3877
245441938,3873
245442938,3883
245443938,3869
245444938,3856
245445938,3876
245446938,3874
245447938,3873
245448938,3888
245449938,3882
245460358,3877
245461358,3878
245462358,3882
245463358,3890
245464358,3871
245465358,3901
245466358,3895
245467358,3879
245468358,3892
245469358,3857
245470358,3879
245471358,3847
245472358,3858
245473358,3856
245474358,3885
245475358,3858
245476358,3866
245477358,3869
245478358,3860
245479358,3947
245480358,3881
245481358,3888
245482358,3863
245483358,3870
245493761,3867
245494761,3883
245495761,3873
245496761,3891
245497761,3872
245498761,3881
245499761,3885
245500761,3872
245501761,3876
245502761,3878
245503761,3883
245504761,3862
245505761,3882
245506761,3825
245507761,3873
245508761,3823
245509761,3891
245510761,3871
245511761,3875
245512761,3891
245513761,3861
245514761,3869
245515761,3894
245516761,3875
245527180,3875
245528180,3873
245529180,3882
245530180,3878
245531180,3879
245532180,3863
245533180,3879
245534180,3874
245535180,3855
245536180,3883
245537180,3877
245538180,3888
245539180,3888
245540180,3863
245541180,3921
245542180,3875
245543180,3858
245544180,3874
245545180,3873
245546180,3868
245547180,3859
245548180,3880
245549180,3873
245550180,3861
245551180,3877
245561579,3874
245562579,3871
245563579,3841
245564579,3869
245565579,3891
245566579,3888
245567579,3861
245568579,3857
245569579,3913
245570579,3875
245571579,3856
245572579,3859
245573579,3874
245574579,3872
245575579,3857
245576579,3861
245577579,3888
245578579,3870
245579579,3862
245580579,3841
245581579,3863
245582579,3689
245583579,3551
245584579,3411
245594992,2687
245595992,2621
245596992,2559
245597992,2503
245598992,2449
245599992,2410
245600992,2355
245601992,2304
245602992,2249
245603992,2192
245604992,2155
245605992,2119
245606992,2071
245607992,2035
245608992,1991
245609992,2032
245610992,2175
245611992,2405
245612992,2656
245613992,2899
245614992,3102
245615992,3158
245616992,3088
245617992,3178
245628412,3862
245629412,3885
245630412,3865
245631412,3870
245632412,3856
245633412,3867
245634412,3863
245635412,3855
245636412,3881
245637412,3856
245638412,3861
245639412,3870
245640412,3838
245641412,3776
245642412,3697
245643412,3609
245644412,3504
245645412,3408
245646412,3319
245647412,3247
245648412,3191
245649412,3130
245650412,3057
245651412,2993
245661815,2375
245662815,2320
245663815,2285
245664815,2229
245665815,2181
245666815,2153
245667815,2087
245668815,2032
245669815,1986
245670815,1963
245671815,1913
245672815,1871
245673815,1819
245674815,1792
245675815,1749
245676815,1708
245677815,1678
245678815,1640
245679815,1609
245680815,1563
245681815,1535
245682815,1488
245683815,1466
245684815,1434
245695242,1319
245696242,1300
245697242,1296
245698242,1384
245699242,1531
245700242,1698
245701242,1843
245702242,1930
245703242,1940
245704242,1930
245705242,1988
245706242,2134
245707242,2337
245708242,2585
245709242,2823
245710242,3034
245711242,3154
245712242,3199
245713242,3149
245714242,3071
245715242,3017
245716242,2975
245717242,2948
245718242,2913
245719242,2881
245729626,2480
245730626,2427
245731626,2367
245732626,2320
245733626,2271
245734626,2222
245735626,2176
245736626,2137
245737626,2095
245738626,2039
245739626,1999
245740626,1957
245741626,1904
245742626,1863
245743626,1840
245744626,1791
245745626,1749
245746626,1718
245747626,1681
245748626,1647
245749626,1603
245750626,1579
245751626,1532
245752626,1501
245763046,1197
245764046,1174
245765046,1151
245766046,1141
245767046,1097
245768046,1075
245769046,1049
245770046,1023
245771046,1004
245772046,988
245773046,960
245774046,941
245775046,915
245776046,912
245777046,880
245778046,863
245779046,838
245780046,829
245781046,811
245782046,794
245783046,783
245784046,757
245785046,746
245786046,725
245787046,720
245788046,697
245789046,688
245790046,676
245800442,553
245801442,577
245802442,592
245803442,597
245804442,595
245805442,583
245806442,575
245807442,555
245808442,556
245809442,560
245810442,563
245811442,575
245812442,576
245813442,567
245814442,554
245815442,548
245816442,531
245817442,531
245818442,537
245819442,533
245820442,525
245821442,505
245822442,496
245823442,485
245824442,483
245825442,464
245826442,465
245827442,464
245828442,449
245829442,445
245830442,445
245840893,362
245841893,352
245842893,344
245843893,339
245844893,325
245845893,326
245846893,329
245847893,318
245848893,314
245849893,300
245850893,291
245851893,287
245852893,294
245853893,263
245854893,277
245855893,269
245856893,275
245857893,261
245858893,246
245859893,251
245860893,252
245861893,241
245862893,239
245863893,240
245864893,240
245865893,226
245866893,217
245867893,212
245868893,215
245869893,209
245870893,203
245871893,210
245882316,171
245883316,163
245884316,169
245885316,168
245886316,160
245887316,172
245888316,159
245889316,161
245890316,167
245891316,161
245892316,161
245893316,155
245894316,155
245895316,160
245896316,147
245897316,160
245898316,149
245899316,161
245900316,172
245901316,145
245902316,162
245903316,176
245904316,166
245905316,164
245906316,155
245907316,169
245908316,159
245909316,147
245910316,162
245911316,153
245912316,145
245922767,123
245923767,130
245924767,128
245925767,125
245926767,124
245927767,118
245928767,122
245929767,115
245930767,112
245931767,111
245932767,113
245933767,115
245934767,112
245935767,111
245936767,114
245937767,105
245938767,108
245939767,106
245940767,110
245941767,109
245942767,107
245943767,99
245944767,104
245945767,101
245946767,101
245947767,108
245948767,108
245949767,95
245950767,95
245951767,96
245952767,112
245953767,90
245964155,80
245965155,85
245966155,80
245967155,81
245968155,80
245969155,80
245970155,80
245971155,84
245972155,81
245973155,81
245974155,75
245975155,80
245976155,78
245977155,80
245978155,75
245979155,80
245980155,82
245981155,77
245982155,71
245983155,70
245984155,79
245985155,74
245986155,72
245987155,73
245988155,65
245989155,69
245990155,72
245991155,75
245992155,73
245993155,67
245994155,73
245995155,77
245996155,72
245997155,72
245998155,73
245999155,65
246000155,73
246001155,67
246002155,67
246003155,67
246004155,67
246005155,70
246006155,67
246007155,71
246017540,65
246018540,72
246019540,63
246020540,61
246021540,65
246022540,79
246023540,68
246024540,64
246025540,64
246026540,65
246027540,67
246028540,62
246029540,67
246030540,63
246031540,67
246032540,68
246033540,64
246034540,68
246035540,67
246036540,68
246037540,75
246038540,80
246039540,77
246040540,80
246041540,74
246042540,69
246043540,81
246044540,65
246045540,67
246046540,74
246047540,64
246048540,72
246049540,75
246050540,80
246051540,65
246052540,70
246053540,80
246054540,65
246055540,67
246056540,76
246057540,77
246058540,67
246059540,73
246060540,76
246070942,69
246071942,69
246072942,68
246073942,64
246074942,55
246075942,55
246076942,68
246077942,68
246078942,66
246079942,67
246080942,65
246081942,61
246082942,70
246083942,66
246084942,69
246085942,65
246086942,67
246087942,67
246088942,59
246089942,67
246090942,65
246091942,67
246092942,61
246093942,64
246094942,61
246095942,59
246096942,64
246097942,69
246098942,57
246099942,60
246100942,65
246101942,64
246102942,68
246103942,65
246104942,54
246105942,57
246106942,65
246107942,56
246108942,68
246109942,80
246110942,51
246111942,65
246112942,63
246123355,59
246124355,61
246125355,65
246126355,61
246127355,68
246128355,61
246129355,59
246130355,56
246131355,61
246132355,58
246133355,59
246134355,61
246135355,62
246136355,64
246137355,54
246138355,53
246139355,61
246140355,66
246141355,71
246142355,73
246143355,80
246144355,80
246145355,90
246146355,77
246147355,84
246148355,80
246149355,83
246150355,85
246151355,99
246152355,99
246153355,113
246154355,116
246155355,95
246156355,61
246157355,108
246158355,48
246159355,96
246160355,80
246161355,102
246162355,93
246163355,92
246164355,88
246174743,139
246175743,145
246176743,147
246177743,153
246178743,144
246179743,152
246180743,161
246181743,173
246182743,177
246183743,193
246184743,199
246185743,207
246186743,207
246187743,213
246188743,211
246189743,205
246190743,208
246191743,209
246192743,206
246193743,212
246194743,215
246195743,204
246196743,204
246197743,195
246198743,208
246199743,211
246200743,207
246201743,213
246202743,219
246203743,208
246204743,206
246205743,208
246216167,256
246217167,260
246218167,256
246219167,277
246220167,309
246221167,367
246222167,396
246223167,426
246224167,435
246225167,429
246226167,421
246227167,432
246228167,450
246229167,475
246230167,511
246231167,537
246232167,556
246233167,564
246234167,559
246235167,541
246236167,543
246237167,558
246238167,566
246239167,603
246240167,601
246241167,612
246242167,607
246243167,599
246244167,624
246245167,654
246246167,673
246256617,795
246257617,812
246258617,833
246259617,876
246260617,913
246261617,985
246262617,1061
246263617,1131
246264617,1246
246265617,1269
246266617,1312
246267617,1343
246268617,1360
246269617,1350
246270617,1323
246271617,1296
246272617,1277
246273617,1270
246274617,1289
246275617,1381
246276617,1491
246277617,1663
246278617,1905
246279617,2176
246280617,2411
246281617,2559
246292034,3184
246293034,3267
246294034,3355
246295034,3360
246296034,3329
246297034,3312
246298034,3317
246299034,3295
246300034,3228
246301034,3186
246302034,3241
246303034,3351
246304034,3536
246305034,3739
246306034,3868
246307034,3871
246308034,3867
246309034,3862
246310034,3856
246311034,3865
246312034,3869
246313034,3869
246314034,3859
246315034,3877
246325454,3870
246326454,3863
246327454,3875
246328454,3859
246329454,3872
246330454,3854
246331454,3871
246332454,3871
246333454,3881
246334454,3849
246335454,3875
246336454,3909
246337454,3878
246338454,3871
246339454,3879
246340454,3871
246341454,3875
246342454,3878
246343454,3871
246344454,3875
246345454,3875
246346454,3877
246347454,3866
246348454,3859
246358873,3875
246359873,3877
246360873,3876
246361873,3876
246362873,3870
246363873,3878
246364873,3856
246365873,3882
246366873,3887
246367873,3834
246368873,3885
246369873,3874
246370873,3878
246371873,3871
246372873,3884
246373873,3866
246374873,3847
246375873,3874
246376873,3877
246377873,3874
246378873,3865
246379873,3872
246380873,3884
246381873,3898
246392276,3874
246393276,3876
246394276,3848
246395276,3889
246396276,3873
246397276,3872
246398276,3871
246399276,3877
246400276,3856
246401276,3927
246402276,3854
246403276,3878
246404276,3882
246405276,3873
246406276,3866
246407276,3872
246408276,3874
246409276,3888
246410276,3879
246411276,3872
246412276,3881
246413276,3883
246414276,3867
246415276,3857
246425696,3925
246426696,3879
246427696,3913
246428696,3881
246429696,3873
246430696,3856
246431696,3872
246432696,3872
246433696,3875
246434696,3889
246435696,3857
246436696,3878
246437696,3875
246438696,3875
246439696,3874
246440696,3870
246441696,3878
246442696,3867
246443696,3871
246444696,3853
246445696,3887
246446696,3889
246447696,3873
246448696,3884
246449696,3875
246460088,3874
246461088,3871
246462088,3874
246463088,3875
246464088,3861
246465088,3877
246466088,3882
246467088,3878
246468088,3885
246469088,3861
246470088,3867
246471088,3877
246472088,3879
246473088,3876
246474088,3903
246475088,3929
246476088,3881
246477088,3857
246478088,3876
246479088,3857
246480088,3875
246481088,3885
246482088,3870
246483088,3870
246493508,3866
246494508,3883
246495508,3888
246496508,3877
246497508,3873
246498508,3874
246499508,3873
246500508,3867
246501508,3879
246502508,3869
246503508,3882
246504508,3878
246505508,3886
246506508,3883
246507508,3874
246508508,3873
246509508,3869
246510508,3867
246511508,3863
246512508,3860
246513508,3871
246514508,3879
246515508,3888
246516508,3867
246526927,3883
246527927,3877
246528927,3888
246529927,3867
246530927,3863
246531927,3883
246532927,3882
246533927,3872
246534927,3861
246535927,3885
246536927,3873
246537927,3872
246538927,3889
246539927,3887
246540927,3863
246541927,3871
246542927,3861
246543927,3863
246544927,3870
246545927,3872
246546927,3877
246547927,3878
246548927,3888
246549927,3870
246560330,3875
246561330,3865
246562330,3871
246563330,3881
246564330,3860
246565330,3883
246566330,3866
246567330,3884
246568330,3863
246569330,3883
246570330,3873
246571330,3856
246572330,3867
246573330,3874
246574330,3898
246575330,3861
246576330,3881
246577330,3882
246578330,3869
246579330,3901
246580330,3874
246581330,3850
246582330,3866
246583330,3884
246593750,3878
246594750,3870
246595750,3886
246596750,3887
246597750,3875
246598750,3867
246599750,3869
246600750,3879
246601750,3873
246602750,3888
246603750,3867
246604750,3887
246605750,3883
246606750,3879
246607750,3895
246608750,3870
246609750,3909
246610750,3877
246611750,3872
246612750,3882
246613750,3895
246614750,3875
246615750,3854
246616750,3877
246617750,3910
246628142,3868
246629142,3878
246630142,3885
246631142,3866
246632142,3887
246633142,3871
246634142,3876
246635142,3873
246636142,3875
246637142,3877
246638142,3881
246639142,3874
246640142,3877
246641142,3834
246642142,3875
246643142,3874
246644142,3881
246645142,3874
246646142,3883
246647142,3871
246648142,3875
246649142,3872
246650142,3877
246651142,3878
246661564,3833
246662564,3863
246663564,3877
246664564,3838
246665564,3878
246666564,3877
246667564,3877
246668564,3914
246669564,3873
246670564,3888
246671564,3905
246672564,3905
246673564,3862
246674564,3888
246675564,3878
246676564,3888
246677564,3887
246678564,3869
246679564,3877
246680564,3882
246681564,3870
246682564,3876
246683564,3873
246684564,3885
246694981,3862
246695981,3870
246696981,3877
246697981,3874
246698981,3866
246699981,3872
246700981,3884
246701981,3869
246702981,3899
246703981,3873
246704981,3878
246705981,3883
246706981,3877
246707981,3878
246708981,3839
246709981,3875
246710981,3877
246711981,3872
246712981,3831
246713981,3882
246714981,3878
246715981,3887
246716981,3877
246717981,3879
246728384,3879
246729384,3857
246730384,3862
246731384,3872
246732384,3885
246733384,3886
246734384,3878
246735384,3883
246736384,3881
246737384,3888
246738384,3887
246739384,3874
246740384,3873
246741384,3870
246742384,3883
246743384,3866
246744384,3867
246745384,3882
246746384,3863
246747384,3859
246748384,3874
246749384,3884
246750384,3889
246751384,3865
246761804,3877
246762804,3886
246763804,3893
246764804,3873
246765804,3887
246766804,3875
246767804,3882
246768804,3869
246769804,3875
246770804,3877
246771804,3877
246772804,3881
246773804,3888
246774804,3873
246775804,3873
246776804,3873
246777804,3871
246778804,3872
246779804,3873
246780804,3887
246781804,3879
246782804,3885
246783804,3879
246784804,3881
246785804,3885
246796196,3878
246797196,3871
246798196,3874
246799196,3877
246800196,3866
246801196,3890
246802196,3886
246803196,3856
246804196,3886
246805196,3886
246806196,3893
246807196,3877
246808196,3874
246809196,3877
246810196,3878
246811196,3885
246812196,3866
246813196,3877
246814196,3867
246815196,3873
246816196,3878
246817196,3874
246818196,3870
246819196,3879
246829615,3887
246830615,3881
246831615,3879
246832615,3877
246833615,3885
246834615,3887
246835615,3889
246836615,3899
246837615,3879
246838615,3865
246839615,3853
246840615,3879
246841615,3867
246842615,3894
246843615,3845
246844615,3875
246845615,3887
246846615,3819
246847615,3862
246848615,3841
246849615,3818
246850615,3887
246851615,3847
246852615,3879
246863035,3888
246864035,3888
246865035,3888
246866035,3881
246867035,3884
246868035,3867
246869035,3880
246870035,3881
246871035,3867
246872035,3886
246873035,3883
246874035,3878
246875035,3868
246876035,3863
246877035,3867
246878035,3871
246879035,3871
246880035,3870
246881035,3872
246882035,3856
246883035,3885
246884035,3878
246885035,3873
246886035,3867
246896438,3876
246897438,3879
246898438,3872
246899438,3877
246900438,3870
246901438,3885
246902438,3856
246903438,3878
246904438,3882
246905438,3882
246906438,3878
246907438,3875
246908438,3874
246909438,3879
246910438,3877
246911438,3867
246912438,3889
246913438,3874
246914438,3882
246915438,3899
246916438,3883
246917438,3886
246918438,3870
246919438,3889
246929857,3882
246930857,3882
246931857,3862
246932857,3883
246933857,3875
246934857,3874
246935857,3876
246936857,3864
246937857,3882
246938857,3881
246939857,3875
246940857,3869
246941857,3869
246942857,3859
246943857,3875
246944857,3871
246945857,3882
246946857,3890
246947857,3877
246948857,3858
246949857,3884
246950857,3885
246951857,3867
246952857,3871
246953857,3885
246964257,3879
246965257,3859
246966257,3898
246967257,3890
246968257,3873
246969257,3861
246970257,3887
246971257,3870
246972257,3881
246973257,3873
246974257,3875
246975257,3878
246976257,3883
246977257,3878
246978257,3881
246979257,3877
246980257,3885
246981257,3865
246982257,3878
246983257,3843
246984257,3857
246985257,3873
246986257,3862
246987257,3881
246997669,3861
246998669,3863
246999669,3871
247000669,3877
247001669,3857
247002669,3869
247003669,3872
247004669,3831
247005669,3871
247006669,3869
247007669,3870
247008669,3872
247009669,3872
247010669,3879
247011669,3865
247012669,3873
247013669,3885
247014669,3870
247015669,3872
247016669,3866
247017669,3877
247018669,3869
247019669,3869
247020669,3882
247031089,3872
247032089,3877
247033089,3885
247034089,3878
247035089,3885
247036089,3888
247037089,3870
247038089,3866
247039089,3879
247040089,3878
247041089,3886
247042089,3890
247043089,3877
247044089,3873
247045089,3884
247046089,3866
247047089,3871
247048089,3875
247049089,3874
247050089,3886
247051089,3875
247052089,3874
247053089,3889
247054089,3867
247064492,3877
247065492,3877
247066492,3862
247067492,3875
247068492,3870
247069492,3865
247070492,3873
247071492,3883
247072492,3877
247073492,3879
247074492,3875
247075492,3879
247076492,3879
247077492,3882
247078492,3849
247079492,3877
247080492,3877
247081492,3861
247082492,3869
247083492,3883
247084492,3872
247085492,3886
247086492,3872
247087492,3875
247097911,3888
247098911,3865
247099911,3883
247100911,3895
247101911,3890
247102911,3888
247103911,3865
247104911,3845
247105911,3866
247106911,3857
247107911,3871
247108911,3883
247109911,3867
247110911,3864
247111911,3881
247112911,3882
247113911,3866
247114911,3881
247115911,3883
247116911,3879
247117911,3869
247118911,3901
247119911,3877
247120911,3867
247121911,3865
247132303,3876
247133303,3809
247134303,3872
247135303,3861
247136303,3879
247137303,3867
247138303,3886
247139303,3878
247140303,3885
247141303,3873
247142303,3886
247143303,3887
247144303,3888
247145303,3938
247146303,3886
247147303,3886
247148303,3876
247149303,3878
247150303,3883
247151303,3866
247152303,3875
247153303,3872
247154303,3883
247155303,3875
247165723,3881
247166723,3881
247167723,3867
247168723,3863
247169723,3874
247170723,3877
247171723,3901
247172723,3879
247173723,3881
247174723,3874
247175723,3884
247176723,3873
247177723,3872
247178723,3898
247179723,3904
247180723,3887
247181723,3894
247182723,3883
247183723,3878
247184723,3878
247185723,3856
247186723,3879
247187723,3839
247188723,3885
247199143,3875
247200143,3874
247201143,3875
247202143,3881
247203143,3872
247204143,3893
247205143,3867
247206143,3882
247207143,3847
247208143,3856
247209143,3866
247210143,3867
247211143,3862
247212143,3876
247213143,3885
247214143,3905
247215143,3875
247216143,3861
247217143,3867
247218143,3865
247219143,3883
247220143,3885
247221143,3861
247222143,3876
247232546,3872
247233546,3870
247234546,3882
247235546,3871
247236546,3874
247237546,3887
247238546,3877
247239546,3872
247240546,3877
247241546,3878
247242546,3878
247243546,3886
247244546,3877
247245546,3883
247246546,3879
247247546,3869
247248546,3877
247249546,3873
247250546,3874
247251546,3859
247252546,3876
247253546,3865
247254546,3882
247255546,3874
247265965,3883
247266965,3870
247267965,3887
247268965,3870
247269965,3885
247270965,3866
247271965,3862
247272965,3873
247273965,3837
247274965,3877
247275965,3812
247276965,3875
247277965,3887
247278965,3874
247279965,3859
247280965,3919
247281965,3873
247282965,3859
247283965,3877
247284965,3879
247285965,3879
247286965,3837
247287965,3867
247288965,3875
247289965,3852
247300357,3891
247301357,3865
247302357,3883
247303357,3871
247304357,3862
247305357,3871
247306357,3876
247307357,3875
247308357,3877
247309357,3874
247310357,3855
247311357,3859
247312357,3885
247313357,3859
247314357,3870
247315357,3889
247316357,3863
247317357,3863
247318357,3874
247319357,3888
247320357,3879
247321357,3871
247322357,3873
247323357,3888
247333777,3863
247334777,3858
247335777,3880
247336777,3879
247337777,3875
247338777,3868
247339777,3856
247340777,3865
247341777,3879
247342777,3882
247343777,3881
247344777,3881
247345777,3867
247346777,3883
247347777,3878
247348777,3889
247349777,3871
247350777,3860
247351777,3867
247352777,3881
247353777,3902
247354777,3868
247355777,3886
247356777,3872
247367197,3873
247368197,3865
247369197,3867
247370197,3879
247371197,3831
247372197,3870
247373197,3885
247374197,3874
247375197,3864
247376197,3854
247377197,3881
247378197,3862
247379197,3863
247380197,3875
247381197,3879
247382197,3903
247383197,3881
247384197,3861
247385197,3885
247386197,3869
247387197,3874
247388197,3871
247389197,3881
247390197,3857
247400599,3872
247401599,3877
247402599,3888
247403599,3888
247404599,3886
247405599,3887
247406599,3877
247407599,3886
247408599,3882
247409599,3886
247410599,3880
247411599,3885
247412599,3891
247413599,3890
247414599,3863
247415599,3876
247416599,3876
247417599,3887
247418599,3879
247419599,3882
247420599,3874
247421599,3869
247422599,3884
247423599,3888
247434019,3878
247435019,3878
247436019,3876
247437019,3887
247438019,3868
247439019,3873
247440019,3874
247441019,3874
247442019,3877
247443019,3868
247444019,3875
247445019,3874
247446019,3890
247447019,3874
247448019,3877
247449019,3875
247450019,3883
247451019,3887
247452019,3879
247453019,3873
247454019,3871
247455019,3872
247456019,3859
247457019,3879
247458019,3872
247468411,3869
247469411,3888
247470411,3881
247471411,3879
247472411,3867
247473411,3842
247474411,3880
247475411,3850
247476411,3872
247477411,3877
247478411,3881
247479411,3869
247480411,3876
247481411,3875
247482411,3851
247483411,3856
247484411,3885
247485411,3872
247486411,3883
247487411,3877
247488411,3875
247489411,3878
247490411,3874
247491411,3877
247501831,3869
247502831,3887
247503831,3871
247504831,3890
247505831,3886
247506831,3885
247507831,3889
247508831,3867
247509831,3875
247510831,3885
247511831,3875
247512831,3880
247513831,3874
247514831,3870
247515831,3865
247516831,3883
247517831,3872
247518831,3883
247519831,3878
247520831,3874
247521831,3917
247522831,3883
247523831,3869
247524831,3862
247535258,3851
247536258,3882
247537258,3829
247538258,3877
247539258,3874
247540258,3870
247541258,3868
247542258,3872
247543258,3861
247544258,3824
247545258,3888
247546258,3891
247547258,3893
247548258,3877
247549258,3888
247550258,3886
247551258,3873
247552258,3856
247553258,3885
247554258,3879
247555258,3875
247556258,3885
247557258,3895
247558258,3881
247568653,3875
247569653,3875
247570653,3882
247571653,3877
247572653,3874
247573653,3877
247574653,3886
247575653,3887
247576653,3874
247577653,3882
247578653,3874
247579653,3875
247580653,3885
247581653,3875
247582653,3888
247583653,3901
247584653,3901
247585653,3871
247586653,3883
247587653,3876
247588653,3877
247589653,3867
247590653,3881
247591653,3862
247602073,3876
247603073,3874
247604073,3886
247605073,3882
247606073,3888
247607073,3883
247608073,3878
247609073,3879
247610073,3856
247611073,3881
247612073,3877
247613073,3876
247614073,3863
247615073,3875
247616073,3875
247617073,3883
247618073,3879
247619073,3856
247620073,3875
247621073,3893
247622073,3930
247623073,3883
247624073,3893
247625073,3905
247626073,3886
247636465,3849
247637465,3875
247638465,3878
247639465,3872
247640465,3874
247641465,3878
247642465,3879
247643465,3899
247644465,3874
247645465,3871
247646465,3871
247647465,3856
247648465,3876
247649465,3886
247650465,3873
247651465,3889
247652465,3866
247653465,3899
247654465,3887
247655465,3873
247656465,3883
247657465,3858
247658465,3859
247659465,3870
247669885,3890
247670885,3877
247671885,3872
247672885,3875
247673885,3871
247674885,3877
247675885,3879
247676885,3883
247677885,3873
247678885,3845
247679885,3884
247680885,3869
247681885,3871
247682885,3812
247683885,3867
247684885,3857
247685885,3887
247686885,3895
247687885,3877
247688885,3876
247689885,3886
247690885,3865
247691885,3872
247692885,3885
247703304,3877
247704304,3873
247705304,3877
247706304,3882
247707304,3879
247708304,3897
247709304,3885
247710304,3887
247711304,3873
247712304,3883
247713304,3866
247714304,3879
247715304,3879
247716304,3871
247717304,3879
247718304,3886
247719304,3859
247720304,3878
247721304,3879
247722304,3879
247723304,3873
247724304,3899
247725304,3883
247726304,3882
247736707,3885
247737707,3871
247738707,3881
247739707,3886
247740707,3888
247741707,3870
247742707,3893
247743707,3864
247744707,3859
247745707,3883
247746707,3887
247747707,3873
247748707,3909
247749707,3843
247750707,3876
247751707,3888
247752707,3882
247753707,3918
247754707,3869
247755707,3882
247756707,3899
247757707,3869
247758707,3869
247759707,3861
247770127,3877
247771127,3873
247772127,3879
247773127,3870
247774127,3863
247775127,3898
247776127,3886
247777127,3861
247778127,3872
247779127,3883
247780127,3875
247781127,3874
247782127,3872
247783127,3876
247784127,3887
247785127,3878
247786127,3873
247787127,3864
247788127,3877
247789127,3866
247790127,3874
247791127,3870
247792127,3873
247793127,3875
247794127,3872
247804519,3887
247805519,3865
247806519,3875
247807519,3870
247808519,3877
247809519,3879
247810519,3868
247811519,3871
247812519,3887
247813519,3874
247814519,3877
247815519,3875
247816519,3875
247817519,3875
247818519,3873
247819519,3872
247820519,3878
247821519,3874
247822519,3875
247823519,3883
247824519,3867
247825519,3874
247826519,3878
247827519,3888
247837939,3882
247838939,3888
247839939,3875
247840939,3882
247841939,3888
247842939,3877
247843939,3888
247844939,3888
247845939,3895
247846939,3882
247847939,3877
247848939,3879
247849939,3879
247850939,3888
247851939,3886
247852939,3889
247853939,3877
247854939,3867
247855939,3871
247856939,3876
247857939,3880
247858939,3878
247859939,3875
247860939,3883
247871358,3875
247872358,3876
247873358,3875
247874358,3865
247875358,3881
247876358,3886
247877358,3871
247878358,3869
247879358,3870
247880358,3883
247881358,3878
247882358,3877
247883358,3865
247884358,3877
247885358,3864
247886358,3866
247887358,3873
247888358,3879
247889358,3870
247890358,3874
247891358,3906
247892358,3869
247893358,3859
247894358,3841
247904761,3899
247905761,3877
247906761,3879
247907761,3879
247908761,3872
247909761,3887
247910761,3889
247911761,3870
247912761,3870
247913761,3877
247914761,3868
247915761,3876
247916761,3879
247917761,3881
247918761,3871
247919761,3872
247920761,3888
247921761,3862
247922761,3881
247923761,3885
247924761,3875
247925761,3874
247926761,3884
247927761,3864
247938181,3881
247939181,3869
247940181,3877
247941181,3884
247942181,3877
247943181,3873
247944181,3879
247945181,3886
247946181,3886
247947181,3870
247948181,3885
247949181,3881
247950181,3875
247951181,3866
247952181,3878
247953181,3875
247954181,3862
247955181,3872
247956181,3874
247957181,3875
247958181,3881
247959181,3879
247960181,3874
247961181,3873
247962181,3878
247972579,3871
247973579,3887
247974579,3887
247975579,3877
247976579,3881
247977579,3871
247978579,3870
247979579,3858
247980579,3872
247981579,3865
247982579,3886
247983579,3871
247984579,3863
247985579,3858
247986579,3871
247987579,3871
247988579,3866
247989579,3875
247990579,3875
247991579,3883
247992579,3874
247993579,3873
247994579,3883
247995579,3875
248005992,3873
248006992,3871
248007992,3869
248008992,3888
248009992,3871
248010992,3877
248011992,3881
248012992,3889
248013992,3893
248014992,3872
248015992,3870
248016992,3872
248017992,3873
248018992,3910
248019992,3888
248020992,3877
248021992,3870
248022992,3868
248023992,3867
248024992,3873
248025992,3885
248026992,3879
248027992,3872
248028992,3881
248039412,3879
248040412,3885
248041412,3875
248042412,3873
248043412,3871
248044412,3880
248045412,3878
248046412,3886
248047412,3881
248048412,3869
248049412,3879
248050412,3865
248051412,3876
248052412,3882
248053412,3879
248054412,3882
248055412,3876
248056412,3903
248057412,3888
248058412,3894
248059412,3872
248060412,3829
248061412,3872
248062412,3870
248072815,3870
248073815,3873
248074815,3883
248075815,3879
248076815,3900
248077815,3883
248078815,3884
248079815,3852
248080815,3888
248081815,3876
248082815,3882
248083815,3883
248084815,3873
248085815,3884
248086815,3882
248087815,3876
248088815,3885
248089815,3870
248090815,3882
248091815,3873
248092815,3876
248093815,3853
248094815,3870
248095815,3856
248106242,3863
248107242,3842
248108242,3863
248109242,3869
248110242,3867
248111242,3878
248112242,3873
248113242,3867
248114242,3876
248115242,3891
248116242,3861
248117242,3871
248118242,3879
248119242,3871
248120242,3867
248121242,3867
248122242,3863
248123242,3863
248124242,3875
248125242,3878
248126242,3872
248127242,3875
248128242,3876
248129242,3880
248130242,3874
248140627,3863
248141627,3876
248142627,3869
248143627,3888
248144627,3862
248145627,3877
248146627,3921
248147627,3877
248148627,3869
248149627,3855
248150627,3872
248151627,3886
248152627,3867
248153627,3870
248154627,3886
248155627,3850
248156627,3878
248157627,3873
248158627,3882
248159627,3817
248160627,3903
248161627,3869
248162627,3878
248163627,3879
248174046,3866
248175046,3854
248176046,3870
248177046,3882
248178046,3878
248179046,3871
248180046,3874
248181046,3875
248182046,3894
248183046,3877
248184046,3870
248185046,3856
248186046,3873
248187046,3873
248188046,3875
248189046,3881
248190046,3869
248191046,3869
248192046,3847
248193046,3875
248194046,3873
248195046,3883
248196046,3829
248197046,3849
248207466,3878
248208466,3871
248209466,3880
248210466,3871
248211466,3877
248212466,3863
248213466,3873
248214466,3875
248215466,3877
248216466,3871
248217466,3879
248218466,3882
248219466,3869
248220466,3870
248221466,3882
248222466,3874
248223466,3877
248224466,3866
248225466,3877
248226466,3887
248227466,3882
248228466,3874
248229466,3865
248230466,3879
248240869,3873
248241869,3859
248242869,3866
248243869,3871
248244869,3874
248245869,3872
248246869,3876
248247869,3872
248248869,3879
248249869,3865
248250869,3906
248251869,3888
248252869,3879
248253869,3869
248254869,3879
248255869,3871
248256869,3900
248257869,3850
248258869,3869
248259869,3878
248260869,3864
248261869,3867
248262869,3870
248263869,3877
248274288,3877
248275288,3877
248276288,3856
248277288,3872
248278288,3867
248279288,3879
248280288,3871
248281288,3867
248282288,3882
248283288,3871
248284288,3879
248285288,3894
248286288,3875
248287288,3860
248288288,3880
248289288,3856
248290288,3879
248291288,3841
248292288,3886
248293288,3857
248294288,3869
248295288,3881
248296288,3866
248297288,3876
248298288,3888
248308680,3888
248309680,3878
248310680,3876
248311680,3886
248312680,3876
248313680,3886
248314680,3867
248315680,3879
248316680,3871
248317680,3873
248318680,3871
248319680,3873
248320680,3875
248321680,3888
248322680,3863
248323680,3870
248324680,3888
248325680,3863
248326680,3867
248327680,3877
248328680,3872
248329680,3886
248330680,3875
248331680,3884
248342100,3877
248343100,3840
248344100,3879
248345100,3847
248346100,3877
248347100,3879
248348100,3878
248349100,3866
248350100,3871
248351100,3870
248352100,3875
248353100,3873
248354100,3893
248355100,3858
248356100,3871
248357100,3894
248358100,3888
248359100,3880
248360100,3987
248361100,3871
248362100,3886
248363100,3888
248364100,3907
248365100,3872
248375520,3878
248376520,3871
248377520,3873
248378520,3876
248379520,3869
248380520,3873
248381520,3873
248382520,3879
248383520,3877
248384520,3874
248385520,3863
248386520,3874
248387520,3868
248388520,3864
248389520,3872
248390520,3875
248391520,3869
248392520,3877
248393520,3879
248394520,3883
248395520,3873
248396520,3875
248397520,3873
248398520,3875
248408923,3872
248409923,3927
248410923,3879
248411923,3893
248412923,3862
248413923,3882
248414923,3885
248415923,3885
248416923,3871
248417923,3905
248418923,3889
248419923,3870
248420923,3889
248421923,3877
248422923,3888
248423923,3877
248424923,3895
248425923,3871
248426923,3875
248427923,3867
248428923,3887
248429923,3861
248430923,3876
248431923,3883
248442342,3862
248443342,3875
248444342,3893
248445342,3881
248446342,3888
248447342,3888
248448342,3867
248449342,3871
248450342,3874
248451342,3866
248452342,3883
248453342,3867
248454342,3885
248455342,3869
248456342,3886
248457342,3853
248458342,3828
248459342,3882
248460342,3858
248461342,3869
248462342,3858
248463342,3885
248464342,3878
248465342,3870
248466342,3878
248476734,3874
248477734,3873
248478734,3898
248479734,3866
248480734,3859
248481734,3842
248482734,3872
248483734,3875
248484734,3890
248485734,3851
248486734,3862
248487734,3857
248488734,3872
248489734,3883
248490734,3876
248491734,3897
248492734,3878
248493734,3881
248494734,3887
248495734,3871
248496734,3885
248497734,3866
248498734,3873
248499734,3862
248510154,3889
248511154,3861
248512154,3878
248513154,3879
248514154,3867
248515154,3867
248516154,3830
248517154,3873
248518154,3878
248519154,3874
248520154,3871
248521154,3876
248522154,3863
248523154,3870
248524154,3878
248525154,3882
248526154,3871
248527154,3877
248528154,3871
248529154,3873
248530154,3879
248531154,3873
248532154,3875
248533154,3881
248543579,3891
248544579,3829
248545579,3856
248546579,3875
248547579,3875
248548579,3888
248549579,3878
248550579,3869
248551579,3869
248552579,3873
248553579,3869
248554579,3873
248555579,3857
248556579,3872
248557579,3875
248558579,3871
248559579,3856
248560579,3859
248561579,3885
248562579,3856
248563579,3853
248564579,3870
248565579,3862
248566579,3873
248576976,3867
248577976,3854
248578976,3867
248579976,3888
248580976,3866
248581976,3824
248582976,3872
248583976,3895
248584976,3881
248585976,3872
248586976,3881
248587976,3885
248588976,3849
248589976,3871
248590976,3866
248591976,3874
248592976,3871
248593976,3874
248594976,3881
248595976,3857
248596976,3875
248597976,3863
248598976,3861
248599976,3875
248610396,3888
248611396,3869
248612396,3867
248613396,3879
248614396,3876
248615396,3876
248616396,3866
248617396,3875
248618396,3862
248619396,3876
248620396,3887
248621396,3877
248622396,3862
248623396,3873
248624396,3863
248625396,3875
248626396,3871
248627396,3873
248628396,3885
248629396,3874
248630396,3884
248631396,3895
248632396,3887
248633396,3874
248634396,3883
248644788,3888
248645788,3870
248646788,3851
248647788,3856
248648788,3897
248649788,3888
248650788,3870
248651788,3872
248652788,3864
248653788,3871
248654788,3867
248655788,3874
248656788,3875
248657788,3879
248658788,3875
248659788,3893
248660788,3870
248661788,3865
248662788,3873
248663788,3873
248664788,3873
248665788,3879
248666788,3871
248667788,3883
248678208,3887
248679208,3873
248680208,3859
248681208,3867
248682208,3856
248683208,3874
248684208,3882
248685208,3863
248686208,3868
248687208,3872
248688208,3864
248689208,3863
248690208,3873
248691208,3869
248692208,3863
248693208,3867
248694208,3873
248695208,3874
248696208,3871
248697208,3872
248698208,3858
248699208,3860
248700208,3871
248701208,3869
248711628,3875
248712628,3874
248713628,3865
248714628,3873
248715628,3862
248716628,3865
248717628,3874
248718628,3877
248719628,3865
248720628,3866
248721628,3866
248722628,3869
248723628,3859
248724628,3875
248725628,3865
248726628,3872
248727628,3888
248728628,3869
248729628,3867
248730628,3867
248731628,3867
248732628,3871
248733628,3868
248734628,3861
248745030,3874
248746030,3887
248747030,3870
248748030,3873
248749030,3863
248750030,3879
248751030,3859
248752030,3856
248753030,3865
248754030,3870
248755030,3864
248756030,3877
248757030,3859
248758030,3878
248759030,3869
248760030,3874
248761030,3870
248762030,3871
248763030,3853
248764030,3865
248765030,3860
248766030,3871
248767030,3825
248768030,3879
248778450,3871
248779450,3865
248780450,3863
248781450,3860
248782450,3869
248783450,3866
248784450,3862
248785450,3877
248786450,3867
248787450,3888
248788450,3862
248789450,3871
248790450,3875
248791450,3877
248792450,3874
248793450,3882
248794450,3877
248795450,3869
248796450,3873
248797450,3885
248798450,3868
248799450,3855
248800450,3871
248801450,3876
248802450,3871
248812842,3870
248813842,3856
248814842,3859
248815842,3866
248816842,3872
248817842,3905
248818842,3873
248819842,3849
248820842,3873
248821842,3882
248822842,3861
248823842,3855
248824842,3875
248825842,3861
248826842,3887
248827842,3863
248828842,3880
248829842,3877
248830842,3872
248831842,3882
248832842,3872
248833842,3871
248834842,3868
248835842,3868
248846266,3888
248847266,3887
248848266,3866
248849266,3873
248850266,3855
248851266,3852
248852266,3874
248853266,3856
248854266,3871
248855266,3872
248856266,3866
248857266,3875
248858266,3873
248859266,3863
248860266,3824
248861266,3877
248862266,3870
248863266,3883
248864266,3871
248865266,3857
248866266,3870
248867266,3871
248868266,3867
248869266,3876
248879682,3866
248880682,3857
248881682,3894
248882682,3811
248883682,3867
248884682,3874
248885682,3867
248886682,3866
248887682,3858
248888682,3869
248889682,3863
248890682,3859
248891682,3874
248892682,3885
248893682,3879
248894682,3869
248895682,3875
248896682,3873
248897682,3878
248898682,3871
248899682,3868
248900682,3871
248901682,3862
248902682,3866
248913084,3866
248914084,3879
248915084,3871
248916084,3856
248917084,3827
248918084,3869
248919084,3863
248920084,3881
248921084,3874
248922084,3859
248923084,3875
248924084,3863
248925084,3874
248926084,3875
248927084,3865
248928084,3871
248929084,3866
248930084,3872
248931084,3877
248932084,3888
248933084,3861
248934084,3875
248935084,3867
248936084,3877
248946504,3918
248947504,3864
248948504,3878
248949504,3876
248950504,3887
248951504,3863
248952504,3856
248953504,3866
248954504,3856
248955504,3861
248956504,3870
248957504,3863
248958504,3870
248959504,3870
248960504,3872
248961504,3878
248962504,3849
248963504,3866
248964504,3865
248965504,3852
248966504,3857
248967504,3857
248968504,3858
248969504,3851
248970504,3899
248980896,3617
248981896,3849
248982896,3859
248983896,3867
248984896,3861
248985896,3857
248986896,3857
248987896,3868
248988896,3859
248989896,3838
248990896,3859
248991896,3779
248992896,3707
248993896,3733
248994896,3793
248995896,3831
248996896,3824
248997896,3697
248998896,3610
248999896,3505
249000896,3450
249001896,3455
249002896,3424
249003896,3401
249014316,3011
249015316,3087
249016316,3180
249017316,3190
249018316,3122
249019316,3201
249020316,3328
249021316,3504
249022316,3583
249023316,3601
249024316,3514
249025316,3435
249026316,3349
249027316,3263
249028316,3189
249029316,3149
249030316,3123
249031316,3129
249032316,3203
249033316,3354
249034316,3511
249035316,3638
249036316,3659
249037316,3583
249047735,3457
249048735,3438
249049735,3376
249050735,3314
249051735,3328
249052735,3348
249053735,3306
249054735,3415
249055735,3652
249056735,3806
249057735,3871
249058735,3866
249059735,3789
249060735,3671
249061735,3575
249062735,3515
249063735,3433
249064735,3408
249065735,3383
249066735,3353
249067735,3298
249068735,3317
249069735,3412
249070735,3485
249081138,3689
249082138,3871
249083138,3863
249084138,3868
249085138,3873
249086138,3861
249087138,3859
249088138,3858
249089138,3877
249090138,3873
249091138,3867
249092138,3866
249093138,3850
249094138,3871
249095138,3904
249096138,3878
249097138,3902
249098138,3871
249099138,3873
249100138,3877
249101138,3869
249102138,3867
249103138,3857
249104138,3861
249114562,3865
249115562,3847
249116562,3859
249117562,3859
249118562,3866
249119562,3865
249120562,3856
249121562,3855
249122562,3863
249123562,3825
249124562,3717
249125562,3623
249126562,3539
249127562,3440
249128562,3357
249129562,3321
249130562,3326
249131562,3253
249132562,3258
249133562,3262
249134562,3257
249135562,3234
249136562,3181
249137562,3121
249138562,3041
249148950,2658
249149950,2701
249150950,2738
249151950,2715
249152950,2783
249153950,2895
249154950,2970
249155950,2992
249156950,2943
249157950,2877
249158950,2827
249159950,2767
249160950,2800
249161950,2818
249162950,2786
249163950,2898
249164950,3143
249165950,3469
249166950,3839
249167950,3879
249168950,3858
249169950,3871
249170950,3872
249171950,3856
249182370,3863
249183370,3865
249184370,3859
249185370,3865
249186370,3873
249187370,3861
249188370,3885
249189370,3869
249190370,3869
249191370,3883
249192370,3878
249193370,3885
249194370,3857
249195370,3861
249196370,3888
249197370,3856
249198370,3872
249199370,3879
249200370,3851
249201370,3873
249202370,3872
249203370,3856
249204370,3845
249205370,3857
249215789,3859
249216789,3921
249217789,3881
249218789,3874
249219789,3859
249220789,3879
249221789,3851
249222789,3866
249223789,3845
249224789,3859
249225789,3825
249226789,3798
249227789,3770
249228789,3905
249229789,3870
249230789,3857
249231789,3873
249232789,3863
249233789,3871
249234789,3862
249235789,3883
249236789,3847
249237789,3869
249238789,3865
249249192,3872
249250192,3868
249251192,3868
249252192,3870
249253192,3865
249254192,3869
249255192,3863
249256192,3857
249257192,3901
249258192,3857
249259192,3882
249260192,3866
249261192,3859
249262192,3864
249263192,3857
249264192,3894
249265192,3860
249266192,3837
249267192,3863
249268192,3859
249269192,3894
249270192,3871
249271192,3879
249272192,3885
249282612,3865
249283612,3872
249284612,3866
249285612,3856
249286612,3853
249287612,3872
249288612,3852
249289612,3747
249290612,3603
249291612,3481
249292612,3385
249293612,3296
249294612,3271
249295612,3277
249296612,3235
249297612,3173
249298612,3089
249299612,3024
249300612,2947
249301612,2893
249302612,2865
249303612,2821
249304612,2831
249305612,2854
249306612,2874
249317004,2653
249318004,2601
249319004,2607
249320004,2669
249321004,2749
249322004,2782
249323004,2761
249324004,2721
249325004,2659
249326004,2607
249327004,2543
249328004,2493
249329004,2436
249330004,2383
249331004,2381
249332004,2359
249333004,2323
249334004,2305
249335004,2261
249336004,2215
249337004,2201
249338004,2187
249339004,2139
249340004,2114
249350423,1947
249351423,1917
249352423,1873
249353423,1839
249354423,1823
249355423,1804
249356423,1797
249357423,1770
249358423,1728
249359423,1695
249360423,1661
249361423,1621
249362423,1605
249363423,1578
249364423,1535
249365423,1535
249366423,1561
249367423,1571
249368423,1573
249369423,1535
249370423,1567
249371423,1569
249372423,1563
249373423,1527
249383843,1453
249384843,1431
249385843,1409
249386843,1423
249387843,1451
249388843,1456
249389843,1433
249390843,1433
249391843,1447
249392843,1442
249393843,1424
249394843,1385
249395843,1360
249396843,1329
249397843,1307
249398843,1296
249399843,1329
249400843,1392
249401843,1397
249402843,1371
249403843,1379
249404843,1442
249405843,1505
249406843,1584
249417249,1811
249418249,1805
249419249,1746
249420249,1713
249421249,1756
249422249,1800
249423249,1761
249424249,1748
249425249,1782
249426249,1808
249427249,1808
249428249,1808
249429249,1792
249430249,1761
249431249,1726
249432249,1693
249433249,1685
249434249,1738
249435249,1750
249436249,1733
249437249,1697
249438249,1690
249439249,1755
249440249,1776
249450666,1985
249451666,2013
249452666,2080
249453666,2131
249454666,2159
249455666,2129
249456666,2139
249457666,2204
249458666,2243
249459666,2277
249460666,2256
249461666,2221
249462666,2175
249463666,2137
249464666,2123
249465666,2133
249466666,2145
249467666,2153
249468666,2151
249469666,2112
249470666,2065
249471666,2019
249472666,1986
249473666,1967
249474666,1967
249485058,1908
249486058,1892
249487058,1919
249488058,1947
249489058,2000
249490058,2034
249491058,2061
249492058,2009
249493058,1977
249494058,1932
249495058,1907
249496058,1930
249497058,1939
249498058,1920
249499058,1898
249500058,1911
249501058,1931
249502058,1906
249503058,1870
249504058,1839
249505058,1799
249506058,1788
249507058,1759
249508058,1757
249518477,1693
249519477,1673
249520477,1686
249521477,1680
249522477,1667
249523477,1712
249524477,1741
249525477,1741
249526477,1719
249527477,1712
249528477,1731
249529477,1788
249530477,1831
249531477,1882
249532477,1931
249533477,1944
249534477,1940
249535477,1900
249536477,1937
249537477,1994
249538477,2027
249539477,2038
249540477,2059
249541477,2041
249551897,1776
249552897,1742
249553897,1723
249554897,1726
249555897,1746
249556897,1777
249557897,1747
249558897,1823
249559897,1936
249560897,2019
249561897,2073
249562897,2083
249563897,2057
249564897,2128
249565897,2163
249566897,2130
249567897,2138
249568897,2137
249569897,2129
249570897,2108
249571897,2105
249572897,2115
249573897,2096
249574897,2110
249585300,2165
249586300,2176
249587300,2191
249588300,2186
249589300,2187
249590300,2171
249591300,2142
249592300,2133
249593300,2132
249594300,2128
249595300,2097
249596300,2082
249597300,2059
249598300,2067
249599300,2089
249600300,2117
249601300,2150
249602300,2175
249603300,2157
249604300,2129
249605300,2175
249606300,2285
249607300,2431
249608300,2497
249618719,3024
249619719,3147
249620719,3297
249621719,3371
249622719,3326
249623719,3398
249624719,3466
249625719,3427
249626719,3408
249627719,3445
249628719,3535
249629719,3717
249630719,3855
249631719,3847
249632719,3807
249633719,3822
249634719,3839
249635719,3852
249636719,3863
249637719,3856
249638719,3837
249639719,3711
249640719,3689
249641719,3731
249642719,3827
249653111,3411
249654111,3323
249655111,3238
249656111,3163
249657111,3119
249658111,3059
249659111,2990
249660111,2947
249661111,2913
249662111,2901
249663111,2909
249664111,2882
249665111,2838
249666111,2790
249667111,2761
249668111,2768
249669111,2755
249670111,2690
249671111,2637
249672111,2559
249673111,2544
249674111,2511
249675111,2453
249676111,2403
249686531,2108
249687531,2037
249688531,2037
249689531,2007
249690531,1977
249691531,1973
249692531,1969
249693531,1964
249694531,1915
249695531,1877
249696531,1897
249697531,1898
249698531,1881
249699531,1894
249700531,1920
249701531,1962
249702531,1974
249703531,2001
249704531,2077
249705531,2097
249706531,2075
249707531,2163
249708531,2268
249709531,2295
249719951,2328
249720951,2346
249721951,2309
249722951,2300
249723951,2300
249724951,2251
249725951,2256
249726951,2274
249727951,2279
249728951,2267
249729951,2235
249730951,2180
249731951,2151
249732951,2117
249733951,2101
249734951,2096
249735951,2031
249736951,1992
249737951,1965
249738951,1925
249739951,1872
249740951,1857
249741951,1903
249742951,1957
249753354,1909
249754354,1931
249755354,1915
249756354,1890
249757354,1902
249758354,1915
249759354,1919
249760354,1950
249761354,1949
249762354,1927
249763354,1909
249764354,1969
249765354,2016
249766354,2037
249767354,2064
249768354,2037
249769354,2005
249770354,2029
249771354,2074
249772354,2133
249773354,2080
249774354,2061
249775354,2035
249776354,2003
249786773,1813
249787773,1773
249788773,1742
249789773,1711
249790773,1722
249791773,1723
249792773,1701
249793773,1773
249794773,1909
249795773,2059
249796773,2173
249797773,2148
249798773,2228
249799773,2420
249800773,2548
249801773,2537
249802773,2559
249803773,2633
249804773,2640
249805773,2596
249806773,2559
249807773,2558
249808773,2630
249809773,2657
249810773,2629
249821165,2249
249822165,2205
249823165,2218
249824165,2253
249825165,2256
249826165,2226
249827165,2170
249828165,2149
249829165,2159
249830165,2175
249831165,2205
249832165,2239
249833165,2266
249834165,2267
249835165,2245
249836165,2198
249837165,2201
249838165,2240
249839165,2256
249840165,2287
249841165,2283
249842165,2242
249843165,2255
249844165,2293
249854588,2176
249855588,2199
249856588,2349
249857588,2559
249858588,2785
249859588,2883
249860588,2858
249861588,2988
249862588,3246
249863588,3534
249864588,3777
249865588,3858
249866588,3777
249867588,3661
249868588,3647
249869588,3662
249870588,3627
249871588,3536
249872588,3478
249873588,3398
249874588,3323
249875588,3266
249876588,3211
249877588,3158
249888005,2767
249889005,2701
249890005,2646
249891005,2643
249892005,2642
249893005,2619
249894005,2599
249895005,2539
249896005,2608
249897005,2703
249898005,2725
249899005,2675
249900005,2672
249901005,2737
249902005,2754
249903005,2712
249904005,2655
249905005,2608
249906005,2559
249907005,2530
249908005,2581
249909005,2669
249910005,2791
249911005,2895
249921407,3379
249922407,3314
249923407,3297
249924407,3324
249925407,3268
249926407,3213
249927407,3151
249928407,3095
249929407,3031
249930407,2959
249931407,2901
249932407,2864
249933407,2807
249934407,2752
249935407,2689
249936407,2629
249937407,2559
249938407,2533
249939407,2512
249940407,2509
249941407,2515
249942407,2479
249943407,2482
249944407,2491
249954827,2433
249955827,2390
249956827,2378
249957827,2407
249958827,2440
249959827,2431
249960827,2389
249961827,2367
249962827,2343
249963827,2279
249964827,2229
249965827,2176
249966827,2165
249967827,2194
249968827,2215
249969827,2177
249970827,2236
249971827,2416
249972827,2559
249973827,2620
249974827,2559
249975827,2583
249976827,2632
249977827,2631
249978827,2559
249989227,2833
249990227,2972
249991227,3034
249992227,2991
249993227,2974
249994227,2977
249995227,2973
249996227,2992
249997227,3043
249998227,3168
249999227,3255
250000227,3205
250001227,3184
250002227,3248
250003227,3342
250004227,3447
250005227,3538
250006227,3579
250007227,3525
250008227,3436
250009227,3347
250010227,3308
250011227,3302
250012227,3313
250022639,3394
250023639,3344
250024639,3280
250025639,3226
250026639,3179
250027639,3114
250028639,3033
250029639,2960
250030639,2907
250031639,2855
250032639,2811
250033639,2769
250034639,2728
250035639,2662
250036639,2615
250037639,2559
250038639,2535
250039639,2627
250040639,2695
250041639,2797
250042639,2839
250043639,2845
250044639,2799
250045639,2801
250056059,2439
250057059,2387
250058059,2355
250059059,2387
250060059,2542
250061059,2704
250062059,2902
250063059,3029
250064059,3023
250065059,2978
250066059,3006
250067059,3100
250068059,3214
250069059,3376
250070059,3498
250071059,3547
250072059,3457
250073059,3422
250074059,3453
250075059,3536
250076059,3603
250077059,3615
250078059,3565
250079059,3473
250089461,3164
250090461,3136
250091461,3088
250092461,3019
250093461,2981
250094461,2971
250095461,2987
250096461,2991
250097461,2996
250098461,2997
250099461,2991
250100461,2943
250101461,2892
250102461,2851
250103461,2798
250104461,2721
250105461,2695
250106461,2691
250107461,2749
250108461,2894
250109461,3046
250110461,3149
250111461,3153
250112461,3095
250122881,3123
250123881,3209
250124881,3247
250125881,3233
250126881,3200
250127881,3125
250128881,3105
250129881,3216
250130881,3353
250131881,3409
250132881,3418
250133881,3376
250134881,3309
250135881,3263
250136881,3397
250137881,3617
250138881,3792
250139881,3800
250140881,3745
250141881,3866
250142881,3869
250143881,3855
250144881,3861
250145881,3863
250146881,3870
250157273,3887
250158273,3864
250159273,3841
250160273,3918
250161273,3860
250162273,3862
250163273,3889
250164273,3861
250165273,3869
250166273,3859
250167273,3868
250168273,3873
250169273,3886
250170273,3856
250171273,3879
250172273,3879
250173273,3857
250174273,3856
250175273,3857
250176273,3824
250177273,3753
250178273,3654
250179273,3573
250180273,3610
250190693,3876
250191693,3885
250192693,3869
250193693,3863
250194693,3867
250195693,3861
250196693,3872
250197693,3859
250198693,3814
250199693,3847
250200693,3858
250201693,3867
250202693,3854
250203693,3870
250204693,3875
250205693,3857
250206693,3870
250207693,3861
250208693,3878
250209693,3868
250210693,3847
250211693,3871
250212693,3883
250213693,3867
250224113,3835
250225113,3862
250226113,3865
250227113,3883
250228113,3868
250229113,3868
250230113,3857
250231113,3869
250232113,3857
250233113,3871
250234113,3855
250235113,3851
250236113,3865
250237113,3884
250238113,3857
250239113,3872
250240113,3879
250241113,3873
250242113,3875
250243113,3857
250244113,3860
250245113,3845
250246113,3867
250247113,3891
250257515,3515
250258515,3429
250259515,3408
250260515,3392
250261515,3377
250262515,3340
250263515,3309
250264515,3253
250265515,3258
250266515,3377
250267515,3462
250268515,3529
250269515,3505
250270515,3459
250271515,3419
250272515,3317
250273515,3267
250274515,3291
250275515,3312
250276515,3312
250277515,3460
250278515,3556
250279515,3504
250280515,3456
250290935,3856
250291935,3865
250292935,3860
250293935,3844
250294935,3801
250295935,3803
250296935,3834
250297935,3824
250298935,3705
250299935,3603
250300935,3493
250301935,3392
250302935,3302
250303935,3234
250304935,3248
250305935,3251
250306935,3287
250307935,3312
250308935,3335
250309935,3312
250310935,3287
250311935,3229
250312935,3157
250313935,3165
250314935,3171
250325327,2797
250326327,2730
250327327,2682
250328327,2629
250329327,2616
250330327,2727
250331327,3112
250332327,3583
250333327,3851
250334327,3867
250335327,3867
250336327,3853
250337327,3879
250338327,3872
250339327,3863
250340327,3865
250341327,3859
250342327,3854
250343327,3877
250344327,3872
250345327,3919
250346327,3861
250347327,3866
250348327,3872
250358747,3892
250359747,3874
250360747,3870
250361747,3876
250362747,3879
250363747,3872
250364747,3870
250365747,3870
250366747,3901
250367747,3921
250368747,3873
250369747,3867
250370747,3869
250371747,3862
250372747,3866
250373747,3863
250374747,3859
250375747,3891
250376747,3869
250377747,3872
250378747,3844
250379747,3874
250380747,3920
250381747,3871
250392166,3874
250393166,3875
250394166,3868
250395166,3881
250396166,3863
250397166,3868
250398166,3885
250399166,3894
250400166,3889
250401166,3881
250402166,3875
250403166,3888
250404166,3879
250405166,3858
250406166,3853
250407166,3874
250408166,3871
250409166,3875
250410166,3856
250411166,3868
250412166,3872
250413166,3874
250414166,3887
250415166,3888
250425572,3874
250426572,3863
250427572,3856
250428572,3868
250429572,3869
250430572,3876
250431572,3871
250432572,3869
250433572,3875
250434572,3881
250435572,3875
250436572,3879
250437572,3871
250438572,3874
250439572,3874
250440572,3879
250441572,3875
250442572,3867
250443572,3878
250444572,3876
250445572,3877
250446572,3873
250447572,3867
250448572,3857
250458989,3891
250459989,3851
250460989,3859
250461989,3862
250462989,3867
250463989,3870
250464989,3870
250465989,3888
250466989,3887
250467989,3879
250468989,3874
250469989,3833
250470989,3861
250471989,3889
250472989,3927
250473989,3826
250474989,3872
250475989,3883
250476989,3872
250477989,3881
250478989,3847
250479989,3871
250480989,3869
250481989,3878
250482989,3877
250493381,3861
250494381,3879
250495381,3870
250496381,3879
250497381,3890
250498381,3886
250499381,3873
250500381,3863
250501381,3856
250502381,3872
250503381,3865
250504381,3877
250505381,3856
250506381,3873
250507381,3888
250508381,3869
250509381,3869
250510381,3877
250511381,3869
250512381,3876
250513381,3866
250514381,3869
250515381,3829
250516381,3885
250526801,3874
250527801,3875
250528801,3885
250529801,3858
250530801,3872
250531801,3857
250532801,3874
250533801,3869
250534801,3873
250535801,3859
250536801,3856
250537801,3871
250538801,3863
250539801,3872
250540801,3871
250541801,3862
250542801,3870
250543801,3870
250544801,3877
250545801,3861
250546801,3871
250547801,3866
250548801,3867
250549801,3868
250560228,3850
250561228,3871
250562228,3885
250563228,3869
250564228,3856
250565228,3874
250566228,3879
250567228,3870
250568228,3869
250569228,3868
250570228,3875
250571228,3855
250572228,3874
250573228,3871
250574228,3859
250575228,3873
250576228,3833
250577228,3873
250578228,3859
250579228,3873
250580228,3866
250581228,3823
250582228,3869
250583228,3878
250593623,3883
250594623,3875
250595623,3888
250596623,3878
250597623,3871
250598623,3867
250599623,3877
250600623,3878
250601623,3873
250602623,3867
250603623,3861
250604623,3893
250605623,3865
250606623,3871
250607623,3874
250608623,3858
250609623,3874
250610623,3877
250611623,3879
250612623,3869
250613623,3856
250614623,3863
250615623,3871
250616623,3875
250627043,3879
250628043,3859
250629043,3874
250630043,3898
250631043,3872
250632043,3873
250633043,3872
250634043,3873
250635043,3885
250636043,3861
250637043,3825
250638043,3861
250639043,3856
250640043,3878
250641043,3878
250642043,3858
250643043,3904
250644043,3859
250645043,3877
250646043,3879
250647043,3870
250648043,3827
250649043,3856
250650043,3879
250651043,3879
250661435,3878
250662435,3857
250663435,3876
250664435,3881
250665435,3873
250666435,3859
250667435,3889
250668435,3856
250669435,3873
250670435,3871
250671435,3872
250672435,3877
250673435,3879
250674435,3871
250675435,3874
250676435,3891
250677435,3867
250678435,3879
250679435,3884
250680435,3882
250681435,3885
250682435,3869
250683435,3897
250684435,3868
250694854,3881
250695854,3872
250696854,3888
250697854,3866
250698854,3867
250699854,3874
250700854,3881
250701854,3870
250702854,3833
250703854,3874
250704854,3879
250705854,3851
250706854,3863
250707854,3872
250708854,3856
250709854,3870
250710854,3878
250711854,3879
250712854,3872
250713854,3873
250714854,3857
250715854,3883
250716854,3857
250717854,3875
250728274,3879
250729274,3867
250730274,3869
250731274,3886
250732274,3867
250733274,3879
250734274,3874
250735274,3881
250736274,3832
250737274,3879
250738274,3871
250739274,3869
250740274,3879
250741274,3878
250742274,3872
250743274,3879
250744274,3853
250745274,3883
250746274,3873
250747274,3882
250748274,3875
250749274,3835
250750274,3873
250751274,3820
250761677,3877
250762677,3859
250763677,3873
250764677,3874
250765677,3872
250766677,3870
250767677,3877
250768677,3885
250769677,3888
250770677,3889
250771677,3868
250772677,3886
250773677,3867
250774677,3867
250775677,3851
250776677,3883
250777677,3879
250778677,3888
250779677,3871
250780677,3856
250781677,3877
250782677,3863
250783677,3875
250784677,3883
250795097,3873
250796097,3865
250797097,3876
250798097,3872
250799097,3873
250800097,3872
250801097,3879
250802097,3868
250803097,3869
250804097,3875
250805097,3875
250806097,3873
250807097,3870
250808097,3866
250809097,3885
250810097,3883
250811097,3873
250812097,3904
250813097,3881
250814097,3864
250815097,3875
250816097,3888
250817097,3875
250818097,3869
250819097,3888
250829489,3863
250830489,3872
250831489,3887
250832489,3869
250833489,3873
250834489,3876
250835489,3869
250836489,3876
250837489,3862
250838489,3873
250839489,3885
250840489,3863
250841489,3883
250842489,3874
250843489,3869
250844489,3888
250845489,3871
250846489,3879
250847489,3865
250848489,3881
250849489,3876
250850489,3859
250851489,3871
250852489,3875
250862908,3859
250863908,3871
250864908,3874
250865908,3872
250866908,3867
250867908,3865
250868908,3859
250869908,3861
250870908,3870
250871908,3868
250872908,3863
250873908,3861
250874908,3870
250875908,3868
250876908,3823
250877908,3862
250878908,3888
250879908,3873
250880908,3877
250881908,3897
250882908,3871
250883908,3867
250884908,3882
250885908,3865
250896328,3878
250897328,3865
250898328,3866
250899328,3859
250900328,3875
250901328,3864
250902328,3877
250903328,3879
250904328,3885
250905328,3873
250906328,3867
250907328,3869
250908328,3868
250909328,3868
250910328,3871
250911328,3868
250912328,3878
250913328,3873
250914328,3885
250915328,3888
250916328,3845
250917328,3873
250918328,3873
250919328,3867
250929731,3864
250930731,3877
250931731,3871
250932731,3863
250933731,3841
250934731,3835
250935731,3883
250936731,3878
250937731,3881
250938731,3856
250939731,3856
250940731,3856
250941731,3847
250942731,3856
250943731,3885
250944731,3888
250945731,3866
250946731,3861
250947731,3874
250948731,3856
250949731,3879
250950731,3877
250951731,3861
250952731,3867
250963150,3872
250964150,3877
250965150,3822
250966150,3870
250967150,3874
250968150,3866
250969150,3884
250970150,3878
250971150,3885
250972150,3867
250973150,3888
250974150,3878
250975150,3878
250976150,3878
250977150,3872
250978150,3877
250979150,3874
250980150,3883
250981150,3891
250982150,3881
250983150,3879
250984150,3873
250985150,3870
250986150,3875
250987150,3881
250997542,3880
250998542,3877
250999542,3864
251000542,3871
251001542,3895
251002542,3870
251003542,3878
251004542,3882
251005542,3860
251006542,3870
251007542,3871
251008542,3855
251009542,3926
251010542,3871
251011542,3879
251012542,3878
251013542,3882
251014542,3885
251015542,3870
251016542,3873
251017542,3872
251018542,3859
251019542,3875
251020542,3881
251030962,3855
251031962,3863
251032962,3882
251033962,3872
251034962,3866
251035962,3881
251036962,3874
251037962,3871
251038962,3873
251039962,3874
251040962,3867
251041962,3874
251042962,3923
251043962,3855
251044962,3873
251045962,3873
251046962,3894
251047962,3856
251048962,3873
251049962,3889
251050962,3875
251051962,3861
251052962,3889
251053962,3941
251064382,3874
251065382,3869
251066382,3863
251067382,3864
251068382,3855
251069382,3873
251070382,3891
251071382,3862
251072382,3871
251073382,3875
251074382,3869
251075382,3856
251076382,3873
251077382,3866
251078382,3856
251079382,3879
251080382,3875
251081382,3859
251082382,3873
251083382,3888
251084382,3875
251085382,3877
251086382,3881
251087382,3871
251097785,3856
251098785,3906
251099785,3919
251100785,3873
251101785,3872
251102785,3889
251103785,3867
251104785,3879
251105785,3878
251106785,3874
251107785,3875
251108785,3865
251109785,3883
251110785,3888
251111785,3875
251112785,3870
251113785,3871
251114785,3872
251115785,3883
251116785,3876
251117785,3892
251118785,3887
251119785,3875
251120785,3888
251131204,3882
251132204,3895
251133204,3885
251134204,3877
251135204,3881
251136204,3864
251137204,3872
251138204,3895
251139204,3858
251140204,3888
251141204,3855
251142204,3855
251143204,3876
251144204,3872
251145204,3888
251146204,3873
251147204,3880
251148204,3868
251149204,3863
251150204,3862
251151204,3873
251152204,3863
251153204,3885
251154204,3887
251155204,3893
251165597,3874
251166597,3884
251167597,3858
251168597,3861
251169597,3877
251170597,3871
251171597,3861
251172597,3875
251173597,3879
251174597,3879
251175597,3879
251176597,3874
251177597,3884
251178597,3862
251179597,3881
251180597,3880
251181597,3875
251182597,3877
251183597,3862
251184597,3881
251185597,3863
251186597,3868
251187597,3883
251188597,3863
251199016,3865
251200016,3873
251201016,3884
251202016,3856
251203016,3882
251204016,3870
251205016,3863
251206016,3859
251207016,3865
251208016,3876
251209016,3872
251210016,3875
251211016,3873
251212016,3886
251213016,3888
251214016,3875
251215016,3856
251216016,3869
251217016,3878
251218016,3872
251219016,3879
251220016,3881
251221016,3857
251222016,3879
251232436,3871
251233436,3875
251234436,3863
251235436,3861
251236436,3888
251237436,3870
251238436,3869
251239436,3926
251240436,3873
251241436,3861
251242436,3863
251243436,3877
251244436,3873
251245436,3879
251246436,3901
251247436,3874
251248436,3869
251249436,3869
251250436,3883
251251436,3855
251252436,3877
251253436,3874
251254436,3873
251255436,3873
251265838,3858
251266838,3888
251267838,3879
251268838,3874
251269838,3886
251270838,3857
251271838,3876
251272838,3872
251273838,3872
251274838,3859
251275838,3863
251276838,3878
251277838,3875
251278838,3879
251279838,3878
251280838,3872
251281838,3877
251282838,3862
251283838,3875
251284838,3920
251285838,3876
251286838,3878
251287838,3865
251288838,3877
251299258,3869
251300258,3887
251301258,3870
251302258,3870
251303258,3865
251304258,3860
251305258,3875
251306258,3862
251307258,3883
251308258,3870
251309258,3884
251310258,3861
251311258,3871
251312258,3863
251313258,3874
251314258,3877
251315258,3874
251316258,3867
251317258,3879
251318258,3882
251319258,3865
251320258,3869
251321258,3865
251322258,3872
251323258,3871
251333650,3878
251334650,3856
251335650,3861
251336650,3874
251337650,3856
251338650,3860
251339650,3861
251340650,3854
251341650,3863
251342650,3858
251343650,3865
251344650,3871
251345650,3856
251346650,3873
251347650,3872
251348650,3873
251349650,3881
251350650,3865
251351650,3874
251352650,3875
251353650,3873
251354650,3862
251355650,3879
251356650,3873
251367070,3873
251368070,3873
251369070,3878
251370070,3872
251371070,3883
251372070,3872
251373070,3907
251374070,3881
251375070,3869
251376070,3889
251377070,3875
251378070,3910
251379070,3874
251380070,3886
251381070,3874
251382070,3877
251383070,3920
251384070,3876
251385070,3877
251386070,3878
251387070,3869
251388070,3883
251389070,3859
251390070,3885
251400490,3888
251401490,3865
251402490,3873
251403490,3870
251404490,3867
251405490,3877
251406490,3883
251407490,3866
251408490,3851
251409490,3803
251410490,3884
251411490,3863
251412490,3874
251413490,3879
251414490,3875
251415490,3878
251416490,3889
251417490,3876
251418490,3872
251419490,3879
251420490,3856
251421490,3873
251422490,3826
251423490,3888
251433892,3872
251434892,3856
251435892,3888
251436892,3855
251437892,3852
251438892,3873
251439892,3879
251440892,3875
251441892,3884
251442892,3866
251443892,3869
251444892,3865
251445892,3859
251446892,3863
251447892,3875
251448892,3871
251449892,3873
251450892,3869
251451892,3875
251452892,3863
251453892,3875
251454892,3875
251455892,3871
251456892,3863
251467312,3872
251468312,3881
251469312,3861
251470312,3875
251471312,3858
251472312,3872
251473312,3882
251474312,3879
251475312,3904
251476312,3865
251477312,3869
251478312,3872
251479312,3870
251480312,3925
251481312,3856
251482312,3864
251483312,3883
251484312,3871
251485312,3874
251486312,3876
251487312,3879
251488312,3933
251489312,3881
251490312,3856
251491312,3871
251501704,3861
251502704,3877
251503704,3876
251504704,3859
251505704,3894
251506704,3876
251507704,3883
251508704,3872
251509704,3888
251510704,3879
251511704,3883
251512704,3875
251513704,3879
251514704,3883
251515704,3899
251516704,3874
251517704,3843
251518704,3881
251519704,3861
251520704,3865
251521704,3895
251522704,3874
251523704,3866
251524704,3866
251535124,3883
251536124,3885
251537124,3868
251538124,3875
251539124,3878
251540124,3881
251541124,3877
251542124,3861
251543124,3871
251544124,3874
251545124,3877
251546124,3882
251547124,3872
251548124,3879
251549124,3875
251550124,3877
251551124,3879
251552124,3879
251553124,3888
251554124,3863
251555124,3881
251556124,3879
251557124,3882
251558124,3856
251568544,3873
251569544,3882
251570544,3879
251571544,3877
251572544,3875
251573544,3869
251574544,3875
251575544,3875
251576544,3859
251577544,3877
251578544,3860
251579544,3886
251580544,3867
251581544,3869
251582544,3873
251583544,3885
251584544,3874
251585544,3877
251586544,3871
251587544,3869
251588544,3879
251589544,3872
251590544,3885
251591544,3874
251601946,3914
251602946,3886
251603946,3884
251604946,3874
251605946,3827
251606946,3877
251607946,3879
251608946,3881
251609946,3870
251610946,3871
251611946,3905
251612946,3861
251613946,3856
251614946,3839
251615946,3873
251616946,3875
251617946,3870
251618946,3881
251619946,3879
251620946,3871
251621946,3873
251622946,3875
251623946,3865
251624946,3875
251635366,3877
251636366,3883
251637366,3875
251638366,3884
251639366,3876
251640366,3850
251641366,3826
251642366,3879
251643366,3873
251644366,3866
251645366,3856
251646366,3871
251647366,3871
251648366,3881
251649366,3871
251650366,3879
251651366,3874
251652366,3863
251653366,3878
251654366,3883
251655366,3868
251656366,3857
251657366,3871
251658366,3870
251659366,3869
251669758,3877
251670758,3869
251671758,3866
251672758,3888
251673758,3877
251674758,3859
251675758,3887
251676758,3876
251677758,3849
251678758,3877
251679758,3856
251680758,3882
251681758,3863
251682758,3869
251683758,3877
251684758,3856
251685758,3871
251686758,3874
251687758,3874
251688758,3880
251689758,3888
251690758,3856
251691758,3873
251692758,3871
251703178,3882
251704178,3865
251705178,3887
251706178,3879
251707178,3877
251708178,3897
251709178,3893
251710178,3877
251711178,3857
251712178,3866
251713178,3872
251714178,3859
251715178,3872
251716178,3861
251717178,3872
251718178,3871
251719178,3878
251720178,3877
251721178,3869
251722178,3871
251723178,3876
251724178,3888
251725178,3867
251726178,3882
251736598,3873
251737598,3876
251738598,3871
251739598,3878
251740598,3885
251741598,3873
251742598,3883
251743598,3877
251744598,3875
251745598,3874
251746598,3872
251747598,3866
251748598,3874
251749598,3885
251750598,3882
251751598,3877
251752598,3862
251753598,3863
251754598,3876
251755598,3872
251756598,3865
251757598,3871
251758598,3873
251759598,3878
251770000,3858
251771000,3874
251772000,3902
251773000,3873
251774000,3875
251775000,3862
251776000,3871
251777000,3869
251778000,3857
251779000,3847
251780000,3859
251781000,3885
251782000,3867
251783000,3878
251784000,3865
251785000,3858
251786000,3861
251787000,3873
251788000,3879
251789000,3873
251790000,3831
251791000,3870
251792000,3885
251793000,3875
251803420,3874
251804420,3865
251805420,3874
251806420,3875
251807420,3879
251808420,3888
251809420,3861
251810420,3866
251811420,3883
251812420,3882
251813420,3889
251814420,3877
251815420,3888
251816420,3878
251817420,3874
251818420,3765
251819420,3875
251820420,3857
251821420,3826
251822420,3872
251823420,3851
251824420,3890
251825420,3867
251826420,3874
251827420,3868
251837812,3870
251838812,3872
251839812,3902
251840812,3869
251841812,3888
251842812,3886
251843812,3885
251844812,3874
251845812,3895
251846812,3872
251847812,3852
251848812,3872
251849812,3862
251850812,3890
251851812,3888
251852812,3877
251853812,3874
251854812,3876
251855812,3858
251856812,3879
251857812,3883
251858812,3871
251859812,3873
251860812,3869
251871240,3856
251872240,3870
251873240,3859
251874240,3870
251875240,3901
251876240,3871
251877240,3859
251878240,3866
251879240,3871
251880240,3875
251881240,3873
251882240,3890
251883240,3882
251884240,3873
251885240,3856
251886240,3872
251887240,3870
251888240,3886
251889240,3905
251890240,3881
251891240,3879
251892240,3892
251893240,3870
251894240,3882
251904651,3871
251905651,3879
251906651,3869
251907651,3866
251908651,3856
251909651,3879
251910651,3857
251911651,3884
251912651,3888
251913651,3887
251914651,3873
251915651,3867
251916651,3874
251917651,3874
251918651,3875
251919651,3885
251920651,3873
251921651,3886
251922651,3849
251923651,3861
251924651,3875
251925651,3882
251926651,3876
251927651,3872
251938054,3883
251939054,3873
251940054,3834
251941054,3833
251942054,3840
251943054,3850
251944054,3857
251945054,3882
251946054,3881
251947054,3875
251948054,3861
251949054,3843
251950054,3870
251951054,3822
251952054,3871
251953054,3875
251954054,3819
251955054,3872
251956054,3873
251957054,3868
251958054,3891
251959054,3872
251960054,3871
251961054,3918
251971474,3879
251972474,3870
251973474,3865
251974474,3881
251975474,3874
251976474,3878
251977474,3862
251978474,3881
251979474,3870
251980474,3877
251981474,3877
251982474,3888
251983474,3886
251984474,3887
251985474,3882
251986474,3858
251987474,3877
251988474,3855
251989474,3877
251990474,3879
251991474,3869
251992474,3871
251993474,3887
251994474,3869
251995474,3873
252005866,3870
252006866,3872
252007866,3866
252008866,3883
252009866,3863
252010866,3856
252011866,3879
252012866,3874
252013866,3872
252014866,3883
252015866,3878
252016866,3888
252017866,3888
252018866,3888
252019866,3865
252020866,3883
252021866,3882
252022866,3878
252023866,3861
252024866,3863
252025866,3868
252026866,3857
252027866,3863
252028866,3863
252039285,3880
252040285,3869
252041285,3857
252042285,3872
252043285,3870
252044285,3869
252045285,3874
252046285,3872
252047285,3864
252048285,3877
252049285,3877
252050285,3881
252051285,3882
252052285,3867
252053285,3883
252054285,3879
252055285,3873
252056285,3882
252057285,3866
252058285,3874
252059285,3885
252060285,3877
252061285,3885
252062285,3868
252072705,3876
252073705,3889
252074705,3879
252075705,3876
252076705,3891
252077705,3847
252078705,3861
252079705,3871
252080705,3829
252081705,3877
252082705,3877
252083705,3877
252084705,3877
252085705,3872
252086705,3860
252087705,3884
252088705,3870
252089705,3862
252090705,3870
252091705,3915
252092705,3869
252093705,3869
252094705,3903
252095705,3877
252106108,3875
252107108,3856
252108108,3881
252109108,3888
252110108,3874
252111108,3877
252112108,3835
252113108,3881
252114108,3877
252115108,3879
252116108,3866
252117108,3872
252118108,3888
252119108,3872
252120108,3877
252121108,3872
252122108,3874
252123108,3882
252124108,3867
252125108,3858
252126108,3875
252127108,3886
252128108,3886
252129108,3876
252139528,3879
252140528,3874
252141528,3881
252142528,3867
252143528,3878
252144528,3877
252145528,3881
252146528,3856
252147528,3854
252148528,3883
252149528,3881
252150528,3888
252151528,3901
252152528,3883
252153528,3874
252154528,3877
252155528,3873
252156528,3927
252157528,3883
252158528,3872
252159528,3873
252160528,3881
252161528,3861
252162528,3874
252163528,3869
252173920,3879
252174920,3889
252175920,3874
252176920,3879
252177920,3882
252178920,3882
252179920,3876
252180920,3831
252181920,3869
252182920,3856
252183920,3874
252184920,3883
252185920,3882
252186920,3885
252187920,3874
252188920,3862
252189920,3873
252190920,3884
252191920,3869
252192920,3884
252193920,3864
252194920,3877
252195920,3876
252196920,3871
252207339,3903
252208339,3866
252209339,3858
252210339,3870
252211339,3875
252212339,3888
252213339,3863
252214339,3878
252215339,3877
252216339,3879
252217339,3867
252218339,3871
252219339,3868
252220339,3870
252221339,3856
252222339,3888
252223339,3877
252224339,3862
252225339,3860
252226339,3870
252227339,3877
252228339,3866
252229339,3868
252230339,3888
252240759,3878
252241759,3881
252242759,3869
252243759,3872
252244759,3878
252245759,3856
252246759,3877
252247759,3875
252248759,3867
252249759,3873
252250759,3889
252251759,3872
252252759,3862
252253759,3863
252254759,3877
252255759,3887
252256759,3878
252257759,3877
252258759,3885
252259759,3874
252260759,3885
252261759,3897
252262759,3888
252263759,3883
252274162,3870
252275162,3866
252276162,3883
252277162,3879
252278162,3867
252279162,3888
252280162,3875
252281162,3859
252282162,3880
252283162,3877
252284162,3858
252285162,3867
252286162,3878
252287162,3875
252288162,3867
252289162,3870
252290162,3870
252291162,3905
252292162,3857
252293162,3872
252294162,3883
252295162,3882
252296162,3875
252297162,3866
252307582,3879
252308582,3865
252309582,3874
252310582,3875
252311582,3862
252312582,3875
252313582,3877
252314582,3859
252315582,3877
252316582,3867
252317582,3869
252318582,3868
252319582,3860
252320582,3869
252321582,3863
252322582,3883
252323582,3869
252324582,3874
252325582,3883
252326582,3884
252327582,3882
252328582,3887
252329582,3856
252330582,3866
252331582,3872
252341973,3890
252342973,3882
252343973,3872
252344973,3872
252345973,3873
252346973,3891
252347973,3872
252348973,3877
252349973,3869
252350973,3858
252351973,3862
252352973,3872
252353973,3899
252354973,3870
252355973,3870
252356973,3859
252357973,3873
252358973,3849
252359973,3874
252360973,3876
252361973,3874
252362973,3867
252363973,3881
252364973,3905
252375393,3869
252376393,3863
252377393,3867
252378393,3888
252379393,3902
252380393,3873
252381393,3856
252382393,3867
252383393,3855
252384393,3861
252385393,3874
252386393,3889
252387393,3872
252388393,3875
252389393,3870
252390393,3859
252391393,3865
252392393,3874
252393393,3869
252394393,3871
252395393,3865
252396393,3895
252397393,3879
252398393,3884
252408813,3859
252409813,3872
252410813,3858
252411813,3867
252412813,3875
252413813,3859
252414813,3869
252415813,3872
252416813,3914
252417813,3864
252418813,3888
252419813,3863
252420813,3879
252421813,3869
252422813,3852
252423813,3879
252424813,3877
252425813,3885
252426813,3876
252427813,3878
252428813,3876
252429813,3866
252430813,3862
252431813,3872
252442223,3879
252443223,3862
252444223,3857
252445224,3870
252446224,3824
252447224,3872
252448224,3870
252449224,3862
252450224,3874
252451224,3871
252452224,3875
252453224,3871
252454224,3869
252455224,3882
252456224,3856
252457224,3877
252458224,3873
252459224,3870
252460224,3872
252461224,3874
252462224,3869
252463224,3872
252464224,3885
252465224,3867
252475635,3866
252476635,3879
252477635,3873
252478635,3858
252479635,3863
252480635,3863
252481635,3858
252482635,3871
252483635,3877
252484635,3874
252485635,3869
252486635,3870
252487635,3872
252488635,3877
252489635,3867
252490635,3867
252491635,3858
252492635,3870
252493635,3873
252494635,3866
252495635,3863
252496635,3870
252497635,3872
252498635,3856
252499635,3864
252510027,3014
252511027,2954
252512027,2883
252513027,2818
252514027,2758
252515027,2701
252516027,2672
252517027,2657
252518027,2641
252519027,2665
252520027,2700
252521027,2765
252522027,2789
252523027,2809
252524027,2855
252525027,3023
252526027,3367
252527027,3761
252528027,3862
252529027,3873
252530027,3872
252531027,3878
252532027,3875
252533027,3873
252543447,3873
252544447,3872
252545447,3856
252546447,3867
252547447,3876
252548447,3869
252549447,3867
252550447,3872
252551447,3878
252552447,3867
252553447,3887
252554447,3882
252555447,3889
252556447,3909
252557447,3870
252558447,3870
252559447,3919
252560447,3840
252561447,3872
252562447,3867
252563447,3877
252564447,3879
252565447,3858
252566447,3861
252576867,3038
252577867,2947
252578867,2903
252579867,2829
252580867,2768
252581867,2716
252582867,2647
252583867,2592
252584867,2539
252585867,2479
252586867,2417
252587867,2366
252588867,2324
252589867,2271
252590867,2223
252591867,2177
252592867,2128
252593867,2083
252594867,2034
252595867,1979
252596867,1949
252597867,1895
252598867,1863
252599867,1834
252610269,1454
252611269,1418
252612269,1386
252613269,1359
252614269,1347
252615269,1305
252616269,1273
252617269,1248
252618269,1231
252619269,1198
252620269,1171
252621269,1139
252622269,1125
252623269,1103
252624269,1075
252625269,1055
252626269,1035
252627269,1003
252628269,982
252629269,965
252630269,938
252631269,925
252632269,899
252633269,885
252634269,861
252635269,843
252645686,703
252646686,688
252647686,686
252648686,669
252649686,651
252650686,656
252651686,655
252652686,643
252653686,628
252654686,628
252655686,616
252656686,596
252657686,593
252658686,581
252659686,582
252660686,603
252661686,621
252662686,624
252663686,638
252664686,631
252665686,620
252666686,598
252667686,593
252668686,577
252669686,573
252670686,555
252671686,548
252672686,533
252673686,493
252674686,511
252675686,503
252686137,408
252687137,408
252688137,385
252689137,392
252690137,380
252691137,377
252692137,362
252693137,365
252694137,349
252695137,345
252696137,336
252697137,331
252698137,324
252699137,327
252700137,319
252701137,307
252702137,303
252703137,299
252704137,291
252705137,289
252706137,292
252707137,284
252708137,274
252709137,279
252710137,272
252711137,259
252712137,257
252713137,255
252714137,253
252715137,243
252716137,240
252717137,235
252727564,208
252728564,193
252729564,201
252730564,196
252731564,187
252732564,192
252733564,191
252734564,180
252735564,187
252736564,183
252737564,204
252738564,199
252739564,193
252740564,203
252741564,208
252742564,201
252743564,201
252744564,193
252745564,194
252746564,183
252747564,186
252748564,191
252749564,201
252750564,193
252751564,212
252752564,198
252753564,206
252754564,237
252755564,238
252756564,240
252757564,238
252768011,195
252769011,201
252770011,176
252771011,183
252772011,192
252773011,189
252774011,177
252775011,175
252776011,176
252777011,171
252778011,163
252779011,163
252780011,167
252781011,168
252782011,158
252783011,165
252784011,150
252785011,169
252786011,155
252787011,148
252788011,139
252789011,152
252790011,144
252791011,144
252792011,144
252793011,143
252794011,128
252795011,137
252796011,127
252797011,135
252798011,129
252808445,121
252809445,102
252810445,112
252811445,117
252812445,102
252813445,106
252814445,105
252815445,109
252816445,105
252817445,103
252818445,94
252819445,106
252820445,105
252821445,106
252822445,104
252823445,95
252824445,96
252825445,94
252826445,96
252827445,94
252828445,99
252829445,90
252830445,98
252831445,87
252832445,101
252833445,93
252834445,85
252835445,89
252836445,85
252837445,90
252838445,81
252839445,85
252840445,83
252841445,87
252842445,88
252843445,81
252844445,93
252845445,82
252855857,75
252856857,77
252857857,80
252858857,80
252859857,80
252860857,85
252861857,74
252862857,78
252863857,75
252864857,73
252865857,78
252866857,72
252867857,70
252868857,75
252869857,77
252870857,76
252871857,65
252872857,65
252873857,77
252874857,74
252875857,89
252876857,80
252877857,65
252878857,67
252879857,68
252880857,66
252881857,65
252882857,65
252883857,64
252884857,67
252885857,65
252886857,71
252887857,79
252888857,64
252889857,65
252890857,75
252891857,61
252892857,71
252893857,72
252894857,69
252895857,73
252896857,80
252897857,80
252908270,96
252909270,94
252910270,90
252911270,91
252912270,96
252913270,94
252914270,87
252915270,89
252916270,86
252917270,86
252918270,89
252919270,84
252920270,87
252921270,86
252922270,81
252923270,80
252924270,84
252925270,80
252926270,84
252927270,88
252928270,86
252929270,110
252930270,105
252931270,101
252932270,100
252933270,105
252934270,105
252935270,108
252936270,101
252937270,113
252938270,113
252939270,124
252940270,123
252941270,117
252942270,113
252943270,102
252944270,118
252945270,111
252955683,112
252956683,111
252957683,101
252958683,109
252959683,97
252960683,107
252961683,96
252962683,83
252963683,97
252964683,100
252965683,95
252966683,91
252967683,93
252968683,91
252969683,89
252970683,90
252971683,97
252972683,96
252973683,87
252974683,90
252975683,83
252976683,95
252977683,85
252978683,83
252979683,65
252980683,81
252981683,92
252982683,75
252983683,83
252984683,82
252985683,81
252986683,81
252987683,79
252988683,73
252989683,73
252990683,80
252991683,81
252992683,80
252993683,81
252994683,80
253005057,80
253006057,71
253007057,73
253008057,77
253009057,80
253010057,67
253011057,73
253012057,80
253013057,64
253014057,71
253015057,67
253016057,65
253017057,75
253018057,77
253019057,73
253020057,74
253021057,79
253022057,65
253023057,65
253024057,75
253025057,75
253026057,81
253027057,68
253028057,65
253029057,63
253030057,61
253031057,70
253032057,68
253033057,77
253034057,69
253035057,63
253036057,64
253037057,64
253038057,61
253039057,77
253040057,73
253041057,76
253042057,69
253043057,68
253044057,64
253045057,71
253046057,69
253047057,67
253048057,76
253058442,83
253059442,87
253060442,96
253061442,92
253062442,87
253063442,81
253064442,92
253065442,90
253066442,87
253067442,93
253068442,98
253069442,107
253070442,115
253071442,117
253072442,113
253073442,115
253074442,112
253075442,116
253076442,118
253077442,107
253078442,104
253079442,111
253080442,107
253081442,99
253082442,102
253083442,98
253084442,99
253085442,97
253086442,98
253087442,98
253088442,101
253089442,93
253090442,92
253091442,93
253092442,96
253093442,89
253094442,83
253095442,93
253105837,85
253106837,80
253107837,81
253108837,83
253109837,80
253110837,83
253111837,80
253112837,81
253113837,86
253114837,78
253115837,75
253116837,76
253117837,79
253118837,67
253119837,78
253120837,80
253121837,80
253122837,81
253123837,81
253124837,80
253125837,72
253126837,80
253127837,80
253128837,67
253129837,77
253130837,61
253131837,88
253132837,67
253133837,69
253134837,65
253135837,66
253136837,76
253137837,64
253138837,69
253139837,76
253140837,71
253141837,72
253142837,67
253143837,69
253144837,64
253145837,67
253146837,79
253147837,68
253148837,74
253159247,68
253160247,71
253161247,80
253162247,75
253163247,80
253164247,78
253165247,79
253166247,85
253167247,89
253168247,81
253169247,79
253170247,75
253171247,81
253172247,76
253173247,75
253174247,71
253175247,80
253176247,75
253177247,80
253178247,75
253179247,67
253180247,69
253181247,81
253182247,77
253183247,66
253184247,87
253185247,66
253186247,75
253187247,78
253188247,78
253189247,58
253190247,74
253191247,95
253192247,88
253193247,93
253194247,83
253195247,92
253196247,87
253197247,99
253198247,83
253199247,94
253200247,83
253201247,75
253211652,80
253212652,81
253213652,77
253214652,83
253215652,96
253216652,133
253217652,181
253218652,197
253219652,211
253220652,239
253221652,241
253222652,247
253223652,253
253224652,260
253225652,287
253226652,340
253227652,395
253228652,458
253229652,501
253230652,528
253231652,529
253232652,526
253233652,511
253234652,505
253235652,491
253236652,501
253237652,530
253238652,585
253239652,611
253240652,640
253241652,653
253242652,657
253243652,638
253254030,977
253255030,1023
253256030,1093
253257030,1136
253258030,1179
253259030,1193
253260030,1186
253261030,1181
253262030,1207
253263030,1213
253264030,1231
253265030,1395
253266030,1680
253267030,1928
253268030,2175
253269030,2405
253270030,2704
253271030,2991
253272030,3155
253273030,3142
253274030,3298
253275030,3746
253276030,3865
253277030,3869
253287433,3885
253288433,3864
253289433,3873
253290433,3878
253291433,3865
253292433,3861
253293433,3886
253294433,3872
253295433,3856
253296433,3882
253297433,3866
253298433,3872
253299433,3878
253300433,3874
253301433,3881
253302433,3886
253303433,3883
253304433,3872
253305433,3861
253306433,3865
253307433,3872
253308433,3875
253309433,3879
253310433,3872
253311433,3877
253321825,3877
253322825,3882
253323825,3875
253324825,3925
253325825,3893
253326825,3872
253327825,3872
253328825,3871
253329825,3874
253330825,3887
253331825,3863
253332825,3821
253333825,3865
253334825,3879
253335825,3926
253336825,3885
253337825,3857
253338825,3886
253339825,3871
253340825,3866
253341825,3857
253342825,3839
253343825,3883
253344825,3905
253355252,3865
253356252,3873
253357252,3875
253358252,3875
253359252,3858
253360252,3871
253361252,3887
253362252,3927
253363252,3879
253364252,3873
253365252,3850
253366252,3938
253367252,3869
253368252,3879
253369252,3866
253370252,3869
253371252,3865
253372252,3875
253373252,3872
253374252,3888
253375252,3888
253376252,3870
253377252,3874
253378252,3883
253388664,3877
253389664,3873
253390664,3871
253391664,3882
253392664,3873
253393664,3869
253394664,3871
253395664,3885
253396664,3870
253397664,3877
253398664,3872
253399664,3873
253400664,3876
253401664,3883
253402664,3879
253403664,3873
253404664,3883
253405664,3878
253406664,3859
253407664,3875
253408664,3872
253409664,3877
253410664,3879
253411664,3859
253422067,3907
253423067,3887
253424067,3881
253425067,3877
253426067,3876
253427067,3914
253428067,3857
253429067,3878
253430067,3878
253431067,3875
253432067,3878
253433067,3879
253434067,3881
253435067,3888
253436067,3874
253437067,3873
253438067,3867
253439067,3866
253440067,3869
253441067,3875
253442067,3888
253443067,3888
253444067,3887
253445067,3858
253455487,3861
253456487,3866
253457487,3895
253458487,3869
253459487,3865
253460487,3873
253461487,3894
253462487,3870
253463487,3888
253464487,3886
253465487,3875
253466487,3872
253467487,3856
253468487,3885
253469487,3875
253470487,3881
253471487,3868
253472487,3875
253473487,3881
253474487,3815
253475487,3884
253476487,3856
253477487,3885
253478487,3875
253479487,3892
253489879,3871
253490879,3863
253491879,3861
253492879,3935
253493879,3869
253494879,3879
253495879,3901
253496879,3875
253497879,3875
253498879,3878
253499879,3857
253500879,3820
253501879,3877
253502879,3875
253503879,3869
253504879,3888
253505879,3846
253506879,3879
253507879,3869
253508879,3868
253509879,3869
253510879,3880
253511879,3867
253512879,3879
253523298,3922
253524298,3864
253525298,3878
253526298,3887
253527298,3883
253528298,3870
253529298,3875
253530298,3904
253531298,3872
253532298,3886
253533298,3917
253534298,3841
253535298,3859
253536298,3856
253537298,3907
253538298,3874
253539298,3874
253540298,3883
253541298,3868
253542298,3879
253543298,3875
253544298,3882
253545298,3888
253546298,3888
253556718,3894
253557718,3882
253558718,3874
253559718,3881
253560718,3861
253561718,3877
253562718,3887
253563718,3869
253564718,3877
253565718,3869
253566718,3882
253567718,3886
253568718,3888
253569718,3887
253570718,3873
253571718,3881
253572718,3869
253573718,3869
253574718,3858
253575718,3867
253576718,3866
253577718,3878
253578718,3868
253579718,3871
253590121,3879
253591121,3897
253592121,3888
253593121,3889
253594121,3856
253595121,3877
253596121,3878
253597121,3881
253598121,3872
253599121,3920
253600121,3883
253601121,3871
253602121,3877
253603121,3874
253604121,3877
253605121,3869
253606121,3888
253607121,3873
253608121,3878
253609121,3876
253610121,3881
253611121,3881
253612121,3856
253613121,3889
253623541,3870
253624541,3888
253625541,3885
253626541,3838
253627541,3810
253628541,3874
253629541,3873
253630541,3861
253631541,3898
253632541,3866
253633541,3855
253634541,3871
253635541,3848
253636541,3877
253637541,3856
253638541,3870
253639541,3865
253640541,3894
253641541,3852
253642541,3876
253643541,3871
253644541,3865
253645541,3857
253646541,3878
253647541,3869
253657933,3882
253658933,3884
253659933,3883
253660933,3879
253661933,3881
253662933,3879
253663933,3886
253664933,3870
253665933,3873
253666933,3888
253667933,3886
253668933,3875
253669933,3870
253670933,3866
253671933,3853
253672933,3878
253673933,3859
253674933,3869
253675933,3875
253676933,3879
253677933,3875
253678933,3876
253679933,3878
253680933,3895
253691352,3869
253692352,3881
253693352,3856
253694352,3866
253695352,3871
253696352,3925
253697352,3874
253698352,3904
253699352,3888
253700352,3873
253701352,3875
253702352,3882
253703352,3879
253704352,3856
253705352,3878
253706352,3901
253707352,3871
253708352,3870
253709352,3877
253710352,3904
253711352,3879
253712352,3867
253713352,3877
253714352,3885
253724772,3867
253725772,3885
253726772,3872
253727772,3878
253728772,3856
253729772,3875
253730772,3873
253731772,3874
253732772,3877
253733772,3885
253734772,3878
253735772,3872
253736772,3863
253737772,3863
253738772,3883
253739772,3855
253740772,3879
253741772,3881
253742772,3877
253743772,3873
253744772,3895
253745772,3871
253746772,3883
253747772,3871
253758175,3871
253759175,3861
253760175,3879
253761175,3878
253762175,3872
253763175,3879
253764175,3858
253765175,3885
253766175,3874
253767175,3883
253768175,3877
253769175,3878
253770175,3875
253771175,3888
253772175,3870
253773175,3834
253774175,3887
253775175,3873
253776175,3872
253777175,3861
253778175,3862
253779175,3877
253780175,3895
253781175,3879
253791594,3885
253792594,3888
253793594,3852
253794594,3875
253795594,3873
253796594,3865
253797594,3885
253798594,3875
253799594,3859
253800594,3870
253801594,3884
253802594,3883
253803594,3869
253804594,3883
253805594,3878
253806594,3871
253807594,3875
253808594,3888
253809594,3877
253810594,3873
253811594,3861
253812594,3870
253813594,3877
253814594,3844
253815594,3872
253825986,3881
253826986,3867
253827986,3843
253828986,3863
253829986,3867
253830986,3885
253831986,3884
253832986,3884
253833986,3890
253834986,3856
253835986,3883
253836986,3877
253837986,3883
253838986,3866
253839986,3875
253840986,3872
253841986,3873
253842986,3888
253843986,3889
253844986,3909
253845986,3871
253846986,3890
253847986,3893
253848986,3858
253859406,3888
253860406,3874
253861406,3885
253862406,3883
253863406,3881
253864406,3888
253865406,3872
253866406,3857
253867406,3874
253868406,3878
253869406,3903
253870406,3919
253871406,3877
253872406,3879
253873406,3868
253874406,3811
253875406,3865
253876406,3863
253877406,3873
253878406,3872
253879406,3863
253880406,3879
253881406,3875
253882406,3877
253892826,3888
253893826,3873
253894826,3907
253895826,3885
253896826,3876
253897826,3877
253898826,3887
253899826,3871
253900826,3877
253901826,3854
253902826,3865
253903826,3874
253904826,3878
253905826,3891
253906826,3869
253907826,3879
253908826,3867
253909826,3857
253910826,3877
253911826,3890
253912826,3867
253913826,3879
253914826,3869
253915826,3851
253926237,3901
253927237,3888
253928237,3876
253929237,3873
253930237,3870
253931237,3878
253932237,3882
253933237,3870
253934237,3888
253935237,3869
253936237,3862
253937237,3877
253938237,3870
253939237,3877
253940237,3911
253941237,3869
253942237,3856
253943237,3862
253944237,3881
253945237,3870
253946237,3873
253947237,3888
253948237,3874
253949237,3881
253959648,3878
253960648,3876
253961648,3871
253962648,3875
253963648,3874
253964648,3873
253965648,3877
253966648,3878
253967648,3882
253968648,3874
253969648,3877
253970648,3886
253971648,3887
253972648,3866
253973648,3878
253974648,3888
253975648,3877
253976648,3883
253977648,3884
253978648,3875
253979648,3879
253980648,3877
253981648,3872
253982648,3863
253983648,3873
253994040,3864
253995040,3875
253996040,3888
253997040,3876
253998040,3881
253999040,3877
254000040,3874
254001040,3873
254002040,3882
254003040,3876
254004040,3873
254005040,3888
254006040,3869
254007040,3881
254008040,3877
254009040,3869
254010040,3883
254011040,3875
254012040,3887
254013040,3882
254014040,3873
254015040,3879
254016040,3878
254017040,3885
254027469,3877
254028469,3874
254029469,3867
254030469,3872
254031469,3871
254032469,3875
254033469,3915
254034469,3870
254035469,3867
254036469,3882
254037469,3888
254038469,3851
254039469,3877
254040469,3859
254041469,3879
254042469,3877
254043469,3856
254044469,3917
254045469,3856
254046469,3870
254047469,3868
254048469,3878
254049469,3887
254050469,3886
254060880,3868
254061880,3885
254062880,3875
254063880,3888
254064880,3886
254065880,3888
254066880,3877
254067880,3886
254068880,3867
254069880,3872
254070880,3882
254071880,3842
254072880,3875
254073880,3847
254074880,3879
254075880,3884
254076880,3869
254077880,3875
254078880,3885
254079880,3871
254080880,3870
254081880,3883
254082880,3873
254083880,3870
254094282,3869
254095282,3872
254096282,3860
254097282,3881
254098282,3856
254099282,3856
254100282,3877
254101282,3876
254102282,3875
254103282,3849
254104282,3879
254105282,3873
254106282,3870
254107282,3888
254108282,3867
254109282,3888
254110282,3856
254111282,3876
254112282,3871
254113282,3877
254114282,3879
254115282,3873
254116282,3875
254117282,3879
254127702,3897
254128702,3865
254129702,3865
254130702,3902
254131702,3887
254132702,3883
254133702,3881
254134702,3879
254135702,3869
254136702,3883
254137702,3873
254138702,3875
254139702,3877
254140702,3850
254141702,3877
254142702,3878
254143702,3857
254144702,3873
254145702,3882
254146702,3884
254147702,3871
254148702,3856
254149702,3905
254150702,3887
254151702,3872
254162094,3877
254163094,3877
254164094,3879
254165094,3886
254166094,3877
254167094,3882
254168094,3856
254169094,3881
254170094,3865
254171094,3885
254172094,3887
254173094,3874
254174094,3874
254175094,3873
254176094,3885
254177094,3882
254178094,3881
254179094,3869
254180094,3873
254181094,3882
254182094,3897
254183094,3874
254184094,3853
254185094,3846
254195514,3878
254196514,3879
254197514,3881
254198514,3885
254199514,3881
254200514,3876
254201514,3869
254202514,3869
254203514,3876
254204514,3872
254205514,3871
254206514,3861
254207514,3870
254208514,3865
254209514,3868
254210514,3882
254211514,3883
254212514,3875
254213514,3889
254214514,3875
254215514,3873
254216514,3872
254217514,3865
254218514,3887
254228934,3884
254229934,3883
254230934,3881
254231934,3893
254232934,3855
254233934,3868
254234934,3867
254235934,3876
254236934,3859
254237934,3869
254238934,3858
254239934,3884
254240934,3868
254241934,3883
254242934,3847
254243934,3871
254244934,3882
254245934,3875
254246934,3870
254247934,3884
254248934,3890
254249934,3862
254250934,3895
254251934,3875
254262336,3879
254263336,3866
254264336,3879
254265336,3883
254266336,3877
254267336,3868
254268336,3875
254269336,3888
254270336,3877
254271336,3859
254272336,3877
254273336,3856
254274336,3856
254275336,3881
254276336,3872
254277336,3882
254278336,3884
254279336,3871
254280336,3875
254281336,3877
254282336,3888
254283336,3895
254284336,3875
254285336,3878
254295756,3856
254296756,3870
254297756,3875
254298756,3887
254299756,3882
254300756,3875
254301756,3879
254302756,3887
254303756,3885
254304756,3859
254305756,3869
254306756,3858
254307756,3921
254308756,3859
254309756,3875
254310756,3879
254311756,3894
254312756,3888
254313756,3845
254314756,3868
254315756,3863
254316756,3869
254317756,3875
254318756,3877
254319756,3857
254330148,3882
254331148,3878
254332148,3860
254333148,3888
254334148,3872
254335148,3868
254336148,3869
254337148,3927
254338148,3876
254339148,3887
254340148,3871
254341148,3898
254342148,3882
254343148,3888
254344148,3883
254345148,3865
254346148,3883
254347148,3824
254348148,3881
254349148,3881
254350148,3879
254351148,3888
254352148,3870
254353148,3821
254363572,3885
254364572,3884
254365572,3886
254366572,3878
254367572,3873
254368572,3861
254369572,3868
254370572,3869
254371572,3887
254372572,3875
254373572,3878
254374572,3879
254375572,3863
254376572,3875
254377572,3871
254378572,3873
254379572,3839
254380572,3815
254381572,3870
254382572,3884
254383572,3867
254384572,3882
254385572,3878
254386572,3879
254396987,3874
254397987,3873
254398987,3877
254399987,3882
254400987,3868
254401987,3872
254402987,3903
254403987,3880
254404987,3887
254405987,3881
254406987,3875
254407987,3871
254408987,3866
254409987,3895
254410987,3877
254411987,3877
254412987,3883
254413987,3879
254414987,3873
254415987,3879
254416987,3887
254417987,3872
254418987,3887
254419987,3888
254430390,3856
254431390,3879
254432390,3873
254433390,3884
254434390,3846
254435390,3901
254436390,3889
254437390,3923
254438390,3871
254439390,3883
254440390,3876
254441390,3868
254442390,3883
254443390,3873
254444390,3855
254445390,3885
254446390,3875
254447390,3889
254448390,3869
254449390,3875
254450390,3869
254451390,3876
254452390,3882
254453390,3872
254463810,3873
254464810,3879
254465810,3873
254466810,3875
254467810,3867
254468810,3856
254469810,3879
254470810,3901
254471810,3878
254472810,3859
254473810,3866
254474810,3869
254475810,3878
254476810,3874
254477810,3856
254478810,3873
254479810,3888
254480810,3875
254481810,3867
254482810,3871
254483810,3873
254484810,3855
254485810,3843
254486810,3860
254487810,3875
254498202,3879
254499202,3877
254500202,3879
254501202,3877
254502202,3872
254503202,3886
254504202,3873
254505202,3872
254506202,3877
254507202,3877
254508202,3881
254509202,3872
254510202,3888
254511202,3881
254512202,3871
254513202,3873
254514202,3876
254515202,3881
254516202,3865
254517202,3859
254518202,3861
254519202,3865
254520202,3883
254521202,3865
254531622,3887
254532622,3873
254533622,3871
254534622,3875
254535622,3884
254536622,3875
254537622,3876
254538622,3883
254539622,3876
254540622,3873
254541622,3882
254542622,3873
254543622,3867
254544622,3879
254545622,3885
254546622,3875
254547622,3875
254548622,3874
254549622,3871
254550622,3876
254551622,3873
254552622,3874
254553622,3888
254554622,3873
254565041,3872
254566041,3921
254567041,3882
254568041,3919
254569041,3871
254570041,3890
254571041,3876
254572041,3888
254573041,3884
254574041,3894
254575041,3884
254576041,3876
254577041,3873
254578041,3874
254579041,3867
254580041,3888
254581041,3882
254582041,3888
254583041,3879
254584041,3874
254585041,3875
254586041,3872
254587041,3894
254588041,3887
254598444,3873
254599444,3876
254600444,3875
254601444,3885
254602444,3876
254603444,3879
254604444,3872
254605444,3873
254606444,3879
254607444,3879
254608444,3869
254609444,3872
254610444,3877
254611444,3883
254612444,3875
254613444,3878
254614444,3872
254615444,3911
254616444,3870
254617444,3881
254618444,3883
254619444,3882
254620444,3877
254621444,3906
254631864,3822
254632864,3859
254633864,3871
254634864,3872
254635864,3853
254636864,3877
254637864,3867
254638864,3877
254639864,3877
254640864,3907
254641864,3886
254642864,3875
254643864,3875
254644864,3867
254645864,3862
254646864,3863
254647864,3879
254648864,3873
254649864,3883
254650864,3904
254651864,3904
254652864,3867
254653864,3871
254654864,3877
254655864,3873
254666257,3859
254667257,3854
254668257,3893
254669257,3874
254670257,3887
254671257,3875
254672257,3889
254673257,3882
254674257,3886
254675257,3878
254676257,3915
254677257,3877
254678257,3880
254679257,3898
254680257,3878
254681257,3899
254682257,3876
254683257,3872
254684257,3874
254685257,3863
254686257,3888
254687257,3873
254688257,3875
254689257,3859
254699676,3877
254700676,3859
254701676,3878
254702676,3879
254703676,3863
254704676,3870
254705676,3862
254706676,3869
254707676,3859
254708676,3886
254709676,3877
254710676,3856
254711676,3866
254712676,3881
254713676,3867
254714676,3868
254715676,3884
254716676,3889
254717676,3855
254718676,3872
254719676,3855
254720676,3885
254721676,3888
254722676,3879
254733095,3870
254734095,3882
254735095,3879
254736095,3878
254737095,3862
254738095,3888
254739095,3881
254740095,3877
254741095,3888
254742095,3878
254743095,3871
254744095,3886
254745095,3881
254746095,3874
254747095,3873
254748095,3879
254749095,3874
254750095,3881
254751095,3888
254752095,3888
254753095,3888
254754095,3879
254755095,3883
254756095,3874
254766498,3821
254767498,3888
254768498,3875
254769498,3874
254770498,3875
254771498,3851
254772498,3873
254773498,3875
254774498,3875
254775498,3882
254776498,3888
254777498,3879
254778498,3871
254779498,3857
254780498,3917
254781498,3874
254782498,3846
254783498,3875
254784498,3885
254785498,3862
254786498,3863
254787498,3878
254788498,3867
254789498,3861
254799918,3890
254800918,3891
254801918,3869
254802918,3859
254803918,3881
254804918,3884
254805918,3887
254806918,3872
254807918,3866
254808918,3863
254809918,3872
254810918,3863
254811918,3881
254812918,3859
254813918,3861
254814918,3866
254815918,3885
254816918,3871
254817918,3872
254818918,3887
254819918,3885
254820918,3866
254821918,3874
254822918,3867
254823918,3872
254834310,3858
254835310,3881
254836310,3871
254837310,3870
254838310,3891
254839310,3879
254840310,3877
254841310,3883
254842310,3865
254843310,3869
254844310,3867
254845310,3880
254846310,3859
254847310,3859
254848310,3879
254849310,3886
254850310,3888
254851310,3867
254852310,3874
254853310,3889
254854310,3870
254855310,3883
254856310,3873
254857310,3869
254867729,3885
254868729,3908
254869729,3871
254870729,3871
254871729,3883
254872729,3868
254873729,3888
254874729,3870
254875729,3877
254876729,3899
254877729,3851
254878729,3883
254879729,3871
254880729,3869
254881729,3870
254882729,3882
254883729,3886
254884729,3883
254885729,3879
254886729,3887
254887729,3867
254888729,3874
254889729,3863
254890729,3866
254901149,3878
254902149,3865
254903149,3878
254904149,3901
254905149,3862
254906149,3844
254907149,3856
254908149,3879
254909149,3873
254910149,3881
254911149,3874
254912149,3876
254913149,3881
254914149,3888
254915149,3879
254916149,3866
254917149,3867
254918149,3878
254919149,3873
254920149,3872
254921149,3888
254922149,3883
254923149,3866
254924149,3874
254934552,3859
254935552,3881
254936552,3873
254937552,3875
254938552,3890
254939552,3873
254940552,3862
254941552,3878
254942552,3885
254943552,3888
254944552,3885
254945552,3885
254946552,3876
254947552,3870
254948552,3867
254949552,3874
254950552,3878
254951552,3875
254952552,3877
254953552,3875
254954552,3875
254955552,3871
254956552,3885
254957552,3873
254967972,3867
254968972,3876
254969972,3875
254970972,3893
254971972,3915
254972972,3904
254973972,3856
254974972,3881
254975972,3876
254976972,3862
254977972,3877
254978972,3873
254979972,3858
254980972,3867
254981972,3870
254982972,3871
254983972,3866
254984972,3884
254985972,3871
254986972,3877
254987972,3868
254988972,3852
254989972,3873
254990972,3866
254991972,3875
255002364,3877
255003364,3874
255004364,3859
255005364,3883
255006364,3886
255007364,3873
255008364,3873
255009364,3879
255010364,3860
255011364,3878
255012364,3907
255013364,3866
255014364,3885
255015364,3875
255016364,3869
255017364,3866
255018364,3878
255019364,3869
255020364,3875
255021364,3861
255022364,3884
255023364,3871
255024364,3869
255025364,3857
255035783,3865
255036783,3877
255037783,3865
255038783,3888
255039783,3873
255040783,3906
255041783,3886
255042783,3866
255043783,3888
255044783,3853
255045783,3877
255046783,3899
255047783,3884
255048783,3879
255049783,3881
255050783,3874
255051783,3876
255052783,3870
255053783,3882
255054783,3882
255055783,3847
255056783,3882
255057783,3863
255058783,3876
255069203,3866
255070203,3881
255071203,3879
255072203,3866
255073203,3863
255074203,3885
255075203,3873
255076203,3908
255077203,3867
255078203,3891
255079203,3871
255080203,3878
255081203,3874
255082203,3857
255083203,3877
255084203,3877
255085203,3875
255086203,3879
255087203,3876
255088203,3883
255089203,3886
255090203,3874
255091203,3871
255092203,3874
255102606,3875
255103606,3871
255104606,3870
255105606,3865
255106606,3888
255107606,3867
255108606,3890
255109606,3876
255110606,3872
255111606,3876
255112606,3861
255113606,3885
255114606,3863
255115606,3894
255116606,3873
255117606,3874
255118606,3878
255119606,3870
255120606,3869
255121606,3882
255122606,3857
255123606,3887
255124606,3861
255125606,3877
255136025,3866
255137025,3871
255138025,3877
255139025,3865
255140025,3873
255141025,3875
255142025,3894
255143025,3874
255144025,3874
255145025,3877
255146025,3862
255147025,3839
255148025,3873
255149025,3882
255150025,3869
255151025,3907
255152025,3871
255153025,3905
255154025,3876
255155025,3884
255156025,3874
255157025,3827
255158025,3919
255159025,3868
255160025,3808
255170417,3871
255171417,3872
255172417,3872
255173417,3873
255174417,3866
255175417,3869
255176417,3883
255177417,3889
255178417,3860
255179417,3911
255180417,3878
255181417,3882
255182417,3883
255183417,3873
255184417,3871
255185417,3874
255186417,3870
255187417,3875
255188417,3869
255189417,3870
255190417,3871
255191417,3874
255192417,3890
255193417,3869
255203837,3873
255204837,3861
255205837,3853
255206837,3860
255207837,3855
255208837,3866
255209837,3898
255210837,3879
255211837,3885
255212837,3885
255213837,3873
255214837,3888
255215837,3888
255216837,3865
255217837,3869
255218837,3870
255219837,3887
255220837,3865
255221837,3869
255222837,3870
255223837,3874
255224837,3877
255225837,3885
255226837,3863
255237258,3881
255238258,3869
255239258,3879
255240258,3871
255241258,3787
255242258,3869
255243258,3879
255244258,3877
255245258,3872
255246258,3874
255247258,3870
255248258,3877
255249258,3881
255250258,3879
255251258,3857
255252258,3874
255253258,3873
255254258,3867
255255258,3873
255256258,3847
255257258,3873
255258258,3903
255259258,3858
255260258,3867
255270660,3867
255271660,3873
255272660,3874
255273660,3853
255274660,3867
255275660,3856
255276660,3869
255277660,3874
255278660,3874
255279660,3866
255280660,3863
255281660,3859
255282660,3861
255283660,3872
255284660,3871
255285660,3866
255286660,3872
255287660,3854
255288660,3862
255289660,3872
255290660,3870
255291660,3872
255292660,3861
255293660,3865
255304079,3874
255305079,3872
255306079,3870
255307079,3874
255308079,3872
255309079,3861
255310079,3858
255311079,3867
255312079,3876
255313079,3865
255314079,3873
255315079,3873
255316079,3873
255317079,3858
255318079,3859
255319079,3869
255320079,3871
255321079,3858
255322079,3869
255323079,3870
255324079,3866
255325079,3866
255326079,3874
255327079,3877
255328079,3867
255338471,3877
255339471,3877
255340471,3873
255341471,3862
255342471,3885
255343471,3888
255344471,3872
255345471,3877
255346471,3893
255347471,3871
255348471,3871
255349471,3872
255350471,3865
255351471,3881
255352471,3863
255353471,3863
255354471,3870
255355471,3860
255356471,3856
255357471,3855
255358471,3860
255359471,3875
255360471,3879
255361471,3926
255371891,3853
255372891,3869
255373891,3879
255374891,3857
255375891,3888
255376891,3885
255377891,3878
255378891,3857
255379891,3868
255380891,3871
255381891,3881
255382891,3867
255383891,3870
255384891,3866
255385891,3872
255386891,3862
255387891,3873
255388891,3864
255389891,3879
255390891,3870
255391891,3867
255392891,3881
255393891,3872
255394891,3873
255405311,3872
255406311,3888
255407311,3879
255408311,3883
255409311,3868
255410311,3881
255411311,3879
255412311,3879
255413311,3867
255414311,3879
255415311,3877
255416311,3869
255417311,3871
255418311,3869
255419311,3869
255420311,3881
255421311,3873
255422311,3881
255423311,3874
255424311,3876
255425311,3872
255426311,3861
255427311,3872
255428311,3869
255438713,3888
255439713,3883
255440713,3856
255441713,3917
255442713,3879
255443713,3872
255444713,3862
255445713,3871
255446713,3895
255447713,3873
255448713,3865
255449713,3869
255450713,3879
255451713,3871
255452713,3863
255453713,3879
255454713,3835
255455713,3883
255456713,3868
255457713,3863
255458713,3849
255459713,3877
255460713,3866
255461713,3877
255472133,3882
255473133,3815
255474133,3867
255475133,3882
255476133,3879
255477133,3908
255478133,3855
255479133,3874
255480133,3856
255481133,3872
255482133,3869
255483133,3865
255484133,3876
255485133,3857
255486133,3881
255487133,3865
255488133,3882
255489133,3877
255490133,3859
255491133,3878
255492133,3867
255493133,3856
255494133,3882
255495133,3877
255496133,3872
255506525,3875
255507525,3865
255508525,3871
255509525,3881
255510525,3879
255511525,3865
255512525,3888
255513525,3873
255514525,3886
255515525,3893
255516525,3874
255517525,3875
255518525,3887
255519525,3855
255520525,3888
255521525,3867
255522525,3855
255523525,3856
255524525,3862
255525525,3873
255526525,3879
255527525,3852
255528525,3870
255529525,3885
255539945,3876
255540945,3879
255541945,3862
255542945,3893
255543945,3861
255544945,3875
255545945,3862
255546945,3866
255547945,3879
255548945,3842
255549945,3851
255550945,3880
255551945,3873
255552945,3856
255553945,3870
255554945,3871
255555945,3872
255556945,3809
255557945,3869
255558945,3872
255559945,3907
255560945,3869
255561945,3877
255562945,3873
255573365,3859
255574365,3870
255575365,3863
255576365,3875
255577365,3852
255578365,3872
255579365,3858
255580365,3864
255581365,3862
255582365,3862
255583365,3865
255584365,3870
255585365,3861
255586365,3856
255587365,3856
255588365,3877
255589365,3871
255590365,3881
255591365,3860
255592365,3872
255593365,3873
255594365,3871
255595365,3862
255596365,3869
255606767,3879
255607767,3862
255608767,3873
255609767,3878
255610767,3866
255611767,3871
255612767,3865
255613767,3871
255614767,3867
255615767,3865
255616767,3857
255617767,3884
255618767,3879
255619767,3872
255620767,3859
255621767,3870
255622767,3872
255623767,3869
255624767,3876
255625767,3862
255626767,3890
255627767,3874
255628767,3870
255629767,3882
255640187,3872
255641187,3862
255642187,3865
255643187,3877
255644187,3873
255645187,3867
255646187,3859
255647187,3868
255648187,3871
255649187,3877
255650187,3881
255651187,3872
255652187,3865
255653187,3874
255654187,3873
255655187,3872
255656187,3887
255657187,3866
255658187,3866
255659187,3857
255660187,3858
255661187,3858
255662187,3859
255663187,3871
255664187,3865
255674582,3865
255675582,3861
255676582,3863
255677582,3877
255678582,3880
255679582,3861
255680582,3761
255681582,3909
255682582,3863
255683582,3933
255684582,3855
255685582,3890
255686582,3863
255687582,3905
255688582,3861
255689582,3871
255690582,3872
255691582,3871
255692582,3857
255693582,3805
255694582,3871
255695582,3920
255696582,3902
255697582,3846
255707999,3877
255708999,3871
255709999,3867
255710999,3873
255711999,3857
255712999,3875
255713999,3852
255714999,3853
255715999,3815
255716999,3682
255717999,3593
255718999,3755
255719999,3876
255720999,3875
255721999,3867
255722999,3873
255723999,3869
255724999,3871
255725999,3867
255726999,3874
255727999,3869
255728999,3858
255729999,3870
255730999,3871
255741418,3863
255742418,3879
255743418,3887
255744418,3879
255745418,3895
255746418,3875
255747418,3866
255748418,3872
255749418,3885
255750418,3859
255751418,3863
255752418,3858
255753418,3859
255754418,3859
255755418,3806
255756418,3887
255757418,3871
255758418,3861
255759418,3877
255760418,3887
255761418,3870
255762418,3879
255763418,3871
255764418,3862
255774821,3866
255775821,3872
255776821,3871
255777821,3846
255778821,3857
255779821,3865
255780821,3873
255781821,3877
255782821,3872
255783821,3871
255784821,3870
255785821,3856
255786821,3879
255787821,3865
255788821,3873
255789821,3875
255790821,3867
255791821,3877
255792821,3873
255793821,3880
255794821,3866
255795821,3874
255796821,3865
255797821,3867
255808242,3881
255809242,3859
255810242,3869
255811242,3867
255812242,3873
255813242,3872
255814242,3863
255815242,3869
255816242,3877
255817242,3877
255818242,3874
255819242,3873
255820242,3875
255821242,3875
255822242,3863
255823242,3866
255824242,3862
255825242,3859
255826242,3881
255827242,3870
255828242,3859
255829242,3874
255830242,3872
255831242,3857
255832242,3824
255842633,3872
255843633,3861
255844633,3886
255845633,3877
255846633,3870
255847633,3872
255848633,3882
255849633,3879
255850633,3870
255851633,3860
255852633,3879
255853633,3885
255854633,3867
255855633,3878
255856633,3870
255857633,3871
255858633,3866
255859633,3867
255860633,3859
255861633,3863
255862633,3862
255863633,3859
255864633,3875
255865633,3873
255876053,3869
255877053,3890
255878053,3877
255879053,3882
255880053,3856
255881053,3882
255882053,3873
255883053,3879
255884053,3869
255885053,3870
255886053,3878
255887053,3871
255888053,3859
255889053,3875
255890053,3873
255891053,3894
255892053,3862
255893053,3848
255894053,3873
255895053,3872
255896053,3867
255897053,3867
255898053,3867
255899053,3881
255909472,3818
255910472,3862
255911472,3843
255912472,3856
255913472,3877
255914472,3871
255915472,3856
255916472,3859
255917472,3856
255918472,3873
255919472,3863
255920472,3871
255921472,3870
255922472,3831
255923472,3769
255924472,3654
255925472,3541
255926472,3448
255927472,3361
255928472,3319
255929472,3294
255930472,3292
255931472,3280
255932472,3260
255942875,3862
255943875,3857
255944875,3824
255945875,3815
255946875,3729
255947875,3802
255948875,3869
255949875,3875
255950875,3851
255951875,3865
255952875,3857
255953875,3850
255954875,3811
255955875,3862
255956875,3856
255957875,3850
255958875,3866
255959875,3867
255960875,3856
255961875,3842
255962875,3884
255963875,3866
255964875,3871
255965875,3845
255976295,3861
255977295,3857
255978295,3862
255979295,3872
255980295,3867
255981295,3868
255982295,3872
255983295,3881
255984295,3877
255985295,3856
255986295,3862
255987295,3861
255988295,3868
255989295,3879
255990295,3867
255991295,3862
255992295,3887
255993295,3859
255994295,3802
255995295,3871
255996295,3866
255997295,3856
255998295,3869
255999295,3856
256000295,3866
256010687,3789
256011687,3728
256012687,3696
256013687,3664
256014687,3571
256015687,3475
256016687,3391
256017687,3318
256018687,3243
256019687,3202
256020687,3145
256021687,3173
256022687,3279
256023687,3306
256024687,3244
256025687,3215
256026687,3271
256027687,3441
256028687,3695
256029687,3872
256030687,3838
256031687,3788
256032687,3861
256033687,3861
256044107,3871
256045107,3859
256046107,3872
256047107,3869
256048107,3872
256049107,3855
256050107,3867
256051107,3860
256052107,3854
256053107,3869
256054107,3871
256055107,3865
256056107,3870
256057107,3856
256058107,3862
256059107,3870
256060107,3869
256061107,3879
256062107,3849
256063107,3853
256064107,3857
256065107,3813
256066107,3826
256067107,3865
256077526,3876
256078526,3875
256079526,3871
256080526,3871
256081526,3875
256082526,3867
256083526,3853
256084526,3872
256085526,3871
256086526,3856
256087526,3851
256088526,3871
256089526,3857
256090526,3875
256091526,3861
256092526,3902
256093526,3867
256094526,3887
256095526,3874
256096526,3873
256097526,3867
256098526,3870
256099526,3875
256100526,3873
256110929,3879
256111929,3862
256112929,3883
256113929,3866
256114929,3901
256115929,3875
256116929,3874
256117929,3869
256118929,3865
256119929,3866
256120929,3866
256121929,3870
256122929,3849
256123929,3867
256124929,3871
256125929,3866
256126929,3873
256127929,3875
256128929,3862
256129929,3865
256130929,3879
256131929,3878
256132929,3857
256133929,3861
256144349,3865
256145349,3869
256146349,3877
256147349,3870
256148349,3863
256149349,3867
256150349,3856
256151349,3873
256152349,3873
256153349,3879
256154349,3878
256155349,3871
256156349,3871
256157349,3877
256158349,3875
256159349,3882
256160349,3869
256161349,3871
256162349,3867
256163349,3871
256164349,3871
256165349,3869
256166349,3859
256167349,3885
256168349,3855
256178741,3873
256179741,3872
256180741,3859
256181741,3882
256182741,3861
256183741,3863
256184741,3877
256185741,3872
256186741,3807
256187741,3868
256188741,3863
256189741,3871
256190741,3867
256191741,3862
256192741,3876
256193741,3872
256194741,3856
256195741,3869
256196741,3869
256197741,3856
256198741,3863
256199741,3862
256200741,3902
256201741,3875
256212160,3877
256213160,3877
256214160,3833
256215160,3888
256216160,3862
256217160,3869
256218160,3869
256219160,3858
256220160,3866
256221160,3861
256222160,3883
256223160,3854
256224160,3861
256225160,3856
256226160,3923
256227160,3863
256228160,3862
256229160,3861
256230160,3857
256231160,3907
256232160,3863
256233160,3856
256234160,3859
256235160,3859
256245582,3863
256246582,3871
256247582,3869
256248582,3872
256249582,3856
256250582,3865
256251582,3845
256252582,3858
256253582,3858
256254582,3839
256255582,3853
256256582,3917
256257582,3869
256258582,3858
256259582,3857
256260582,3906
256261582,3869
256262582,3856
256263582,3869
256264582,3837
256265582,3855
256266582,3846
256267582,3895
256268582,3861
256278983,3769
256279983,3675
256280983,3557
256281983,3460
256282983,3417
256283983,3334
256284983,3327
256285983,3309
256286983,3245
256287983,3163
256288983,3088
256289983,3009
256290983,2974
256291983,2901
256292983,2844
256293983,2782
256294983,2721
256295983,2655
256296983,2608
256297983,2612
256298983,2710
256299983,2747
256300983,2798
256301983,2822
256312403,2704
256313403,2656
256314403,2599
256315403,2559
256316403,2559
256317403,2535
256318403,2519
256319403,2502
256320403,2485
256321403,2491
256322403,2443
256323403,2447
256324403,2483
256325403,2539
256326403,2559
256327403,2650
256328403,2768
256329403,2778
256330403,2755
256331403,2844
256332403,2949
256333403,2960
256334403,2914
256335403,2922
256336403,2928
256346795,2652
256347795,2653
256348795,2622
256349795,2559
256350795,2507
256351795,2495
256352795,2489
256353795,2454
256354795,2413
256355795,2383
256356795,2359
256357795,2313
256358795,2291
256359795,2283
256360795,2265
256361795,2256
256362795,2253
256363795,2345
256364795,2480
256365795,2641
256366795,2767
256367795,2807
256368795,2761
256369795,2880
256380214,3131
256381214,3260
256382214,3503
256383214,3720
256384214,3775
256385214,3781
256386214,3856
256387214,3850
256388214,3873
256389214,3861
256390214,3854
256391214,3881
256392214,3856
256393214,3767
256394214,3635
256395214,3514
256396214,3408
256397214,3328
256398214,3248
256399214,3180
256400214,3117
256401214,3042
256402214,2993
256403214,2954
256413634,3638
256414634,3866
256415634,3869
256416634,3868
256417634,3866
256418634,3858
256419634,3907
256420634,3833
256421634,3807
256422634,3706
256423634,3583
256424634,3474
256425634,3384
256426634,3322
256427634,3214
256428634,3130
256429634,3058
256430634,2995
256431634,2927
256432634,2881
256433634,2841
256434634,2790
256435634,2800
256436634,2934
256447037,3252
256448037,3171
256449037,3090
256450037,3033
256451037,2974
256452037,2912
256453037,2843
256454037,2784
256455037,2746
256456037,2752
256457037,2807
256458037,2864
256459037,2965
256460037,3013
256461037,3006
256462037,2950
256463037,2940
256464037,2969
256465037,2977
256466037,3058
256467037,3201
256468037,3289
256469037,3327
256470037,3274
256480456,2719
256481456,2742
256482456,2804
256483456,2896
256484456,2911
256485456,2857
256486456,2821
256487456,2745
256488456,2690
256489456,2633
256490456,2599
256491456,2597
256492456,2579
256493456,2528
256494456,2489
256495456,2477
256496456,2432
256497456,2382
256498456,2353
256499456,2337
256500456,2305
256501456,2259
256502456,2213
256503456,2213
256504456,2219
256514848,1937
256515848,1973
256516848,1958
256517848,1967
256518848,1946
256519848,1913
256520848,1872
256521848,1835
256522848,1833
256523848,1887
256524848,1937
256525848,1946
256526848,2000
256527848,1968
256528848,1942
256529848,1937
256530848,1902
256531848,1895
256532848,1919
256533848,1929
256534848,1929
256535848,1902
256536848,1866
256537848,1823
256548268,1709
256549268,1761
256550268,1748
256551268,1710
256552268,1709
256553268,1763
256554268,1852
256555268,1918
256556268,1954
256557268,1965
256558268,1979
256559268,1943
256560268,1955
256561268,1980
256562268,1986
256563268,1937
256564268,1904
256565268,1884
256566268,1846
256567268,1829
256568268,1799
256569268,1779
256570268,1792
256571268,1784
256581688,2113
256582688,2095
256583688,2034
256584688,2003
256585688,1969
256586688,1974
256587688,1949
256588688,1929
256589688,1948
256590688,1986
256591688,1993
256592688,1953
256593688,1935
256594688,1908
256595688,1890
256596688,1867
256597688,1849
256598688,1841
256599688,1865
256600688,1887
256601688,1929
256602688,1966
256603688,1975
256604688,1951
256615091,2239
256616091,2277
256617091,2277
256618091,2235
256619091,2192
256620091,2150
256621091,2139
256622091,2210
256623091,2320
256624091,2405
256625091,2454
256626091,2480
256627091,2443
256628091,2396
256629091,2342
256630091,2320
256631091,2336
256632091,2326
256633091,2297
256634091,2323
256635091,2359
256636091,2395
256637091,2397
256638091,2378
256648510,2525
256649510,2507
256650510,2523
256651510,2501
256652510,2451
256653510,2431
256654510,2443
256655510,2480
256656510,2559
256657510,2651
256658510,2672
256659510,2636
256660510,2559
256661510,2516
256662510,2480
256663510,2437
256664510,2416
256665510,2395
256666510,2356
256667510,2256
256668510,2256
256669510,2199
256670510,2167
256671510,2160
256672510,2160
256682902,2160
256683902,2127
256684902,2079
256685902,2039
256686902,1997
256687902,2000
256688902,2014
256689902,2063
256690902,2114
256691902,2130
256692902,2094
256693902,2061
256694902,2007
256695902,1968
256696902,1927
256697902,1919
256698902,1939
256699902,2021
256700902,2080
256701902,2107
256702902,2094
256703902,2071
256704902,2073
256705902,2111
256716322,2352
256717322,2365
256718322,2413
256719322,2459
256720322,2448
256721322,2397
256722322,2347
256723322,2321
256724322,2305
256725322,2258
256726322,2215
256727322,2164
256728322,2129
256729322,2092
256730322,2061
256731322,2057
256732322,2055
256733322,2064
256734322,2057
256735322,2037
256736322,2058
256737322,2164
256738322,2337
256739322,2429
256749742,2852
256750742,2885
256751742,3021
256752742,3188
256753742,3226
256754742,3195
256755742,3131
256756742,3111
256757742,3162
256758742,3253
256759742,3361
256760742,3376
256761742,3312
256762742,3332
256763742,3342
256764742,3339
256765742,3307
256766742,3231
256767742,3241
256768742,3265
256769742,3291
256770742,3251
256771742,3216
256772742,3224
256783144,3483
256784144,3376
256785144,3307
256786144,3269
256787144,3214
256788144,3141
256789144,3065
256790144,3000
256791144,2937
256792144,2866
256793144,2826
256794144,2761
256795144,2723
256796144,2677
256797144,2655
256798144,2640
256799144,2636
256800144,2610
256801144,2559
256802144,2507
256803144,2500
256804144,2559
256805144,2647
256806144,2700
256816567,3255
256817567,3429
256818567,3611
256819567,3738
256820567,3777
256821567,3761
256822567,3686
256823567,3568
256824567,3484
256825567,3514
256826567,3563
256827567,3634
256828567,3655
256829567,3632
256830567,3543
256831567,3471
256832567,3469
256833567,3479
256834567,3468
256835567,3401
256836567,3317
256837567,3237
256838567,3173
256839567,3127
256840567,3125
256850956,3344
256851956,3407
256852956,3505
256853956,3571
256854956,3579
256855956,3583
256856956,3558
256857956,3458
256858956,3467
256859956,3502
256860956,3471
256861956,3403
256862956,3354
256863956,3289
256864956,3215
256865956,3137
256866956,3071
256867956,3003
256868956,2947
256869956,2875
256870956,2812
256871956,2747
256872956,2675
256873956,2637
256884376,2230
256885376,2228
256886376,2195
256887376,2171
256888376,2132
256889376,2079
256890376,2039
256891376,2025
256892376,1975
256893376,1947
256894376,1953
256895376,1973
256896376,1992
256897376,2013
256898376,2000
256899376,1958
256900376,1908
256901376,1933
256902376,1853
256903376,1828
256904376,1791
256905376,1757
256906376,1721
256907376,1684
256917796,1727
256918796,1723
256919796,1765
256920796,1799
256921796,1878
256922796,1942
256923796,1918
256924796,1908
256925796,1907
256926796,1933
256927796,1937
256928796,1946
256929796,1917
256930796,1877
256931796,1850
256932796,1769
256933796,1785
256934796,1760
256935796,1750
256936796,1733
256937796,1711
256938796,1707
256939796,1695
256940796,1680
256951198,1791
256952198,1753
256953198,1733
256954198,1700
256955198,1699
256956198,1712
256957198,1729
256958198,1761
256959198,1776
256960198,1772
256961198,1732
256962198,1758
256963198,1832
256964198,2042
256965198,2116
256966198,2144
256967198,2109
256968198,2096
256969198,2087
256970198,2143
256971198,2207
256972198,2228
256973198,2208
256974198,2153
256984618,2081
256985618,2236
256986618,2388
256987618,2420
256988618,2421
256989618,2593
256990618,2839
256991618,3088
256992618,3205
256993618,3155
256994618,3099
256995618,3024
256996618,2944
256997618,2947
256998618,3001
256999618,3034
257000618,3096
257001618,3141
257002618,3135
257003618,3071
257004618,3045
257005618,3036
257006618,3049
257007618,3054
257008618,3039
257019010,3065
257020010,3094
257021010,3217
257022010,3351
257023010,3487
257024010,3546
257025010,3552
257026010,3487
257027010,3412
257028010,3322
257029010,3259
257030010,3189
257031010,3110
257032010,3050
257033010,2990
257034010,2973
257035010,2929
257036010,2905
257037010,2882
257038010,2864
257039010,2895
257040010,3003
257041010,3205
257042010,3440
257052430,3831
257053430,3669
257054430,3549
257055430,3459
257056430,3392
257057430,3297
257058430,3229
257059430,3184
257060430,3115
257061430,3026
257062430,2963
257063430,2907
257064430,2864
257065430,2868
257066430,2995
257067430,3183
257068430,3349
257069430,3382
257070430,3361
257071430,3399
257072430,3569
257073430,3776
257074430,3870
257075430,3856
257085849,3863
257086849,3881
257087849,3872
257088849,3870
257089849,3843
257090849,3862
257091849,3865
257092849,3874
257093849,3871
257094849,3873
257095849,3869
257096849,3851
257097849,3856
257098849,3856
257099849,3856
257100849,3857
257101849,3855
257102849,3866
257103849,3856
257104849,3856
257105849,3866
257106849,3869
257107849,3857
257108849,3866
257119252,3781
257120252,3705
257121252,3599
257122252,3486
257123252,3408
257124252,3341
257125252,3322
257126252,3341
257127252,3345
257128252,3342
257129252,3266
257130252,3243
257131252,3177
257132252,3143
257133252,3119
257134252,3097
257135252,3035
257136252,2982
257137252,2956
257138252,2913
257139252,2960
257140252,3035
257141252,3081
257142252,3061
257152672,3507
257153672,3669
257154672,3729
257155672,3648
257156672,3626
257157672,3568
257158672,3482
257159672,3397
257160672,3335
257161672,3331
257162672,3335
257163672,3277
257164672,3236
257165672,3266
257166672,3247
257167672,3173
257168672,3123
257169672,3104
257170672,3039
257171672,2991
257172672,2995
257173672,3003
257174672,3024
257175672,3056
257176672,3099
257187064,2627
257188064,2581
257189064,2533
257190064,2483
257191064,2438
257192064,2381
257193064,2343
257194064,2400
257195064,2559
257196064,2795
257197064,2946
257198064,2979
257199064,2960
257200064,3052
257201064,3191
257202064,3353
257203064,3518
257204064,3662
257205064,3715
257206064,3729
257207064,3715
257208064,3637
257209064,3521
257210064,3444
257220484,3883
257221484,3875
257222484,3867
257223484,3874
257224484,3856
257225484,3868
257226484,3867
257227484,3860
257228484,3869
257229484,3861
257230484,3873
257231484,3865
257232484,3871
257233484,3867
257234484,3888
257235484,3871
257236484,3873
257237484,3878
257238484,3857
257239484,3855
257240484,3879
257241484,3862
257242484,3857
257243484,3854
257253903,3408
257254903,3413
257255903,3343
257256903,3253
257257903,3217
257258903,3231
257259903,3236
257260903,3263
257261903,3283
257262903,3245
257263903,3169
257264903,3101
257265903,3031
257266903,3033
257267903,3020
257268903,2992
257269903,2930
257270903,2865
257271903,2829
257272903,2800
257273903,2794
257274903,2768
257275903,2710
257276903,2650
257287306,3869
257288306,3866
257289306,3877
257290306,3872
257291306,3873
257292306,3861
257293306,3871
257294306,3863
257295306,3866
257296306,3869
257297306,3860
257298306,3880
257299306,3887
257300306,3875
257301306,3871
257302306,3856
257303306,3871
257304306,3881
257305306,3857
257306306,3863
257307306,3861
257308306,3857
257309306,3879
257310306,3879
257320726,3865
257321726,3866
257322726,3865
257323726,3868
257324726,3871
257325726,3865
257326726,3861
257327726,3870
257328726,3859
257329726,3870
257330726,3877
257331726,3860
257332726,3873
257333726,3916
257334726,3860
257335726,3868
257336726,3865
257337726,3865
257338726,3868
257339726,3870
257340726,3874
257341726,3874
257342726,3870
257343726,3878
257344726,3859
257355118,3865
257356118,3856
257357118,3877
257358118,3872
257359118,3866
257360118,3868
257361118,3876
257362118,3869
257363118,3873
257364118,3879
257365118,3857
257366118,3871
257367118,3856
257368118,3866
257369118,3868
257370118,3862
257371118,3875
257372118,3866
257373118,3856
257374118,3879
257375118,3880
257376118,3859
257377118,3888
257378118,3875
257388538,3856
257389538,3863
257390538,3903
257391538,3869
257392538,3870
257393538,3862
257394538,3869
257395538,3869
257396538,3857
257397538,3850
257398538,3734
257399538,3610
257400538,3545
257401538,3456
257402538,3403
257403538,3427
257404538,3403
257405538,3342
257406538,3408
257407538,3620
257408538,3815
257409538,3866
257410538,3853
257411538,3824
257421957,3863
257422957,3869
257423957,3873
257424957,3871
257425957,3865
257426957,3867
257427957,3879
257428957,3869
257429957,3869
257430957,3873
257431957,3876
257432957,3871
257433957,3873
257434957,3862
257435957,3865
257436957,3878
257437957,3863
257438957,3867
257439957,3872
257440957,3870
257441957,3872
257442957,3868
257443957,3877
257444957,3866
257455360,3875
257456360,3857
257457360,3886
257458360,3845
257459360,3863
257460360,3873
257461360,3893
257462360,3874
257463360,3868
257464360,3865
257465360,3867
257466360,3868
257467360,3870
257468360,3843
257469360,3873
257470360,3866
257471360,3856
257472360,3876
257473360,3862
257474360,3839
257475360,3858
257476360,3871
257477360,3897
257478360,3874
257488780,3859
257489780,3866
257490780,3828
257491780,3871
257492780,3860
257493780,3874
257494780,3849
257495780,3893
257496780,3825
257497780,3872
257498780,3870
257499780,3857
257500780,3857
257501780,3881
257502780,3871
257503780,3853
257504780,3855
257505780,3856
257506780,3857
257507780,3859
257508780,3867
257509780,3888
257510780,3872
257511780,3862
257512780,3885
257523172,3871
257524172,3881
257525172,3877
257526172,3873
257527172,3867
257528172,3879
257529172,3868
257530172,3861
257531172,3872
257532172,3869
257533172,3867
257534172,3879
257535172,3857
257536172,3843
257537172,3879
257538172,3878
257539172,3875
257540172,3882
257541172,3871
257542172,3871
257543172,3878
257544172,3871
257545172,3877
257546172,3871
257556595,3871
257557595,3871
257558595,3863
257559595,3857
257560595,3869
257561595,3878
257562595,3870
257563595,3863
257564595,3872
257565595,3872
257566595,3866
257567595,3868
257568595,3867
257569595,3869
257570595,3858
257571595,3874
257572595,3871
257573595,3884
257574595,3862
257575595,3878
257576595,3857
257577595,3872
257578595,3863
257579595,3859
257590011,3707
257591011,3716
257592011,3859
257593011,3869
257594011,3883
257595011,3866
257596011,3861
257597011,3856
257598011,3873
257599011,3861
257600011,3870
257601011,3885
257602011,3883
257603011,3856
257604011,3879
257605011,3856
257606011,3871
257607011,3869
257608011,3878
257609011,3874
257610011,3868
257611011,3824
257612011,3867
257613011,3917
257623414,3930
257624414,3878
257625414,3873
257626414,3869
257627414,3887
257628414,3867
257629414,3872
257630414,3813
257631414,3852
257632414,3883
257633414,3890
257634414,3888
257635414,3881
257636414,3856
257637414,3882
257638414,3881
257639414,3865
257640414,3883
257641414,3875
257642414,3882
257643414,3872
257644414,3872
257645414,3859
257646414,3879
257656834,3870
257657834,3855
257658834,3861
257659834,3879
257660834,3871
257661834,3879
257662834,3867
257663834,3878
257664834,3863
257665834,3870
257666834,3871
257667834,3881
257668834,3875
257669834,3858
257670834,3871
257671834,3890
257672834,3898
257673834,3876
257674834,3866
257675834,3859
257676834,3856
257677834,3867
257678834,3879
257679834,3867
257680834,3861
257691234,3871
257692234,3874
257693234,3871
257694234,3870
257695234,3856
257696234,3871
257697234,3920
257698234,3873
257699234,3869
257700234,3859
257701234,3866
257702234,3855
257703234,3873
257704234,3873
257705234,3875
257706234,3870
257707234,3873
257708234,3867
257709234,3862
257710234,3877
257711234,3872
257712234,3857
257713234,3869
257714234,3863
257724645,3831
257725645,3885
257726645,3890
257727645,3866
257728645,3857
257729645,3874
257730645,3872
257731645,3871
257732645,3819
257733645,3867
257734645,3895
257735645,3868
257736645,3887
257737645,3829
257738645,3865
257739645,3889
257740645,3877
257741645,3872
257742645,3855
257743645,3853
257744645,3863
257745645,3861
257746645,3838
257747645,3871
257758065,3878
257759065,3887
257760065,3878
257761065,3900
257762065,3881
257763065,3867
257764065,3873
257765065,3881
257766065,3877
257767065,3873
257768065,3854
257769065,3865
257770065,3871
257771065,3855
257772065,3874
257773065,3853
257774065,3871
257775065,3867
257776065,3865
257777065,3872
257778065,3859
257779065,3875
257780065,3868
257781065,3874
257791468,3868
257792468,3869
257793468,3875
257794468,3883
257795468,3892
257796468,3871
257797468,3885
257798468,3863
257799468,3870
257800468,3861
257801468,3873
257802468,3877
257803468,3847
257804468,3861
257805468,3877
257806468,3871
257807468,3875
257808468,3876
257809468,3869
257810468,3870
257811468,3865
257812468,3863
257813468,3883
257814468,3856
257824887,3875
257825887,3862
257826887,3875
257827887,3884
257828887,3869
257829887,3885
257830887,3860
257831887,3865
257832887,3877
257833887,3858
257834887,3888
257835887,3872
257836887,3882
257837887,3886
257838887,3870
257839887,3862
257840887,3877
257841887,3873
257842887,3867
257843887,3904
257844887,3878
257845887,3821
257846887,3888
257847887,3874
257848887,3905
257859279,3830
257860279,3843
257861279,3881
257862279,3871
257863279,3887
257864279,3878
257865279,3874
257866279,3878
257867279,3867
257868279,3869
257869279,3873
257870279,3859
257871279,3809
257872279,3876
257873279,3882
257874279,3868
257875279,3881
257876279,3870
257877279,3870
257878279,3867
257879279,3871
257880279,3856
257881279,3887
257882279,3875
257892699,3877
257893699,3878
257894699,3875
257895699,3876
257896699,3875
257897699,3869
257898699,3865
257899699,3874
257900699,3878
257901699,3875
257902699,3878
257903699,3874
257904699,3882
257905699,3870
257906699,3871
257907699,3862
257908699,3878
257909699,3871
257910699,3879
257911699,3861
257912699,3873
257913699,3884
257914699,3866
257915699,3876
257926119,3875
257927119,3871
257928119,3856
257929119,3855
257930119,3859
257931119,3865
257932119,3877
257933119,3863
257934119,3870
257935119,3859
257936119,3877
257937119,3862
257938119,3888
257939119,3871
257940119,3858
257941119,3874
257942119,3879
257943119,3869
257944119,3882
257945119,3861
257946119,3867
257947119,3881
257948119,3875
257949119,3888
257959522,3888
257960522,3874
257961522,3875
257962522,3867
257963522,3869
257964522,3863
257965522,3860
257966522,3879
257967522,3877
257968522,3875
257969522,3824
257970522,3890
257971522,3881
257972522,3888
257973522,3872
257974522,3879
257975522,3867
257976522,3886
257977522,3875
257978522,3877
257979522,3875
257980522,3861
257981522,3879
257982522,3892
257992941,3822
257993941,3867
257994941,3867
257995941,3939
257996941,3869
257997941,3883
257998941,3875
257999941,3886
258000941,3867
258001941,3857
258002941,3903
258003941,3881
258004941,3871
258005941,3859
258006941,3879
258007941,3883
258008941,3872
258009941,3870
258010941,3868
258011941,3851
258012941,3862
258013941,3875
258014941,3842
258015941,3886
258016941,3873
258027333,3878
258028333,3877
258029333,3878
258030333,3881
258031333,3873
258032333,3872
258033333,3857
258034333,3889
258035333,3904
258036333,3878
258037333,3873
258038333,3868
258039333,3873
258040333,3875
258041333,3813
258042333,3866
258043333,3867
258044333,3874
258045333,3853
258046333,3865
258047333,3863
258048333,3879
258049333,3864
258050333,3854
258060753,3874
258061753,3886
258062753,3872
258063753,3855
258064753,3872
258065753,3876
258066753,3879
258067753,3887
258068753,3872
258069753,3883
258070753,3875
258071753,3886
258072753,3870
258073753,3874
258074753,3878
258075753,3824
258076753,3877
258077753,3870
258078753,3874
258079753,3879
258080753,3881
258081753,3876
258082753,3877
258083753,3874
258094173,3879
258095173,3873
258096173,3875
258097173,3881
258098173,3875
258099173,3885
258100173,3875
258101173,3842
258102173,3886
258103173,3884
258104173,3863
258105173,3856
258106173,3882
258107173,3884
258108173,3875
258109173,3866
258110173,3877
258111173,3869
258112173,3873
258113173,3869
258114173,3871
258115173,3873
258116173,3823
258117173,3877
258127577,3862
258128577,3872
258129577,3876
258130577,3873
258131577,3874
258132577,3859
258133577,3886
258134577,3869
258135577,3877
258136577,3861
258137577,3868
258138577,3873
258139577,3859
258140577,3881
258141577,3879
258142577,3869
258143577,3863
258144577,3873
258145577,3872
258146577,3863
258147577,3867
258148577,3870
258149577,3879
258150577,3876
258160995,3882
258161995,3869
258162995,3879
258163995,3885
258164995,3879
258165995,3891
258166995,3826
258167995,3870
258168995,3887
258169995,3847
258170995,3859
258171995,3871
258172995,3866
258173995,3935
258174995,3888
258175995,3878
258176995,3902
258177995,3876
258178995,3888
258179995,3872
258180995,3872
258181995,3873
258182995,3852
258183995,3874
258184995,3824
258195387,3871
258196387,3875
258197387,3872
258198387,3856
258199387,3878
258200387,3873
258201387,3861
258202387,3877
258203387,3843
258204387,3875
258205387,3874
258206387,3876
258207387,3875
258208387,3885
258209387,3872
258210387,3877
258211387,3873
258212387,3879
258213387,3871
258214387,3872
258215387,3885
258216387,3839
258217387,3873
258218387,3873
258228807,3879
258229807,3870
258230807,3883
258231807,3884
258232807,3855
258233807,3870
258234807,3852
258235807,3875
258236807,3868
258237807,3873
258238807,3882
258239807,3873
258240807,3871
258241807,3861
258242807,3847
258243807,3873
258244807,3869
258245807,3880
258246807,3874
258247807,3887
258248807,3867
258249807,3860
258250807,3857
258251807,3872
258262235,3867
258263235,3866
258264235,3871
258265235,3865
258266235,3870
258267235,3877
258268235,3826
258269235,3871
258270235,3887
258271235,3882
258272235,3882
258273235,3856
258274235,3879
258275235,3873
258276235,3860
258277235,3874
258278235,3869
258279235,3885
258280235,3873
258281235,3874
258282235,3879
258283235,3872
258284235,3863
258285235,3867
258295629,3870
258296629,3879
258297629,3863
258298629,3889
258299629,3867
258300629,3868
258301629,3857
258302629,3863
258303629,3846
258304629,3883
258305629,3854
258306629,3857
258307629,3877
258308629,3868
258309629,3877
258310629,3865
258311629,3870
258312629,3883
258313629,3885
258314629,3886
258315629,3868
258316629,3862
258317629,3877
258318629,3894
258329049,3873
258330049,3873
258331049,3875
258332049,3873
258333049,3872
258334049,3859
258335049,3867
258336049,3873
258337049,3871
258338049,3903
258339049,3877
258340049,3885
258341049,3862
258342049,3863
258343049,3874
258344049,3872
258345049,3886
258346049,3877
258347049,3875
258348049,3893
258349049,3869
258350049,3876
258351049,3879
258352049,3867
258353049,3855
258363441,3873
258364441,3883
258365441,3874
258366441,3874
258367441,3875
258368441,3871
258369441,3876
258370441,3902
258371441,3943
258372441,3874
258373441,3871
258374441,3873
258375441,3871
258376441,3871
258377441,3927
258378441,3892
258379441,3872
258380441,3877
258381441,3870
258382441,3878
258383441,3871
258384441,3875
258385441,3921
258386441,3884
258396861,3879
258397861,3886
258398861,3866
258399861,3886
258400861,3857
258401861,3859
258402861,3870
258403861,3882
258404861,3883
258405861,3885
258406861,3877
258407861,3872
258408861,3875
258409861,3881
258410861,3859
258411861,3874
258412861,3881
258413861,3869
258414861,3875
258415861,3867
258416861,3872
258417861,3877
258418861,3873
258419861,3871
258430280,3870
258431280,3886
258432280,3878
258433280,3875
258434280,3875
258435280,3875
258436280,3872
258437280,3873
258438280,3873
258439280,3877
258440280,3871
258441280,3878
258442280,3877
258443280,3818
258444280,3920
258445280,3871
258446280,3890
258447280,3866
258448280,3868
258449280,3867
258450280,3871
258451280,3856
258452280,3865
258453280,3905
258463683,3883
258464683,3871
258465683,3878
258466683,3873
258467683,3885
258468683,3881
258469683,3873
258470683,3871
258471683,3879
258472683,3873
258473683,3871
258474683,3879
258475683,3888
258476683,3875
258477683,3878
258478683,3867
258479683,3872
258480683,3873
258481683,3881
258482683,3883
258483683,3866
258484683,3870
258485683,3855
258486683,3877
258497103,3907
258498103,3874
258499103,3875
258500103,3870
258501103,3887
258502103,3869
258503103,3857
258504103,3874
258505103,3838
258506103,3869
258507103,3887
258508103,3883
258509103,3884
258510103,3867
258511103,3877
258512103,3881
258513103,3883
258514103,3873
258515103,3898
258516103,3895
258517103,3868
258518103,3830
258519103,3865
258520103,3861
258521103,3872
258531495,3878
258532495,3880
258533495,3873
258534495,3874
258535495,3863
258536495,3874
258537495,3875
258538495,3873
258539495,3875
258540495,3879
258541495,3878
258542495,3867
258543495,3879
258544495,3884
258545495,3861
258546495,3861
258547495,3872
258548495,3871
258549495,3874
258550495,3873
258551495,3872
258552495,3883
258553495,3871
258554495,3874
258564915,3884
258565915,3878
258566915,3881
258567915,3874
258568915,3884
258569915,3868
258570915,3849
258571915,3927
258572915,3872
258573915,3869
258574915,3877
258575915,3860
258576915,3865
258577915,3861
258578915,3872
258579915,3888
258580915,3878
258581915,3881
258582915,3879
258583915,3885
258584915,3870
258585915,3875
258586915,3888
258587915,3861
258598334,3875
258599334,3867
258600334,3920
258601334,3859
258602334,3877
258603334,3888
258604334,3876
258605334,3881
258606334,3870
258607334,3865
258608334,3876
258609334,3882
258610334,3879
258611334,3889
258612334,3875
258613334,3881
258614334,3859
258615334,3869
258616334,3880
258617334,3871
258618334,3865
258619334,3870
258620334,3888
258621334,3879
258631737,3882
258632737,3882
258633737,3869
258634737,3882
258635737,3884
258636737,3890
258637737,3871
258638737,3868
258639737,3888
258640737,3846
258641737,3873
258642737,3876
258643737,3853
258644737,3865
258645737,3902
258646737,3866
258647737,3873
258648737,3881
258649737,3863
258650737,3870
258651737,3881
258652737,3883
258653737,3895
258654737,3876
258665157,3885
258666157,3874
258667157,3880
258668157,3869
258669157,3885
258670157,3875
258671157,3883
258672157,3881
258673157,3888
258674157,3879
258675157,3864
258676157,3887
258677157,3888
258678157,3879
258679157,3870
258680157,3874
258681157,3805
258682157,3872
258683157,3865
258684157,3888
258685157,3885
258686157,3884
258687157,3862
258688157,3883
258689157,3879
258699549,3798
258700549,3873
258701549,3864
258702549,3868
258703549,3863
258704549,3879
258705549,3871
258706549,3878
258707549,3870
258708549,3877
258709549,3888
258710549,3931
258711549,3883
258712549,3930
258713549,3877
258714549,3898
258715549,3882
258716549,3864
258717549,3917
258718549,3867
258719549,3839
258720549,3886
258721549,3871
258722549,3904
258732969,3887
258733969,3883
258734969,3866
258735969,3877
258736969,3881
258737969,3878
258738969,3867
258739969,3885
258740969,3875
258741969,3888
258742969,3878
258743969,3886
258744969,3877
258745969,3876
258746969,3873
258747969,3879
258748969,3861
258749969,3874
258750969,3861
258751969,3880
258752969,3888
258753969,3872
258754969,3915
258755969,3879
258766388,3888
258767388,3915
258768388,3861
258769388,3853
258770388,3875
258771388,3872
258772388,3885
258773388,3883
258774388,3904
258775388,3881
258776388,3883
258777388,3874
258778388,3871
258779388,3872
258780388,3874
258781388,3863
258782388,3846
258783388,3874
258784388,3878
258785388,3851
258786388,3874
258787388,3863
258788388,3875
258789388,3872
258799791,3868
258800791,3885
258801791,3881
258802791,3859
258803791,3874
258804791,3873
258805791,3874
258806791,3877
258807791,3885
258808791,3885
258809791,3875
258810791,3879
258811791,3879
258812791,3885
258813791,3869
258814791,3881
258815791,3879
258816791,3871
258817791,3875
258818791,3877
258819791,3885
258820791,3867
258821791,3881
258822791,3884
258833211,3874
258834211,3862
258835211,3866
258836211,3888
258837211,3856
258838211,3877
258839211,3882
258840211,3870
258841211,3871
258842211,3894
258843211,3869
258844211,3872
258845211,3883
258846211,3846
258847211,3863
258848211,3877
258849211,3898
258850211,3888
258851211,3931
258852211,3869
258853211,3873
258854211,3879
258855211,3879
258856211,3859
258857211,3857
258867603,3875
258868603,3888
258869603,3895
258870603,3839
258871603,3908
258872603,3888
258873603,3875
258874603,3874
258875603,3874
258876603,3861
258877603,3877
258878603,3876
258879603,3878
258880603,3879
258881603,3867
258882603,3873
258883603,3873
258884603,3856
258885603,3877
258886603,3879
258887603,3875
258888603,3870
258889603,3859
258890603,3885
258901022,3866
258902022,3867
258903022,3853
258904022,3869
258905022,3860
258906022,3891
258907022,3877
258908022,3827
258909022,3872
258910022,3878
258911022,3883
258912022,3882
258913022,3878
258914022,3867
258915022,3863
258916022,3889
258917022,3877
258918022,3888
258919022,3877
258920022,3875
258921022,3874
258922022,3868
258923022,3870
258924022,3859
258934442,3886
258935442,3863
258936442,3883
258937442,3890
258938442,3873
258939442,3882
258940442,3893
258941442,3883
258942442,3879
258943442,3875
258944442,3873
258945442,3872
258946442,3885
258947442,3867
258948442,3923
258949442,3886
258950442,3888
258951442,3867
258952442,3873
258953442,3884
258954442,3885
258955442,3869
258956442,3877
258957442,3881
258967845,3875
258968845,3871
258969845,3876
258970845,3852
258971845,3873
258972845,3879
258973845,3877
258974845,3888
258975845,3872
258976845,3867
258977845,3885
258978845,3887
258979845,3874
258980845,3877
258981845,3898
258982845,3884
258983845,3879
258984845,3871
258985845,3873
258986845,3881
258987845,3881
258988845,3825
258989845,3870
258990845,3882
259001265,3859
259002265,3881
259003265,3873
259004265,3941
259005265,3871
259006265,3889
259007265,3889
259008265,3892
259009265,3855
259010265,3875
259011265,3870
259012265,3870
259013265,3851
259014265,3875
259015265,3872
259016265,3874
259017265,3883
259018265,3887
259019265,3903
259020265,3877
259021265,3855
259022265,3872
259023265,3856
259024265,3881
259025265,3863
259035657,3870
259036657,3880
259037657,3872
259038657,3877
259039657,3889
259040657,3869
259041657,3867
259042657,3877
259043657,3836
259044657,3851
259045657,3873
259046657,3883
259047657,3874
259048657,3890
259049657,3879
259050657,3900
259051657,3869
259052657,3882
259053657,3876
259054657,3901
259055657,3871
259056657,3870
259057657,3874
259058657,3897
259069076,3877
259070076,3874
259071076,3881
259072076,3870
259073076,3884
259074076,3888
259075076,3879
259076076,3872
259077076,3876
259078076,3870
259079076,3873
259080076,3870
259081076,3875
259082076,3871
259083076,3857
259084076,3906
259085076,3882
259086076,3913
259087076,3879
259088076,3866
259089076,3819
259090076,3876
259091076,3885
259092076,3869
259102496,3881
259103496,3879
259104496,3865
259105496,3883
259106496,3873
259107496,3861
259108496,3883
259109496,3878
259110496,3879
259111496,3878
259112496,3885
259113496,3873
259114496,3883
259115496,3875
259116496,3859
259117496,3888
259118496,3856
259119496,3875
259120496,3882
259121496,3882
259122496,3888
259123496,3867
259124496,3867
259125496,3872
259135899,3885
259136899,3873
259137899,3888
259138899,3881
259139899,3879
259140899,3884
259141899,3879
259142899,3878
259143899,3882
259144899,3879
259145899,3875
259146899,3885
259147899,3886
259148899,3891
259149899,3873
259150899,3875
259151899,3868
259152899,3873
259153899,3868
259154899,3893
259155899,3872
259156899,3879
259157899,3873
259158899,3855
259169318,3877
259170318,3884
259171318,3883
259172318,3835
259173318,3859
259174318,3857
259175318,3855
259176318,3871
259177318,3920
259178318,3870
259179318,3873
259180318,3869
259181318,3879
259182318,3872
259183318,3889
259184318,3884
259185318,3888
259186318,3875
259187318,3882
259188318,3888
259189318,3871
259190318,3879
259191318,3874
259192318,3871
259193318,3886
259203710,3872
259204710,3879
259205710,3893
259206710,3887
259207710,3877
259208710,3887
259209710,3872
259210710,3878
259211710,3873
259212710,3879
259213710,3865
259214710,3867
259215710,3873
259216710,3872
259217710,3883
259218710,3884
259219710,3888
259220710,3869
259221710,3885
259222710,3878
259223710,3877
259224710,3874
259225710,3877
259226710,3878
259237130,3872
259238130,3893
259239130,3909
259240130,3875
259241130,3880
259242130,3867
259243130,3879
259244130,3897
259245130,3875
259246130,3889
259247130,3871
259248130,3862
259249130,3938
259250130,3862
259251130,3879
259252130,3877
259253130,3877
259254130,3879
259255130,3859
259256130,3877
259257130,3866
259258130,3915
259259130,3875
259260130,3869
259270550,3895
259271550,3886
259272550,3876
259273550,3843
259274550,3898
259275550,3878
259276550,3877
259277550,3884
259278550,3875
259279550,3877
259280550,3865
259281550,3862
259282550,3892
259283550,3899
259284550,3875
259285550,3875
259286550,3865
259287550,3892
259288550,3867
259289550,3867
259290550,3871
259291550,3877
259292550,3883
259293550,3899
259303953,3884
259304953,3884
259305953,3873
259306953,3873
259307953,3886
259308953,3871
259309953,3878
259310953,3881
259311953,3880
259312953,3894
259313953,3867
259314953,3874
259315953,3871
259316953,3871
259317953,3859
259318953,3875
259319953,3876
259320953,3883
259321953,3874
259322953,3866
259323953,3905
259324953,3885
259325953,3858
259326953,3876
259337372,3879
259338372,3879
259339372,3871
259340372,3873
259341372,3873
259342372,3876
259343372,3881
259344372,3873
259345372,3872
259346372,3881
259347372,3867
259348372,3879
259349372,3866
259350372,3879
259351372,3874
259352372,3874
259353372,3868
259354372,3878
259355372,3872
259356372,3872
259357372,3884
259358372,3810
259359372,3885
259360372,3872
259361372,3863
259371764,3892
259372764,3864
259373764,3867
259374764,3869
259375764,3854
259376764,3872
259377764,3898
259378764,3853
259379764,3867
259380764,3861
259381764,3827
259382764,3866
259383764,3879
259384764,3856
259385764,3888
259386764,3885
259387764,3875
259388764,3927
259389764,3897
259390764,3865
259391764,3863
259392764,3872
259393764,3839
259394764,3897
259405184,3875
259406184,3863
259407184,3882
259408184,3874
259409184,3879
259410184,3885
259411184,3863
259412184,3875
259413184,3871
259414184,3873
259415184,3871
259416184,3887
259417184,3878
259418184,3885
259419184,3884
259420184,3878
259421184,3856
259422184,3872
259423184,3868
259424184,3861
259425184,3893
259426184,3879
259427184,3888
259428184,3867
259438604,3863
259439604,3867
259440604,3864
259441604,3831
259442604,3856
259443604,3861
259444604,3874
259445604,3873
259446604,3856
259447604,3871
259448604,3841
259449604,3855
259450604,3855
259451604,3775
259452604,3632
259453604,3516
259454604,3409
259455604,3325
259456604,3225
259457604,3163
259458604,3071
259459604,3008
259460604,2934
259461604,2876
259472006,2255
259473006,2235
259474006,2198
259475006,2199
259476006,2208
259477006,2250
259478006,2320
259479006,2381
259480006,2446
259481006,2500
259482006,2524
259483006,2496
259484006,2458
259485006,2493
259486006,2586
259487006,2715
259488006,2848
259489006,2956
259490006,3039
259491006,3051
259492006,3030
259493006,2980
259494006,2909
259495006,2881
259505426,2480
259506426,2439
259507426,2385
259508426,2353
259509426,2287
259510426,2254
259511426,2201
259512426,2160
259513426,2119
259514426,2071
259515426,2025
259516426,1982
259517426,1940
259518426,1904
259519426,1857
259520426,1828
259521426,1775
259522426,1749
259523426,1717
259524426,1681
259525426,1647
259526426,1611
259527426,1575
259528426,1524
259529426,1505
259539818,1199
259540818,1187
259541818,1155
259542818,1135
259543818,1103
259544818,1081
259545818,1068
259546818,1023
259547818,1008
259548818,993
259549818,974
259550818,913
259551818,934
259552818,909
259553818,883
259554818,877
259555818,880
259556818,839
259557818,837
259558818,803
259559818,790
259560818,774
259561818,752
259562818,740
259563818,721
259564818,704
259565818,692
259566818,684
259577239,539
259578239,537
259579239,479
259580239,504
259581239,502
259582239,500
259583239,492
259584239,477
259585239,457
259586239,462
259587239,445
259588239,444
259589239,421
259590239,417
259591239,395
259592239,397
259593239,400
259594239,393
259595239,381
259596239,372
259597239,367
259598239,363
259599239,367
259600239,343
259601239,346
259602239,333
259603239,328
259604239,326
259605239,325
259606239,311
259607239,309
259617665,249
259618665,247
259619665,240
259620665,240
259621665,237
259622665,227
259623665,226
259624665,236
259625665,212
259626665,212
259627665,220
259628665,209
259629665,200
259630665,199
259631665,205
259632665,204
259633665,197
259634665,187
259635665,188
259636665,189
259637665,187
259638665,174
259639665,176
259640665,177
259641665,174
259642665,174
259643665,172
259644665,161
259645665,153
259646665,157
259647665,147
259658116,139
259659116,148
259660116,139
259661116,130
259662116,125
259663116,126
259664116,126
259665116,127
259666116,119
259667116,122
259668116,115
259669116,88
259670116,121
259671116,109
259672116,113
259673116,114
259674116,114
259675116,110
259676116,112
259677116,108
259678116,112
259679116,104
259680116,104
259681116,104
259682116,115
259683116,99
259684116,102
259685116,101
259686116,96
259687116,100
259688116,91
259689116,92
259690116,65
259700565,87
259701565,83
259702565,85
259703565,84
259704565,92
259705565,83
259706565,81
259707565,83
259708565,68
259709565,73
259710565,77
259711565,81
259712565,77
259713565,80
259714565,104
259715565,75
259716565,80
259717565,71
259718565,71
259719565,80
259720565,79
259721565,69
259722565,79
259723565,78
259724565,83
259725565,92
259726565,73
259727565,79
259728565,79
259729565,73
259730565,69
259731565,64
259732565,73
259733565,72
259734565,71
259735565,67
259736565,75
259737565,74
259738565,66
259739565,67
259740565,65
259741565,70
259742565,75
259743565,73
259753965,69
259754965,61
259755965,67
259756965,42
259757965,66
259758965,65
259759965,69
259760965,69
259761965,64
259762965,63
259763965,60
259764965,65
259765965,76
259766965,64
259767965,33
259768965,68
259769965,65
259770965,69
259771965,61
259772965,65
259773965,59
259774965,73
259775965,76
259776965,64
259777965,29
259778965,65
259779965,87
259780965,62
259781965,69
259782965,61
259783965,73
259784965,55
259785965,56
259786965,61
259787965,67
259788965,65
259789965,67
259790965,60
259791965,64
259792965,57
259793965,64
259794965,64
259795965,60
259806378,69
259807378,61
259808378,57
259809378,56
259810378,59
259811378,58
259812378,53
259813378,68
259814378,58
259815378,57
259816378,57
259817378,55
259818378,57
259819378,57
259820378,59
259821378,52
259822378,65
259823378,69
259824378,54
259825378,57
259826378,64
259827378,63
259828378,63
259829378,64
259830378,64
259831378,64
259832378,58
259833378,57
259834378,59
259835378,59
259836378,64
259837378,68
259838378,53
259839378,54
259840378,57
259841378,59
259842378,61
259843378,60
259844378,57
259845378,63
259846378,60
259847378,57
259848378,57
259849378,61
259859763,55
259860763,55
259861763,65
259862763,48
259863763,55
259864763,60
259865763,60
259866763,56
259867763,51
259868763,75
259869763,61
259870763,45
259871763,49
259872763,64
259873763,59
259874763,52
259875763,59
259876763,37
259877763,53
259878763,63
259879763,64
259880763,52
259881763,49
259882763,60
259883763,60
259884763,57
259885763,59
259886763,65
259887763,51
259888763,71
259889763,38
259890763,52
259891763,61
259892763,48
259893763,63
259894763,63
259895763,49
259896763,65
259897763,80
259898763,68
259899763,48
259900763,55
259901763,62
259902763,45
259913165,55
259914165,53
259915165,56
259916165,54
259917165,49
259918165,52
259919165,57
259920165,29
259921165,61
259922165,63
259923165,55
259924165,50
259925165,57
259926165,57
259927165,55
259928165,60
259929165,60
259930165,64
259931165,64
259932165,62
259933165,49
259934165,48
259935165,51
259936165,57
259937165,58
259938165,60
259939165,49
259940165,53
259941165,53
259942165,60
259943165,56
259944165,64
259945165,54
259946165,65
259947165,49
259948165,59
259949165,59
259950165,51
259951165,53
259952165,54
259953165,64
259954165,51
259955165,57
259965579,49
259966579,61
259967579,52
259968579,64
259969579,51
259970579,64
259971579,61
259972579,50
259973579,53
259974579,57
259975579,57
259976579,43
259977579,49
259978579,59
259979579,59
259980579,64
259981579,41
259982579,43
259983579,53
259984579,51
259985579,65
259986579,53
259987579,61
259988579,55
259989579,63
259990579,49
259991579,47
259992579,64
259993579,64
259994579,65
259995579,61
259996579,56
259997579,54
259998579,61
259999579,64
260000579,50
260001579,44
260002579,49
260003579,59
260004579,60
260005579,50
260006579,59
260007579,60
260008579,61
260018963,53
260019963,59
260020963,67
260021963,52
260022963,65
260023963,48
260024963,68
260025963,58
260026963,58
260027963,57
260028963,61
260029963,55
260030963,56
260031963,60
260032963,57
260033963,54
260034963,68
260035963,56
260036963,55
260037963,55
260038963,61
260039963,59
260040963,56
260041963,48
260042963,27
260043963,59
260044963,53
260045963,52
260046963,64
260047963,61
260048963,59
260049963,64
260050963,53
260051963,68
260052963,61
260053963,60
260054963,61
260055963,59
260056963,64
260057963,61
260058963,61
260059963,57
260060963,55
260061963,63
260072365,64
260073365,61
260074365,68
260075365,61
260076365,57
260077365,64
260078365,59
260079365,62
260080365,64
260081365,59
260082365,55
260083365,48
260084365,51
260085365,48
260086365,68
260087365,52
260088365,57
260089365,63
260090365,49
260091365,55
260092365,51
260093365,56
260094365,55
260095365,60
260096365,54
260097365,64
260098365,57
260099365,58
260100365,55
260101365,52
260102365,70
260103365,53
260104365,65
260105365,45
260106365,55
260107365,59
260108365,64
260109365,59
260110365,63
260111365,64
260112365,57
260113365,49
260114365,48
260124778,64
260125778,60
260126778,57
260127778,55
260128778,51
260129778,53
260130778,48
260131778,53
260132778,63
260133778,57
260134778,57
260135778,61
260136778,49
260137778,49
260138778,57
260139778,13
260140778,48
260141778,64
260142778,48
260143778,62
260144778,51
260145778,61
260146778,59
260147778,60
260148778,57
260149778,52
260150778,55
260151778,51
260152778,64
260153778,63
260154778,52
260155778,25
260156778,55
260157778,51
260158778,64
260159778,51
260160778,55
260161778,57
260162778,55
260163778,51
260164778,57
260165778,59
260166778,58
260167778,53
260178163,52
260179163,55
260180163,60
260181163,49
260182163,57
260183163,55
260184163,60
260185163,65
260186163,55
260187163,58
260188163,52
260189163,60
260190163,51
260191163,57
260192163,51
260193163,63
260194163,58
260195163,54
260196163,58
260197163,57
260198163,63
260199163,54
260200163,68
260201163,65
260202163,59
260203163,61
260204163,60
260205163,55
260206163,57
260207163,49
260208163,58
260209163,63
260210163,43
260211163,57
260212163,53
260213163,64
260214163,61
260215163,63
260216163,61
260217163,61
260218163,49
260219163,53
260220163,51
260221163,65
260231567,55
260232567,59
260233567,61
260234567,66
260235567,57
260236567,17
260237567,81
260238567,53
260239567,61
260240567,60
260241567,63
260242567,50
260243567,57
260244567,54
260245567,54
260246567,61
260247567,51
260248567,61
260249567,71
260250567,55
260251567,54
260252567,80
260253567,61
260254567,57
260255567,59
260256567,55
260257567,57
260258567,58
260259567,55
260260567,60
260261567,49
260262567,54
260263567,59
260264567,51
260265567,52
260266567,57
260267567,60
260268567,60
260269567,64
260270567,57
260271567,65
260272567,51
260273567,51
260283977,54
260284977,69
260285977,64
260286977,64
260287977,51
260288977,53
260289977,52
260290977,55
260291977,56
260292977,56
260293977,57
260294977,62
260295977,57
260296977,55
260297977,59
260298977,38
260299977,61
260300977,59
260301977,61
260302977,66
260303977,56
260304977,61
260305977,61
260306977,64
260307977,79
260308977,111
260309977,160
260310977,227
260311977,288
260312977,319
260313977,337
260314977,325
260315977,334
260316977,356
260317977,395
260318977,444
260319977,495
260320977,558
260321977,603
260332432,685
260333432,678
260334432,661
260335432,649
260336432,640
260337432,625
260338432,608
260339432,607
260340432,624
260341432,625
260342432,627
260343432,654
260344432,695
260345432,767
260346432,826
260347432,909
260348432,977
260349432,1033
260350432,1045
260351432,1023
260352432,1045
260353432,1120
260354432,1204
260355432,1279
260356432,1346
260357432,1402
260358432,1446
260359432,1475
260369844,2143
260370844,2161
260371844,2243
260372844,2350
260373844,2480
260374844,2559
260375844,2599
260376844,2550
260377844,2607
260378844,2687
260379844,2826
260380844,2983
260381844,3199
260382844,3553
260383844,3862
260384844,3874
260385844,3886
260386844,3866
260387844,3866
260388844,3871
260389844,3874
260390844,3873
260391844,3863
260392844,3895
260403249,3857
260404249,3875
260405249,3884
260406249,3871
260407249,3863
260408249,3886
260409249,3911
260410249,3885
260411249,3858
260412249,3886
260413249,3877
260414249,3875
260415249,3871
260416249,3847
260417249,3871
260418249,3875
260419249,3877
260420249,3877
260421249,3875
260422249,3881
260423249,3867
260424249,3877
260425249,3888
260426249,3894
260436667,3883
260437667,3879
260438667,3878
260439667,3897
260440667,3883
260441667,3866
260442667,3889
260443667,3885
260444667,3889
260445667,3873
260446667,3875
260447667,3861
260448667,3873
260449667,3873
260450667,3845
260451667,3838
260452667,3873
260453667,3874
260454667,3874
260455667,3878
260456667,3872
260457667,3874
260458667,3880
260459667,3881
260460667,3881
260471059,3871
260472059,3856
260473059,3882
260474059,3870
260475059,3879
260476059,3859
260477059,3871
260478059,3902
260479059,3887
260480059,3883
260481059,3882
260482059,3881
260483059,3874
260484059,3888
260485059,3882
260486059,3873
260487059,3874
260488059,3870
260489059,3884
260490059,3825
260491059,3878
260492059,3867
260493059,3856
260494059,3882
260504479,3883
260505479,3869
260506479,3875
260507479,3893
260508479,3870
260509479,3885
260510479,3869
260511479,3870
260512479,3873
260513479,3873
260514479,3870
260515479,3863
260516479,3888
260517479,3874
260518479,3883
260519479,3885
260520479,3875
260521479,3918
260522479,3846
260523479,3878
260524479,3882
260525479,3883
260526479,3880
260527479,3885
260537898,3883
260538898,3879
260539898,3884
260540898,3872
260541898,3890
260542898,3888
260543898,3885
260544898,3877
260545898,3866
260546898,3878
260547898,3866
260548898,3872
260549898,3888
260550898,3881
260551898,3878
260552898,3887
260553898,3881
260554898,3878
260555898,3871
260556898,3858
260557898,3868
260558898,3866
260559898,3888
260560898,3893
260571301,3882
260572301,3875
260573301,3877
260574301,3873
260575301,3913
260576301,3872
260577301,3888
260578301,3872
260579301,3887
260580301,3888
260581301,3851
260582301,3866
260583301,3882
260584301,3878
260585301,3883
260586301,3855
260587301,3876
260588301,3865
260589301,3879
260590301,3878
260591301,3874
260592301,3879
260593301,3877
260594301,3873
260604721,3878
260605721,3886
260606721,3883
260607721,3878
260608721,3878
260609721,3882
260610721,3877
260611721,3883
260612721,3883
260613721,3874
260614721,3876
260615721,3875
260616721,3866
260617721,3872
260618721,3875
260619721,3875
260620721,3874
260621721,3871
260622721,3882
260623721,3873
260624721,3878
260625721,3882
260626721,3873
260627721,3875
260628721,3872
260639113,3903
260640113,3877
260641113,3873
260642113,3875
260643113,3901
260644113,3889
260645113,3913
260646113,3875
260647113,3871
260648113,3879
260649113,3903
260650113,3888
260651113,3873
260652113,3871
260653113,3871
260654113,3877
260655113,3881
260656113,3846
260657113,3852
260658113,3857
260659113,3871
260660113,3882
260661113,3870
260662113,3874
260672532,3871
260673532,3885
260674532,3891
260675532,3879
260676532,3881
260677532,3891
260678532,3891
260679532,3866
260680532,3875
260681532,3881
260682532,3873
260683532,3876
260684532,3889
260685532,3874
260686532,3880
260687532,3882
260688532,3876
260689532,3856
260690532,3874
260691532,3879
260692532,3883
260693532,3887
260694532,3855
260695532,3871
260705952,3878
260706952,3857
260707952,3873
260708952,3905
260709952,3868
260710952,3872
260711952,3888
260712952,3876
260713952,3889
260714952,3883
260715952,3869
260716952,3881
260717952,3894
260718952,3879
260719952,3863
260720952,3856
260721952,3877
260722952,3868
260723952,3882
260724952,3865
260725952,3902
260726952,3883
260727952,3872
260728952,3877
260739355,3879
260740355,3900
260741355,3879
260742355,3888
260743355,3875
260744355,3863
260745355,3878
260746355,3869
260747355,3864
260748355,3875
260749355,3878
260750355,3891
260751355,3871
260752355,3874
260753355,3858
260754355,3871
260755355,3876
260756355,3887
260757355,3867
260758355,3864
260759355,3865
260760355,3878
260761355,3874
260762355,3875
260772775,3889
260773775,3873
260774775,3867
260775775,3952
260776775,3888
260777775,3875
260778775,3890
260779775,3881
260780775,3865
260781775,3862
260782775,3875
260783775,3875
260784775,3871
260785775,3885
260786775,3861
260787775,3874
260788775,3888
260789775,3886
260790775,3871
260791775,3882
260792775,3883
260793775,3886
260794775,3873
260795775,3887
260796775,3866
260807167,3873
260808167,3866
260809167,3920
260810167,3872
260811167,3886
260812167,3863
260813167,3888
260814167,3872
260815167,3877
260816167,3866
260817167,3870
260818167,3873
260819167,3871
260820167,3877
260821167,3871
260822167,3881
260823167,3887
260824167,3857
260825167,3867
260826167,3876
260827167,3876
260828167,3888
260829167,3879
260830167,3874
260840589,3877
260841589,3880
260842589,3888
260843589,3870
260844589,3885
260845589,3869
260846589,3870
260847589,3872
260848589,3884
260849589,3881
260850589,3877
260851589,3885
260852589,3884
260853589,3852
260854589,3851
260855589,3865
260856589,3887
260857589,3875
260858589,3872
260859589,3875
260860589,3868
260861589,3870
260862589,3856
260863589,3869
260874006,3861
260875006,3881
260876006,3871
260877006,3874
260878006,3868
260879006,3866
260880006,3866
260881006,3870
260882006,3883
260883006,3869
260884006,3872
260885006,3861
260886006,3840
260887006,3877
260888006,3869
260889006,3882
260890006,3831
260891006,3886
260892006,3875
260893006,3821
260894006,3875
260895006,3873
260896006,3873
260897006,3856
260907409,3879
260908409,3886
260909409,3877
260910409,3874
260911409,3893
260912409,3867
260913409,3867
260914409,3878
260915409,3876
260916409,3885
260917409,3878
260918409,3881
260919409,3889
260920409,3883
260921409,3883
260922409,3883
260923409,3879
260924409,3882
260925409,3882
260926409,3875
260927409,3873
260928409,3883
260929409,3861
260930409,3859
260940828,3878
260941828,3839
260942828,3878
260943828,3877
260944828,3857
260945828,3879
260946828,3877
260947828,3872
260948828,3920
260949828,3873
260950828,3888
260951828,3874
260952828,3887
260953828,3887
260954828,3871
260955828,3887
260956828,3825
260957828,3843
260958828,3876
260959828,3877
260960828,3901
260961828,3808
260962828,3871
260963828,3827
260964828,3863
260975228,3885
260976228,3875
260977228,3856
260978228,3890
260979228,3869
260980228,3871
260981228,3877
260982228,3878
260983228,3882
260984228,3876
260985228,3872
260986228,3888
260987228,3860
260988228,3889
260989228,3872
260990228,3861
260991228,3877
260992228,3902
260993228,3882
260994228,3876
260995228,3869
260996228,3882
260997228,3871
260998228,3873
261008640,3865
261009640,3872
261010640,3877
261011640,3874
261012640,3887
261013640,3887
261014640,3885
261015640,3883
261016640,3872
261017640,3875
261018640,3875
261019640,3881
261020640,3878
261021640,3882
261022640,3874
261023640,3873
261024640,3888
261025640,3872
261026640,3873
261027640,3873
261028640,3883
261029640,3883
261030640,3889
261031640,3878
261042060,3874
261043060,3890
261044060,3870
261045060,3877
261046060,3868
261047060,3861
261048060,3846
261049060,3871
261050060,3882
261051060,3873
261052060,3879
261053060,3893
261054060,3858
261055060,3858
261056060,3865
261057060,3879
261058060,3877
261059060,3885
261060060,3870
261061060,3883
261062060,3871
261063060,3878
261064060,3870
261065060,3863
261075463,3883
261076463,3879
261077463,3908
261078463,3888
261079463,3903
261080463,3875
261081463,3880
261082463,3818
261083463,3903
261084463,3865
261085463,3874
261086463,3879
261087463,3879
261088463,3867
261089463,3865
261090463,3817
261091463,3890
261092463,3937
261093463,3835
261094463,3874
261095463,3881
261096463,3879
261097463,3869
261098463,3877
261108882,3886
261109882,3869
261110882,3874
261111882,3879
261112882,3879
261113882,3888
261114882,3869
261115882,3885
261116882,3869
261117882,3859
261118882,3865
261119882,3872
261120882,3883
261121882,3888
261122882,3879
261123882,3875
261124882,3873
261125882,3873
261126882,3869
261127882,3846
261128882,3875
261129882,3871
261130882,3883
261131882,3875
261132882,3867
261143274,3887
261144274,3870
261145274,3885
261146274,3875
261147274,3885
261148274,3883
261149274,3870
261150274,3867
261151274,3882
261152274,3886
261153274,3867
261154274,3884
261155274,3884
261156274,3870
261157274,3879
261158274,3874
261159274,3879
261160274,3885
261161274,3881
261162274,3899
261163274,3874
261164274,3883
261165274,3861
261166274,3879
261176694,3875
261177694,3861
261178694,3878
261179694,3876
261180694,3868
261181694,3872
261182694,3887
261183694,3871
261184694,3877
261185694,3869
261186694,3873
261187694,3879
261188694,3863
261189694,3876
261190694,3875
261191694,3874
261192694,3882
261193694,3880
261194694,3874
261195694,3882
261196694,3872
261197694,3885
261198694,3863
261199694,3863
261210114,3872
261211114,3876
261212114,3836
261213114,3900
261214114,3882
261215114,3863
261216114,3866
261217114,3870
261218114,3888
261219114,3865
261220114,3904
261221114,3862
261222114,3887
261223114,3873
261224114,3887
261225114,3872
261226114,3916
261227114,3881
261228114,3874
261229114,3876
261230114,3870
261231114,3883
261232114,3881
261233114,3873
261243516,3881
261244516,3859
261245516,3866
261246516,3921
261247516,3815
261248516,3872
261249516,3889
261250516,3868
261251516,3842
261252516,3874
261253516,3857
261254516,3879
261255516,3865
261256516,3877
261257516,3876
261258516,3883
261259516,3873
261260516,3869
261261516,3877
261262516,3874
261263516,3870
261264516,3872
261265516,3856
261266516,3877
261276936,3886
261277936,3881
261278936,3866
261279936,3858
261280936,3868
261281936,3926
261282936,3879
261283936,3856
261284936,3871
261285936,3828
261286936,3842
261287936,3870
261288936,3842
261289936,3885
261290936,3888
261291936,3878
261292936,3893
261293936,3887
261294936,3877
261295936,3888
261296936,3856
261297936,3842
261298936,3881
261299936,3867
261300936,3876
261311328,3881
261312328,3871
261313328,3875
261314328,3872
261315328,3871
261316328,3877
261317328,3877
261318328,3882
261319328,3867
261320328,3859
261321328,3865
261322328,3844
261323328,3874
261324328,3887
261325328,3869
261326328,3887
261327328,3877
261328328,3888
261329328,3889
261330328,3887
261331328,3886
261332328,3875
261333328,3868
261334328,3885
261344748,3872
261345748,3888
261346748,3869
261347748,3872
261348748,3888
261349748,3879
261350748,3873
261351748,3877
261352748,3860
261353748,3878
261354748,3877
261355748,3866
261356748,3881
261357748,3874
261358748,3874
261359748,3879
261360748,3872
261361748,3878
261362748,3870
261363748,3885
261364748,3877
261365748,3877
261366748,3878
261367748,3871
261378168,3873
261379168,3888
261380168,3876
261381168,3881
261382168,3893
261383168,3909
261384168,3877
261385168,3866
261386168,3875
261387168,3877
261388168,3888
261389168,3867
261390168,3877
261391168,3857
261392168,3869
261393168,3869
261394168,3879
261395168,3873
261396168,3851
261397168,3876
261398168,3856
261399168,3873
261400168,3869
261401168,3876
261411576,3859
261412576,3886
261413576,3877
261414576,3888
261415576,3879
261416576,3873
261417576,3877
261418576,3877
261419576,3869
261420576,3857
261421576,3871
261422576,3879
261423576,3869
261424576,3888
261425576,3863
261426576,3875
261427576,3873
261428576,3863
261429576,3888
261430576,3883
261431576,3888
261432576,3864
261433576,3882
261434576,3883
261444990,3871
261445990,3882
261446990,3887
261447990,3879
261448990,3870
261449990,3860
261450990,3881
261451990,3853
261452990,3879
261453990,3908
261454990,3873
261455990,3870
261456990,3866
261457990,3882
261458990,3878
261459990,3877
261460990,3878
261461990,3888
261462990,3870
261463990,3863
261464990,3871
261465990,3870
261466990,3888
261467990,3879
261468990,3873
261479382,3861
261480382,3877
261481382,3868
261482382,3882
261483382,3871
261484382,3880
261485382,3887
261486382,3877
261487382,3854
261488382,3879
261489382,3863
261490382,3876
261491382,3888
261492382,3825
261493382,3859
261494382,3877
261495382,3871
261496382,3878
261497382,3861
261498382,3878
261499382,3818
261500382,3863
261501382,3872
261502382,3871
261512802,3877
261513802,3879
261514802,3862
261515802,3883
261516802,3879
261517802,3887
261518802,3874
261519802,3878
261520802,3887
261521802,3870
261522802,3885
261523802,3863
261524802,3885
261525802,3871
261526802,3873
261527802,3898
261528802,3903
261529802,3875
261530802,3873
261531802,3866
261532802,3868
261533802,3870
261534802,3887
261535802,3873
261546229,3880
261547229,3879
261548229,3888
261549229,3873
261550229,3882
261551229,3888
261552229,3907
261553229,3886
261554229,3878
261555229,3880
261556229,3884
261557229,3874
261558229,3877
261559229,3856
261560229,3890
261561229,3808
261562229,3877
261563229,3884
261564229,3864
261565229,3869
261566229,3879
261567229,3854
261568229,3862
261569229,3883
261579624,3887
261580624,3862
261581624,3888
261582624,3856
261583624,3867
261584624,3915
261585624,3869
261586624,3875
261587624,3888
261588624,3877
261589624,3863
261590624,3867
261591624,3891
261592624,3872
261593624,3870
261594624,3894
261595624,3877
261596624,3878
261597624,3869
261598624,3882
261599624,3873
261600624,3872
261601624,3872
261602624,3875
261613044,3885
261614044,3888
261615044,3866
261616044,3878
261617044,3875
261618044,3877
261619044,3868
261620044,3875
261621044,3876
261622044,3878
261623044,3881
261624044,3872
261625044,3882
261626044,3883
261627044,3888
261628044,3888
261629044,3877
261630044,3887
261631044,3886
261632044,3887
261633044,3867
261634044,3870
261635044,3875
261636044,3866
261637044,3870
261647436,3875
261648436,3879
261649436,3879
261650436,3875
261651436,3877
261652436,3876
261653436,3879
261654436,3874
261655436,3872
261656436,3875
261657436,3880
261658436,3869
261659436,3875
261660436,3872
261661436,3871
261662436,3874
261663436,3878
261664436,3869
261665436,3895
261666436,3872
261667436,3873
261668436,3911
261669436,3824
261670436,3882
261680856,3872
261681856,3869
261682856,3860
261683856,3881
261684856,3882
261685856,3842
261686856,3855
261687856,3873
261688856,3881
261689856,3870
261690856,3859
261691856,3878
261692856,3857
261693856,3870
261694856,3871
261695856,3889
261696856,3850
261697856,3888
261698856,3875
261699856,3881
261700856,3882
261701856,3871
261702856,3867
261703856,3867
261714275,3883
261715275,3875
261716275,3879
261717275,3888
261718275,3883
261719275,3875
261720275,3903
261721275,3874
261722275,3826
261723275,3879
261724275,3879
261725275,3881
261726275,3871
261727275,3886
261728275,3883
261729275,3881
261730275,3874
261731275,3883
261732275,3885
261733275,3879
261734275,3856
261735275,3883
261736275,3890
261737275,3877
261747678,3870
261748678,3867
261749678,3883
261750678,3932
261751678,3857
261752678,3867
261753678,3882
261754678,3880
261755678,3882
261756678,3887
261757678,3872
261758678,3874
261759678,3878
261760678,3881
261761678,3888
261762678,3874
261763678,3867
261764678,3865
261765678,3873
261766678,3885
261767678,3874
261768678,3875
261769678,3878
261770678,3859
261781098,3878
261782098,3862
261783098,3887
261784098,3877
261785098,3919
261786098,3874
261787098,3893
261788098,3885
261789098,3941
261790098,3874
261791098,3877
261792098,3863
261793098,3871
261794098,3873
261795098,3889
261796098,3875
261797098,3868
261798098,3875
261799098,3875
261800098,3870
261801098,3853
261802098,3887
261803098,3869
261804098,3861
261805098,3888
261815490,3855
261816490,3893
261817490,3920
261818490,3874
261819490,3937
261820490,3874
261821490,3873
261822490,3874
261823490,3873
261824490,3871
261825490,3881
261826490,3872
261827490,3856
261828490,3859
261829490,3863
261830490,3882
261831490,3884
261832490,3871
261833490,3882
261834490,3871
261835490,3888
261836490,3875
261837490,3888
261838490,3872
261848910,3884
261849910,3871
261850910,3905
261851910,3862
261852910,3888
261853910,3870
261854910,3886
261855910,3869
261856910,3867
261857910,3877
261858910,3885
261859910,3883
261860910,3870
261861910,3876
261862910,3881
261863910,3868
261864910,3826
261865910,3882
261866910,3876
261867910,3871
261868910,3866
261869910,3863
261870910,3877
261871910,3875
261882329,3882
261883329,3869
261884329,3878
261885329,3866
261886329,3858
261887329,3884
261888329,3888
261889329,3881
261890329,3879
261891329,3927
261892329,3877
261893329,3883
261894329,3885
261895329,3888
261896329,3885
261897329,3877
261898329,3868
261899329,3871
261900329,3879
261901329,3876
261902329,3873
261903329,3877
261904329,3867
261905329,3881
261915732,3874
261916732,3874
261917732,3875
261918732,3876
261919732,3881
261920732,3887
261921732,3863
261922732,3885
261923732,3890
261924732,3865
261925732,3892
261926732,3879
261927732,3874
261928732,3875
261929732,3882
261930732,3868
261931732,3874
261932732,3873
261933732,3882
261934732,3871
261935732,3873
261936732,3878
261937732,3879
261938732,3877
261949152,3862
261950152,3919
261951152,3871
261952152,3879
261953152,3870
261954152,3897
261955152,3875
261956152,3883
261957152,3878
261958152,3868
261959152,3873
261960152,3871
261961152,3871
261962152,3884
261963152,3888
261964152,3870
261965152,3874
261966152,3874
261967152,3885
261968152,3872
261969152,3873
261970152,3876
261971152,3866
261972152,3883
261973152,3881
261983544,3883
261984544,3887
261985544,3867
261986544,3881
261987544,3887
261988544,3876
261989544,3872
261990544,3862
261991544,3873
261992544,3874
261993544,3829
261994544,3878
261995544,3874
261996544,3878
261997544,3874
261998544,3882
261999544,3867
262000544,3878
262001544,3874
262002544,3863
262003544,3875
262004544,3872
262005544,3903
262006544,3863
262016963,3873
262017963,3888
262018963,3881
262019963,3879
262020963,3856
262021963,3885
262022963,3856
262023963,3863
262024963,3879
262025963,3871
262026963,3876
262027963,3869
262028963,3877
262029963,3839
262030963,3870
262031963,3879
262032963,3873
262033963,3834
262034963,3865
262035963,3923
262036963,3870
262037963,3873
262038963,3871
262039963,3869
262050383,3866
262051383,3867
262052383,3866
262053383,3880
262054383,3874
262055383,3881
262056383,3870
262057383,3866
262058383,3863
262059383,3883
262060383,3865
262061383,3880
262062383,3874
262063383,3868
262064383,3878
262065383,3878
262066383,3877
262067383,3871
262068383,3872
262069383,3882
262070383,3861
262071383,3874
262072383,3878
262073383,3874
262083786,3878
262084786,3884
262085786,3871
262086786,3856
262087786,3882
262088786,3871
262089786,3875
262090786,3867
262091786,3874
262092786,3878
262093786,3879
262094786,3875
262095786,3877
262096786,3863
262097786,3879
262098786,3864
262099786,3871
262100786,3873
262101786,3872
262102786,3875
262103786,3875
262104786,3863
262105786,3881
262106786,3874
262117206,3857
262118206,3872
262119206,3868
262120206,3924
262121206,3871
262122206,3869
262123206,3879
262124206,3857
262125206,3883
262126206,3889
262127206,3877
262128206,3867
262129206,3867
262130206,3872
262131206,3865
262132206,3869
262133206,3871
262134206,3849
262135206,3869
262136206,3873
262137206,3875
262138206,3869
262139206,3875
262140206,3873
262141206,3903
262151598,3876
262152598,3834
262153598,3857
262154598,3861
262155598,3862
262156598,3871
262157598,3859
262158598,3863
262159598,3872
262160598,3874
262161598,3873
262162598,3876
262163598,3883
262164598,3862
262165598,3856
262166598,3879
262167598,3874
262168598,3871
262169598,3873
262170598,3873
262171598,3875
262172598,3858
262173598,3915
262174598,3859
262185017,3863
262186017,3878
262187017,3866
262188017,3862
262189017,3876
262190017,3857
262191017,3871
262192017,3858
262193017,3869
262194017,3873
262195017,3885
262196017,3872
262197017,3875
262198017,3875
262199017,3861
262200017,3844
262201017,3882
262202017,3874
262203017,3861
262204017,3867
262205017,3870
262206017,3881
262207017,3869
262208017,3879
262218437,3882
262219437,3878
262220437,3854
262221437,3883
262222437,3866
262223437,3824
262224437,3888
262225437,3871
262226437,3873
262227437,3869
262228437,3875
262229437,3885
262230437,3887
262231437,3869
262232437,3859
262233437,3879
262234437,3859
262235437,3861
262236437,3875
262237437,3873
262238437,3869
262239437,3856
262240437,3887
262241437,3880
262251840,3881
262252840,3883
262253840,3823
262254840,3877
262255840,3862
262256840,3873
262257840,3863
262258840,3858
262259840,3875
262260840,3875
262261840,3870
262262840,3870
262263840,3903
262264840,3839
262265840,3865
262266840,3857
262267840,3875
262268840,3868
262269840,3865
262270840,3885
262271840,3863
262272840,3867
262273840,3869
262274840,3850
262285259,3868
262286259,3875
262287259,3871
262288259,3894
262289259,3862
262290259,3881
262291259,3888
262292259,3867
262293259,3871
262294259,3873
262295259,3875
262296259,3882
262297259,3867
262298259,3883
262299259,3857
262300259,3869
262301259,3869
262302259,3863
262303259,3886
262304259,3872
262305259,3886
262306259,3872
262307259,3858
262308259,3875
262309259,3867
262319651,3859
262320651,3864
262321651,3871
262322651,3875
262323651,3864
262324651,3873
262325651,3867
262326651,3867
262327651,3874
262328651,3878
262329651,3856
262330651,3869
262331651,3877
262332651,3877
262333651,3867
262334651,3878
262335651,3856
262336651,3879
262337651,3870
262338651,3889
262339651,3856
262340651,3877
262341651,3863
262342651,3863
262353071,3856
262354071,3866
262355071,3859
262356071,3872
262357071,3882
262358071,3875
262359071,3877
262360071,3865
262361071,3871
262362071,3878
262363071,3874
262364071,3857
262365071,3872
262366071,3871
262367071,3879
262368071,3870
262369071,3913
262370071,3873
262371071,3867
262372071,3856
262373071,3854
262374071,3879
262375071,3875
262376071,3881
262386491,3867
262387491,3878
262388491,3859
262389491,3856
262390491,3871
262391491,3873
262392491,3888
262393491,3861
262394491,3871
262395491,3859
262396491,3857
262397491,3865
262398491,3914
262399491,3882
262400491,3889
262401491,3867
262402491,3858
262403491,3885
262404491,3872
262405491,3879
262406491,3863
262407491,3878
262408491,3879
262409491,3877
262419894,3891
262420894,3870
262421894,3873
262422894,3856
262423894,3874
262424894,3872
262425894,3873
262426894,3877
262427894,3877
262428894,3872
262429894,3860
262430894,3885
262431894,3860
262432894,3865
262433894,3857
262434894,3862
262435894,3853
262436894,3882
262437894,3860
262438894,3844
262439894,3856
262440894,3869
262441894,3876
262442894,3893
262453313,3857
262454313,3892
262455313,3871
262456313,3870
262457313,3885
262458313,3870
262459313,3876
262460313,3873
262461313,3870
262462313,3873
262463313,3865
262464313,3874
262465313,3870
262466313,3874
262467313,3872
262468313,3872
262469313,3905
262470313,3883
262471313,3881
262472313,3883
262473313,3875
262474313,3897
262475313,3873
262476313,3853
262477313,3882
262487705,3843
262488705,3889
262489705,3886
262490705,3874
262491705,3845
262492705,3878
262493705,3869
262494705,3869
262495705,3869
262496705,3870
262497705,3869
262498705,3877
262499705,3869
262500705,3873
262501705,3863
262502705,3870
262503705,3873
262504705,3873
262505705,3857
262506705,3888
262507705,3865
262508705,3872
262509705,3859
262510705,3840
262521125,3871
262522125,3872
262523125,3858
262524125,3883
262525125,3877
262526125,3866
262527125,3877
262528125,3858
262529125,3804
262530125,3863
262531125,3871
262532125,3866
262533125,3872
262534125,3855
262535125,3868
262536125,3861
262537125,3857
262538125,3871
262539125,3834
262540125,3761
262541125,3858
262542125,3856
262543125,3865
262544125,3863
262554545,3658
262555545,3657
262556545,3579
262557545,3556
262558545,3627
262559545,3776
262560545,3856
262561545,3866
262562545,3856
262563545,3869
262564545,3861
262565545,3854
262566545,3857
262567545,3865
262568545,3846
262569545,3749
262570545,3710
262571545,3674
262572545,3664
262573545,3696
262574545,3677
262575545,3583
262576545,3560
262577545,3683
262587947,3851
262588947,3742
262589947,3660
262590947,3545
262591947,3477
262592947,3439
262593947,3401
262594947,3366
262595947,3274
262596947,3295
262597947,3436
262598947,3633
262599947,3809
262600947,3757
262601947,3653
262602947,3602
262603947,3536
262604947,3455
262605947,3405
262606947,3328
262607947,3265
262608947,3218
262609947,3158
262610947,3093
262621367,3098
262622367,3024
262623367,2959
262624367,2915
262625367,2858
262626367,2814
262627367,2836
262628367,2897
262629367,2964
262630367,3002
262631367,2945
262632367,2905
262633367,2876
262634367,2829
262635367,2766
262636367,2765
262637367,2800
262638367,2939
262639367,3113
262640367,3278
262641367,3359
262642367,3346
262643367,3319
262644367,3216
262645367,3145
262655759,3868
262656759,3846
262657759,3857
262658759,3867
262659759,3872
262660759,3877
262661759,3858
262662759,3883
262663759,3883
262664759,3867
262665759,3866
262666759,3856
262667759,3860
262668759,3869
262669759,3879
262670759,3879
262671759,3863
262672759,3875
262673759,3871
262674759,3863
262675759,3883
262676759,3868
262677759,3874
262678759,3873
262689179,3865
262690179,3860
262691179,3859
262692179,3861
262693179,3839
262694179,3745
262695179,3829
262696179,3761
262697179,3661
262698179,3659
262699179,3730
262700179,3691
262701179,3767
262702179,3866
262703179,3875
262704179,3885
262705179,3920
262706179,3807
262707179,3871
262708179,3887
262709179,3869
262710179,3870
262711179,3877
262712179,3899
262722599,3847
262723599,3872
262724599,3869
262725599,3873
262726599,3856
262727599,3858
262728599,3869
262729599,3871
262730599,3859
262731599,3871
262732599,3875
262733599,3826
262734599,3872
262735599,3854
262736599,3869
262737599,3891
262738599,3883
262739599,3855
262740599,3863
262741599,3873
262742599,3869
262743599,3881
262744599,3875
262745599,3869
262756001,3847
262757001,3859
262758001,3845
262759001,3760
262760001,3779
262761001,3870
262762001,3861
262763001,3869
262764001,3907
262765001,3855
262766001,3863
262767001,3856
262768001,3861
262769001,3867
262770001,3879
262771001,3775
262772001,3635
262773001,3518
262774001,3422
262775001,3330
262776001,3271
262777001,3217
262778001,3226
262779001,3204
262789421,3323
262790421,3389
262791421,3642
262792421,3882
262793421,3958
262794421,3870
262795421,3855
262796421,3857
262797421,3856
262798421,3861
262799421,3874
262800421,3874
262801421,3872
262802421,3887
262803421,3864
262804421,3855
262805421,3744
262806421,3664
262807421,3696
262808421,3792
262809421,3902
262810421,3813
262811421,3799
262812421,3866
262813421,3856
262823813,3865
262824813,3877
262825813,3870
262826813,3863
262827813,3865
262828813,3866
262829813,3868
262830813,3863
262831813,3861
262832813,3871
262833813,3869
262834813,3867
262835813,3873
262836813,3856
262837813,3875
262838813,3873
262839813,3865
262840813,3874
262841813,3859
262842813,3866
262843813,3870
262844813,3870
262845813,3855
262846813,3860
262857241,3295
262858241,3278
262859241,3274
262860241,3216
262861241,3141
262862241,3083
262863241,3031
262864241,3038
262865241,3056
262866241,3100
262867241,3127
262868241,3101
262869241,3025
262870241,2945
262871241,2955
262872241,2983
262873241,3051
262874241,3084
262875241,3071
262876241,3017
262877241,2943
262878241,2891
262879241,2846
262880241,2779
262890653,2623
262891653,2729
262892653,2826
262893653,2896
262894653,2928
262895653,2938
262896653,2931
262897653,2944
262898653,3008
262899653,3130
262900653,3248
262901653,3263
262902653,3233
262903653,3369
262904653,3602
262905653,3845
262906653,3866
262907653,3872
262908653,3869
262909653,3889
262910653,3872
262911653,3869
262912653,3869
262913653,3925
262924055,3879
262925055,3877
262926055,3886
262927055,3875
262928055,3856
262929055,3859
262930055,3870
262931055,3871
262932055,3877
262933055,3877
262934055,3872
262935055,3861
262936055,3853
262937055,3859
262938055,3859
262939055,3872
262940055,3879
262941055,3866
262942055,3878
262943055,3878
262944055,3870
262945055,3865
262946055,3856
262947055,3851
262957475,3727
262958475,3705
262959475,3714
262960475,3718
262961475,3706
262962475,3635
262963475,3538
262964475,3453
262965475,3413
262966475,3421
262967475,3361
262968475,3280
262969475,3269
262970475,3365
262971475,3504
262972475,3576
262973475,3552
262974475,3514
262975475,3482
262976475,3405
262977475,3353
262978475,3391
262979475,3454
262980475,3456
262981475,3370
262991867,3333
262992867,3283
262993867,3225
262994867,3153
262995867,3122
262996867,3125
262997867,3065
262998867,3009
262999867,2961
263000867,2941
263001867,2926
263002867,2945
263003867,2909
263004867,2896
263005867,2949
263006867,2993
263007867,2995
263008867,2974
263009867,2907
263010867,2859
263011867,2810
263012867,2789
263013867,2737
263014867,2677
263025287,2429
263026287,2609
263027287,2732
263028287,2789
263029287,2762
263030287,2815
263031287,2941
263032287,3070
263033287,3175
263034287,3184
263035287,3109
263036287,3152
263037287,3184
263038287,3182
263039287,3138
263040287,3062
263041287,3158
263042287,3205
263043287,3153
263044287,3149
263045287,3243
263046287,3370
263047287,3477
263048287,3440
263058706,3444
263059706,3361
263060706,3301
263061706,3302
263062706,3381
263063706,3395
263064706,3375
263065706,3346
263066706,3277
263067706,3201
263068706,3150
263069706,3123
263070706,3088
263071706,3034
263072706,2992
263073706,2970
263074706,2885
263075706,2840
263076706,2807
263077706,2795
263078706,2768
263079706,2752
263080706,2711
263081706,2640
263092109,2418
263093109,2471
263094109,2473
263095109,2495
263096109,2468
263097109,2469
263098109,2509
263099109,2540
263100109,2530
263101109,2480
263102109,2437
263103109,2480
263104109,2591
263105109,2641
263106109,2616
263107109,2653
263108109,2790
263109109,2956
263110109,3085
263111109,3065
263112109,2991
263113109,2930
263114109,2879
263115109,2919
263125529,3333
263126529,3250
263127529,3183
263128529,3109
263129529,3045
263130529,3029
263131529,2975
263132529,2921
263133529,2863
263134529,2800
263135529,2763
263136529,2702
263137529,2669
263138529,2612
263139529,2555
263140529,2509
263141529,2458
263142529,2407
263143529,2371
263144529,2335
263145529,2290
263146529,2301
263147529,2374
263148529,2447
263149529,2502
263159921,3003
263160921,3010
263161921,2960
263162921,3031
263163921,3229
263164921,3566
263165921,3863
263166921,3876
263167921,3859
263168921,3862
263169921,3851
263170921,3863
263171921,3831
263172921,3792
263173921,3760
263174921,3725
263175921,3583
263176921,3478
263177921,3389
263178921,3329
263179921,3251
263180921,3169
263181921,3117
263182921,3131
263193341,2925
263194341,2864
263195341,2812
263196341,2742
263197341,2693
263198341,2649
263199341,2645
263200341,2727
263201341,2838
263202341,2974
263203341,3025
263204341,2973
263205341,2960
263206341,2949
263207341,2909
263208341,2853
263209341,2785
263210341,2736
263211341,2668
263212341,2651
263213341,2661
263214341,2645
263215341,2609
263216341,2550
263226760,3283
263227760,3299
263228760,3237
263229760,3211
263230760,3181
263231760,3123
263232760,3051
263233760,2977
263234760,2907
263235760,2845
263236760,2784
263237760,2715
263238760,2667
263239760,2603
263240760,2539
263241760,2491
263242760,2438
263243760,2404
263244760,2359
263245760,2315
263246760,2289
263247760,2365
263248760,2417
263249760,2405
263260163,2255
263261163,2179
263262163,2181
263263163,2160
263264163,2144
263265163,2119
263266163,2068
263267163,2062
263268163,2054
263269163,2016
263270163,2001
263271163,2027
263272163,2063
263273163,2069
263274163,2030
263275163,2000
263276163,2007
263277163,2045
263278163,2037
263279163,2000
263280163,1958
263281163,1919
263282163,1919
263283163,1936
263293583,2013
263294583,2001
263295583,1984
263296583,1936
263297583,1937
263298583,1956
263299583,1967
263300583,1947
263301583,1915
263302583,1942
263303583,1988
263304583,2009
263305583,1988
263306583,2033
263307583,2111
263308583,2128
263309583,2096
263310583,2064
263311583,2011
263312583,2027
263313583,2064
263314583,2059
263315583,2019
263316583,2021
263317583,2059
263327975,1839
263328975,1803
263329975,1822
263330975,1845
263331975,1904
263332975,1973
263333975,2018
263334975,2002
263335975,1955
263336975,1926
263337975,1934
263338975,1927
263339975,1903
263340975,1924
263341975,2028
263342975,2152
263343975,2181
263344975,2234
263345975,2194
263346975,2189
263347975,2183
263348975,2176
263349975,2171
263350975,2121
263361394,2151
263362394,2233
263363394,2225
263364394,2181
263365394,2126
263366394,2086
263367394,2077
263368394,2097
263369394,2097
263370394,2089
263371394,2102
263372394,2122
263373394,2126
263374394,2112
263375394,2062
263376394,2033
263377394,2046
263378394,2163
263379394,2269
263380394,2363
263381394,2447
263382394,2466
263383394,2498
263384394,2634
263394814,2864
263395814,2913
263396814,2958
263397814,2928
263398814,2891
263399814,2881
263400814,2895
263401814,2926
263402814,2974
263403814,2989
263404814,2985
263405814,2923
263406814,2864
263407814,2832
263408814,2786
263409814,2736
263410814,2675
263411814,2615
263412814,2544
263413814,2509
263414814,2479
263415814,2444
263416814,2410
263417814,2357
263428223,2172
263429223,2096
263430224,2091
263431224,2057
263432224,2061
263433224,2026
263434224,2009
263435224,1982
263436224,1954
263437224,1972
263438224,2061
263439224,2199
263440224,2316
263441224,2395
263442224,2374
263443224,2375
263444224,2459
263445224,2606
263446224,2765
263447224,2824
263448224,2821
263449224,2775
263450224,2795
263451224,2781
263461637,3159
263462637,3248
263463637,3207
263464637,3270
263465637,3408
263466637,3538
263467637,3583
263468637,3632
263469637,3553
263470637,3504
263471637,3536
263472637,3638
263473637,3729
263474637,3805
263475637,3823
263476637,3734
263477637,3719
263478637,3791
263479637,3867
263480637,3853
263481637,3856
263482637,3817
263483637,3679
263484637,3611
263485637,3519
263496029,2800
263497029,2745
263498029,2693
263499029,2666
263500029,2674
263501029,2619
263502029,2579
263503029,2559
263504029,2515
263505029,2493
263506029,2453
263507029,2457
263508029,2492
263509029,2481
263510029,2469
263511029,2419
263512029,2384
263513029,2326
263514029,2290
263515029,2253
263516029,2250
263517029,2285
263518029,2357
263519029,2429
263529448,2515
263530448,2535
263531448,2503
263532448,2486
263533448,2547
263534448,2695
263535448,2783
263536448,2815
263537448,2815
263538448,2804
263539448,2773
263540448,2707
263541448,2653
263542448,2601
263543448,2559
263544448,2544
263545448,2545
263546448,2585
263547448,2602
263548448,2620
263549448,2607
263550448,2605
263551448,2550
263552448,2585
263562868,2631
263563868,2593
263564868,2594
263565868,2656
263566868,2772
263567868,2913
263568868,3008
263569868,3025
263570868,3022
263571868,2962
263572868,2962
263573868,3010
263574868,3120
263575868,3190
263576868,3171
263577868,3108
263578868,3133
263579868,3184
263580868,3202
263581868,3144
263582868,3066
263583868,3009
263584868,2937
263585868,2875
263596271,2322
263597271,2276
263598271,2224
263599271,2197
263600271,2183
263601271,2157
263602271,2153
263603271,2209
263604271,2229
263605271,2195
263606271,2143
263607271,2125
263608271,2123
263609271,2103
263610271,2112
263611271,2107
263612271,2112
263613271,2097
263614271,2107
263615271,2143
263616271,2177
263617271,2172
263618271,2119
263619271,2095
263629690,2014
263630690,1974
263631690,1941
263632690,1910
263633690,1876
263634690,1852
263635690,1826
263636690,1788
263637690,1752
263638690,1721
263639690,1698
263640690,1673
263641690,1635
263642690,1611
263643690,1595
263644690,1599
263645690,1605
263646690,1623
263647690,1615
263648690,1579
263649690,1535
263650690,1509
263651690,1481
263652690,1446
263653690,1445
263664082,1663
263665082,1685
263666082,1718
263667082,1727
263668082,1693
263669082,1657
263670082,1654
263671082,1670
263672082,1686
263673082,1701
263674082,1727
263675082,1744
263676082,1773
263677082,1808
263678082,1850
263679082,1840
263680082,1797
263681082,1765
263682082,1749
263683082,1757
263684082,1720
263685082,1769
263686082,1871
263687082,2003
263697502,2278
263698502,2281
263699502,2310
263700502,2329
263701502,2345
263702502,2337
263703502,2295
263704502,2247
263705502,2242
263706502,2242
263707502,2291
263708502,2342
263709502,2396
263710502,2417
263711502,2369
263712502,2348
263713502,2337
263714502,2348
263715502,2361
263716502,2351
263717502,2320
263718502,2273
263719502,2260
263720502,2268
263730922,2469
263731922,2507
263732922,2615
263733922,2710
263734922,2779
263735922,2748
263736922,2832
263737922,2993
263738922,3129
263739922,3198
263740922,3152
263741922,3095
263742922,3099
263743922,3085
263744922,3134
263745922,3047
263746922,3038
263747922,3007
263748922,2994
263749922,3085
263750922,3184
263751922,3295
263752922,3235
263753922,3302
263764325,3341
263765325,3316
263766325,3293
263767325,3278
263768325,3264
263769325,3265
263770325,3285
263771325,3271
263772325,3221
263773325,3137
263774325,3071
263775325,3066
263776325,3120
263777325,3173
263778325,3195
263779325,3155
263780325,3082
263781325,3034
263782325,3036
263783325,2992
263784325,2983
263785325,2976
263786325,2959
263787325,2946
263797744,2627
263798744,2639
263799744,2609
263800744,2559
263801744,2521
263802744,2523
263803744,2553
263804744,2594
263805744,2585
263806744,2535
263807744,2546
263808744,2550
263809744,2537
263810744,2498
263811744,2453
263812744,2470
263813744,2512
263814744,2505
263815744,2468
263816744,2413
263817744,2373
263818744,2320
263819744,2321
263820744,2279
263821744,2263
263832136,2431
263833136,2457
263834136,2446
263835136,2397
263836136,2364
263837136,2368
263838136,2462
263839136,2582
263840136,2717
263841136,2859
263842136,2847
263843136,2831
263844136,2775
263845136,2764
263846136,2805
263847136,2865
263848136,2915
263849136,2973
263850136,3024
263851136,3085
263852136,3119
263853136,3103
263854136,3043
263855136,3019
263865561,2641
263866561,2645
263867561,2629
263868561,2631
263869561,2641
263870561,2641
263871561,2643
263872561,2620
263873561,2559
263874561,2548
263875561,2587
263876561,2641
263877561,2704
263878561,2770
263879561,2818
263880561,2810
263881561,2794
263882561,2725
263883561,2697
263884561,2707
263885561,2720
263886561,2831
263887561,2891
263888561,2875
263898976,2960
263899976,2974
263900976,3071
263901976,3285
263902976,3549
263903976,3711
263904976,3714
263905976,3664
263906976,3776
263907976,3857
263908976,3865
263909976,3853
263910976,3857
263911976,3843
263912976,3876
263913976,3867
263914976,3853
263915976,3864
263916976,3861
263917976,3861
263918976,3873
263919976,3861
263920976,3869
263921976,3875
263932378,3837
263933378,3824
263934378,3744
263935378,3629
263936378,3613
263937378,3657
263938378,3713
263939378,3738
263940378,3702
263941378,3603
263942378,3594
263943378,3690
263944378,3776
263945378,3819
263946378,3713
263947378,3713
263948378,3824
263949378,3863
263950378,3857
263951378,3856
263952378,3780
263953378,3643
263954378,3533
263955378,3437
263965798,3863
263966798,3863
263967798,3860
263968798,3859
263969798,3862
263970798,3874
263971798,3861
263972798,3868
263973798,3867
263974798,3871
263975798,3873
263976798,3850
263977798,3874
263978798,3861
263979798,3864
263980798,3873
263981798,3866
263982798,3862
263983798,3868
263984798,3882
263985798,3869
263986798,3865
263987798,3869
263988798,3869
263989798,3868
264000190,3573
264001190,3491
264002190,3440
264003190,3375
264004190,3312
264005190,3233
264006190,3215
264007190,3212
264008190,3173
264009190,3110
264010190,3035
264011190,2973
264012190,2910
264013190,2853
264014190,2799
264015190,2771
264016190,2732
264017190,2692
264018190,2672
264019190,2640
264020190,2619
264021190,2589
264022190,2532
264023190,2489
264033610,2749
264034610,2855
264035610,2896
264036610,2876
264037610,2823
264038610,2785
264039610,2737
264040610,2711
264041610,2682
264042610,2613
264043610,2559
264044610,2496
264045610,2447
264046610,2414
264047610,2387
264048610,2356
264049610,2384
264050610,2479
264051610,2613
264052610,2663
264053610,2624
264054610,2611
264055610,2607
264056610,2647
264067030,2556
264068030,2531
264069030,2495
264070030,2529
264071030,2588
264072030,2607
264073030,2559
264074030,2528
264075030,2490
264076030,2480
264077030,2458
264078030,2450
264079030,2423
264080030,2384
264081030,2346
264082030,2286
264083030,2291
264084030,2378
264085030,2470
264086030,2556
264087030,2592
264088030,2559
264089030,2519
264090030,2521
264100432,2498
264101432,2463
264102432,2449
264103432,2464
264104432,2487
264105432,2559
264106432,2635
264107432,2672
264108432,2704
264109432,2704
264110432,2651
264111432,2585
264112432,2533
264113432,2501
264114432,2496
264115432,2498
264116432,2578
264117432,2701
264118432,2850
264119432,3038
264120432,3234
264121432,3487
264122432,3735
264123432,3792
264133852,3883
264134852,3865
264135852,3874
264136852,3824
264137852,3855
264138852,3879
264139852,3860
264140852,3871
264141852,3874
264142852,3791
264143852,3675
264144852,3537
264145852,3440
264146852,3337
264147852,3268
264148852,3197
264149852,3153
264150852,3137
264151852,3183
264152852,3280
264153852,3397
264154852,3474
264155852,3495
264156852,3404
264157852,3325
264168252,3168
264169252,3102
264170252,3024
264171252,2976
264172252,2941
264173252,2898
264174252,2936
264175252,3021
264176252,3031
264177252,2975
264178252,2907
264179252,2865
264180252,2815
264181252,2771
264182252,2725
264183252,2681
264184252,2692
264185252,2704
264186252,2718
264187252,2678
264188252,2672
264189252,2662
264190252,2608
264191252,2576
264201664,3873
264202664,3835
264203664,3856
264204664,3885
264205664,3824
264206664,3867
264207664,3807
264208664,3878
264209664,3862
264210664,3869
264211664,3866
264212664,3851
264213664,3870
264214664,3867
264215664,3870
264216664,3858
264217664,3867
264218664,3861
264219664,3865
264220664,3871
264221664,3877
264222664,3854
264223664,3829
264224664,3697
264235084,3195
264236084,3152
264237084,3120
264238084,3060
264239084,2993
264240084,2953
264241084,2947
264242084,2959
264243084,2938
264244084,2929
264245084,3028
264246084,3136
264247084,3161
264248084,3312
264249084,3467
264250084,3549
264251084,3488
264252084,3485
264253084,3626
264254084,3830
264255084,3857
264256084,3862
264257084,3863
264258084,3874
264268486,3872
264269486,3879
264270486,3871
264271486,3858
264272486,3899
264273486,3867
264274486,3866
264275486,3875
264276486,3899
264277486,3875
264278486,3860
264279486,3869
264280486,3861
264281486,3902
264282486,3872
264283486,3861
264284486,3873
264285486,3860
264286486,3859
264287486,3861
264288486,3855
264289486,3859
264290486,3879
264291486,3878
264301906,3888
264302906,3854
264303906,3839
264304906,3718
264305906,3578
264306906,3472
264307906,3403
264308906,3409
264309906,3520
264310906,3763
264311906,3860
264312906,3870
264313906,3871
264314906,3866
264315906,3867
264316906,3860
264317906,3873
264318906,3866
264319906,3866
264320906,3892
264321906,3870
264322906,3789
264323906,3867
264324906,3871
264325906,3871
264336298,3858
264337298,3856
264338298,3885
264339298,3823
264340298,3853
264341298,3867
264342298,3872
264343298,3863
264344298,3857
264345298,3872
264346298,3885
264347298,3877
264348298,3861
264349298,3872
264350298,3871
264351298,3874
264352298,3878
264353298,3872
264354298,3869
264355298,3875
264356298,3861
264357298,3874
264358298,3863
264359298,3861
264369718,3792
264370718,3646
264371718,3583
264372718,3519
264373718,3433
264374718,3330
264375718,3261
264376718,3201
264377718,3296
264378718,3525
264379718,3743
264380718,3825
264381718,3836
264382718,3694
264383718,3728
264384718,3877
264385718,3861
264386718,3841
264387718,3865
264388718,3883
264389718,3856
264390718,3865
264391718,3860
264392718,3872
264403137,3872
264404137,3872
264405137,3891
264406137,3870
264407137,3881
264408137,3875
264409137,3875
264410137,3879
264411137,3875
264412137,3845
264413137,3858
264414137,3873
264415137,3894
264416137,3874
264417137,3882
264418137,3857
264419137,3884
264420137,3869
264421137,3872
264422137,3879
264423137,3856
264424137,3871
264425137,3862
264426137,3873
264436540,3873
264437540,3888
264438540,3856
264439540,3867
264440540,3875
264441540,3888
264442540,3873
264443540,3859
264444540,3869
264445540,3847
264446540,3895
264447540,3871
264448540,3872
264449540,3875
264450540,3853
264451540,3866
264452540,3861
264453540,3917
264454540,3869
264455540,3858
264456540,3869
264457540,3870
264458540,3856
264459540,3867
264469960,3871
264470960,3877
264471960,3887
264472960,3862
264473960,3886
264474960,3869
264475960,3870
264476960,3878
264477960,3871
264478960,3868
264479960,3876
264480960,3877
264481960,3873
264482960,3875
264483960,3872
264484960,3868
264485960,3869
264486960,3856
264487960,3882
264488960,3888
264489960,3869
264490960,3874
264491960,3866
264492960,3877
264493960,3856
264504352,3882
264505352,3887
264506352,3881
264507352,3861
264508352,3876
264509352,3870
264510352,3872
264511352,3874
264512352,3871
264513352,3856
264514352,3878
264515352,3861
264516352,3853
264517352,3863
264518352,3877
264519352,3859
264520352,3867
264521352,3859
264522352,3841
264523352,3858
264524352,3873
264525352,3870
264526352,3871
264527352,3931
264537772,3877
264538772,3870
264539772,3869
264540772,3870
264541772,3871
264542772,3861
264543772,3869
264544772,3867
264545772,3874
264546772,3875
264547772,3862
264548772,3873
264549772,3869
264550772,3881
264551772,3874
264552772,3869
264553772,3871
264554772,3877
264555772,3875
264556772,3873
264557772,3867
264558772,3868
264559772,3862
264560772,3866
264571191,3839
264572191,3810
264573191,3793
264574191,3860
264575191,3859
264576191,3867
264577191,3878
264578191,3862
264579191,3856
264580191,3856
264581191,3863
264582191,3865
264583191,3867
264584191,3857
264585191,3875
264586191,3863
264587191,3876
264588191,3861
264589191,3869
264590191,3856
264591191,3899
264592191,3870
264593191,4004
264594191,3859
264604594,3869
264605594,3858
264606594,3861
264607594,3862
264608594,3856
264609594,3865
264610594,3851
264611594,3815
264612594,3856
264613594,3849
264614594,3866
264615594,3856
264616594,3889
264617594,3847
264618594,3863
264619594,3845
264620594,3754
264621594,3648
264622594,3536
264623594,3485
264624594,3418
264625594,3393
264626594,3385
264627594,3435
264638014,3875
264639014,3865
264640014,3859
264641014,3873
264642014,3867
264643014,3895
264644014,3871
264645014,3872
264646014,3888
264647014,3875
264648014,3872
264649014,3866
264650014,3870
264651014,3888
264652014,3874
264653014,3877
264654014,3872
264655014,3877
264656014,3877
264657014,3861
264658014,3883
264659014,3875
264660014,3862
264661014,3879
264662014,3871
264672406,3871
264673406,3878
264674406,3870
264675406,3878
264676406,3873
264677406,3862
264678406,3873
264679406,3875
264680406,3903
264681406,3875
264682406,3863
264683406,3849
264684406,3872
264685406,3882
264686406,3889
264687406,3859
264688406,3879
264689406,3842
264690406,3870
264691406,3856
264692406,3875
264693406,3871
264694406,3851
264695406,3874
264705825,3870
264706825,3883
264707825,3877
264708825,3875
264709825,3878
264710825,3862
264711825,3883
264712825,3873
264713825,3873
264714825,3873
264715825,3871
264716825,3877
264717825,3867
264718825,3863
264719825,3883
264720825,3874
264721825,3862
264722825,3871
264723825,3869
264724825,3872
264725825,3875
264726825,3879
264727825,3888
264728825,3870
264739253,3865
264740253,3857
264741253,3865
264742253,3866
264743253,3873
264744253,3862
264745253,3871
264746253,3854
264747253,3879
264748253,3884
264749253,3875
264750253,3858
264751253,3857
264752253,3893
264753253,3876
264754253,3871
264755253,3889
264756253,3873
264757253,3884
264758253,3869
264759253,3863
264760253,3877
264761253,3869
264762253,3850
264772648,3880
264773648,3874
264774648,3885
264775648,3875
264776648,3878
264777648,3872
264778648,3860
264779648,3871
264780648,3877
264781648,3903
264782648,3887
264783648,3882
264784648,3872
264785648,3882
264786648,3877
264787648,3874
264788648,3877
264789648,3883
264790648,3869
264791648,3877
264792648,3869
264793648,3871
264794648,3865
264795648,3873
264806068,3883
264807068,3919
264808068,3873
264809068,3874
264810068,3875
264811068,3877
264812068,3887
264813068,3882
264814068,3877
264815068,3866
264816068,3883
264817068,3876
264818068,3867
264819068,3872
264820068,3887
264821068,3879
264822068,3885
264823068,3869
264824068,3877
264825068,3887
264826068,3879
264827068,3874
264828068,3872
264829068,3878
264830068,3889
264840460,3875
264841460,3874
264842460,3873
264843460,3882
264844460,3857
264845460,3874
264846460,3869
264847460,3875
264848460,3866
264849460,3875
264850460,3879
264851460,3871
264852460,3875
264853460,3875
264854460,3858
264855460,3876
264856460,3874
264857460,3878
264858460,3869
264859460,3879
264860460,3865
264861460,3867
264862460,3879
264863460,3869
264873879,3880
264874879,3877
264875879,3871
264876879,3872
264877879,3879
264878879,3883
264879879,3899
264880879,3883
264881879,3858
264882879,3862
264883879,3870
264884879,3875
264885879,3861
264886879,3868
264887879,3870
264888879,3887
264889879,3859
264890879,3892
264891879,3876
264892879,3883
264893879,3885
264894879,3906
264895879,3883
264896879,3871
264907299,3804
264908299,3874
264909299,3880
264910299,3875
264911299,3861
264912299,3869
264913299,3903
264914299,3881
264915299,3883
264916299,3857
264917299,3872
264918299,3889
264919299,3875
264920299,3887
264921299,3872
264922299,3870
264923299,3923
264924299,3882
264925299,3885
264926299,3871
264927299,3873
264928299,3875
264929299,3869
264930299,3857
264940702,3887
264941702,3877
264942702,3884
264943702,3874
264944702,3887
264945702,3856
264946702,3910
264947702,3867
264948702,3883
264949702,3884
264950702,3872
264951702,3908
264952702,3879
264953702,3880
264954702,3872
264955702,3883
264956702,3891
264957702,3873
264958702,3862
264959702,3866
264960702,3884
264961702,3895
264962702,3869
264963702,3879
264974121,3877
264975121,3879
264976121,3874
264977121,3870
264978121,3877
264979121,3861
264980121,3856
264981121,3872
264982121,3883
264983121,3877
264984121,3855
264985121,3870
264986121,3870
264987121,3863
264988121,3879
264989121,3867
264990121,3874
264991121,3880
264992121,3872
264993121,3874
264994121,3876
264995121,3871
264996121,3883
264997121,3871
264998121,3875
265008513,3912
265009513,3875
265010513,3870
265011513,3859
265012513,3870
265013513,3877
265014513,3870
265015513,3876
265016513,3888
265017513,3889
265018513,3873
265019513,3865
265020513,3877
265021513,3877
265022513,3877
265023513,3931
265024513,3881
265025513,3874
265026513,3865
265027513,3869
265028513,3872
265029513,3881
265030513,3877
265031513,3919
265041933,3857
265042933,3878
265043933,3866
265044933,3885
265045933,3877
265046933,3884
265047933,3879
265048933,3866
265049933,3882
265050933,3875
265051933,3867
265052933,3882
265053933,3862
265054933,3876
265055933,3873
265056933,3812
265057933,3887
265058933,3874
265059933,3870
265060933,3859
265061933,3857
265062933,3888
265063933,3887
265064933,3867
265075353,3863
265076353,3878
265077353,3885
265078353,3859
265079353,3819
265080353,3900
265081353,3888
265082353,3860
265083353,3875
265084353,3873
265085353,3899
265086353,3875
265087353,3872
265088353,3889
265089353,3878
265090353,3881
265091353,3925
265092353,3911
265093353,3877
265094353,3879
265095353,3878
265096353,3862
265097353,3847
265098353,3870
265108756,3871
265109756,3867
265110756,3867
265111756,3854
265112756,3857
265113756,3877
265114756,3824
265115756,3863
265116756,3881
265117756,3877
265118756,3885
265119756,3877
265120756,3899
265121756,3862
265122756,3869
265123756,3872
265124756,3862
265125756,3873
265126756,3872
265127756,3886
265128756,3867
265129756,3874
265130756,3867
265131756,3878
265142175,3855
265143175,3876
265144175,3859
265145175,3873
265146175,3873
265147175,3873
265148175,3869
265149175,3865
265150175,3874
265151175,3869
265152175,3877
265153175,3867
265154175,3868
265155175,3873
265156175,3867
265157175,3888
265158175,3894
265159175,3876
265160175,3873
265161175,3869
265162175,3872
265163175,3868
265164175,3856
265165175,3858
265166175,3876
265176572,3863
265177572,3867
265178572,3885
265179572,3893
265180572,3889
265181572,3877
265182572,3877
265183572,3871
265184572,3877
265185572,3871
265186572,3870
265187572,3890
265188572,3877
265189572,3879
265190572,3875
265191572,3863
265192572,3896
265193572,3874
265194572,3869
265195572,3859
265196572,3876
265197572,3877
265198572,3878
265199572,3873
265209987,3877
265210987,3873
265211987,3876
265212987,3869
265213987,3886
265214987,3869
265215987,3855
265216987,3881
265217987,3869
265218987,3874
265219987,3878
265220987,3862
265221987,3875
265222987,3883
265223987,3862
265224987,3856
265225987,3866
265226987,3877
265227987,3862
265228987,3865
265229987,3890
265230987,3885
265231987,3876
265232987,3870
265243407,3877
265244407,3888
265245407,3856
265246407,3903
265247407,3883
265248407,3888
265249407,3883
265250407,3868
265251407,3859
265252407,3869
265253407,3883
265254407,3877
265255407,3875
265256407,3873
265257407,3818
265258407,3870
265259407,3877
265260407,3869
265261407,3865
265262407,3887
265263407,3877
265264407,3877
265265407,3878
265266407,3875
265276809,3870
265277809,3860
265278809,3872
265279809,3873
265280809,3877
265281809,3874
265282809,3877
265283809,3874
265284809,3886
265285809,3871
265286809,3867
265287809,3868
265288809,3871
265289809,3872
265290809,3867
265291809,3871
265292809,3879
265293809,3873
265294809,3867
265295809,3869
265296809,3872
265297809,3887
265298809,3873
265299809,3875
265310237,3899
265311237,3876
265312237,3872
265313237,3873
265314237,3879
265315237,3885
265316237,3871
265317237,3895
265318237,3874
265319237,3865
265320237,3870
265321237,3872
265322237,3883
265323237,3873
265324237,3872
265325237,3861
265326237,3882
265327237,3867
265328237,3877
265329237,3863
265330237,3871
265331237,3866
265332237,3867
265333237,3879
265334237,3865
265344621,3874
265345621,3854
265346621,3875
265347621,3881
265348621,3869
265349621,3878
265350621,3871
265351621,3887
265352621,3877
265353621,3874
265354621,3856
265355621,3879
265356621,3873
265357621,3875
265358621,3859
265359621,3876
265360621,3867
265361621,3885
265362621,3909
265363621,3877
265364621,3887
265365621,3868
265366621,3876
265367621,3872
265378041,3930
265379041,3883
265380041,3871
265381041,3869
265382041,3871
265383041,3883
265384041,3847
265385041,3868
265386041,3877
265387041,3885
265388041,3863
265389041,3877
265390041,3843
265391041,3859
265392041,3868
265393041,3870
265394041,3869
265395041,3871
265396041,3867
265397041,3876
265398041,3872
265399041,3885
265400041,3861
265401041,3872
265411470,3882
265412470,3878
265413470,3871
265414470,3878
265415470,3871
265416470,3878
265417470,3871
265418470,3869
265419470,3860
265420470,3875
265421470,3878
265422470,3886
265423470,3877
265424470,3870
265425470,3883
265426470,3869
265427470,3873
265428470,3867
265429470,3877
265430470,3871
265431470,3875
265432470,3888
265433470,3863
265434470,3873
265444863,3873
265445863,3878
265446863,3875
265447863,3879
265448863,3879
265449863,3876
265450863,3877
265451863,3879
265452863,3872
265453863,3865
265454863,3875
265455863,3888
265456863,3865
265457863,3875
265458863,3879
265459863,3877
265460863,3886
265461863,3863
265462863,3865
265463863,3882
265464863,3879
265465863,3882
265466863,3881
265467863,3877
265478283,3866
265479283,3883
265480283,3878
265481283,3877
265482283,3857
265483283,3890
265484283,3862
265485283,3862
265486283,3867
265487283,3873
265488283,3888
265489283,3901
265490283,3874
265491283,3871
265492283,3886
265493283,3879
265494283,3878
265495283,3881
265496283,3870
265497283,3862
265498283,3878
265499283,3879
265500283,3878
265501283,3887
265502283,3867
265512675,3869
265513675,3872
265514675,3875
265515675,3894
265516675,3876
265517675,3870
265518675,3872
265519675,3877
265520675,3872
265521675,3906
265522675,3872
265523675,3864
265524675,3878
265525675,3894
265526675,3873
265527675,3875
265528675,3882
265529675,3927
265530675,3870
265531675,3886
265532675,3884
265533675,3873
265534675,3877
265535675,3878
265546095,3882
265547095,3876
265548095,3870
265549095,3882
265550095,3870
265551095,3873
265552095,3863
265553095,3871
265554095,3879
265555095,3869
265556095,3869
265557095,3872
265558095,3879
265559095,3862
265560095,3883
265561095,3858
265562095,3873
265563095,3869
265564095,3872
265565095,3872
265566095,3883
265567095,3884
265568095,3881
265569095,3878
265579515,3888
265580515,3874
265581515,3861
265582515,3906
265583515,3875
265584515,3874
265585515,3873
265586515,3883
265587515,3877
265588515,3867
265589515,3875
265590515,3878
265591515,3851
265592515,3876
265593515,3862
265594515,3866
265595515,3888
265596515,3888
265597515,3884
265598515,3879
265599515,3892
265600515,3904
265601515,3873
265602515,3876
265612917,3879
265613917,3875
265614917,3886
265615917,3874
265616917,3878
265617917,3869
265618917,3862
265619917,3873
265620917,3856
265621917,3882
265622917,3874
265623917,3865
265624917,3873
265625917,3859
265626917,3867
265627917,3883
265628917,3909
265629917,3882
265630917,3857
265631917,3863
265632917,3872
265633917,3870
265634917,3903
265635917,3875
265646337,3885
265647337,3885
265648337,3872
265649337,3872
265650337,3870
265651337,3861
265652337,3915
265653337,3873
265654337,3874
265655337,3862
265656337,3869
265657337,3884
265658337,3873
265659337,3878
265660337,3882
265661337,3866
265662337,3877
265663337,3905
265664337,3871
265665337,3869
265666337,3872
265667337,3879
265668337,3885
265669337,3874
265670337,3875
265680729,3885
265681729,3874
265682729,3875
265683729,3883
265684729,3878
265685729,3916
265686729,3877
265687729,3881
265688729,3875
265689729,3877
265690729,3888
265691729,3899
265692729,3885
265693729,3875
265694729,3865
265695729,3831
265696729,3871
265697729,3875
265698729,3871
265699729,3888
265700729,3929
265701729,3882
265702729,3847
265703729,3871
265714149,3872
265715149,3873
265716149,3871
265717149,3883
265718149,3861
265719149,3877
265720149,3871
265721149,3878
265722149,3878
265723149,3876
265724149,3881
265725149,3865
265726149,3869
265727149,3873
265728149,3873
265729149,3878
265730149,3879
265731149,3871
265732149,3870
265733149,3873
265734149,3883
265735149,3856
265736149,3878
265737149,3882
265747573,3885
265748573,3884
265749573,3875
265750573,3869
265751573,3884
265752573,3827
265753573,3877
265754573,3857
265755573,3877
265756573,3889
265757573,3901
265758573,3867
265759573,3888
265760573,3876
265761573,3882
265762573,3872
265763573,3907
265764573,3879
265765573,3889
265766573,3883
265767573,3872
265768573,3865
265769573,3867
265770573,3885
265780971,3870
265781971,3875
265782971,3866
265783971,3853
265784971,3886
265785971,3877
265786971,3877
265787971,3866
265788971,3892
265789971,3886
265790971,3866
265791971,3882
265792971,3872
265793971,3879
265794971,3867
265795971,3879
265796971,3873
265797971,3866
265798971,3873
265799971,3872
265800971,3879
265801971,3871
265802971,3863
265803971,3877
265814391,3879
265815391,3883
265816391,3862
265817391,3877
265818391,3875
265819391,3870
265820391,3882
265821391,3870
265822391,3872
265823391,3882
265824391,3873
265825391,3866
265826391,3876
265827391,3879
265828391,3869
265829391,3858
265830391,3861
265831391,3874
265832391,3866
265833391,3855
265834391,3878
265835391,3903
265836391,3867
265837391,3877
265838391,3884
265848783,3872
265849783,3873
265850783,3867
265851783,3871
265852783,3869
265853783,3866
265854783,3873
265855783,3869
265856783,3873
265857783,3909
265858783,3883
265859783,3869
265860783,3894
265861783,3842
265862783,3883
265863783,3883
265864783,3867
265865783,3874
265866783,3882
265867783,3871
265868783,3843
265869783,3874
265870783,3865
265871783,3875
265882203,3870
265883203,3867
265884203,3888
265885203,3870
265886203,3871
265887203,3880
265888203,3882
265889203,3879
265890203,3901
265891203,3874
265892203,3859
265893203,3877
265894203,3885
265895203,3883
265896203,3879
265897203,3870
265898203,3871
265899203,3856
265900203,3874
265901203,3873
265902203,3862
265903203,3879
265904203,3869
265905203,3871
265915622,3875
265916622,3875
265917622,3849
265918622,3845
265919622,3888
265920622,3895
265921622,3882
265922622,3859
265923622,3886
265924622,3887
265925622,3873
265926622,3876
265927622,3870
265928622,3879
265929622,3877
265930622,3865
265931622,3872
265932622,3867
265933622,3868
265934622,3870
265935622,3876
265936622,3872
265937622,3867
265938622,3878
265949025,3856
265950025,3872
265951025,3888
265952025,3856
265953025,3861
265954025,3888
265955025,3882
265956025,3883
265957025,3859
265958025,3874
265959025,3872
265960025,3885
265961025,3883
265962025,3891
265963025,3856
265964025,3856
265965025,3879
265966025,3877
265967025,3878
265968025,3847
265969025,3872
265970025,3893
265971025,3920
265972025,3873
265982454,3882
265983454,3842
265984454,3871
265985454,3888
265986454,3878
265987454,3879
265988454,3902
265989454,3877
265990454,3851
265991454,3879
265992454,3882
265993454,3877
265994454,3882
265995454,3885
265996454,3874
265997454,3878
265998454,3899
265999454,3872
266000454,3873
266001454,3903
266002454,3890
266003454,3885
266004454,3877
266005454,3889
266006454,3879
266016837,3883
266017837,3885
266018837,3879
266019837,3879
266020837,3875
266021837,3874
266022837,3886
266023837,3871
266024837,3860
266025837,3888
266026837,3887
266027837,3879
266028837,3878
266029837,3877
266030837,3882
266031837,3879
266032837,3872
266033837,3885
266034837,3859
266035837,3878
266036837,3881
266037837,3878
266038837,3872
266039837,3874
266050258,3849
266051258,3869
266052258,3873
266053258,3887
266054258,3872
266055258,3866
266056258,3877
266057258,3878
266058258,3871
266059258,3871
266060258,3878
266061258,3865
266062258,3885
266063258,3879
266064258,3871
266065258,3881
266066258,3867
266067258,3878
266068258,3865
266069258,3877
266070258,3884
266071258,3881
266072258,3879
266073258,3837
266083676,3873
266084676,3874
266085676,3870
266086676,3871
266087676,3861
266088676,3884
266089676,3879
266090676,3873
266091676,3881
266092676,3872
266093676,3876
266094676,3873
266095676,3879
266096676,3875
266097676,3856
266098676,3868
266099676,3881
266100676,3879
266101676,3876
266102676,3890
266103676,3856
266104676,3881
266105676,3857
266106676,3879
266117079,3876
266118079,3887
266119079,3872
266120079,3875
266121079,3871
266122079,3867
266123079,3873
266124079,3879
266125079,3874
266126079,3856
266127079,3872
266128079,3856
266129079,3879
266130079,3863
266131079,3920
266132079,3885
266133079,3878
266134079,3874
266135079,3882
266136079,3869
266137079,3871
266138079,3878
266139079,3882
266140079,3873
266150499,3885
266151499,3869
266152499,3880
266153499,3869
266154499,3884
266155499,3903
266156499,3879
266157499,3883
266158499,3880
266159499,3882
266160499,3858
266161499,3881
266162499,3887
266163499,3873
266164499,3876
266165499,3884
266166499,3878
266167499,3866
266168499,3874
266169499,3884
266170499,3888
266171499,3877
266172499,3875
266173499,3863
266174499,3881
266184891,3889
266185891,3874
266186891,3883
266187891,3879
266188891,3870
266189891,3882
266190891,3867
266191891,3877
266192891,3887
266193891,3876
266194891,3878
266195891,3873
266196891,3872
266197891,3875
266198891,3868
266199891,3885
266200891,3856
266201891,3862
266202891,3839
266203891,3886
266204891,3859
266205891,3874
266206891,3888
266207891,3858
266218310,3883
266219310,3877
266220310,3876
266221310,3867
266222310,3866
266223310,3872
266224310,3871
266225310,3868
266226310,3867
266227310,3870
266228310,3881
266229310,3873
266230310,3873
266231310,3873
266232310,3878
266233310,3861
266234310,3877
266235310,3898
266236310,3875
266237310,3878
266238310,3881
266239310,3878
266240310,3888
266241310,3881
266251730,3863
266252730,3874
266253730,3874
266254730,3867
266255730,3881
266256730,3877
266257730,3861
266258730,3879
266259730,3869
266260730,3856
266261730,3873
266262730,3887
266263730,3888
266264730,3883
266265730,3881
266266730,3878
266267730,3867
266268730,3856
266269730,3863
266270730,3871
266271730,3873
266272730,3876
266273730,3875
266274730,3860
266285133,3863
266286133,3872
266287133,3857
266288133,3869
266289133,3873
266290133,3848
266291133,3873
266292133,3856
266293133,3872
266294133,3874
266295133,3872
266296133,3879
266297133,3879
266298133,3871
266299133,3876
266300133,3866
266301133,3875
266302133,3869
266303133,3864
266304133,3874
266305133,3870
266306133,3869
266307133,3868
266308133,3858
266318553,3875
266319553,3919
266320553,3858
266321553,3862
266322553,3872
266323553,3878
266324553,3876
266325553,3871
266326553,3885
266327553,3851
266328553,3872
266329553,3873
266330553,3876
266331553,3866
266332553,3839
266333553,3874
266334553,3933
266335553,3871
266336553,3874
266337553,3846
266338553,3872
266339553,3894
266340553,3878
266341553,3888
266342553,3872
266352944,3882
266353944,3910
266354944,3887
266355944,3879
266356944,3873
266357944,3866
266358944,3872
266359944,3832
266360944,3867
266361944,3856
266362944,3887
266363944,3870
266364944,3886
266365944,3858
266366944,3874
266367944,3875
266368944,3879
266369944,3866
266370944,3870
266371944,3870
266372944,3881
266373944,3878
266374944,3843
266375944,3879
266386364,3891
266387364,3869
266388364,3872
266389364,3856
266390364,3847
266391364,3879
266392364,3900
266393364,3855
266394364,3867
266395364,3872
266396364,3872
266397364,3868
266398364,3838
266399364,3867
266400364,3879
266401364,3857
266402364,3851
266403364,3881
266404364,3890
266405364,3876
266406364,3867
266407364,3856
266408364,3865
266409364,3893
266419784,3872
266420784,3859
266421784,3862
266422784,3842
266423784,3867
266424784,3866
266425784,3874
266426784,3879
266427784,3867
266428784,3882
266429784,3867
266430784,3872
266431784,3869
266432784,3874
266433784,3854
266434784,3905
266435784,3873
266436784,3837
266437784,3866
266438784,3881
266439784,3873
266440784,3869
266441784,3887
266442784,3871
266453187,3881
266454187,3873
266455187,3861
266456187,3888
266457187,3871
266458187,3863
266459187,3863
266460187,3867
266461187,3873
266462187,3877
266463187,3863
266464187,3867
266465187,3854
266466187,3875
266467187,3868
266468187,3873
266469187,3867
266470187,3871
266471187,3870
266472187,3871
266473187,3856
266474187,3761
266475187,3615
266476187,3504
266486606,2713
266487606,2658
266488606,2594
266489606,2544
266490606,2481
266491606,2430
266492606,2383
266493606,2326
266494606,2270
266495606,2225
266496606,2177
266497606,2123
266498606,2097
266499606,2032
266500606,1989
266501606,1953
266502606,1909
266503606,1873
266504606,1823
266505606,1786
266506606,1742
266507606,1697
266508606,1667
266509606,1628
266510606,1601
266520998,1284
266521998,1257
266522998,1265
266523998,1275
266524998,1289
266525998,1261
266526998,1219
266527998,1230
266528998,1219
266529998,1200
266530998,1211
266531998,1291
266532998,1428
266533998,1598
266534998,1746
266535998,1883
266536998,1985
266537998,2012
266538998,1971
266539998,2029
266540998,2180
266541998,2406
266542998,2688
266543998,2939
266554418,2951
266555418,2916
266556418,2865
266557418,2817
266558418,2784
266559418,2754
266560418,2705
266561418,2666
266562418,2597
266563418,2559
266564418,2506
266565418,2495
266566418,2447
266567418,2406
266568418,2352
266569418,2310
266570418,2263
266571418,2214
266572418,2169
266573418,2132
266574418,2083
266575418,2032
266576418,1975
266577418,1948
266587838,1555
266588838,1505
266589838,1486
266590838,1443
266591838,1424
266592838,1387
266593838,1359
266594838,1329
266595838,1297
266596838,1276
266597838,1247
266598838,1220
266599838,1195
266600838,1163
266601838,1136
266602838,1110
266603838,1091
266604838,1072
266605838,1047
266606838,1020
266607838,1005
266608838,980
266609838,961
266610838,939
266611838,917
266622212,890
266623212,898
266624212,891
266625212,867
266626212,859
266627212,879
266628212,899
266629212,919
266630212,955
266631212,973
266632212,974
266633212,972
266634212,950
266635212,918
266636212,912
266637212,916
266638212,880
266639212,857
266640212,835
266641212,825
266642212,817
266643212,787
266644212,766
266645212,796
266646212,752
266647212,725
266648212,708
266649212,700
266650212,675
266651212,668
266652212,649
266662646,531
266663646,511
266664646,496
266665646,497
266666646,493
266667646,471
266668646,460
266669646,457
266670646,447
266671646,434
266672646,428
266673646,429
266674646,415
266675646,412
266676646,403
266677646,396
266678646,383
266679646,380
266680646,367
266681646,367
266682646,359
266683646,347
266684646,324
266685646,331
266686646,330
266687646,322
266688646,319
266689646,312
266690646,305
266691646,304
266692646,289
266703097,254
266704097,236
266705097,240
266706097,229
266707097,235
266708097,224
266709097,220
266710097,209
266711097,213
266712097,208
266713097,208
266714097,192
266715097,200
266716097,197
266717097,197
266718097,189
266719097,188
266720097,188
266721097,190
266722097,171
266723097,191
266724097,174
266725097,169
266726097,164
266727097,169
266728097,162
266729097,156
266730097,163
266731097,161
266732097,156
266733097,149
266734097,146
266744520,132
266745520,125
266746520,125
266747520,119
266748520,133
266749520,115
266750520,121
266751520,112
266752520,127
266753520,115
266754520,113
266755520,113
266756520,113
266757520,116
266758520,112
266759520,102
266760520,105
266761520,103
266762520,105
266763520,109
266764520,107
266765520,97
266766520,102
266767520,100
266768520,114
266769520,107
266770520,98
266771520,100
266772520,97
266773520,95
266774520,97
266775520,92
266785909,80
266786909,80
266787909,80
266788909,85
266789909,78
266790909,82
266791909,86
266792909,81
266793909,82
266794909,85
266795909,79
266796909,79
266797909,80
266798909,73
266799909,72
266800909,80
266801909,79
266802909,73
266803909,78
266804909,80
266805909,80
266806909,77
266807909,75
266808909,77
266809909,81
266810909,67
266811909,75
266812909,73
266813909,76
266814909,67
266815909,63
266816909,75
266817909,64
266818909,73
266819909,67
266820909,65
266821909,80
266822909,69
266823909,57
266824909,76
266825909,75
266826909,69
266827909,67
266828909,68
266839294,64
266840294,59
266841294,63
266842294,76
266843294,66
266844294,71
266845294,57
266846294,61
266847294,62
266848294,62
266849294,69
266850294,64
266851294,59
266852294,60
266853294,65
266854294,67
266855294,65
266856294,64
266857294,64
266858294,64
266859294,61
266860294,68
266861294,54
266862294,62
266863294,63
266864294,64
266865294,75
266866294,72
266867294,53
266868294,65
266869294,69
266870294,65
266871294,76
266872294,74
266873294,64
266874294,67
266875294,65
266876294,72
266877294,70
266878294,70
266879294,55
266880294,71
266881294,61
266882294,76
266892696,75
266893696,61
266894696,49
266895696,75
266896696,65
266897696,65
266898696,59
266899696,59
266900696,59
266901696,65
266902696,61
266903696,57
266904696,62
266905696,64
266906696,73
266907696,53
266908696,67
266909696,59
266910696,77
266911696,62
266912696,60
266913696,64
266914696,54
266915696,62
266916696,48
266917696,59
266918696,63
266919696,55
266920696,45
266921696,63
266922696,62
266923696,67
266924696,63
266925696,16
266926696,64
266927696,57
266928696,20
266929696,64
266930696,60
266931696,73
266932696,55
266933696,61
266934696,63
266945109,45
266946109,57
266947109,63
266948109,53
266949109,65
266950109,58
266951109,68
266952109,57
266953109,57
266954109,55
266955109,64
266956109,77
266957109,59
266958109,64
266959109,62
266960109,64
266961109,49
266962109,57
266963109,48
266964109,48
266965109,51
266966109,64
266967109,57
266968109,58
266969109,61
266970109,56
266971109,70
266972109,54
266973109,70
266974109,55
266975109,69
266976109,57
266977109,61
266978109,53
266979109,47
266980109,51
266981109,55
266982109,60
266983109,57
266984109,59
266985109,52
266986109,51
266987109,63
266988109,63
266998494,57
266999494,49
267000494,57
267001494,57
267002494,49
267003494,65
267004494,59
267005494,61
267006494,49
267007494,59
267008494,53
267009494,66
267010494,61
267011494,64
267012494,51
267013494,65
267014494,93
267015494,133
267016494,186
267017494,228
267018494,254
267019494,269
267020494,263
267021494,285
267022494,302
267023494,359
267024494,401
267025494,446
267026494,481
267027494,509
267028494,529
267029494,545
267030494,544
267031494,534
267032494,528
267033494,507
267043893,450
267044893,425
267045893,429
267046893,432
267047893,473
267048893,571
267049893,703
267050893,845
267051893,981
267052893,1104
267053893,1183
267054893,1197
267055893,1171
267056893,1170
267057893,1225
267058893,1309
267059893,1424
267060893,1530
267061893,1648
267062893,1745
267063893,1815
267064893,1872
267065893,1921
267066893,1949
267067893,1969
267068893,1958
267079309,2011
267080309,2025
267081309,1989
267082309,1960
267083309,1922
267084309,1915
267085309,1935
267086309,1941
267087309,1965
267088309,1964
267089309,1937
267090309,1913
267091309,1872
267092309,1829
267093309,1789
267094309,1744
267095309,1706
267096309,1673
267097309,1632
267098309,1602
267099309,1569
267100309,1535
267101309,1516
267102309,1499
267103309,1471
267113701,1446
267114701,1419
267115701,1390
267116701,1355
267117701,1329
267118701,1329
267119701,1333
267120701,1345
267121701,1357
267122701,1343
267123701,1328
267124701,1308
267125701,1267
267126701,1248
267127701,1217
267128701,1193
267129701,1168
267130701,1155
267131701,1133
267132701,1121
267133701,1101
267134701,1077
267135701,1071
267136701,1051
267147120,1059
267148120,1085
267149120,1085
267150120,1061
267151120,1036
267152120,1018
267153120,1002
267154120,991
267155120,964
267156120,946
267157120,953
267158120,975
267159120,1045
267160120,1149
267161120,1272
267162120,1399
267163120,1490
267164120,1535
267165120,1535
267166120,1530
267167120,1535
267168120,1610
267169120,1711
267170120,1803
267171120,1920
267181567,1941
267182567,1889
267183567,1857
267184567,1803
267185567,1777
267186567,1753
267187567,1755
267188567,1730
267189567,1737
267190567,1756
267191567,1799
267192567,1811
267193567,1853
267194567,1931
267195567,2014
267196567,2139
267197567,2281
267198567,2391
267199567,2476
267200567,2480
267201567,2416
267202567,2426
267203567,2479
267204567,2598
267214984,3171
267215984,3067
267216984,3003
267217984,2935
267218984,2879
267219984,2868
267220984,2871
267221984,2945
267222984,3047
267223984,3228
267224984,3419
267225984,3578
267226984,3669
267227984,3667
267228984,3555
267229984,3511
267230984,3539
267231984,3627
267232984,3789
267233984,3869
267234984,3863
267235984,3868
267236984,3851
267237984,3886
267238984,3859
267249376,3858
267250376,3868
267251376,3863
267252376,3870
267253376,3859
267254376,3863
267255376,3879
267256376,3858
267257376,3866
267258376,3861
267259376,3875
267260376,3855
267261376,3872
267262376,3869
267263376,3881
267264376,3852
267265376,3888
267266376,3875
267267376,3882
267268376,3879
267269376,3873
267270376,3878
267271376,3875
267272376,3875
267282796,3862
267283796,3863
267284796,3875
267285796,3861
267286796,3856
267287796,3867
267288796,3883
267289796,3878
267290796,3859
267291796,3884
267292796,3861
267293796,3856
267294796,3877
267295796,3873
267296796,3857
267297796,3867
267298796,3846
267299796,3870
267300796,3876
267301796,3826
267302796,3871
267303796,3888
267304796,3870
267305796,3879
267316223,3859
267317223,3871
267318223,3873
267319223,3867
267320223,3900
267321224,3869
267322224,3886
267323224,3879
267324224,3879
267325224,3872
267326224,3867
267327224,3874
267328224,3874
267329224,3857
267330224,3883
267331224,3867
267332224,3841
267333224,3861
267334224,3884
267335224,3877
267336224,3879
267337224,3875
267338224,3832
267339224,3870
267349619,3824
267350619,3862
267351619,3862
267352619,3882
267353619,3899
267354619,3875
267355619,3878
267356619,3869
267357619,3929
267358619,3881
267359619,3872
267360619,3888
267361619,3878
267362619,3872
267363619,3871
267364619,3871
267365619,3877
267366619,3874
267367619,3861
267368619,3888
267369619,3870
267370619,3879
267371619,3868
267372619,3838
267383038,3867
267384038,3925
267385038,3899
267386038,3879
267387038,3869
267388038,3887
267389038,3888
267390038,3866
267391038,3877
267392038,3871
267393038,3875
267394038,3887
267395038,3907
267396038,3862
267397038,3869
267398038,3877
267399038,3884
267400038,3876
267401038,3875
267402038,3874
267403038,3877
267404038,3881
267405038,3875
267406038,3860
267407038,3891
267417439,3882
267418439,3881
267419439,3882
267420439,3879
267421439,3881
267422439,3885
267423439,3885
267424439,3879
267425439,3877
267426439,3880
267427439,3879
267428439,3885
267429439,3861
267430439,3875
267431439,3889
267432439,3884
267433439,3878
267434439,3877
267435439,3899
267436439,3885
267437439,3871
267438439,3918
267439439,3905
267440439,3883
267450850,3881
267451850,3873
267452850,3877
267453850,3858
267454850,3883
267455850,3873
267456850,3875
267457850,3863
267458850,3881
267459850,3867
267460850,3872
267461850,3879
267462850,3882
267463850,3870
267464850,3879
267465850,3884
267466850,3888
267467850,3863
267468850,3875
267469850,3873
267470850,3879
267471850,3874
267472850,3869
267473850,3877
267484270,3874
267485270,3881
267486270,3877
267487270,3877
267488270,3871
267489270,3870
267490270,3876
267491270,3871
267492270,3885
267493270,3870
267494270,3873
267495270,3866
267496270,3876
267497270,3881
267498270,3867
267499270,3875
267500270,3878
267501270,3877
267502270,3877
267503270,3873
267504270,3877
267505270,3887
267506270,3888
267507270,3863
267517672,3876
267518672,3893
267519672,3939
267520672,3888
267521672,3873
267522672,3879
267523672,3923
267524672,3884
267525672,3885
267526672,3870
267527672,3865
267528672,3875
267529672,3891
267530672,3878
267531672,3932
267532672,3879
267533672,3883
267534672,3893
267535672,3871
267536672,3863
267537672,3882
267538672,3905
267539672,3875
267540672,3881
267551092,3885
267552092,3891
267553092,3885
267554092,3884
267555092,3882
267556092,3877
267557092,3887
267558092,3887
267559092,3892
267560092,3873
267561092,3884
267562092,3885
267563092,3883
267564092,3867
267565092,3871
267566092,3906
267567092,3889
267568092,3871
267569092,3886
267570092,3878
267571092,3884
267572092,3885
267573092,3877
267574092,3871
267575092,3887
267585484,3879
267586484,3859
267587484,3888
267588484,3895
267589484,3879
267590484,3888
267591484,3893
267592484,3883
267593484,3878
267594484,3867
267595484,3867
267596484,3879
267597484,3881
267598484,3869
267599484,3888
267600484,3869
267601484,3869
267602484,3874
267603484,3869
267604484,3873
267605484,3867
267606484,3887
267607484,3874
267608484,3873
267618904,3873
267619904,3905
267620904,3873
267621904,3863
267622904,3888
267623904,3885
267624904,3874
267625904,3888
267626904,3876
267627904,3871
267628904,3871
267629904,3879
267630904,3877
267631904,3862
267632904,3874
267633904,3875
267634904,3878
267635904,3878
267636904,3868
267637904,3887
267638904,3870
267639904,3885
267640904,3869
267641904,3921
267652324,3882
267653324,3870
267654324,3884
267655324,3875
267656324,3878
267657324,3872
267658324,3884
267659324,3888
267660324,3877
267661324,3894
267662324,3874
267663324,3888
267664324,3882
267665324,3869
267666324,3871
267667324,3877
267668324,3899
267669324,3883
267670324,3862
267671324,3873
267672324,3871
267673324,3900
267674324,3873
267675324,3888
267685726,3879
267686726,3877
267687726,3869
267688726,3873
267689726,3915
267690726,3865
267691726,3876
267692726,3856
267693726,3875
267694726,3879
267695726,3859
267696726,3868
267697726,3866
267698726,3877
267699726,3886
267700726,3873
267701726,3869
267702726,3884
267703726,3884
267704726,3869
267705726,3872
267706726,3867
267707726,3888
267708726,3876
267719146,3879
267720146,3871
267721146,3869
267722146,3889
267723146,3871
267724146,3883
267725146,3885
267726146,3878
267727146,3883
267728146,3871
267729146,3888
267730146,3879
267731146,3904
267732146,3920
267733146,3963
267734146,3886
267735146,3870
267736146,3905
267737146,3877
267738146,3874
267739146,3877
267740146,3877
267741146,3848
267742146,3845
267743146,3855
267753538,3886
267754538,3870
267755538,3879
267756538,3868
267757538,3878
267758538,3856
267759538,3878
267760538,3864
267761538,3875
267762538,3876
267763538,3866
267764538,3853
267765538,3882
267766538,3856
267767538,3884
267768538,3883
267769538,3874
267770538,3857
267771538,3891
267772538,3879
267773538,3873
267774538,3872
267775538,3873
267776538,3878
267786958,3872
267787958,3887
267788958,3883
267789958,3890
267790958,3863
267791958,3871
267792958,3874
267793958,3880
267794958,3874
267795958,3877
267796958,3884
267797958,3873
267798958,3881
267799958,3871
267800958,3878
267801958,3870
267802958,3870
267803958,3883
267804958,3871
267805958,3870
267806958,3907
267807958,3893
267808958,3835
267809958,3877
267820378,3872
267821378,3872
267822378,3877
267823378,3886
267824378,3879
267825378,3877
267826378,3877
267827378,3870
267828378,3875
267829378,3877
267830378,3873
267831378,3860
267832378,3871
267833378,3877
267834378,3894
267835378,3882
267836378,3883
267837378,3861
267838378,3883
267839378,3876
267840378,3884
267841378,3879
267842378,3875
267843378,3888
267853780,3869
267854780,3881
267855780,3878
267856780,3874
267857780,3879
267858780,3875
267859780,3870
267860780,3886
267861780,3919
267862780,3883
267863780,3876
267864780,3871
267865780,3882
267866780,3873
267867780,3863
267868780,3817
267869780,3885
267870780,3871
267871780,3883
267872780,3893
267873780,3891
267874780,3867
267875780,3882
267876780,3879
267887200,3865
267888200,3877
267889200,3879
267890200,3877
267891200,3870
267892200,3883
267893200,3860
267894200,3883
267895200,3866
267896200,3879
267897200,3877
267898200,3888
267899200,3874
267900200,3871
267901200,3869
267902200,3870
267903200,3883
267904200,3880
267905200,3871
267906200,3883
267907200,3860
267908200,3858
267909200,3867
267910200,3858
267911200,3862
267921595,3867
267922595,3873
267923595,3886
267924595,3874
267925595,3877
267926595,3867
267927595,3878
267928595,3853
267929595,3869
267930595,3888
267931595,3874
267932595,3885
267933595,3872
267934595,3875
267935595,3865
267936595,3879
267937595,3875
267938595,3870
267939595,3850
267940595,3868
267941595,3870
267942595,3883
267943595,3902
267944595,3879
267955012,3885
267956012,3877
267957012,3869
267958012,3856
267959012,3867
267960012,3877
267961012,3879
267962012,3874
267963012,3886
267964012,3857
267965012,3879
267966012,3867
267967012,3871
267968012,3867
267969012,3882
267970012,3856
267971012,3869
267972012,3889
267973012,3886
267974012,3867
267975012,3877
267976012,3871
267977012,3879
267978012,3856
267988431,3905
267989431,3875
267990431,3879
267991431,3870
267992431,3881
267993431,3887
267994431,3885
267995431,3886
267996431,3875
267997431,3867
267998431,3861
267999431,3874
268000431,3872
268001431,3877
268002431,3875
268003431,3878
268004431,3882
268005431,3883
268006431,3879
268007431,3874
268008431,3926
268009431,3870
268010431,3878
268011431,3867
268021834,3868
268022834,3876
268023834,3877
268024834,3887
268025834,3877
268026834,3874
268027834,3879
268028834,3875
268029834,3859
268030834,3886
268031834,3879
268032834,3871
268033834,3862
268034834,3871
268035834,3868
268036834,3884
268037834,3878
268038834,3861
268039834,3886
268040834,3875
268041834,3881
268042834,3865
268043834,3876
268044834,3873
268055254,3915
268056254,3859
268057254,3877
268058254,3876
268059254,3862
268060254,3888
268061254,3888
268062254,3875
268063254,3877
268064254,3863
268065254,3888
268066254,3882
268067254,3888
268068254,3910
268069254,3872
268070254,3877
268071254,3881
268072254,3856
268073254,3876
268074254,3886
268075254,3871
268076254,3884
268077254,3883
268078254,3881
268079254,3878
268089646,3877
268090646,3873
268091646,3879
268092646,3886
268093646,3877
268094646,3873
268095646,3879
268096646,3881
268097646,3873
268098646,3874
268099646,3883
268100646,3869
268101646,3865
268102646,3875
268103646,3865
268104646,3859
268105646,3877
268106646,3872
268107646,3863
268108646,3871
268109646,3870
268110646,3887
268111646,3881
268112646,3877
268123066,3878
268124066,3868
268125066,3885
268126066,3885
268127066,3882
268128066,3890
268129066,3888
268130066,3947
268131066,3873
268132066,3881
268133066,3877
268134066,3872
268135066,3877
268136066,3858
268137066,3846
268138066,3860
268139066,3849
268140066,3903
268141066,3881
268142066,3866
268143066,3882
268144066,3825
268145066,3863
268146066,3888
268156485,3869
268157485,3881
268158485,3874
268159485,3870
268160485,3882
268161485,3865
268162485,3874
268163485,3884
268164485,3879
268165485,3870
268166485,3878
268167485,3873
268168485,3860
268169485,3873
268170485,3870
268171485,3876
268172485,3878
268173485,3829
268174485,3855
268175485,3872
268176485,3873
268177485,3875
268178485,3840
268179485,3879
268189888,3879
268190888,3890
268191888,3867
268192888,3874
268193888,3871
268194888,3888
268195888,3872
268196888,3824
268197888,3863
268198888,3863
268199888,3871
268200888,3888
268201888,3803
268202888,3905
268203888,3885
268204888,3884
268205888,3866
268206888,3878
268207888,3885
268208888,3946
268209888,3878
268210888,3877
268211888,3884
268212888,3869
268223308,3881
268224308,3875
268225308,3887
268226308,3889
268227308,3859
268228308,3870
268229308,3854
268230308,3867
268231308,3861
268232308,3883
268233308,3890
268234308,3855
268235308,3866
268236308,3876
268237308,3888
268238308,3882
268239308,3861
268240308,3875
268241308,3883
268242308,3894
268243308,3867
268244308,3879
268245308,3888
268246308,3881
268247308,3848
268257700,3870
268258700,3867
268259700,3932
268260700,3883
268261700,3887
268262700,3877
268263700,3863
268264700,3888
268265700,3877
268266700,3887
268267700,3888
268268700,3884
268269700,3878
268270700,3891
268271700,3881
268272700,3906
268273700,3885
268274700,3861
268275700,3883
268276700,3879
268277700,3859
268278700,3886
268279700,3879
268280700,3856
268291119,3872
268292119,3873
268293119,3888
268294119,3871
268295119,3886
268296119,3878
268297119,3873
268298119,3890
268299119,3863
268300119,3886
268301119,3888
268302119,3938
268303119,3863
268304119,3871
268305119,3931
268306119,3830
268307119,3884
268308119,3856
268309119,3879
268310119,3867
268311119,3878
268312119,3889
268313119,3865
268314119,3843
268324539,3883
268325539,3855
268326539,3867
268327539,3872
268328539,3885
268329539,3927
268330539,3862
268331539,3871
268332539,3870
268333539,3906
268334539,3879
268335539,3872
268336539,3867
268337539,3869
268338539,3863
268339539,3861
268340539,3878
268341539,3882
268342539,3883
268343539,3878
268344539,3861
268345539,3877
268346539,3879
268347539,3875
268357942,3880
268358942,3871
268359942,3878
268360942,3899
268361942,3881
268362942,3881
268363942,3877
268364942,3882
268365942,3886
268366942,3881
268367942,3869
268368942,3862
268369942,3882
268370942,3869
268371942,3895
268372942,3883
268373942,3875
268374942,3877
268375942,3873
268376942,3873
268377942,3886
268378942,3869
268379942,3871
268380942,3869
268391362,3875
268392362,3881
268393362,3877
268394362,3861
268395362,3872
268396362,3876
268397362,3901
268398362,3872
268399362,3875
268400362,3885
268401362,3877
268402362,3874
268403362,3888
268404362,3861
268405362,3878
268406362,3878
268407362,3869
268408362,3880
268409362,3874
268410362,3871
268411362,3875
268412362,3899
268413362,3882
268414362,3871
268415362,3871
268425754,3883
268426754,3867
268427754,3903
268428754,3878
268429754,3875
268430754,3875
268431754,3869
268432754,3888
268433754,3872
268434754,3895
268435754,3879
268436754,3872
268437754,3877
268438754,3871
268439754,3870
268440754,3871
268441754,3865
268442754,3873
268443754,3856
268444754,3878
268445754,3883
268446754,3888
268447754,3883
268448754,3871
268459173,3863
268460173,3876
268461173,3871
268462173,3865
268463173,3863
268464173,3869
268465173,3935
268466173,3877
268467173,3852
268468173,3877
268469173,3880
268470173,3891
268471173,3886
268472173,3875
268473173,3888
268474173,3877
268475173,3887
268476173,3874
268477173,3863
268478173,3837
268479173,3862
268480173,3886
268481173,3899
268482173,3902
268492594,3870
268493594,3877
268494594,3899
268495594,3872
268496594,3882
268497594,3867
268498594,3883
268499594,3875
268500594,3883
268501594,3863
268502594,3884
268503594,3888
268504594,3869
268505594,3887
268506594,3867
268507594,3953
268508594,3869
268509594,3875
268510594,3861
268511594,3879
268512594,3873
268513594,3882
268514594,3866
268515594,3870
268525996,3873
268526996,3877
268527996,3870
268528996,3877
268529996,3888
268530996,3883
268531996,3877
268532996,3872
268533996,3891
268534996,3865
268535996,3869
268536996,3861
268537996,3833
268538996,3883
268539996,3870
268540996,3884
268541996,3872
268542996,3871
268543996,3875
268544996,3897
268545996,3872
268546996,3879
268547996,3874
268548996,3888
268559415,3870
268560415,3953
268561415,3882
268562415,3874
268563415,3877
268564415,3878
268565415,3877
268566415,3882
268567415,3887
268568415,3862
268569415,3884
268570415,3877
268571415,3875
268572415,3869
268573415,3871
268574415,3856
268575415,3872
268576415,3867
268577415,3847
268578415,3885
268579415,3875
268580415,3868
268581415,3871
268582415,3856
268583415,3883
268593807,3885
268594807,3867
268595807,3887
268596807,3879
268597807,3867
268598807,3883
268599807,3906
268600807,3884
268601807,3873
268602807,3875
268603807,3920
268604807,3873
268605807,3872
268606807,3849
268607807,3874
268608807,3875
268609807,3876
268610807,3868
268611807,3877
268612807,3869
268613807,3877
268614807,3858
268615807,3875
268616807,3869
268627236,3876
268628236,3873
268629236,3904
268630236,3878
268631236,3887
268632236,3875
268633236,3859
268634236,3876
268635236,3887
268636236,3878
268637236,3872
268638236,3875
268639236,3869
268640236,3883
268641236,3878
268642236,3875
268643236,3874
268644236,3885
268645236,3874
268646236,3882
268647236,3947
268648236,3869
268649236,3875
268650236,3874
268660647,3865
268661647,3865
268662647,3865
268663647,3885
268664647,3889
268665647,3881
268666647,3888
268667647,3883
268668647,3876
268669647,3874
268670647,3862
268671647,3889
268672647,3881
268673647,3879
268674647,3882
268675647,3879
268676647,3884
268677647,3873
268678647,3869
268679647,3867
268680647,3871
268681647,3877
268682647,3879
268683647,3883
268694050,3877
268695050,3875
268696050,3857
268697050,3884
268698050,3804
268699050,3869
268700050,3855
268701050,3857
268702050,3888
268703050,3871
268704050,3863
268705050,3882
268706050,3877
268707050,3850
268708050,3889
268709050,3852
268710050,3856
268711050,3902
268712050,3902
268713050,3869
268714050,3910
268715050,3874
268716050,3877
268717050,3888
268727469,3883
268728469,3881
268729469,3867
268730469,3908
268731469,3872
268732469,3862
268733469,3876
268734469,3875
268735469,3908
268736469,3862
268737469,3917
268738469,3877
268739469,3885
268740469,3877
268741469,3874
268742469,3887
268743469,3883
268744469,3873
268745469,3869
268746469,3885
268747469,3885
268748469,3876
268749469,3871
268750469,3873
268751469,3885
268761861,3888
268762861,3881
268763861,3885
268764861,3874
268765861,3882
268766861,3879
268767861,3883
268768861,3883
268769861,3870
268770861,3879
268771861,3867
268772861,3877
268773861,3871
268774861,3883
268775861,3875
268776861,3861
268777861,3884
268778861,3861
268779861,3883
268780861,3885
268781861,3897
268782861,3879
268783861,3879
268784861,3872
268795281,3883
268796281,3882
268797281,3875
268798281,3872
268799281,3885
268800281,3882
268801281,3889
268802281,3887
268803281,3883
268804281,3878
268805281,3870
268806281,3872
268807281,3882
268808281,3874
268809281,3886
268810281,3882
268811281,3878
268812281,3874
268813281,3862
268814281,3862
268815281,3877
268816281,3879
268817281,3871
268818281,3885
268828701,3869
268829701,3864
268830701,3869
268831701,3883
268832701,3877
268833701,3874
268834701,3881
268835701,3856
268836701,3872
268837701,3879
268838701,3871
268839701,3866
268840701,3857
268841701,3884
268842701,3886
268843701,3870
268844701,3885
268845701,3861
268846701,3877
268847701,3874
268848701,3878
268849701,3883
268850701,3888
268851701,3872
268862103,3883
268863103,3857
268864103,3876
268865103,3866
268866103,3878
268867103,3870
268868103,3875
268869103,3870
268870103,3861
268871103,3876
268872103,3873
268873103,3870
268874103,3881
268875103,3873
268876103,3891
268877103,3876
268878103,3863
268879103,3866
268880103,3884
268881103,3865
268882103,3877
268883103,3865
268884103,3900
268885103,3884
268895523,3887
268896523,3871
268897523,3881
268898523,3870
268899523,3877
268900523,3869
268901523,3882
268902523,3873
268903523,3881
268904523,3888
268905523,3871
268906523,3878
268907523,3888
268908523,3871
268909523,3879
268910523,3863
268911523,3870
268912523,3886
268913523,3874
268914523,3870
268915523,3881
268916523,3873
268917523,3873
268918523,3885
268919523,3885
268929915,3882
268930915,3865
268931915,3891
268932915,3819
268933915,3903
268934915,3838
268935915,3831
268936915,3891
268937915,3877
268938915,3864
268939915,3871
268940915,3850
268941915,3893
268942915,3886
268943915,3886
268944915,3876
268945915,3856
268946915,3875
268947915,3895
268948915,3888
268949915,3882
268950915,3861
268951915,3883
268952915,3830
268963335,3883
268964335,3884
268965335,3829
268966335,3877
268967335,3914
268968335,3865
268969335,3889
268970335,3915
268971335,3875
268972335,3875
268973335,3869
268974335,3883
268975335,3868
268976335,3867
268977335,3879
268978335,3859
268979335,3885
268980335,3859
268981335,3867
268982335,3873
268983335,3915
268984335,3884
268985335,3870
268986335,3859
268996755,3856
268997755,3876
268998755,3862
268999755,3882
269000755,3873
269001755,3883
269002755,3863
269003755,3883
269004755,3862
269005755,3867
269006755,3873
269007755,3881
269008755,3888
269009755,3866
269010755,3879
269011755,3875
269012755,3859
269013755,3870
269014755,3873
269015755,3874
269016755,3879
269017755,3875
269018755,3874
269019755,3883
269030157,3859
269031157,3850
269032157,3834
269033157,3939
269034157,3863
269035157,3884
269036157,3861
269037157,3879
269038157,3867
269039157,3861
269040157,3881
269041157,3874
269042157,3867
269043157,3884
269044157,3888
269045157,3885
269046157,3852
269047157,3869
269048157,3857
269049157,3825
269050157,3885
269051157,3860
269052157,3863
269053157,3877
269063578,3878
269064578,3882
269065578,3883
269066578,3893
269067578,3879
269068578,3883
269069578,3873
269070578,3867
269071578,3888
269072578,3873
269073578,3860
269074578,3879
269075578,3883
269076578,3866
269077578,3879
269078578,3879
269079578,3878
269080578,3888
269081578,3860
269082578,3875
269083578,3880
269084578,3873
269085578,3881
269086578,3878
269087578,3879
269097969,3869
269098969,3872
269099969,3879
269100969,3872
269101969,3869
269102969,3866
269103969,3909
269104969,3887
269105969,3865
269106969,3882
269107969,3879
269108969,3876
269109969,3888
269110969,3879
269111969,3903
269112969,3887
269113969,3865
269114969,3882
269115969,3867
269116969,3870
269117969,3875
269118969,3877
269119969,3881
269120969,3883
269131389,3885
269132389,3870
269133389,3875
269134389,3867
269135389,3874
269136389,3874
269137389,3885
269138389,3868
269139389,3876
269140389,3881
269141389,3886
269142389,3884
269143389,3879
269144389,3873
269145389,3861
269146389,3873
269147389,3888
269148389,3876
269149389,3865
269150389,3883
269151389,3871
269152389,3888
269153389,3878
269154389,3872
269164809,3904
269165809,3870
269166809,3868
269167809,3872
269168809,3878
269169809,3868
269170809,3871
269171809,3930
269172809,3889
269173809,3887
269174809,3883
269175809,3875
269176809,3901
269177809,3877
269178809,3879
269179809,3920
269180809,3874
269181809,3875
269182809,3873
269183809,3877
269184809,3884
269185809,3874
269186809,3871
269187809,3888
269198211,3869
269199211,3866
269200211,3875
269201211,3874
269202211,3863
269203211,3883
269204211,3869
269205211,3882
269206211,3869
269207211,3881
269208211,3889
269209211,3870
269210211,3875
269211211,3876
269212211,3869
269213211,3888
269214211,3875
269215211,3886
269216211,3867
269217211,3867
269218211,3885
269219211,3872
269220211,3888
269221211,3861
269231631,3874
269232631,3869
269233631,3873
269234631,3871
269235631,3837
269236631,3874
269237631,3870
269238631,3877
269239631,3876
269240631,3869
269241631,3876
269242631,3877
269243631,3877
269244631,3874
269245631,3882
269246631,3873
269247631,3877
269248631,3871
269249631,3885
269250631,3835
269251631,3862
269252631,3866
269253631,3865
269254631,3861
269255631,3881
269266023,3872
269267023,3882
269268023,3888
269269023,3861
269270023,3875
269271023,3888
269272023,3888
269273023,3872
269274023,3871
269275023,3872
269276023,3883
269277023,3878
269278023,3869
269279023,3889
269280023,3894
269281023,3877
269282023,3887
269283023,3867
269284023,3907
269285023,3869
269286023,3886
269287023,3879
269288023,3872
269289023,3872
269299443,3863
269300443,3871
269301443,3891
269302443,3887
269303443,3859
269304443,3881
269305443,3872
269306443,3875
269307443,3874
269308443,3869
269309443,3877
269310443,3857
269311443,3867
269312443,3863
269313443,3894
269314443,3886
269315443,3871
269316443,3874
269317443,3841
269318443,3885
269319443,3879
269320443,3885
269321443,3872
269322443,3877
269332862,3881
269333862,3866
269334862,3872
269335862,3868
269336862,3857
269337862,3875
269338862,3872
269339862,3870
269340862,3877
269341862,3882
269342862,3873
269343862,3878
269344862,3883
269345862,3875
269346862,3874
269347862,3871
269348862,3887
269349862,3867
269350862,3866
269351862,3869
269352862,3889
269353862,3878
269354862,3877
269355862,3861
269366265,3876
269367265,3888
269368265,3872
269369265,3859
269370265,3881
269371265,3874
269372265,3888
269373265,3890
269374265,3888
269375265,3871
269376265,3871
269377265,3862
269378265,3874
269379265,3871
269380265,3855
269381265,3882
269382265,3874
269383265,3869
269384265,3885
269385265,3873
269386265,3872
269387265,3873
269388265,3873
269389265,3884
269399685,3871
269400685,3879
269401685,3876
269402685,3884
269403685,3864
269404685,3871
269405685,3869
269406685,3866
269407685,3884
269408685,3872
269409685,3879
269410685,3882
269411685,3888
269412685,3867
269413685,3872
269414685,3879
269415685,3875
269416685,3881
269417685,3871
269418685,3888
269419685,3888
269420685,3875
269421685,3871
269422685,3887
269423685,3881
269434077,3877
269435077,3877
269436077,3856
269437077,3904
269438077,3876
269439077,3888
269440077,3874
269441077,3890
269442077,3868
269443077,3884
269444077,3874
269445077,3863
269446077,3880
269447077,3875
269448077,3862
269449077,3881
269450077,3877
269451077,3888
269452077,3883
269453077,3855
269454077,3877
269455077,3933
269456077,3883
269457077,3876
269467497,3878
269468497,3883
269469497,3888
269470497,3878
269471497,3877
269472497,3872
269473497,3875
269474497,3823
269475497,3909
269476497,3885
269477497,3873
269478497,3943
269479497,3876
269480497,3899
269481497,3886
269482497,3867
269483497,3891
269484497,3859
269485497,3866
269486497,3891
269487497,3862
269488497,3891
269489497,3863
269490497,3875
269500916,3875
269501916,3856
269502916,3875
269503916,3862
269504916,3869
269505916,3882
269506916,3882
269507916,3874
269508916,3874
269509916,3873
269510916,3872
269511916,3879
269512916,3862
269513916,3877
269514916,3873
269515916,3858
269516916,3831
269517916,3873
269518916,3876
269519916,3881
269520916,3859
269521916,3877
269522916,3888
269523916,3877
269534319,3870
269535319,3875
269536319,3909
269537319,3897
269538319,3870
269539319,3863
269540319,3856
269541319,3889
269542319,3872
269543319,3898
269544319,3882
269545319,3865
269546319,3877
269547319,3883
269548319,3883
269549319,3859
269550319,3872
269551319,3866
269552319,3868
269553319,3898
269554319,3878
269555319,3886
269556319,3856
269557319,3865
269567739,3873
269568739,3868
269569739,3869
269570739,3881
269571739,3875
269572739,3867
269573739,3874
269574739,3859
269575739,3861
269576739,3873
269577739,3873
269578739,3866
269579739,3873
269580739,3893
269581739,3890
269582739,3877
269583739,3881
269584739,3870
269585739,3875
269586739,3861
269587739,3867
269588739,3863
269589739,3874
269590739,3868
269591739,3875
269602131,3876
269603131,3868
269604131,3891
269605131,3873
269606131,3856
269607131,3873
269608131,3870
269609131,3875
269610131,3869
269611131,3859
269612131,3867
269613131,3856
269614131,3867
269615131,3880
269616131,3859
269617131,3873
269618131,3856
269619131,3863
269620131,3870
269621131,3858
269622131,3859
269623131,3877
269624131,3859
269625131,3882
269635551,3870
269636551,3869
269637551,3871
269638551,3867
269639551,3859
269640551,3878
269641551,3873
269642551,3798
269643551,3869
269644551,3856
269645551,3871
269646551,3853
269647551,3871
269648551,3869
269649551,3867
269650551,3873
269651551,3862
269652551,3856
269653551,3887
269654551,3876
269655551,3876
269656551,3858
269657551,3884
269658551,3897
269668970,3869
269669970,3856
269670970,3866
269671970,3873
269672970,3873
269673970,3883
269674970,3871
269675970,3886
269676970,3859
269677970,3875
269678970,3853
269679970,3875
269680970,3873
269681970,3877
269682970,3873
269683970,3877
269684970,3887
269685970,3872
269686970,3857
269687970,3881
269688970,3871
269689970,3870
269690970,3856
269691970,3867
269702373,3871
269703373,3869
269704373,3865
269705373,3865
269706373,3855
269707373,3869
269708373,3885
269709373,3874
269710373,3873
269711373,3874
269712373,3856
269713373,3878
269714373,3875
269715373,3862
269716373,3873
269717373,3878
269718373,3807
269719373,3883
269720373,3833
269721373,3867
269722373,3877
269723373,3874
269724373,3861
269725373,3863
269735793,3869
269736793,3868
269737793,3867
269738793,3863
269739793,3872
269740793,3863
269741793,3873
269742793,3869
269743793,3857
269744793,3873
269745793,3863
269746793,3872
269747793,3877
269748793,3878
269749793,3857
269750793,3857
269751793,3825
269752793,3862
269753793,3942
269754793,3872
269755793,3863
269756793,3872
269757793,3862
269758793,3874
269759793,3856
269770185,3813
269771185,3673
269772185,3567
269773185,3519
269774185,3543
269775185,3581
269776185,3643
269777185,3683
269778185,3682
269779185,3669
269780185,3727
269781185,3809
269782185,3797
269783185,3746
269784185,3681
269785185,3773
269786185,3847
269787185,3856
269788185,3867
269789185,3856
269790185,3869
269791185,3853
269792185,3855
269793185,3862
269803604,3862
269804604,3842
269805604,3868
269806604,3870
269807604,3861
269808604,3856
269809604,3867
269810604,3873
269811604,3875
269812604,3878
269813604,3859
269814604,3879
269815604,3946
269816604,3863
269817604,3868
269818604,3869
269819604,3861
269820604,3863
269821604,3871
269822604,3857
269823604,3858
269824604,3869
269825604,3856
269826604,3873
269837024,3857
269838024,3870
269839024,3872
269840024,3901
269841024,3859
269842024,3867
269843024,3856
269844024,3863
269845024,3873
269846024,3845
269847024,3869
269848024,3863
269849024,3861
269850024,3856
269851024,3841
269852024,3866
269853024,3882
269854024,3872
269855024,3872
269856024,3830
269857024,3856
269858024,3879
269859024,3879
269860024,3863
269870436,3876
269871436,3872
269872436,3810
269873436,3920
269874436,3869
269875436,3853
269876436,3855
269877436,3828
269878436,3874
269879436,3883
269880436,3875
269881436,3862
269882436,3867
269883436,3877
269884436,3889
269885436,3862
269886436,3857
269887436,3859
269888436,3861
269889436,3862
269890436,3865
269891436,3862
269892436,3875
269893436,3889
269903846,3863
269904846,3855
269905846,3855
269906846,3857
269907846,3858
269908846,3858
269909846,3894
269910846,3860
269911846,3870
269912846,3865
269913846,3876
269914846,3860
269915846,3867
269916846,3883
269917846,3876
269918846,3877
269919846,3881
269920846,3875
269921846,3861
269922846,3869
269923846,3872
269924846,3877
269925846,3856
269926846,3874
269927846,3844
269938246,3865
269939246,3879
269940246,3863
269941246,3877
269942246,3858
269943246,3865
269944246,3866
269945246,3862
269946246,3872
269947246,3879
269948246,3863
269949246,3857
269950246,3867
269951246,3858
269952246,3869
269953246,3858
269954246,3857
269955246,3777
269956246,3654
269957246,3525
269958246,3472
269959246,3475
269960246,3491
269961246,3526
269971658,3005
269972658,2945
269973658,2925
269974658,2980
269975658,2992
269976658,2965
269977658,3050
269978658,3156
269979658,3230
269980658,3216
269981658,3207
269982658,3157
269983658,3121
269984658,3052
269985658,2977
269986658,2933
269987658,2925
269988658,2887
269989658,2885
269990658,2869
269991658,2846
269992658,2781
269993658,2748
269994658,2764
270005078,2624
270006078,2559
270007078,2505
270008078,2453
270009078,2416
270010078,2384
270011078,2358
270012078,2320
270013078,2263
270014078,2225
270015078,2209
270016078,2176
270017078,2131
270018078,2115
270019078,2106
270020078,2087
270021078,2148
270022078,2223
270023078,2261
270024078,2225
270025078,2203
270026078,2237
270027078,2292
270028078,2371
270038481,2112
270039481,2091
270040481,2087
270041481,2067
270042481,2033
270043481,2016
270044481,2069
270045481,2135
270046481,2148
270047481,2139
270048481,2111
270049481,2063
270050481,2068
270051481,2133
270052481,2143
270053481,2151
270054481,2134
270055481,2113
270056481,2100
270057481,2089
270058481,2041
270059481,2004
270060481,1955
270061481,1917
270071900,1789
270072900,1764
270073900,1733
270074900,1697
270075900,1681
270076900,1707
270077900,1774
270078900,1831
270079900,1871
270080900,1843
270081900,1866
270082900,1950
270083900,2092
270084900,2213
270085900,2263
270086900,2297
270087900,2309
270088900,2315
270089900,2320
270090900,2330
270091900,2312
270092900,2287
270093900,2356
270094900,2448
270095900,2502
270106292,2256
270107292,2256
270108292,2299
270109292,2374
270110292,2385
270111292,2345
270112292,2299
270113292,2250
270114292,2218
270115292,2191
270116292,2145
270117292,2129
270118292,2089
270119292,2074
270120292,2030
270121292,2017
270122292,2057
270123292,2083
270124292,2142
270125292,2213
270126292,2314
270127292,2396
270128292,2405
270129292,2355
270139712,2368
270140712,2316
270141712,2303
270142712,2292
270143712,2262
270144712,2241
270145712,2222
270146712,2176
270147712,2142
270148712,2115
270149712,2085
270150712,2081
270151712,2063
270152712,2009
270153712,1965
270154712,1979
270155712,2057
270156712,2150
270157712,2223
270158712,2230
270159712,2209
270160712,2220
270161712,2313
270162712,2448
270173132,2480
270174132,2448
270175132,2411
270176132,2384
270177132,2339
270178132,2309
270179132,2281
270180132,2285
270181132,2289
270182132,2257
270183132,2271
270184132,2316
270185132,2315
270186132,2259
270187132,2255
270188132,2288
270189132,2250
270190132,2226
270191132,2255
270192132,2339
270193132,2353
270194132,2322
270195132,2352
270196132,2402
270206534,2457
270207534,2467
270208534,2402
270209534,2449
270210534,2612
270211534,2770
270212534,2805
270213534,2769
270214534,2758
270215534,2764
270216534,2683
270217534,2635
270218534,2666
270219534,2675
270220534,2640
270221534,2591
270222534,2544
270223534,2525
270224534,2486
270225534,2447
270226534,2423
270227534,2448
270228534,2459
270229534,2462
270239954,2853
270240954,2806
270241954,2736
270242954,2704
270243954,2702
270244954,2741
270245954,2828
270246954,2754
270247954,2736
270248954,2759
270249954,2791
270250954,2837
270251954,2884
270252954,2871
270253954,2812
270254954,2742
270255954,2719
270256954,2657
270257954,2619
270258954,2559
270259954,2522
270260954,2480
270261954,2415
270262954,2418
270263954,2449
270274346,2461
270275346,2432
270276346,2416
270277346,2408
270278346,2419
270279346,2414
270280346,2359
270281346,2320
270282346,2309
270283346,2303
270284346,2259
270285346,2233
270286346,2257
270287346,2332
270288346,2304
270289346,2281
270290346,2240
270291346,2235
270292346,2283
270293346,2310
270294346,2327
270295346,2292
270296346,2303
270297346,2315
270307766,2365
270308766,2448
270309766,2606
270310766,2699
270311766,2711
270312766,2672
270313766,2663
270314766,2610
270315766,2606
270316766,2559
270317766,2534
270318766,2510
270319766,2537
270320766,2647
270321766,2791
270322766,2870
270323766,2931
270324766,2925
270325766,2884
270326766,2843
270327766,2772
270328766,2770
270329766,2731
270330766,2706
270341186,2491
270342186,2415
270343186,2374
270344186,2325
270345186,2283
270346186,2252
270347186,2240
270348186,2227
270349186,2214
270350186,2165
270351186,2160
270352186,2173
270353186,2199
270354186,2207
270355186,2198
270356186,2141
270357186,2122
270358186,2078
270359186,2139
270360186,2201
270361186,2239
270362186,2231
270363186,2206
270364186,2169
270374588,1863
270375588,1904
270376588,1961
270377588,1984
270378588,2040
270379588,2009
270380588,2092
270381588,2220
270382588,2367
270383588,2438
270384588,2426
270385588,2389
270386588,2396
270387588,2409
270388588,2366
270389588,2368
270390588,2375
270391588,2352
270392588,2301
270393588,2327
270394588,2349
270395588,2355
270396588,2308
270397588,2277
270408008,1904
270409008,1896
270410008,1887
270411008,1859
270412008,1822
270413008,1787
270414008,1753
270415008,1739
270416008,1725
270417008,1686
270418008,1675
270419008,1646
270420008,1671
270421008,1706
270422008,1680
270423008,1725
270424008,1809
270425008,1892
270426008,1947
270427008,1929
270428008,1891
270429008,1857
270430008,1852
270431008,1840
270432008,1835
270442400,2129
270443400,2111
270444400,2205
270445400,2325
270446400,2389
270447400,2361
270448400,2404
270449400,2512
270450400,2637
270451400,2689
270452400,2687
270453400,2673
270454400,2611
270455400,2592
270456400,2559
270457400,2629
270458400,2703
270459400,2706
270460400,2697
270461400,2718
270462400,2672
270463400,2654
270464400,2608
270465400,2545
270475820,2362
270476820,2433
270477820,2487
270478820,2499
270479820,2468
270480820,2483
270481820,2499
270482820,2495
270483820,2544
270484820,2528
270485820,2607
270486820,2723
270487820,2787
270488820,2783
270489820,2730
270490820,2704
270491820,2787
270492820,2846
270493820,2829
270494820,2789
270495820,2747
270496820,2675
270497820,2657
270498820,2683
270509247,3003
270510247,3009
270511247,3020
270512247,3061
270513247,3152
270514247,3250
270515247,3280
270516247,3231
270517247,3322
270518247,3433
270519247,3477
270520247,3423
270521247,3403
270522247,3489
270523247,3582
270524247,3623
270525247,3531
270526247,3525
270527247,3562
270528247,3565
270529247,3561
270530247,3537
270531247,3462
270532247,3492
270542642,3499
270543642,3422
270544642,3353
270545642,3279
270546642,3280
270547642,3265
270548642,3203
270549642,3152
270550642,3096
270551642,3014
270552642,2963
270553642,2914
270554642,2835
270555642,2783
270556642,2720
270557642,2680
270558642,2665
270559642,2737
270560642,2798
270561642,2769
270562642,2753
270563642,2777
270564642,2793
270565642,2784
270576062,2831
270577062,2838
270578062,2817
270579062,2768
270580062,2800
270581062,2901
270582062,3023
270583062,3088
270584062,3051
270585062,2989
270586062,2943
270587062,2927
270588062,2911
270589062,2879
270590062,2963
270591062,3103
270592062,3168
270593062,3201
270594062,3150
270595062,3248
270596062,3505
270597062,3746
270598062,3856
270599062,3826
270600062,3723
270610454,3632
270611454,3607
270612454,3511
270613454,3536
270614454,3623
270615454,3809
270616454,3858
270617454,3883
270618454,3854
270619454,3863
270620454,3857
270621454,3817
270622454,3711
270623454,3629
270624454,3536
270625454,3462
270626454,3371
270627454,3331
270628454,3327
270629454,3324
270630454,3264
270631454,3184
270632454,3137
270633454,3070
270643874,3161
270644874,3165
270645874,3152
270646874,3120
270647874,3118
270648874,3120
270649874,3120
270650874,3083
270651874,3017
270652874,2974
270653874,2998
270654874,3065
270655874,3159
270656874,3146
270657874,3113
270658874,3183
270659874,3266
270660874,3280
270661874,3218
270662874,3146
270663874,3071
270664874,2999
270665874,2928
270666874,2864
270677293,2910
270678293,2967
270679293,2895
270680293,2850
270681293,2867
270682293,2825
270683293,2787
270684293,2751
270685293,2782
270686293,2791
270687293,2752
270688293,2703
270689293,2631
270690293,2599
270691293,2555
270692293,2516
270693293,2459
270694293,2448
270695293,2425
270696293,2368
270697293,2315
270698293,2273
270699293,2227
270700293,2321
270710696,3866
270711696,3873
270712696,3828
270713696,3839
270714696,3710
270715696,3605
270716696,3509
270717696,3421
270718696,3334
270719696,3248
270720696,3171
270721696,3091
270722696,3024
270723696,2947
270724696,2928
270725696,2870
270726696,2831
270727696,2821
270728696,2785
270729696,2733
270730696,2703
270731696,2721
270732696,2775
270733696,2804
270744116,3028
270745116,2981
270746116,2959
270747116,2992
270748116,3059
270749116,3167
270750116,3307
270751116,3327
270752116,3264
270753116,3232
270754116,3202
270755116,3214
270756116,3239
270757116,3222
270758116,3176
270759116,3097
270760116,3056
270761116,3023
270762116,2987
270763116,3035
270764116,3109
270765116,3169
270766116,3185
270767116,3138
270768116,3115
270778508,3148
270779508,3088
270780508,3019
270781508,2992
270782508,2961
270783508,2985
270784508,3039
270785508,3083
270786508,3083
270787508,3085
270788508,3116
270789508,3153
270790508,3152
270791508,3119
270792508,3051
270793508,3006
270794508,3036
270795508,3152
270796508,3299
270797508,3366
270798508,3312
270799508,3222
270800508,3152
270801508,3088
270811928,2715
270812928,2736
270813928,2832
270814928,2908
270815928,2918
270816928,2887
270817928,2954
270818928,2968
270819928,3047
270820928,3126
270821928,3206
270822928,3239
270823928,3197
270824928,3120
270825928,3101
270826928,3147
270827928,3227
270828928,3325
270829928,3365
270830928,3301
270831928,3283
270832928,3314
270833928,3344
270834928,3314
270845347,3538
270846347,3776
270847347,3867
270848347,3861
270849347,3856
270850347,3869
270851347,3852
270852347,3866
270853347,3853
270854347,3858
270855347,3846
270856347,3865
270857347,3871
270858347,3862
270859347,3847
270860347,3856
270861347,3861
270862347,3805
270863347,3856
270864347,3799
270865347,3767
270866347,3792
270867347,3805
270868347,3776
270878750,3325
270879750,3345
270880750,3393
270881750,3437
270882750,3414
270883750,3333
270884750,3290
270885750,3265
270886750,3217
270887750,3167
270888750,3082
270889750,2986
270890750,2940
270891750,2927
270892750,3029
270893750,3140
270894750,3207
270895750,3143
270896750,3152
270897750,3248
270898750,3415
270899750,3567
270900750,3656
270901750,3605
270912170,3792
270913170,3647
270914170,3537
270915170,3430
270916170,3358
270917170,3312
270918170,3275
270919170,3201
270920170,3146
270921170,3059
270922170,3024
270923170,3017
270924170,3035
270925170,3066
270926170,3103
270927170,3114
270928170,3071
270929170,2997
270930170,2961
270931170,2928
270932170,2920
270933170,2901
270934170,2897
270935170,2859
270936170,2813
270946564,3103
270947564,3066
270948564,3005
270949564,2935
270950564,2917
270951564,2902
270952564,2899
270953564,2919
270954564,2941
270955564,2990
270956564,3019
270957564,3049
270958564,3055
270959564,3008
270960564,2992
270961564,2960
270962564,2901
270963564,2839
270964564,2779
270965564,2761
270966564,2740
270967564,2720
270968564,2704
270969564,2729
270979981,2519
270980981,2471
270981981,2430
270982981,2471
270983981,2535
270984981,2627
270985981,2831
270986981,3291
270987981,3730
270988981,3869
270989981,3870
270990981,3846
270991981,3863
270992981,3856
270993981,3871
270994981,3875
270995981,3877
270996981,3881
270997981,3874
270998981,3866
270999981,3861
271000981,3871
271001981,3879
271002981,3854
271013401,3869
271014401,3862
271015401,3888
271016401,3871
271017401,3898
271018401,3871
271019401,3869
271020401,3859
271021401,3858
271022401,3866
271023401,3888
271024401,3865
271025401,3870
271026401,3851
271027401,3892
271028401,3862
271029401,3872
271030401,3873
271031401,3865
271032401,3888
271033401,3861
271034401,3875
271035401,3863
271036401,3860
271046804,3779
271047804,3856
271048804,3856
271049804,3877
271050804,3855
271051804,3755
271052804,3683
271053804,3600
271054804,3483
271055804,3391
271056804,3313
271057804,3235
271058804,3251
271059804,3351
271060804,3470
271061804,3565
271062804,3615
271063804,3579
271064804,3537
271065804,3485
271066804,3392
271067804,3373
271068804,3431
271069804,3484
271080232,3869
271081232,3917
271082232,3860
271083232,3851
271084232,3866
271085232,3851
271086232,3873
271087232,3895
271088232,3857
271089232,3858
271090232,3867
271091232,3871
271092232,3866
271093232,3866
271094232,3863
271095232,3867
271096232,3778
271097232,3671
271098232,3603
271099232,3598
271100232,3625
271101232,3622
271102232,3600
271103232,3534
271104232,3439
271114616,3670
271115616,3703
271116616,3863
271117616,3863
271118616,3878
271119616,3866
271120616,3851
271121616,3869
271122616,3855
271123616,3873
271124616,3883
271125616,3887
271126616,3875
271127616,3879
271128616,3879
271129616,3870
271130616,3862
271131616,3850
271132616,3874
271133616,3869
271134616,3862
271135616,3877
271136616,3866
271137616,3860
271148035,3876
271149035,3881
271150035,3871
271151035,3877
271152035,3870
271153035,3874
271154035,3865
271155035,3870
271156035,3876
271157035,3873
271158035,3856
271159035,3863
271160035,3872
271161035,3868
271162035,3915
271163035,3867
271164035,3866
271165035,3862
271166035,3886
271167035,3879
271168035,3879
271169035,3878
271170035,3875
271171035,3869
271181463,3861
271182463,3876
271183463,3872
271184463,3877
271185463,3869
271186463,3872
271187463,3877
271188463,3873
271189463,3867
271190463,3878
271191463,3882
271192463,3874
271193463,3875
271194463,3879
271195463,3873
271196463,3904
271197463,3866
271198463,3867
271199463,3870
271200463,3862
271201463,3862
271202463,3875
271203463,3857
271204463,3870
271214858,3856
271215858,3904
271216858,3873
271217858,3873
271218858,3863
271219858,3877
271220858,3833
271221858,3873
271222858,3867
271223858,3863
271224858,3872
271225858,3871
271226858,3859
271227858,3870
271228858,3852
271229858,3833
271230858,3871
271231858,3882
271232858,3863
271233858,3886
271234858,3871
271235858,3888
271236858,3883
271237858,3863
271248277,3872
271249277,3875
271250277,3869
271251277,3875
271252277,3863
271253277,3861
271254277,3858
271255277,3895
271256277,3888
271257277,3874
271258277,3877
271259277,3879
271260277,3871
271261277,3862
271262277,3887
271263277,3870
271264277,3858
271265277,3865
271266277,3870
271267277,3871
271268277,3878
271269277,3863
271270277,3869
271271277,3876
271272277,3863
271282669,3870
271283669,3875
271284669,3883
271285669,3865
271286669,3857
271287669,3869
271288669,3875
271289669,3873
271290669,3870
271291669,3871
271292669,3869
271293669,3850
271294669,3877
271295669,3867
271296669,3870
271297669,3873
271298669,3876
271299669,3881
271300669,3881
271301669,3885
271302669,3889
271303669,3868
271304669,3873
271305669,3889
271316089,3879
271317089,3871
271318089,3867
271319089,3853
271320089,3866
271321089,3874
271322089,3892
271323089,3871
271324089,3873
271325089,3856
271326089,3889
271327089,3884
271328089,3866
271329089,3841
271330089,3871
271331089,3863
271332089,3885
271333089,3873
271334089,3866
271335089,3945
271336089,3883
271337089,3856
271338089,3870
271339089,3878
271349509,3870
271350509,3856
271351509,3856
271352509,3907
271353509,3857
271354509,3867
271355509,3856
271356509,3857
271357509,3856
271358509,3860
271359509,3856
271360509,3858
271361509,3856
271362509,3869
271363509,3862
271364509,3892
271365509,3855
271366509,3861
271367509,3805
271368509,3709
271369509,3687
271370509,3583
271371509,3573
271372509,3707
271382912,3855
271383912,3863
271384912,3863
271385912,3865
271386912,3871
271387912,3857
271388912,3867
271389912,3869
271390912,3865
271391912,3856
271392912,3853
271393912,3867
271394912,3862
271395912,3860
271396912,3864
271397912,3873
271398912,3869
271399912,3871
271400912,3859
271401912,3859
271402912,3856
271403912,3875
271404912,3859
271405912,3877
271416331,3869
271417331,3871
271418331,3863
271419331,3873
271420331,3867
271421331,3874
271422331,3888
271423331,3879
271424331,3856
271425331,3865
271426331,3854
271427331,3859
271428331,3866
271429331,3869
271430331,3876
271431331,3863
271432331,3875
271433331,3856
271434331,3881
271435331,3868
271436331,3879
271437331,3858
271438331,3881
271439331,3860
271440331,3874
271450723,3851
271451723,3885
271452723,3872
271453723,3874
271454723,3877
271455723,3861
271456723,3859
271457723,3877
271458723,3857
271459723,3856
271460723,3851
271461723,3873
271462723,3856
271463723,3859
271464723,3851
271465723,3865
271466723,3857
271467723,3879
271468723,3869
271469723,3856
271470723,3823
271471723,3675
271472723,3567
271473723,3521
271484143,3852
271485143,3874
271486143,3872
271487143,3885
271488143,3877
271489143,3870
271490143,3838
271491143,3877
271492143,3866
271493143,3862
271494143,3863
271495143,3872
271496143,3831
271497143,3865
271498143,3860
271499143,3866
271500143,3867
271501143,3885
271502143,3883
271503143,3874
271504143,3863
271505143,3860
271506143,3870
271507143,3866
271517565,3853
271518565,3875
271519565,3872
271520565,3866
271521565,3860
271522565,3903
271523565,3871
271524565,3875
271525565,3872
271526565,3869
271527565,3875
271528565,3876
271529565,3873
271530565,3872
271531565,3868
271532565,3865
271533565,3873
271534565,3886
271535565,3878
271536565,3872
271537565,3871
271538565,3873
271539565,3879
271540565,3870
271550965,3861
271551965,3857
271552965,3884
271553965,3922
271554965,3863
271555965,3861
271556965,3918
271557965,3873
271558965,3867
271559965,3873
271560965,3866
271561965,3874
271562965,3874
271563965,3884
271564965,3859
271565965,3869
271566965,3867
271567965,3859
271568965,3865
271569965,3866
271570965,3875
271571965,3872
271572965,3871
271573965,3888
271584385,3872
271585385,3865
271586385,3877
271587385,3859
271588385,3881
271589385,3867
271590385,3889
271591385,3877
271592385,3873
271593385,3872
271594385,3893
271595385,3878
271596385,3875
271597385,3865
271598385,3874
271599385,3897
271600385,3877
271601385,3872
271602385,3869
271603385,3871
271604385,3867
271605385,3871
271606385,3918
271607385,3862
271608385,3874
271618777,3887
271619777,3879
271620777,3905
271621777,3854
271622777,3855
271623777,3883
271624777,3943
271625777,3887
271626777,3856
271627777,3872
271628777,3856
271629777,3853
271630777,3855
271631777,3869
271632777,3836
271633777,3877
271634777,3881
271635777,3880
271636777,3903
271637777,3870
271638777,3878
271639777,3900
271640777,3888
271641777,3879
271652197,3861
271653197,3883
271654197,3876
271655197,3870
271656197,3865
271657197,3885
271658197,3873
271659197,3865
271660197,3873
271661197,3873
271662197,3867
271663197,3885
271664197,3865
271665197,3911
271666197,3869
271667197,3856
271668197,3875
271669197,3878
271670197,3830
271671197,3870
271672197,3873
271673197,3856
271674197,3835
271675197,3871
271685617,3875
271686617,3878
271687617,3824
271688617,3856
271689617,3882
271690617,3894
271691617,3868
271692617,3870
271693617,3878
271694617,3887
271695617,3877
271696617,3877
271697617,3874
271698617,3833
271699617,3882
271700617,3881
271701617,3872
271702617,3865
271703617,3880
271704617,3888
271705617,3871
271706617,3873
271707617,3874
271708617,3877
271719019,3870
271720019,3877
271721019,3877
271722019,3867
271723019,3871
271724019,3872
271725019,3862
271726019,3876
271727019,3867
271728019,3881
271729019,3867
271730019,3872
271731019,3866
271732019,3873
271733019,3849
271734019,3881
271735019,3865
271736019,3869
271737019,3879
271738019,3858
271739019,3884
271740019,3876
271741019,3863
271742019,3873
271752448,3874
271753448,3875
271754448,3861
271755448,3885
271756448,3875
271757448,3880
271758448,3902
271759448,3856
271760448,3887
271761448,3878
271762448,3879
271763448,3873
271764448,3872
271765448,3920
271766448,3872
271767448,3859
271768448,3856
271769448,3856
271770448,3881
271771448,3883
271772448,3879
271773448,3892
271774448,3871
271775448,3873
271776448,3871
271786831,3877
271787831,3851
271788831,3856
271789831,3888
271790831,3883
271791831,3853
271792831,3865
271793831,3871
271794831,3870
271795831,3886
271796831,3869
271797831,3873
271798831,3873
271799831,3883
271800831,3874
271801831,3856
271802831,3879
271803831,3877
271804831,3877
271805831,3871
271806831,3870
271807831,3932
271808831,3865
271809831,3871
271820258,3871
271821258,3875
271822258,3881
271823258,3877
271824258,3877
271825258,3871
271826258,3866
271827258,3881
271828258,3881
271829258,3869
271830258,3881
271831258,3867
271832258,3883
271833258,3870
271834258,3861
271835258,3877
271836258,3875
271837258,3873
271838258,3879
271839258,3877
271840258,3881
271841258,3875
271842258,3857
271843258,3877
271853671,3899
271854671,3872
271855671,3878
271856671,3876
271857671,3898
271858671,3875
271859671,3862
271860671,3871
271861671,3869
271862671,3895
271863671,3869
271864671,3874
271865671,3866
271866671,3876
271867671,3877
271868671,3895
271869671,3873
271870671,3872
271871671,3882
271872671,3874
271873671,3861
271874671,3868
271875671,3883
271876671,3865
271887073,3875
271888073,3874
271889073,3875
271890073,3866
271891073,3856
271892073,3881
271893073,3886
271894073,3868
271895073,3871
271896073,3867
271897073,3873
271898073,3867
271899073,3874
271900073,3861
271901073,3878
271902073,3878
271903073,3882
271904073,3872
271905073,3858
271906073,3866
271907073,3881
271908073,3861
271909073,3889
271910073,3873
271920493,3885
271921493,3877
271922493,3873
271923493,3871
271924493,3867
271925493,3872
271926493,3871
271927493,3871
271928493,3888
271929493,3919
271930493,3873
271931493,3865
271932493,3878
271933493,3870
271934493,3839
271935493,3860
271936493,3871
271937493,3891
271938493,3888
271939493,3875
271940493,3875
271941493,3873
271942493,3856
271943493,3851
271944493,3868
271954885,3878
271955885,3888
271956885,3877
271957885,3868
271958885,3871
271959885,3872
271960885,3879
271961885,3870
271962885,3877
271963885,3892
271964885,3879
271965885,3872
271966885,3885
271967885,3877
271968885,3861
271969885,3867
271970885,3888
271971885,3879
271972885,3873
271973885,3875
271974885,3875
271975885,3887
271976885,3875
271977885,3884
271988305,3874
271989305,3878
271990305,3858
271991305,3863
271992305,3878
271993305,3867
271994305,3873
271995305,3869
271996305,3877
271997305,3876
271998305,3881
271999305,3885
272000305,3878
272001305,3885
272002305,3881
272003305,3879
272004305,3872
272005305,3895
272006305,3877
272007305,3856
272008305,3870
272009305,3892
272010305,3882
272011305,3866
272021724,3875
272022724,3877
272023724,3879
272024724,3868
272025724,3879
272026724,3873
272027724,3866
272028724,3856
272029724,3865
272030724,3875
272031724,3884
272032724,3859
272033724,3881
272034724,3847
272035724,3879
272036724,3871
272037724,3876
272038724,3865
272039724,3871
272040724,3878
272041724,3872
272042724,3868
272043724,3867
272044724,3863
272055127,3885
272056127,3879
272057127,3902
272058127,3872
272059127,3866
272060127,3866
272061127,3885
272062127,3879
272063127,3867
272064127,3869
272065127,3867
272066127,3869
272067127,3864
272068127,3856
272069127,3884
272070127,3877
272071127,3883
272072127,3867
272073127,3874
272074127,3879
272075127,3877
272076127,3878
272077127,3903
272078127,3878
272088547,3877
272089547,3842
272090547,3867
272091547,3886
272092547,3872
272093547,3881
272094547,3874
272095547,3869
272096547,3873
272097547,3865
272098547,3859
272099547,3897
272100547,3885
272101547,3877
272102547,3870
272103547,3887
272104547,3873
272105547,3873
272106547,3881
272107547,3874
272108547,3861
272109547,3882
272110547,3873
272111547,3873
272112547,3877
272122939,3874
272123939,3868
272124939,3863
272125939,3882
272126939,3868
272127939,3869
272128939,3872
272129939,3879
272130939,3866
272131939,3879
272132939,3877
272133939,3877
272134939,3862
272135939,3868
272136939,3873
272137939,3871
272138939,3879
272139939,3883
272140939,3876
272141939,3871
272142939,3873
272143939,3888
272144939,3884
272145939,3872
272156359,3867
272157359,3868
272158359,3882
272159359,3888
272160359,3880
272161359,3870
272162359,3882
272163359,3872
272164359,3881
272165359,3879
272166359,3889
272167359,3873
272168359,3879
272169359,3868
272170359,3888
272171359,3881
272172359,3856
272173359,3882
272174359,3878
272175359,3879
272176359,3861
272177359,3859
272178359,3885
272179359,3868
272189778,3883
272190778,3873
272191778,3879
272192778,3878
272193778,3885
272194778,3853
272195778,3859
272196778,3877
272197778,3876
272198778,3879
272199778,3883
272200778,3840
272201778,3881
272202778,3870
272203778,3858
272204778,3872
272205778,3874
272206778,3882
272207778,3875
272208778,3875
272209778,3883
272210778,3825
272211778,3857
272212778,3871
272223181,3874
272224181,3875
272225181,3856
272226181,3872
272227181,3868
272228181,3883
272229181,3869
272230181,3856
272231181,3874
272232181,3904
272233181,3884
272234181,3885
272235181,3866
272236181,3863
272237181,3856
272238181,3872
272239181,3887
272240181,3888
272241181,3876
272242181,3864
272243181,3878
272244181,3859
272245181,3862
272246181,3879
272256601,3887
272257601,3884
272258601,3875
272259601,3871
272260601,3878
272261601,3941
272262601,3889
272263601,3877
272264601,3883
272265601,3871
272266601,3884
272267601,3881
272268601,3877
272269601,3881
272270601,3877
272271601,3865
272272601,3877
272273601,3871
272274601,3855
272275601,3874
272276601,3877
272277601,3878
272278601,3849
272279601,3858
272280601,3873
272290993,3872
272291993,3887
272292993,3867
272293993,3863
272294993,3869
272295993,3838
272296993,3883
272297993,3890
272298993,3883
272299993,3883
272300993,3888
272301993,3888
272302993,3874
272303993,3886
272304993,3888
272305993,3882
272306993,3862
272307993,3887
272308993,3884
272309993,3877
272310993,3883
272311993,3882
272312993,3879
272313993,3865
272324412,3865
272325412,3886
272326412,3882
272327412,3885
272328412,3883
272329412,3867
272330412,3857
272331412,3895
272332412,3939
272333412,3876
272334412,3869
272335412,3862
272336412,3885
272337412,3883
272338412,3889
272339412,3891
272340412,3878
272341412,3873
272342412,3884
272343412,3879
272344412,3889
272345412,3893
272346412,3882
272347412,3878
272357832,3873
272358832,3879
272359832,3873
272360832,3877
272361832,3873
272362832,3866
272363832,3878
272364832,3876
272365832,3850
272366832,3879
272367832,3876
272368832,3878
272369832,3860
272370832,3874
272371832,3882
272372832,3877
272373832,3865
272374832,3875
272375832,3881
272376832,3871
272377832,3888
272378832,3895
272379832,3870
272380832,3877
272391242,3882
272392242,3875
272393242,3871
272394242,3885
272395242,3873
272396242,3877
272397242,3872
272398242,3875
272399242,3879
272400242,3871
272401242,3869
272402242,3875
272403242,3863
272404242,3884
272405242,3909
272406242,3884
272407242,3861
272408242,3876
272409242,3883
272410242,3888
272411242,3883
272412242,3887
272413242,3910
272414242,3878
272424655,3869
272425655,3871
272426655,3861
272427655,3877
272428655,3884
272429655,3866
272430655,3871
272431655,3886
272432655,3870
272433655,3879
272434655,3873
272435655,3873
272436655,3897
272437655,3863
272438655,3879
272439655,3875
272440655,3871
272441655,3860
272442655,3880
272443655,3886
272444655,3885
272445655,3869
272446655,3906
272447655,3874
272448655,3869
272459047,3875
272460047,3877
272461047,3861
272462047,3873
272463047,3883
272464047,3875
272465047,3882
272466047,3879
272467047,3879
272468047,3898
272469047,3872
272470047,3863
272471047,3885
272472047,3846
272473047,3883
272474047,3881
272475047,3871
272476047,3861
272477047,3861
272478047,3878
272479047,3883
272480047,3920
272481047,3897
272482047,3869
272492466,3867
272493466,3854
272494466,3872
272495466,3879
272496466,3873
272497466,3869
272498466,3882
272499466,3882
272500466,3878
272501466,3881
272502466,3871
272503466,3874
272504466,3887
272505466,3866
272506466,3878
272507466,3863
272508466,3858
272509466,3853
272510466,3873
272511466,3856
272512466,3869
272513466,3882
272514466,3886
272515466,3867
272525886,3879
272526886,3881
272527886,3920
272528886,3859
272529886,3884
272530886,3873
272531886,3931
272532886,3836
272533886,3883
272534886,3884
272535886,3872
272536886,3871
272537886,3882
272538886,3878
272539886,3910
272540886,3855
272541886,3872
272542886,3878
272543886,3876
272544886,3887
272545886,3866
272546886,3874
272547886,3872
272548886,3881
272559289,3873
272560289,3879
272561289,3894
272562289,3872
272563289,3887
272564289,3875
272565289,3874
272566289,3858
272567289,3888
272568289,3876
272569289,3859
272570289,3875
272571289,3883
272572289,3856
272573289,3871
272574289,3851
272575289,3885
272576289,3878
272577289,3874
272578289,3873
272579289,3881
272580289,3883
272581289,3873
272582289,3866
272592708,3856
272593708,3869
272594708,3864
272595708,3879
272596708,3885
272597708,3879
272598708,3882
272599708,3876
272600708,3869
272601708,3871
272602708,3883
272603708,3855
272604708,3883
272605708,3869
272606708,3877
272607708,3883
272608708,3871
272609708,3874
272610708,3868
272611708,3885
272612708,3882
272613708,3871
272614708,3873
272615708,3862
272616708,3885
272627100,3873
272628100,3888
272629100,3884
272630100,3869
272631100,3883
272632100,3874
272633100,3877
272634100,3870
272635100,3887
272636100,3903
272637100,3875
272638100,3879
272639100,3872
272640100,3875
272641100,3874
272642100,3888
272643100,3878
272644100,3876
272645100,3867
272646100,3891
272647100,3877
272648100,3870
272649100,3866
272650100,3867
272660520,3868
272661520,3863
272662520,3877
272663520,3878
272664520,3884
272665520,3882
272666520,3877
272667520,3851
272668520,3875
272669520,3879
272670520,3870
272671520,3871
272672520,3875
272673520,3882
272674520,3885
272675520,3883
272676520,3879
272677520,3878
272678520,3812
272679520,3878
272680520,3888
272681520,3876
272682520,3888
272683520,3882
272693940,3877
272694940,3873
272695940,3873
272696940,3876
272697940,3884
272698940,3873
272699940,3878
272700940,3888
272701940,3872
272702940,3871
272703940,3860
272704940,3863
272705940,3881
272706940,3870
272707940,3875
272708940,3857
272709940,3870
272710940,3883
272711940,3877
272712940,3875
272713940,3855
272714940,3881
272715940,3871
272716940,3873
272727343,3869
272728343,3871
272729343,3878
272730343,3873
272731343,3885
272732343,3878
272733343,3877
272734343,3867
272735343,3856
272736343,3889
272737343,3875
272738343,3883
272739343,3869
272740343,3870
272741343,3875
272742343,3872
272743343,3872
272744343,3863
272745343,3871
272746343,3879
272747343,3879
272748343,3878
272749343,3881
272750343,3870
272760762,3862
272761762,3878
272762762,3877
272763762,3881
272764762,3886
272765762,3857
272766762,3891
272767762,3879
272768762,3868
272769762,3873
272770762,3874
272771762,3879
272772762,3863
272773762,3865
272774762,3878
272775762,3866
272776762,3884
272777762,3885
272778762,3869
272779762,3863
272780762,3873
272781762,3888
272782762,3850
272783762,3874
272784762,3889
272795154,3881
272796154,3856
272797154,3827
272798154,3883
272799154,3861
272800154,3861
272801154,3892
272802154,3873
272803154,3873
272804154,3870
272805154,3887
272806154,3873
272807154,3877
272808154,3877
272809154,3877
272810154,3863
272811154,3893
272812154,3883
272813154,3870
272814154,3882
272815154,3868
272816154,3885
272817154,3879
272818154,3857
272828579,3873
272829579,3857
272830579,3871
272831579,3865
272832579,3877
272833579,3875
272834579,3856
272835579,3873
272836579,3885
272837579,3867
272838579,3865
272839579,3876
272840579,3878
272841579,3871
272842579,3894
272843579,3859
272844579,3879
272845579,3839
272846579,3872
272847579,3875
272848579,3878
272849579,3878
272850579,3872
272851579,3870
272861994,3877
272862994,3873
272863994,3882
272864994,3932
272865994,3897
272866994,3874
272867994,3879
272868994,3821
272869994,3877
272870994,3872
272871994,3871
272872994,3873
272873994,3875
272874994,3873
272875994,3870
272876994,3885
272877994,3874
272878994,3885
272879994,3888
272880994,3877
272881994,3883
272882994,3886
272883994,3878
272884994,3863
272895396,3878
272896396,3851
272897396,3875
272898396,3875
272899396,3873
272900396,3871
272901396,3871
272902396,3890
272903396,3851
272904396,3873
272905396,3871
272906396,3871
272907396,3875
272908396,3878
272909396,3884
272910396,3885
272911396,3882
272912396,3912
272913396,3877
272914396,3869
272915396,3872
272916396,3861
272917396,3875
272918396,3870
272928816,3874
272929816,3867
272930816,3881
272931816,3877
272932816,3879
272933816,3873
272934816,3897
272935816,3872
272936816,3879
272937816,3879
272938816,3890
272939816,3876
272940816,3884
272941816,3854
272942816,3867
272943816,3877
272944816,3871
272945816,3879
272946816,3878
272947816,3856
272948816,3871
272949816,3892
272950816,3861
272951816,3872
272952816,3887
272963208,3909
272964208,3868
272965208,3881
272966208,3851
272967208,3883
272968208,3862
272969208,3874
272970208,3874
272971208,3853
272972208,3871
272973208,3879
272974208,3876
272975208,3886
272976208,3887
272977208,3872
272978208,3878
272979208,3872
272980208,3872
272981208,3882
272982208,3872
272983208,3870
272984208,3869
272985208,3887
272986208,3899
272996628,3875
272997628,3875
272998628,3882
272999628,3888
273000628,3878
273001628,3861
273002628,3869
273003628,3863
273004628,3881
273005628,3883
273006628,3874
273007628,3871
273008628,3882
273009628,3878
273010628,3879
273011628,3893
273012628,3872
273013628,3808
273014628,3874
273015628,3885
273016628,3899
273017628,3870
273018628,3863
273019628,3901
273030048,3881
273031048,3884
273032048,3888
273033048,3875
273034048,3874
273035048,3878
273036048,3902
273037048,3870
273038048,3897
273039048,3876
273040048,3877
273041048,3878
273042048,3885
273043048,3881
273044048,3879
273045048,3862
273046048,3880
273047048,3881
273048048,3856
273049048,3877
273050048,3879
273051048,3873
273052048,3878
273053048,3881
273063450,3885
273064450,3870
273065450,3855
273066450,3866
273067450,3872
273068450,3886
273069450,3870
273070450,3911
273071450,3872
273072450,3881
273073450,3874
273074450,3870
273075450,3875
273076450,3888
273077450,3865
273078450,3894
273079450,3845
273080450,3877
273081450,3874
273082450,3875
273083450,3875
273084450,3875
273085450,3869
273086450,3874
273096870,3870
273097870,3879
273098870,3878
273099870,3882
273100870,3878
273101870,3875
273102870,3870
273103870,3866
273104870,3877
273105870,3854
273106870,3874
273107870,3874
273108870,3868
273109870,3874
273110870,3886
273111870,3862
273112870,3873
273113870,3878
273114870,3881
273115870,3869
273116870,3867
273117870,3857
273118870,3901
273119870,3869
273120870,3877
273131267,3872
273132267,3872
273133267,3870
273134267,3870
273135267,3877
273136267,3878
273137267,3871
273138267,3882
273139267,3875
273140267,3871
273141267,3858
273142267,3870
273143267,3869
273144267,3871
273145267,3869
273146267,3869
273147267,3874
273148267,3867
273149267,3878
273150267,3879
273151267,3868
273152267,3874
273153267,3879
273154267,3858
273164682,3901
273165682,3865
273166682,3879
273167682,3875
273168682,3879
273169682,3877
273170682,3873
273171682,3877
273172682,3876
273173682,3869
273174682,3875
273175682,3874
273176682,3872
273177682,3874
273178682,3863
273179682,3894
273180682,3883
273181682,3875
273182682,3870
273183682,3873
273184682,3877
273185682,3874
273186682,3869
273187682,3883
273198102,3866
273199102,3870
273200102,3870
273201102,3867
273202102,3878
273203102,3877
273204102,3871
273205102,3897
273206102,3865
273207102,3871
273208102,3876
273209102,3878
273210102,3882
273211102,3922
273212102,3873
273213102,3881
273214102,3889
273215102,3879
273216102,3837
273217102,3873
273218102,3863
273219102,3882
273220102,3872
273221102,3865
273231504,3874
273232504,3901
273233504,3874
273234504,3877
273235504,3869
273236504,3863
273237504,3873
273238504,3883
273239504,3874
273240504,3857
273241504,3873
273242504,3874
273243504,3873
273244504,3869
273245504,3856
273246504,3870
273247504,3878
273248504,3874
273249504,3927
273250504,3870
273251504,3883
273252504,3873
273253504,3883
273254504,3863
273264924,3863
273265924,3861
273266924,3878
273267924,3872
273268924,3878
273269924,3877
273270924,3859
273271924,3873
273272924,3872
273273924,3856
273274924,3874
273275924,3873
273276924,3865
273277924,3866
273278924,3872
273279924,3874
273280924,3867
273281924,3875
273282924,3877
273283924,3877
273284924,3875
273285924,3879
273286924,3882
273287924,3856
273288924,3873
273299316,3867
273300316,3874
273301316,3859
273302316,3875
273303316,3867
273304316,3867
273305316,3870
273306316,3868
273307316,3869
273308316,3873
273309316,3881
273310316,3870
273311316,3869
273312316,3830
273313316,3861
273314316,3858
273315316,3874
273316316,3911
273317316,3866
273318316,3869
273319316,3879
273320316,3883
273321316,3875
273322316,3865
273332736,3205
273333736,3088
273334736,3042
273335736,2973
273336736,2906
273337736,2845
273338736,2771
273339736,2715
273340736,2657
273341736,2602
273342736,2534
273343736,2479
273344736,2431
273345736,2375
273346736,2325
273347736,2271
273348736,2225
273349736,2201
273350736,2153
273351736,2112
273352736,2096
273353736,2021
273354736,1974
273355736,1921
273366155,1552
273367155,1522
273368155,1481
273369155,1453
273370155,1417
273371155,1382
273372155,1355
273373155,1329
273374155,1305
273375155,1279
273376155,1253
273377155,1215
273378155,1189
273379155,1169
273380155,1147
273381155,1116
273382155,1072
273383155,1068
273384155,1049
273385155,1021
273386155,999
273387155,987
273388155,973
273389155,948
273390155,931
273400600,759
273401600,741
273402600,714
273403600,721
273404600,691
273405600,686
273406600,669
273407600,666
273408600,643
273409600,638
273410600,614
273411600,617
273412600,612
273413600,573
273414600,563
273415600,560
273416600,555
273417600,534
273418600,526
273419600,531
273420600,499
273421600,503
273422600,496
273423600,485
273424600,475
273425600,465
273426600,468
273427600,481
273428600,508
273429600,532
273430600,559
273431600,566
273442023,703
273443023,678
273444023,661
273445023,656
273446023,657
273447023,637
273448023,659
273449023,622
273450023,608
273451023,603
273452023,580
273453023,573
273454023,565
273455023,545
273456023,542
273457023,511
273458023,518
273459023,509
273460023,493
273461023,487
273462023,467
273463023,464
273464023,462
273465023,447
273466023,436
273467023,426
273468023,422
273469023,414
273470023,409
273471023,405
273472023,388
273482474,327
273483474,327
273484474,321
273485474,313
273486474,305
273487474,304
273488474,295
273489474,293
273490474,295
273491474,287
273492474,273
273493474,272
273494474,266
273495474,269
273496474,265
273497474,249
273498474,242
273499474,241
273500474,237
273501474,241
273502474,239
273503474,219
273504474,228
273505474,224
273506474,220
273507474,218
273508474,205
273509474,212
273510474,203
273511474,201
273512474,192
273522908,163
273523908,164
273524908,161
273525908,161
273526908,161
273527908,155
273528908,161
273529908,146
273530908,149
273531908,129
273532908,150
273533908,144
273534908,141
273535908,134
273536908,95
273537908,139
273538908,136
273539908,133
273540908,140
273541908,134
273542908,123
273543908,126
273544908,113
273545908,124
273546908,115
273547908,110
273548908,119
273549908,119
273550908,115
273551908,113
273552908,113
273553908,111
273564331,97
273565331,100
273566331,112
273567331,97
273568331,81
273569331,93
273570331,90
273571331,109
273572331,107
273573331,98
273574331,138
273575331,132
273576331,128
273577331,125
273578331,119
273579331,112
273580331,113
273581331,134
273582331,129
273583331,121
273584331,127
273585331,144
273586331,142
273587331,144
273588331,144
273589331,160
273590331,139
273591331,137
273592331,143
273593331,141
273594331,132
273595331,135
273605719,117
273606719,111
273607719,113
273608719,115
273609719,109
273610719,107
273611719,113
273612719,113
273613719,112
273614719,105
273615719,115
273616719,107
273617719,105
273618719,78
273619719,106
273620719,99
273621719,96
273622719,99
273623719,95
273624719,97
273625719,95
273626719,96
273627719,92
273628719,82
273629719,96
273630719,64
273631719,95
273632719,91
273633719,95
273634719,92
273635719,90
273636719,89
273637719,86
273638719,86
273639719,81
273640719,87
273641719,79
273642719,83
273653115,80
273654115,75
273655115,80
273656115,79
273657115,76
273658115,71
273659115,77
273660115,92
273661115,75
273662115,65
273663115,73
273664115,70
273665115,64
273666115,64
273667115,64
273668115,67
273669115,76
273670115,68
273671115,68
273672115,71
273673115,74
273674115,73
273675115,65
273676115,55
273677115,95
273678115,65
273679115,61
273680115,71
273681115,66
273682115,63
273683115,73
273684115,59
273685115,57
273686115,59
273687115,68
273688115,61
273689115,64
273690115,64
273691115,65
273692115,65
273693115,65
273694115,67
273695115,65
273696115,59
273706499,64
273707499,61
273708499,73
273709499,65
273710499,53
273711499,59
273712499,65
273713499,59
273714499,53
273715499,64
273716499,57
273717499,55
273718499,61
273719499,64
273720499,57
273721499,65
273722499,65
273723499,51
273724499,59
273725499,61
273726499,59
273727499,63
273728499,59
273729499,57
273730499,48
273731499,64
273732499,64
273733499,59
273734499,53
273735499,58
273736499,51
273737499,53
273738499,54
273739499,53
273740499,57
273741499,71
273742499,63
273743499,59
273744499,64
273745499,61
273746499,64
273747499,59
273748499,59
273749499,61
273759901,57
273760901,70
273761901,55
273762901,64
273763901,60
273764901,64
273765901,51
273766901,60
273767901,57
273768901,59
273769901,69
273770901,64
273771901,54
273772901,63
273773901,59
273774901,59
273775901,64
273776901,58
273777901,53
273778901,60
273779901,49
273780901,54
273781901,57
273782901,58
273783901,56
273784901,64
273785901,51
273786901,64
273787901,59
273788901,51
273789901,63
273790901,60
273791901,60
273792901,64
273793901,59
273794901,53
273795901,60
273796901,49
273797901,61
273798901,57
273799901,59
273800901,51
273801901,53
273812314,59
273813314,57
273814314,57
273815314,61
273816314,56
273817314,61
273818314,59
273819314,48
273820314,56
273821314,54
273822314,59
273823314,64
273824314,55
273825314,59
273826314,56
273827314,64
273828314,59
273829314,63
273830314,65
273831314,64
273832314,73
273833314,51
273834314,62
273835314,53
273836314,61
273837314,51
273838314,53
273839314,54
273840314,56
273841314,49
273842314,59
273843314,64
273844314,64
273845314,68
273846314,60
273847314,57
273848314,49
273849314,59
273850314,53
273851314,57
273852314,64
273853314,65
273854314,61
273855314,56
273865699,57
273866699,57
273867699,62
273868699,50
273869699,49
273870699,49
273871699,52
273872699,49
273873699,52
273874699,58
273875699,53
273876699,52
273877699,57
273878699,59
273879699,48
273880699,49
273881699,55
273882699,57
273883699,52
273884699,52
273885699,60
273886699,48
273887699,53
273888699,62
273889699,50
273890699,64
273891699,55
273892699,57
273893699,60
273894699,57
273895699,61
273896699,81
273897699,49
273898699,65
273899699,59
273900699,63
273901699,64
273902699,58
273903699,59
273904699,56
273905699,64
273906699,59
273907699,59
273908699,57
273919101,55
273920101,64
273921101,55
273922101,57
273923101,49
273924101,57
273925101,64
273926101,60
273927101,49
273928101,61
273929101,61
273930101,54
273931101,60
273932101,51
273933101,64
273934101,51
273935101,60
273936101,65
273937101,59
273938101,59
273939101,57
273940101,61
273941101,61
273942101,57
273943101,54
273944101,57
273945101,63
273946101,64
273947101,80
273948101,108
273949101,129
273950101,148
273951101,147
273952101,160
273953101,152
273954101,150
273955101,174
273956101,183
273957101,201
273967521,246
273968521,234
273969521,228
273970521,237
273971521,240
273972521,243
273973521,245
273974521,249
273975521,264
273976521,272
273977521,258
273978521,259
273979521,241
273980521,241
273981521,253
273982521,231
273983521,255
273984521,271
273985521,273
273986521,288
273987521,291
273988521,293
273989521,283
273990521,288
273991521,272
273992521,272
273993521,267
273994521,266
273995521,256
273996521,251
273997521,254
273998521,241
274008944,316
274009944,305
274010944,311
274011944,325
274012944,368
274013944,395
274014944,421
274015944,438
274016944,452
274017944,454
274018944,453
274019944,435
274020944,429
274021944,415
274022944,417
274023944,405
274024944,397
274025944,387
274026944,385
274027944,399
274028944,385
274029944,383
274030944,381
274031944,375
274032944,372
274033944,362
274034944,362
274035944,356
274036944,343
274037944,343
274038944,334
274049395,277
274050395,272
274051395,272
274052395,256
274053395,261
274054395,251
274055395,247
274056395,241
274057395,241
274058395,233
274059395,228
274060395,220
274061395,221
274062395,213
274063395,221
274064395,209
274065395,233
274066395,208
274067395,204
274068395,195
274069395,208
274070395,191
274071395,212
274072395,185
274073395,189
274074395,181
274075395,180
274076395,176
274077395,177
274078395,171
274079395,171
274089829,150
274090829,145
274091829,143
274092829,129
274093829,140
274094829,143
274095829,128
274096829,149
274097829,140
274098829,144
274099829,144
274100829,144
274101829,135
274102829,135
274103829,129
274104829,135
274105829,142
274106829,128
274107829,151
274108829,155
274109829,144
274110829,151
274111829,152
274112829,147
274113829,140
274114829,162
274115829,212
274116829,288
274117829,377
274118829,451
274119829,528
274130280,1102
274131280,1101
274132280,1132
274133280,1107
274134280,1089
274135280,1076
274136280,1089
274137280,1022
274138280,1006
274139280,985
274140280,959
274141280,961
274142280,955
274143280,951
274144280,957
274145280,964
274146280,949
274147280,943
274148280,932
274149280,941
274150280,977
274151280,1040
274152280,1107
274153280,1168
274154280,1211
274155280,1235
274156280,1239
274166651,1329
274167651,1395
274168651,1474
274169651,1589
274170651,1691
274171651,1808
274172651,1895
274173651,1955
274174651,1968
274175651,1940
274176651,1947
274177651,2032
274178651,2170
274179651,2348
274180651,2539
274181651,2736
274182651,2867
274183651,2938
274184651,2928
274185651,2877
274186651,2925
274187651,3043
274188651,3184
274189651,3340
274200071,3873
274201071,3858
274202071,3856
274203071,3872
274204071,3861
274205071,3879
274206071,3872
274207071,3861
274208071,3872
274209071,3866
274210071,3867
274211071,3855
274212071,3879
274213071,3877
274214071,3859
274215071,3866
274216071,3872
274217071,3867
274218071,3870
274219071,3879
274220071,3870
274221071,3857
274222071,3856
274223071,3872
274224071,3859
274234463,3872
274235463,3874
274236463,3871
274237463,3868
274238463,3863
274239463,3865
274240463,3869
274241463,3871
274242463,3863
274243463,3856
274244463,3875
274245463,3872
274246463,3865
274247463,3870
274248463,3872
274249463,3875
274250463,3861
274251463,3871
274252463,3874
274253463,3869
274254463,3873
274255463,3879
274256463,3874
274257463,3877
274267883,3915
274268883,3861
274269883,3863
274270883,3875
274271883,3872
274272883,3853
274273883,3876
274274883,3866
274275883,3899
274276883,3883
274277883,3873
274278883,3873
274279883,3849
274280883,3874
274281883,3862
274282883,3855
274283883,3871
274284883,3866
274285883,3866
274286883,3869
274287883,3869
274288883,3867
274289883,3851
274290883,3898
274301302,3859
274302302,3866
274303302,3884
274304302,3865
274305302,3877
274306302,3872
274307302,3872
274308302,3819
274309302,3863
274310302,3888
274311302,3875
274312302,3878
274313302,3870
274314302,3859
274315302,3875
274316302,3879
274317302,3873
274318302,3877
274319302,3865
274320302,3868
274321302,3887
274322302,3885
274323302,3829
274324302,3862
274334705,3878
274335705,3855
274336705,3882
274337705,3875
274338705,3873
274339705,3888
274340705,3873
274341705,3889
274342705,3875
274343705,3873
274344705,3881
274345705,3904
274346705,3873
274347705,3877
274348705,3872
274349705,3867
274350705,3875
274351705,3922
274352705,3875
274353705,3861
274354705,3872
274355705,3888
274356705,3887
274357705,3876
274368125,3866
274369125,3874
274370125,3895
274371125,3886
274372125,3856
274373125,3878
274374125,3879
274375125,3867
274376125,3867
274377125,3881
274378125,3881
274379125,3865
274380125,3861
274381125,3875
274382125,3872
274383125,3869
274384125,3856
274385125,3882
274386125,3861
274387125,3875
274388125,3879
274389125,3876
274390125,3879
274391125,3880
274392125,3811
274402517,3876
274403517,3878
274404517,3859
274405517,3886
274406517,3856
274407517,3889
274408517,3885
274409517,3881
274410517,3829
274411517,3883
274412517,3878
274413517,3869
274414517,3881
274415517,3867
274416517,3879
274417517,3839
274418517,3887
274419517,3827
274420517,3862
274421517,3877
274422517,3875
274423517,3908
274424517,3884
274425517,3889
274435936,3881
274436936,3879
274437936,3875
274438936,3879
274439936,3883
274440936,3869
274441936,3877
274442936,3885
274443936,3874
274444936,3881
274445936,3878
274446936,3878
274447936,3878
274448936,3865
274449936,3863
274450936,3881
274451936,3879
274452936,3866
274453936,3877
274454936,3883
274455936,3883
274456936,3878
274457936,3879
274458936,3863
274469356,3877
274470356,3869
274471356,3859
274472356,3877
274473356,3881
274474356,3835
274475356,3883
274476356,3872
274477356,3881
274478356,3877
274479356,3877
274480356,3886
274481356,3871
274482356,3879
274483356,3873
274484356,3878
274485356,3878
274486356,3878
274487356,3881
274488356,3866
274489356,3867
274490356,3877
274491356,3873
274492356,3870
274502759,3824
274503759,3863
274504759,3871
274505759,3879
274506759,3884
274507759,3887
274508759,3888
274509759,3859
274510759,3872
274511759,3892
274512759,3898
274513759,3878
274514759,3877
274515759,3882
274516759,3889
274517759,3870
274518759,3877
274519759,3884
274520759,3877
274521759,3873
274522759,3855
274523759,3881
274524759,3903
274525759,3871
274536179,3893
274537179,3872
274538179,3865
274539179,3856
274540179,3870
274541179,3877
274542179,3885
274543179,3863
274544179,3867
274545179,3895
274546179,3863
274547179,3874
274548179,3855
274549179,3871
274550179,3888
274551179,3867
274552179,3886
274553179,3885
274554179,3895
274555179,3863
274556179,3867
274557179,3873
274558179,3885
274559179,3869
274560179,3873
274570575,3888
274571575,3867
274572575,3881
274573575,3871
274574575,3900
274575575,3893
274576575,3883
274577575,3875
274578575,3883
274579575,3877
274580575,3879
274581575,3883
274582575,3881
274583575,3873
274584575,3877
274585575,3899
274586575,3874
274587575,3872
274588575,3889
274589575,3884
274590575,3875
274591575,3877
274592575,3839
274593575,3891
274603990,3856
274604990,3875
274605990,3888
274606990,3861
274607990,3903
274608990,3883
274609990,3881
274610990,3849
274611990,3888
274612990,3893
274613990,3885
274614990,3877
274615990,3886
274616990,3879
274617990,3887
274618990,3871
274619990,3857
274620990,3883
274621990,3878
274622990,3840
274623990,3902
274624990,3865
274625990,3883
274626990,3874
274637410,3874
274638410,3890
274639410,3897
274640410,3870
274641410,3895
274642410,3892
274643410,3879
274644410,3873
274645410,3920
274646410,3875
274647410,3875
274648410,3878
274649410,3882
274650410,3867
274651410,3856
274652410,3874
274653410,3886
274654410,3887
274655410,3873
274656410,3888
274657410,3873
274658410,3875
274659410,3878
274660410,3839
274670813,3887
274671813,3862
274672813,3883
274673813,3876
274674813,3857
274675813,3877
274676813,3882
274677813,3874
274678813,3850
274679813,3878
274680813,3884
274681813,3887
274682813,3863
274683813,3865
274684813,3886
274685813,3873
274686813,3871
274687813,3867
274688813,3862
274689813,3835
274690813,3871
274691813,3878
274692813,3879
274693813,3887
274704240,3893
274705240,3868
274706240,3873
274707240,3862
274708240,3875
274709240,3886
274710240,3875
274711240,3879
274712240,3879
274713240,3866
274714240,3871
274715240,3873
274716240,3877
274717240,3869
274718240,3884
274719240,3865
274720240,3866
274721240,3870
274722240,3878
274723240,3883
274724240,3877
274725240,3871
274726240,3887
274727240,3872
274728240,3882
274738625,3883
274739625,3827
274740625,3879
274741625,3883
274742625,3881
274743625,3878
274744625,3871
274745625,3879
274746625,3879
274747625,3884
274748625,3869
274749625,3878
274750625,3877
274751625,3879
274752625,3890
274753625,3853
274754625,3879
274755625,3872
274756625,3879
274757625,3874
274758625,3876
274759625,3866
274760625,3877
274761625,3872
274772044,3874
274773044,3883
274774044,3813
274775044,3879
274776044,3888
274777044,3862
274778044,3874
274779044,3875
274780044,3865
274781044,3866
274782044,3883
274783044,3877
274784044,3854
274785044,3872
274786044,3888
274787044,3865
274788044,3875
274789044,3867
274790044,3885
274791044,3899
274792044,3887
274793044,3840
274794044,3878
274795044,3888
274805464,3882
274806464,3888
274807464,3887
274808464,3869
274809464,3875
274810464,3877
274811464,3887
274812464,3872
274813464,3863
274814464,3897
274815464,3882
274816464,3888
274817464,3872
274818464,3873
274819464,3879
274820464,3866
274821464,3881
274822464,3887
274823464,3885
274824464,3874
274825464,3883
274826464,3879
274827464,3875
274828464,3880
274838867,3885
274839867,3873
274840867,3872
274841867,3885
274842867,3876
274843867,3879
274844867,3879
274845867,3887
274846867,3881
274847867,3885
274848867,3877
274849867,3879
274850867,3877
274851867,3877
274852867,3872
274853867,3880
274854867,3872
274855867,3881
274856867,3889
274857867,3877
274858867,3879
274859867,3875
274860867,3878
274861867,3877
274872286,3883
274873286,3871
274874286,3879
274875286,3869
274876286,3883
274877286,3893
274878286,3869
274879286,3888
274880286,3888
274881286,3885
274882286,3875
274883286,3877
274884286,3886
274885286,3866
274886286,3863
274887286,3882
274888286,3885
274889286,3882
274890286,3903
274891286,3883
274892286,3875
274893286,3877
274894286,3875
274895286,3878
274896286,3865
274906678,3875
274907678,3888
274908678,3878
274909678,3879
274910678,3879
274911678,3883
274912678,3870
274913678,3881
274914678,3873
274915678,3904
274916678,3888
274917678,3878
274918678,3868
274919678,3869
274920678,3875
274921678,3876
274922678,3868
274923678,3855
274924678,3883
274925678,3875
274926678,3887
274927678,3879
274928678,3875
274929678,3878
274940098,3878
274941098,3872
274942098,3857
274943098,3862
274944098,3883
274945098,3872
274946098,3883
274947098,3869
274948098,3879
274949098,3866
274950098,3891
274951098,3874
274952098,3877
274953098,3868
274954098,3884
274955098,3859
274956098,3877
274957098,3899
274958098,3870
274959098,3882
274960098,3876
274961098,3883
274962098,3888
274963098,3865
274973518,3875
274974518,3873
274975518,3890
274976518,3857
274977518,3883
274978518,3873
274979518,3879
274980518,3861
274981518,3901
274982518,3862
274983518,3862
274984518,3867
274985518,3891
274986518,3885
274987518,3866
274988518,3871
274989518,3892
274990518,3867
274991518,3855
274992518,3877
274993518,3885
274994518,3879
274995518,3889
274996518,3865
275006921,3882
275007921,3859
275008921,3883
275009921,3871
275010921,3870
275011921,3887
275012921,3877
275013921,3883
275014921,3883
275015921,3859
275016921,3883
275017921,3838
275018921,3886
275019921,3865
275020921,3887
275021921,3878
275022921,3867
275023921,3879
275024921,3886
275025921,3881
275026921,3879
275027921,3868
275028921,3863
275029921,3911
275040340,3857
275041340,3868
275042340,3884
275043340,3868
275044340,3874
275045340,3873
275046340,3836
275047340,3888
275048340,3872
275049340,3876
275050340,3858
275051340,3868
275052340,3886
275053340,3879
275054340,3875
275055340,3878
275056340,3888
275057340,3869
275058340,3876
275059340,3877
275060340,3857
275061340,3861
275062340,3879
275063340,3891
275064340,3873
275074732,3884
275075732,3869
275076732,3875
275077732,3874
275078732,3877
275079732,3872
275080732,3866
275081732,3923
275082732,3869
275083732,3883
275084732,3870
275085732,3902
275086732,3874
275087732,3850
275088732,3865
275089732,3881
275090732,3883
275091732,3879
275092732,3877
275093732,3884
275094732,3881
275095732,3876
275096732,3888
275097732,3888
275108152,3871
275109152,3869
275110152,3903
275111152,3883
275112152,3863
275113152,3910
275114152,3887
275115152,3855
275116152,3863
275117152,3869
275118152,3862
275119152,3863
275120152,3886
275121152,3833
275122152,3879
275123152,3889
275124152,3884
275125152,3865
275126152,3871
275127152,3875
275128152,3873
275129152,3879
275130152,3878
275131152,3867
275141576,3878
275142576,3851
275143576,3873
275144576,3888
275145576,3883
275146576,3882
275147576,3886
275148576,3877
275149576,3868
275150576,3878
275151576,3881
275152576,3894
275153576,3856
275154576,3866
275155576,3887
275156576,3871
275157576,3875
275158576,3876
275159576,3938
275160576,3875
275161576,3867
275162576,3876
275163576,3873
275164576,3872
275174974,3877
275175974,3887
275176974,3875
275177974,3869
275178974,3872
275179974,3879
275180974,3876
275181974,3883
275182974,3888
275183974,3865
275184974,3885
275185974,3863
275186974,3883
275187974,3866
275188974,3877
275189974,3888
275190974,3881
275191974,3887
275192974,3871
275193974,3883
275194974,3869
275195974,3870
275196974,3885
275197974,3885
275208394,3876
275209394,3873
275210394,3883
275211394,3868
275212394,3863
275213394,3876
275214394,3862
275215394,3872
275216394,3876
275217394,3870
275218394,3879
275219394,3866
275220394,3884
275221394,3859
275222394,3875
275223394,3879
275224394,3869
275225394,3873
275226394,3878
275227394,3882
275228394,3882
275229394,3899
275230394,3867
275231394,3873
275232394,3878
275242786,3879
275243786,3826
275244786,3885
275245786,3872
275246786,3873
275247786,3867
275248786,3877
275249786,3877
275250786,3867
275251786,3897
275252786,3879
275253786,3907
275254786,3789
275255786,3875
275256786,3887
275257786,3822
275258786,3888
275259786,3873
275260786,3946
275261786,3879
275262786,3890
275263786,3873
275264786,3835
275265786,3867
275276206,3872
275277206,3873
275278206,3876
275279206,3867
275280206,3875
275281206,3885
275282206,3885
275283206,3873
275284206,3876
275285206,3879
275286206,3882
275287206,3888
275288206,3860
275289206,3878
275290206,3881
275291206,3879
275292206,3879
275293206,3879
275294206,3878
275295206,3870
275296206,3886
275297206,3856
275298206,3872
275299206,3870
275309626,3866
275310626,3874
275311626,3888
275312626,3881
275313626,3885
275314626,3899
275315626,3877
275316626,3881
275317626,3874
275318626,3872
275319626,3874
275320626,3863
275321626,3885
275322626,3876
275323626,3888
275324626,3856
275325626,3863
275326626,3882
275327626,3873
275328626,3881
275329626,3866
275330626,3871
275331626,3878
275332626,3879
275343028,3872
275344028,3903
275345028,3892
275346028,3870
275347028,3876
275348028,3874
275349028,3877
275350028,3897
275351028,3872
275352028,3863
275353028,3875
275354028,3885
275355028,3888
275356028,3873
275357028,3841
275358028,3870
275359028,3874
275360028,3873
275361028,3869
275362028,3872
275363028,3873
275364028,3887
275365028,3850
275366028,3877
275376448,3883
275377448,3867
275378448,3891
275379448,3889
275380448,3889
275381448,3888
275382448,3870
275383448,3889
275384448,3884
275385448,3894
275386448,3875
275387448,3887
275388448,3860
275389448,3875
275390448,3882
275391448,3888
275392448,3865
275393448,3870
275394448,3881
275395448,3867
275396448,3878
275397448,3887
275398448,3883
275399448,3891
275400448,3888
275410840,3868
275411840,3875
275412840,3863
275413840,3863
275414840,3887
275415840,3873
275416840,3869
275417840,3853
275418840,3874
275419840,3910
275420840,3889
275421840,3875
275422840,3885
275423840,3863
275424840,3875
275425840,3888
275426840,3880
275427840,3881
275428840,3876
275429840,3877
275430840,3863
275431840,3939
275432840,3883
275433840,3876
275444260,3883
275445260,3878
275446260,3878
275447260,3863
275448260,3870
275449260,3890
275450260,3886
275451260,3888
275452260,3831
275453260,3875
275454260,3883
275455260,3905
275456260,3879
275457260,3875
275458260,3883
275459260,3883
275460260,3885
275461260,3873
275462260,3877
275463260,3885
275464260,3878
275465260,3875
275466260,3873
275467260,3891
275477679,3872
275478679,3885
275479679,3875
275480679,3829
275481679,3866
275482679,3872
275483679,3869
275484679,3877
275485679,3915
275486679,3878
275487679,3883
275488679,3877
275489679,3888
275490679,3875
275491679,3876
275492679,3862
275493679,3871
275494679,3877
275495679,3871
275496679,3882
275497679,3865
275498679,3883
275499679,3887
275500679,3883
275511082,3902
275512082,3883
275513082,3858
275514082,3869
275515082,3876
275516082,3867
275517082,3888
275518082,3871
275519082,3874
275520082,3862
275521082,3883
275522082,3882
275523082,3845
275524082,3879
275525082,3882
275526082,3870
275527082,3891
275528082,3887
275529082,3879
275530082,3888
275531082,3871
275532082,3854
275533082,3911
275534082,3925
275544502,3878
275545502,3884
275546502,3874
275547502,3875
275548502,3889
275549502,3877
275550502,3869
275551502,3872
275552502,3883
275553502,3873
275554502,3888
275555502,3878
275556502,3883
275557502,3881
275558502,3873
275559502,3881
275560502,3870
275561502,3878
275562502,3874
275563502,3883
275564502,3875
275565502,3875
275566502,3885
275567502,3873
275568502,3877
275578894,3780
275579894,3881
275580894,3885
275581894,3886
275582894,3888
275583894,3862
275584894,3877
275585894,3894
275586894,3877
275587894,3871
275588894,3883
275589894,3885
275590894,3865
275591894,3875
275592894,3824
275593894,3866
275594894,3825
275595894,3870
275596894,3881
275597894,3902
275598894,3900
275599894,3876
275600894,3885
275601894,3828
275612314,3866
275613314,3887
275614314,3888
275615314,3872
275616314,3887
275617314,3894
275618314,3876
275619314,3869
275620314,3885
275621314,3874
275622314,3878
275623314,3863
275624314,3881
275625314,3882
275626314,3886
275627314,3891
275628314,3871
275629314,3909
275630314,3879
275631314,3869
275632314,3870
275633314,3877
275634314,3859
275635314,3869
275645733,3881
275646733,3885
275647733,3881
275648733,3921
275649733,3863
275650733,3861
275651733,3876
275652733,3881
275653733,3877
275654733,3877
275655733,3881
275656733,3879
275657733,3833
275658733,3895
275659733,3878
275660733,3898
275661733,3861
275662733,3883
275663733,3866
275664733,3887
275665733,3883
275666733,3855
275667733,3888
275668733,3889
275679136,3876
275680136,3872
275681136,3841
275682136,3900
275683136,3934
275684136,3888
275685136,3865
275686136,3882
275687136,3860
275688136,3878
275689136,3889
275690136,3882
275691136,3845
275692136,3882
275693136,3884
275694136,3864
275695136,3834
275696136,3929
275697136,3872
275698136,3876
275699136,3870
275700136,3883
275701136,3902
275702136,3871
275712561,3877
275713561,3870
275714561,3867
275715561,3868
275716561,3872
275717561,3862
275718561,3865
275719561,3878
275720561,3878
275721561,3853
275722561,3872
275723561,3873
275724561,3855
275725561,3865
275726561,3869
275727561,3872
275728561,3875
275729561,3854
275730561,3885
275731561,3878
275732561,3851
275733561,3867
275734561,3879
275735561,3870
275736561,3877
275746948,3887
275747948,3865
275748948,3866
275749948,3874
275750948,3877
275751948,3860
275752948,3886
275753948,3871
275754948,3870
275755948,3862
275756948,3872
275757948,3863
275758948,3861
275759948,3859
275760948,3883
275761948,3878
275762948,3858
275763948,3873
275764948,3887
275765948,3873
275766948,3882
275767948,3888
275768948,3869
275769948,3869
275780367,3889
275781367,3856
275782367,3873
275783367,3878
275784367,3863
275785367,3863
275786367,3878
275787367,3881
275788367,3871
275789367,3895
275790367,3878
275791367,3875
275792367,3878
275793367,3866
275794367,3876
275795367,3885
275796367,3829
275797367,3849
275798367,3869
275799367,3867
275800367,3881
275801367,3877
275802367,3867
275803367,3879
275813787,3876
275814787,3883
275815787,3877
275816787,3873
275817787,3874
275818787,3872
275819787,3886
275820787,3875
275821787,3873
275822787,3873
275823787,3867
275824787,3893
275825787,3869
275826787,3885
275827787,3890
275828787,3877
275829787,3870
275830787,3878
275831787,3875
275832787,3867
275833787,3873
275834787,3867
275835787,3880
275836787,3863
275847190,3870
275848190,3873
275849190,3879
275850190,3881
275851190,3873
275852190,3876
275853190,3878
275854190,3887
275855190,3875
275856190,3895
275857190,3878
275858190,3875
275859190,3886
275860190,3902
275861190,3875
275862190,3863
275863190,3873
275864190,3888
275865190,3888
275866190,3875
275867190,3884
275868190,3858
275869190,3856
275870190,3871
275880610,3883
275881610,3878
275882610,3878
275883610,3883
275884610,3867
275885610,3879
275886610,3886
275887610,3873
275888610,3851
275889610,3883
275890610,3888
275891610,3945
275892610,3856
275893610,3871
275894610,3877
275895610,3888
275896610,3878
275897610,3881
275898610,3881
275899610,3875
275900610,3862
275901610,3872
275902610,3875
275903610,3869
275904610,3873
275915002,3873
275916002,3877
275917002,3871
275918002,3877
275919002,3877
275920002,3874
275921002,3886
275922002,3878
275923002,3872
275924002,3885
275925002,3874
275926002,3873
275927002,3877
275928002,3879
275929002,3875
275930002,3864
275931002,3881
275932002,3881
275933002,3883
275934002,3866
275935002,3883
275936002,3872
275937002,3881
275938002,3874
275948421,3888
275949421,3877
275950421,3884
275951421,3857
275952421,3884
275953421,3882
275954421,3888
275955421,3885
275956421,3869
275957421,3888
275958421,3855
275959421,3887
275960421,3863
275961421,3873
275962421,3888
275963421,3876
275964421,3879
275965421,3847
275966421,3867
275967421,3872
275968421,3887
275969421,3873
275970421,3883
275971421,3858
275981841,3874
275982841,3879
275983841,3883
275984841,3867
275985841,3891
275986841,3884
275987841,3888
275988841,3852
275989841,3859
275990841,3876
275991841,3873
275992841,3877
275993841,3888
275994841,3825
275995841,3871
275996841,3869
275997841,3881
275998841,3877
275999841,3879
276000841,3873
276001841,3872
276002841,3886
276003841,3883
276004841,3901
276015243,3878
276016243,3889
276017243,3877
276018243,3875
276019243,3934
276020243,3863
276021243,3858
276022243,3879
276023243,3865
276024243,3883
276025243,3877
276026243,3870
276027243,3866
276028243,3867
276029243,3859
276030243,3889
276031243,3873
276032243,3877
276033243,3875
276034243,3871
276035243,3873
276036243,3865
276037243,3886
276038243,3870
276048663,3861
276049663,3870
276050663,3873
276051663,3863
276052663,3913
276053663,3899
276054663,3873
276055663,3898
276056663,3886
276057663,3881
276058663,3877
276059663,3882
276060663,3869
276061663,3888
276062663,3873
276063663,3882
276064663,3873
276065663,3883
276066663,3919
276067663,3873
276068663,3883
276069663,3873
276070663,3853
276071663,3888
276072663,3869
276083056,3875
276084056,3889
276085056,3867
276086056,3877
276087056,3887
276088056,3857
276089056,3862
276090056,3856
276091056,3879
276092056,3871
276093056,3882
276094056,3885
276095056,3883
276096056,3885
276097056,3876
276098056,3875
276099056,3873
276100056,3874
276101056,3861
276102056,3871
276103056,3863
276104056,3877
276105056,3874
276106056,3879
276116475,3888
276117475,3883
276118475,3873
276119475,3878
276120475,3866
276121475,3875
276122475,3867
276123475,3873
276124475,3865
276125475,3872
276126475,3881
276127475,3887
276128475,3857
276129475,3881
276130475,3905
276131475,3866
276132475,3876
276133475,3828
276134475,3873
276135475,3904
276136475,3874
276137475,3905
276138475,3873
276139475,3913
276149895,3937
276150895,3839
276151895,3874
276152895,3883
276153895,3869
276154895,3884
276155895,3874
276156895,3878
276157895,3818
276158895,3855
276159895,3878
276160895,3878
276161895,3867
276162895,3874
276163895,3866
276164895,3888
276165895,3885
276166895,3875
276167895,3876
276168895,3867
276169895,3873
276170895,3865
276171895,3873
276172895,3913
276183298,3891
276184298,3866
276185298,3872
276186298,3883
276187298,3859
276188298,3873
276189298,3873
276190298,3913
276191298,3867
276192298,3879
276193298,3891
276194298,3867
276195298,3919
276196298,3853
276197298,3831
276198298,3859
276199298,3874
276200298,3877
276201298,3841
276202298,3874
276203298,3881
276204298,3881
276205298,3884
276206298,3875
276216717,3863
276217717,3850
276218717,3882
276219717,3872
276220717,3865
276221717,3874
276222717,3881
276223717,3883
276224717,3881
276225717,3933
276226717,3865
276227717,3870
276228717,3883
276229717,3907
276230717,3887
276231717,3868
276232717,3877
276233717,3871
276234717,3871
276235717,3891
276236717,3871
276237717,3881
276238717,3869
276239717,3884
276240717,3867
276251109,3909
276252109,3878
276253109,3874
276254109,3857
276255109,3863
276256109,3869
276257109,3885
276258109,3874
276259109,3875
276260109,3872
276261109,3861
276262109,3875
276263109,3812
276264109,3871
276265109,3869
276266109,3924
276267109,3860
276268109,3870
276269109,3899
276270109,3883
276271109,3872
276272109,3878
276273109,3873
276274109,3873
276284529,3882
276285529,3871
276286529,3863
276287529,3886
276288529,3808
276289529,3873
276290529,3869
276291529,3911
276292529,3835
276293529,3909
276294529,3886
276295529,3878
276296529,3882
276297529,3878
276298529,3861
276299529,3865
276300529,3856
276301529,3872
276302529,3874
276303529,3863
276304529,3871
276305529,3876
276306529,3881
276307529,3863
276317949,3867
276318949,3859
276319949,3883
276320949,3870
276321949,3851
276322949,3879
276323949,3866
276324949,3877
276325949,3859
276326949,3819
276327949,3867
276328949,3872
276329949,3864
276330949,3883
276331949,3867
276332949,3861
276333949,3874
276334949,3877
276335949,3885
276336949,3872
276337949,3871
276338949,3888
276339949,3879
276340949,3870
276351352,3867
276352352,3879
276353352,3856
276354352,3881
276355352,3879
276356352,3875
276357352,3862
276358352,3879
276359352,3853
276360352,3803
276361352,3884
276362352,3856
276363352,3856
276364352,3866
276365352,3879
276366352,3873
276367352,3873
276368352,3870
276369352,3863
276370352,3865
276371352,3871
276372352,3879
276373352,3870
276374352,3877
276384771,3863
276385771,3871
276386771,3920
276387771,3842
276388771,3871
276389771,3893
276390771,3888
276391771,3897
276392771,3863
276393771,3889
276394771,3876
276395771,3888
276396771,3887
276397771,3883
276398771,3888
276399771,3866
276400771,3858
276401771,3878
276402771,3886
276403771,3880
276404771,3858
276405771,3877
276406771,3871
276407771,3871
276408771,3866
276419163,3867
276420163,3859
276421163,3873
276422163,3920
276423163,3878
276424163,3859
276425163,3887
276426163,3888
276427163,3888
276428163,3882
276429163,3868
276430163,3861
276431163,3871
276432163,3868
276433163,3841
276434163,3874
276435163,3894
276436163,3873
276437163,3873
276438163,3875
276439163,3875
276440163,3873
276441163,3882
276442163,3869
276452586,3891
276453586,3846
276454586,3867
276455586,3873
276456586,3879
276457586,3871
276458586,3876
276459586,3873
276460586,3862
276461586,3885
276462586,3868
276463586,3865
276464586,3872
276465586,3856
276466586,3867
276467586,3861
276468586,3872
276469586,3875
276470586,3874
276471586,3874
276472586,3859
276473586,3872
276474586,3870
276475586,3856
276486003,3869
276487003,3878
276488003,3862
276489003,3883
276490003,3886
276491003,3867
276492003,3865
276493003,3882
276494003,3872
276495003,3872
276496003,3861
276497003,3883
276498003,3860
276499003,3881
276500003,3856
276501003,3867
276502003,3867
276503003,3877
276504003,3871
276505003,3873
276506003,3877
276507003,3883
276508003,3873
276509003,3870
276519405,3906
276520405,3854
276521405,3877
276522405,3882
276523405,3879
276524405,3873
276525405,3872
276526405,3875
276527405,3858
276528405,3851
276529405,3856
276530405,3877
276531405,3867
276532405,3857
276533405,3883
276534405,3872
276535405,3866
276536405,3865
276537405,3875
276538405,3872
276539405,3884
276540405,3872
276541405,3871
276542405,3867
276552825,3875
276553825,3866
276554825,3872
276555825,3890
276556825,3875
276557825,3858
276558825,3865
276559825,3858
276560825,3856
276561825,3866
276562825,3874
276563825,3865
276564825,3874
276565825,3857
276566825,3887
276567825,3864
276568825,3885
276569825,3809
276570825,3874
276571825,3887
276572825,3882
276573825,3867
276574825,3878
276575825,3882
276576825,3858
276587223,3873
276588223,3889
276589223,3838
276590223,3920
276591224,3874
276592224,3875
276593224,3866
276594224,3877
276595224,3887
276596224,3885
276597224,3883
276598224,3871
276599224,3881
276600224,3875
276601224,3825
276602224,3913
276603224,3867
276604224,3875
276605224,3877
276606224,3852
276607224,3875
276608224,3875
276609224,3859
276610224,3873
276620637,3885
276621637,3883
276622637,3872
276623637,3865
276624637,3883
276625637,3863
276626637,3879
276627637,3888
276628637,3890
276629637,3883
276630637,3876
276631637,3891
276632637,3868
276633637,3875
276634637,3872
276635637,3862
276636637,3869
276637637,3874
276638637,3877
276639637,3866
276640637,3881
276641637,3888
276642637,3857
276643637,3863
276654057,3866
276655057,3858
276656057,3873
276657057,3892
276658057,3866
276659057,3874
276660057,3877
276661057,3869
276662057,3878
276663057,3871
276664057,3883
276665057,3868
276666057,3875
276667057,3870
276668057,3879
276669057,3872
276670057,3877
276671057,3873
276672057,3863
276673057,3869
276674057,3869
276675057,3886
276676057,3862
276677057,3879
276687459,3859
276688459,3867
276689459,3868
276690459,3871
276691459,3868
276692459,3872
276693459,3883
276694459,3875
276695459,3874
276696459,3831
276697459,3865
276698459,3883
276699459,3950
276700459,3870
276701459,3887
276702459,3872
276703459,3875
276704459,3866
276705459,3879
276706459,3901
276707459,3857
276708459,3874
276709459,3868
276710459,3899
276720879,3872
276721879,3854
276722879,3886
276723879,3871
276724879,3874
276725879,3877
276726879,3883
276727879,3878
276728879,3809
276729879,3867
276730879,3867
276731879,3862
276732879,3886
276733879,3881
276734879,3859
276735879,3888
276736879,3863
276737879,3838
276738879,3949
276739879,3859
276740879,3890
276741879,3869
276742879,3878
276743879,3859
276744879,3841
276755271,3871
276756271,3879
276757271,3872
276758271,3867
276759271,3878
276760271,3879
276761271,3876
276762271,3871
276763271,3873
276764271,3887
276765271,3883
276766271,3882
276767271,3883
276768271,3879
276769271,3869
276770271,3872
276771271,3865
276772271,3867
276773271,3875
276774271,3883
276775271,3874
276776271,3885
276777271,3875
276778271,3874
276788691,3873
276789691,3908
276790691,3869
276791691,3917
276792691,3878
276793691,3886
276794691,3866
276795691,3895
276796691,3888
276797691,3852
276798691,3862
276799691,3883
276800691,3860
276801691,3869
276802691,3867
276803691,3879
276804691,3869
276805691,3911
276806691,3876
276807691,3871
276808691,3817
276809691,3879
276810691,3886
276811691,3871
276822110,3867
276823110,3857
276824110,3863
276825110,3879
276826110,3873
276827110,3859
276828110,3868
276829110,3861
276830110,3868
276831110,3868
276832110,3883
276833110,3876
276834110,3871
276835110,3866
276836110,3872
276837110,3861
276838110,3872
276839110,3878
276840110,3863
276841110,3865
276842110,3865
276843110,3876
276844110,3869
276845110,3874
276855513,3888
276856513,3871
276857513,3859
276858513,3863
276859513,3877
276860513,3865
276861513,3866
276862513,3860
276863513,3873
276864513,3865
276865513,3861
276866513,3851
276867513,3863
276868513,3858
276869513,3888
276870513,3869
276871513,3875
276872513,3866
276873513,3884
276874513,3879
276875513,3871
276876513,3813
276877513,3859
276878513,3851
276888933,3863
276889933,3875
276890933,3863
276891933,3857
276892933,3872
276893933,3863
276894933,3879
276895933,3881
276896933,3797
276897933,3859
276898933,3872
276899933,3826
276900933,3883
276901933,3877
276902933,3887
276903933,3870
276904933,3879
276905933,3882
276906933,3863
276907933,3856
276908933,3857
276909933,3877
276910933,3861
276911933,3870
276912933,3856
276923325,3865
276924325,3863
276925325,3865
276926325,3888
276927325,3872
276928325,3875
276929325,3879
276930325,3865
276931325,3866
276932325,3887
276933325,3874
276934325,3856
276935325,3877
276936325,3891
276937325,3873
276938325,3884
276939325,3865
276940325,3867
276941325,3863
276942325,3896
276943325,3889
276944325,3867
276945325,3869
276946325,3862
276956745,3850
276957745,3881
276958745,3862
276959745,3867
276960745,3878
276961745,3874
276962745,3877
276963745,3877
276964745,3883
276965745,3877
276966745,3861
276967745,3894
276968745,3863
276969745,3859
276970745,3873
276971745,3873
276972745,3878
276973745,3873
276974745,3875
276975745,3881
276976745,3882
276977745,3875
276978745,3872
276979745,3855
276990164,3868
276991164,3862
276992164,3897
276993164,3873
276994164,3872
276995164,3870
276996164,3869
276997164,3883
276998164,3870
276999164,3879
277000164,3856
277001164,3873
277002164,3867
277003164,3865
277004164,3872
277005164,3860
277006164,3866
277007164,3876
277008164,3889
277009164,3858
277010164,3879
277011164,3886
277012164,3856
277013164,3884
277023570,3823
277024570,3862
277025570,3888
277026570,3867
277027570,3870
277028570,3866
277029570,3867
277030570,3871
277031570,3886
277032570,3889
277033570,3870
277034570,3874
277035570,3883
277036570,3871
277037570,3887
277038570,3863
277039570,3874
277040570,3865
277041570,3872
277042570,3871
277043570,3885
277044570,3918
277045570,3860
277046570,3883
277056987,3875
277057987,3867
277058987,3878
277059987,3877
277060987,3870
277061987,3889
277062987,3887
277063987,3885
277064987,3881
277065987,3884
277066987,3870
277067987,3877
277068987,3877
277069987,3881
277070987,3877
277071987,3870
277072987,3879
277073987,3873
277074987,3888
277075987,3871
277076987,3876
277077987,3873
277078987,3882
277079987,3875
277080987,3869
277091379,3881
277092379,3856
277093379,3864
277094379,3853
277095379,3875
277096379,3869
277097379,3855
277098379,3878
277099379,3855
277100379,3865
277101379,3867
277102379,3866
277103379,3873
277104379,3857
277105379,3859
277106379,3887
277107379,3885
277108379,3881
277109379,3879
277110379,3872
277111379,3867
277112379,3867
277113379,3868
277114379,3885
277124798,3858
277125798,3854
277126798,3860
277127798,3863
277128798,3867
277129798,3856
277130798,3869
277131798,3857
277132798,3869
277133798,3883
277134798,3873
277135798,3875
277136798,3862
277137798,3882
277138798,3873
277139798,3867
277140798,3893
277141798,3863
277142798,3863
277143798,3790
277144798,3867
277145798,3879
277146798,3872
277147798,3858
277158223,3847
277159223,3931
277160223,3873
277161223,3853
277162223,3846
277163223,3887
277164224,3872
277165224,3870
277166224,3824
277167224,3877
277168224,3875
277169224,3873
277170224,3875
277171224,3863
277172224,3856
277173224,3888
277174224,3883
277175224,3861
277176224,3861
277177224,3860
277178224,3871
277179224,3870
277180224,3863
277181224,3859
277191621,3810
277192621,3869
277193621,3884
277194621,3873
277195621,3867
277196621,3888
277197621,3858
277198621,3883
277199621,3887
277200621,3863
277201621,3883
277202621,3881
277203621,3867
277204621,3888
277205621,3869
277206621,3888
277207621,3843
277208621,3877
277209621,3867
277210621,3874
277211621,3873
277212621,3869
277213621,3865
277214621,3869
277225041,3882
277226041,3873
277227041,3906
277228041,3869
277229041,3866
277230041,3870
277231041,3861
277232041,3887
277233041,3879
277234041,3888
277235041,3863
277236041,3860
277237041,3857
277238041,3872
277239041,3857
277240041,3870
277241041,3856
277242041,3866
277243041,3873
277244041,3879
277245041,3873
277246041,3858
277247041,3879
277248041,3839
277249041,3857
277259442,3874
277260442,3875
277261442,3883
277262442,3876
277263442,3867
277264442,3875
277265442,3889
277266442,3878
277267442,3856
277268442,3856
277269442,3859
277270442,3868
277271442,3871
277272442,3879
277273442,3883
277274442,3862
277275442,3883
277276442,3871
277277442,3854
277278442,3874
277279442,3853
277280442,3870
277281442,3876
277282442,3865
277292852,3361
277293852,3279
277294852,3206
277295852,3162
277296852,3252
277297852,3467
277298852,3787
277299852,3885
277300852,3863
277301852,3881
277302852,3872
277303852,3885
277304852,3866
277305852,3874
277306852,3927
277307852,3877
277308852,3875
277309852,3888
277310852,3860
277311852,3871
277312852,3861
277313852,3869
277314852,3888
277315852,3856
277326272,3867
277327272,3869
277328272,3883
277329272,3873
277330272,3869
277331272,3862
277332272,3866
277333272,3856
277334272,3866
277335272,3856
277336272,3867
277337272,3878
277338272,3863
277339272,3883
277340272,3872
277341272,3856
277342272,3897
277343272,3859
277344272,3794
277345272,3714
277346272,3621
277347272,3605
277348272,3583
277349272,3504
277359675,3120
277360675,3088
277361675,3055
277362675,2992
277363675,2951
277364675,2887
277365675,2825
277366675,2762
277367675,2705
277368675,2685
277369675,2736
277370675,2897
277371675,3184
277372675,3472
277373675,3694
277374675,3742
277375675,3693
277376675,3787
277377675,3873
277378675,3861
277379675,3877
277380675,3859
277381675,3877
277382675,3870
277393094,3851
277394094,3794
277395094,3760
277396094,3801
277397094,3856
277398094,3858
277399094,3856
277400094,3853
277401094,3797
277402094,3712
277403094,3846
277404094,3865
277405094,3855
277406094,3860
277407094,3862
277408094,3887
277409094,3867
277410094,3866
277411094,3895
277412094,3855
277413094,3877
277414094,3870
277415094,3860
277416094,3863
277417094,3869
277427487,3856
277428487,3871
277429487,3862
277430487,3859
277431487,3866
277432487,3890
277433487,3853
277434487,3874
277435487,3862
277436487,3872
277437487,3865
277438487,3870
277439487,3856
277440487,3877
277441487,3882
277442487,3878
277443487,3871
277444487,3856
277445487,3870
277446487,3857
277447487,3873
277448487,3875
277449487,3873
277450487,3845
277460906,3857
277461906,3872
277462906,3871
277463906,3865
277464906,3865
277465906,3872
277466906,3863
277467906,3860
277468906,3873
277469906,3872
277470906,3864
277471906,3871
277472906,3883
277473906,3856
277474906,3859
277475906,3879
277476906,3871
277477906,3867
277478906,3873
277479906,3870
277480906,3875
277481906,3873
277482906,3881
277483906,3863
277494326,3871
277495326,3873
277496326,3885
277497326,3870
277498326,3894
277499326,3888
277500326,3909
277501326,3806
277502326,3873
277503326,3861
277504326,3861
277505326,3871
277506326,3879
277507326,3877
277508326,3869
277509326,3825
277510326,3871
277511326,3884
277512326,3869
277513326,3887
277514326,3881
277515326,3872
277516326,3877
277517326,3873
277527729,3881
277528729,3888
277529729,3878
277530729,3872
277531729,3875
277532729,3857
277533729,3879
277534729,3881
277535729,3879
277536729,3873
277537729,3862
277538729,3871
277539729,3871
277540729,3870
277541729,3858
277542729,3861
277543729,3881
277544729,3861
277545729,3873
277546729,3856
277547729,3884
277548729,3876
277549729,3824
277550729,3893
277561148,3888
277562148,3870
277563148,3867
277564148,3869
277565148,3870
277566148,3875
277567148,3875
277568148,3865
277569148,3856
277570148,3865
277571148,3889
277572148,3874
277573148,3869
277574148,3873
277575148,3877
277576148,3879
277577148,3868
277578148,3861
277579148,3877
277580148,3856
277581148,3862
277582148,3859
277583148,3856
277584148,3873
277585148,3857
277595540,3877
277596540,3867
277597540,3837
277598540,3859
277599540,3886
277600540,3867
277601540,3871
277602540,3884
277603540,3867
277604540,3857
277605540,3874
277606540,3856
277607540,3867
277608540,3855
277609540,3873
277610540,3857
277611540,3873
277612540,3886
277613540,3865
277614540,3863
277615540,3869
277616540,3882
277617540,3862
277618540,3867
277628960,3247
277629960,3202
277630960,3174
277631960,3101
277632960,3025
277633960,2965
277634960,2959
277635960,2941
277636960,2866
277637960,2831
277638960,2790
277639960,2800
277640960,2827
277641960,2896
277642960,2917
277643960,2928
277644960,2951
277645960,2956
277646960,2898
277647960,2829
277648960,2772
277649960,2770
277650960,2832
277651960,2927
277662380,3205
277663380,3301
277664380,3294
277665380,3247
277666380,3280
277667380,3421
277668380,3642
277669380,3777
277670380,3833
277671380,3799
277672380,3675
277673380,3631
277674380,3607
277675380,3536
277676380,3515
277677380,3461
277678380,3381
277679380,3326
277680380,3295
277681380,3325
277682380,3314
277683380,3255
277684380,3189
277685380,3149
277695783,2877
277696783,2896
277697783,2950
277698783,3033
277699783,3069
277700783,3015
277701783,3056
277702783,3195
277703783,3326
277704783,3374
277705783,3311
277706783,3291
277707783,3376
277708783,3427
277709783,3475
277710783,3481
277711783,3385
277712783,3371
277713783,3455
277714783,3662
277715783,3810
277716783,3841
277717783,3737
277718783,3745
277729202,3381
277730202,3308
277731202,3252
277732202,3226
277733202,3211
277734202,3171
277735202,3117
277736202,3055
277737202,3056
277738202,3065
277739202,3088
277740202,3109
277741202,3058
277742202,3014
277743202,3019
277744202,3071
277745202,3123
277746202,3135
277747202,3059
277748202,3007
277749202,2978
277750202,2929
277751202,2865
277752202,2803
277753202,2741
277763595,2677
277764595,2653
277765595,2720
277766595,2811
277767595,2901
277768595,2959
277769595,2920
277770595,2903
277771595,2923
277772595,2951
277773595,2948
277774595,2927
277775595,2887
277776595,2880
277777595,2864
277778595,2849
277779595,2805
277780595,2758
277781595,2739
277782595,2736
277783595,2695
277784595,2745
277785595,2813
277786595,2831
277797014,3331
277798014,3244
277799014,3165
277800014,3095
277801014,3020
277802014,2965
277803014,2951
277804014,2946
277805014,2936
277806014,2891
277807014,2864
277808014,2853
277809014,2830
277810014,2775
277811014,2730
277812014,2681
277813014,2643
277814014,2659
277815014,2705
277816014,2736
277817014,2752
277818014,2713
277819014,2727
277820014,2779
277830434,2559
277831434,2559
277832434,2601
277833434,2559
277834434,2559
277835434,2496
277836434,2455
277837434,2421
277838434,2386
277839434,2347
277840434,2309
277841434,2259
277842434,2227
277843434,2284
277844434,2433
277845434,2535
277846434,2517
277847434,2640
277848434,2799
277849434,2915
277850434,2898
277851434,2949
277852434,3089
277853434,3177
277863836,2992
277864836,2960
277865836,2919
277866836,2998
277867836,3083
277868836,3120
277869836,3116
277870836,3049
277871836,3023
277872836,3153
277873836,3239
277874836,3327
277875836,3394
277876836,3392
277877836,3361
277878836,3297
277879836,3240
277880836,3179
277881836,3122
277882836,3051
277883836,2992
277884836,2960
277885836,2906
277886836,2867
277897256,2717
277898256,2753
277899256,2762
277900256,2720
277901256,2709
277902256,2735
277903256,2719
277904256,2674
277905256,2637
277906256,2618
277907256,2623
277908256,2594
277909256,2544
277910256,2512
277911256,2544
277912256,2585
277913256,2640
277914256,2655
277915256,2612
277916256,2559
277917256,2537
277918256,2506
277919256,2469
277920256,2432
277921256,2406
277931648,2147
277932648,2113
277933648,2121
277934648,2177
277935648,2256
277936648,2265
277937648,2288
277938648,2268
277939648,2321
277940648,2460
277941648,2550
277942648,2528
277943648,2546
277944648,2559
277945648,2559
277946648,2529
277947648,2513
277948648,2559
277949648,2611
277950648,2672
277951648,2708
277952648,2661
277953648,2703
277954648,2783
277965068,3427
277966068,3344
277967068,3264
277968068,3190
277969068,3117
277970068,3066
277971068,3015
277972068,2939
277973068,2929
277974068,2960
277975068,2960
277976068,2927
277977068,2871
277978068,2797
277979068,2746
277980068,2703
277981068,2639
277982068,2617
277983068,2643
277984068,2668
277985068,2655
277986068,2625
277987068,2559
277988068,2512
277998488,2432
277999488,2385
278000488,2337
278001488,2277
278002488,2229
278003488,2207
278004488,2179
278005488,2117
278006488,2099
278007488,2166
278008488,2258
278009488,2381
278010488,2438
278011488,2433
278012488,2459
278013488,2559
278014488,2623
278015488,2589
278016488,2650
278017488,2758
278018488,2815
278019488,2806
278020488,2765
278021488,2831
278031890,2723
278032890,2711
278033890,2661
278034890,2647
278035890,2659
278036890,2661
278037890,2622
278038890,2602
278039890,2592
278040890,2541
278041890,2503
278042890,2525
278043890,2590
278044890,2640
278045890,2704
278046890,2711
278047890,2693
278048890,2667
278049890,2615
278050890,2554
278051890,2533
278052890,2480
278053890,2431
278054890,2386
278065310,2480
278066310,2416
278067310,2395
278068310,2384
278069310,2403
278070310,2387
278071310,2363
278072310,2305
278073310,2277
278074310,2219
278075310,2180
278076310,2133
278077310,2156
278078310,2211
278079310,2277
278080310,2301
278081310,2294
278082310,2260
278083310,2237
278084310,2195
278085310,2161
278086310,2133
278087310,2137
278088310,2153
278089310,2114
278099702,2096
278100702,2061
278101702,2001
278102702,1969
278103702,1949
278104702,1893
278105702,1868
278106702,1833
278107702,1823
278108702,1815
278109702,1792
278110702,1772
278111702,1727
278112702,1707
278113702,1699
278114702,1700
278115702,1648
278116702,1612
278117702,1571
278118702,1553
278119702,1535
278120702,1565
278121702,1649
278122702,1695
278133122,1973
278134122,2013
278135122,2089
278136122,2155
278137122,2185
278138122,2161
278139122,2112
278140122,2069
278141122,2064
278142122,2079
278143122,2067
278144122,2064
278145122,2113
278146122,2128
278147122,2111
278148122,2092
278149122,2129
278150122,2224
278151122,2332
278152122,2349
278153122,2351
278154122,2447
278155122,2627
278156122,2761
278166541,3371
278167541,3339
278168541,3383
278169541,3487
278170541,3595
278171541,3665
278172541,3632
278173541,3534
278174541,3545
278175541,3636
278176541,3703
278177541,3712
278178541,3619
278179541,3523
278180541,3504
278181541,3440
278182541,3347
278183541,3280
278184541,3223
278185541,3143
278186541,3104
278187541,3114
278188541,3150
278189541,3139
278199944,2687
278200944,2757
278201944,2773
278202944,2731
278203944,2727
278204944,2749
278205944,2779
278206944,2769
278207944,2736
278208944,2670
278209944,2677
278210944,2640
278211944,2603
278212944,2559
278213944,2514
278214944,2448
278215944,2405
278216944,2377
278217944,2339
278218944,2311
278219944,2256
278220944,2242
278221944,2241
278222944,2250
278233364,2054
278234364,2043
278235364,2065
278236364,2113
278237364,2179
278238364,2224
278239364,2192
278240364,2194
278241364,2268
278242364,2387
278243364,2469
278244364,2509
278245364,2482
278246364,2460
278247364,2429
278248364,2389
278249364,2354
278250364,2315
278251364,2289
278252364,2287
278253364,2284
278254364,2269
278255364,2249
278256364,2241
278257364,2241
278267756,2180
278268756,2206
278269756,2204
278270756,2147
278271756,2128
278272756,2135
278273756,2160
278274756,2264
278275756,2346
278276756,2331
278277756,2370
278278756,2421
278279756,2411
278280756,2387
278281756,2419
278282756,2510
278283756,2593
278284756,2651
278285756,2637
278286756,2593
278287756,2555
278288756,2525
278289756,2479
278290756,2435
278301176,2918
278302176,3045
278303176,3172
278304176,3308
278305176,3410
278306176,3451
278307176,3371
278308176,3299
278309176,3254
278310176,3184
278311176,3134
278312176,3029
278313176,2963
278314176,2906
278315176,2842
278316176,2800
278317176,2737
278318176,2685
278319176,2627
278320176,2559
278321176,2511
278322176,2505
278323176,2498
278324176,2559
278334596,3470
278335596,3651
278336596,3751
278337596,3695
278338596,3568
278339596,3474
278340596,3391
278341596,3314
278342596,3301
278343596,3281
278344596,3264
278345596,3235
278346596,3178
278347596,3193
278348596,3433
278349596,3711
278350596,3883
278351596,3844
278352596,3843
278353596,3857
278354596,3869
278355596,3861
278356596,3869
278357596,3859
278367998,3871
278368998,3864
278369998,3866
278370998,3877
278371998,3862
278372998,3863
278373998,3859
278374998,3868
278375998,3878
278376998,3856
278377998,3869
278378998,3857
278379998,3854
278380998,3735
278381998,3666
278382998,3579
278383998,3478
278384998,3388
278385998,3385
278386998,3422
278387998,3437
278388998,3376
278389998,3295
278390998,3211
278401418,3215
278402418,3170
278403418,3095
278404418,3042
278405418,3035
278406418,3085
278407418,3152
278408418,3247
278409418,3305
278410418,3310
278411418,3265
278412418,3201
278413418,3136
278414418,3094
278415418,3167
278416418,3296
278417418,3402
278418418,3522
278419418,3856
278420418,3874
278421418,3856
278422418,3872
278423418,3859
278424418,3887
278425418,3867
278435810,3870
278436810,3879
278437810,3879
278438810,3872
278439810,3803
278440810,3907
278441810,3874
278442810,3877
278443810,3886
278444810,3871
278445810,3861
278446810,3873
278447810,3877
278448810,3868
278449810,3879
278450810,3885
278451810,3879
278452810,3851
278453810,3881
278454810,3875
278455810,3874
278456810,3887
278457810,3877
278458810,3873
278469238,3874
278470238,3871
278471238,3831
278472238,3850
278473238,3878
278474238,3863
278475238,3865
278476238,3874
278477238,3883
278478238,3865
278479238,3861
278480238,3856
278481238,3876
278482238,3867
278483238,3867
278484238,3875
278485238,3867
278486238,3856
278487238,3868
278488238,3891
278489238,3891
278490238,3869
278491238,3927
278492238,3857
278502649,3865
278503649,3872
278504649,3873
278505649,3887
278506649,3875
278507649,3858
278508649,3876
278509649,3878
278510649,3864
278511649,3888
278512649,3871
278513649,3877
278514649,3867
278515649,3863
278516649,3856
278517649,3856
278518649,3878
278519649,3872
278520649,3873
278521649,3867
278522649,3875
278523649,3875
278524649,3874
278525649,3882
278536052,3886
278537052,3880
278538052,3851
278539052,3875
278540052,3869
278541052,3840
278542052,3872
278543052,3863
278544052,3867
278545052,3855
278546052,3863
278547052,3844
278548052,3872
278549052,3875
278550052,3872
278551052,3862
278552052,3856
278553052,3856
278554052,3873
278555052,3865
278556052,3898
278557052,3882
278558052,3873
278559052,3883
278569472,3878
278570472,3863
278571472,3891
278572472,3866
278573472,3877
278574472,3874
278575472,3866
278576472,3871
278577472,3877
278578472,3879
278579472,3875
278580472,3862
278581472,3881
278582472,3872
278583472,3863
278584472,3870
278585472,3867
278586472,3870
278587472,3879
278588472,3856
278589472,3888
278590472,3881
278591472,3877
278592472,3904
278593472,3901
278603864,3879
278604864,3846
278605864,3904
278606864,3878
278607864,3879
278608864,3878
278609864,3879
278610864,3878
278611864,3879
278612864,3881
278613864,3921
278614864,3875
278615864,3876
278616864,3869
278617864,3879
278618864,3834
278619864,3868
278620864,3860
278621864,3865
278622864,3863
278623864,3888
278624864,3863
278625864,3874
278626864,3873
278637283,3861
278638283,3836
278639283,3839
278640283,3874
278641283,3879
278642283,3863
278643283,3870
278644283,3886
278645283,3883
278646283,3882
278647283,3862
278648283,3870
278649283,3888
278650283,3883
278651283,3889
278652283,3856
278653283,3866
278654283,3866
278655283,3877
278656283,3872
278657283,3876
278658283,3891
278659283,3888
278660283,3877
278670703,3885
278671703,3870
278672703,3875
278673703,3877
278674703,3869
278675703,3873
278676703,3873
278677703,3874
278678703,3865
278679703,3871
278680703,3865
278681703,3875
278682703,3884
278683703,3866
278684703,3871
278685703,3867
278686703,3871
278687703,3867
278688703,3883
278689703,3867
278690703,3835
278691703,3876
278692703,3886
278693703,3888
278704106,3888
278705106,3842
278706106,3868
278707106,3870
278708106,3874
278709106,3882
278710106,3874
278711106,3879
278712106,3871
278713106,3886
278714106,3870
278715106,3863
278716106,3875
278717106,3863
278718106,3889
278719106,3869
278720106,3886
278721106,3870
278722106,3869
278723106,3865
278724106,3863
278725106,3875
278726106,3888
278727106,3874
278737525,3868
278738525,3873
278739525,3886
278740525,3861
278741525,3879
278742525,3883
278743525,3886
278744525,3857
278745525,3881
278746525,3877
278747525,3876
278748525,3867
278749525,3874
278750525,3873
278751525,3877
278752525,3859
278753525,3873
278754525,3882
278755525,3873
278756525,3868
278757525,3883
278758525,3870
278759525,3879
278760525,3867
278761525,3889
278771918,3876
278772918,3877
278773918,3885
278774918,3877
278775918,3876
278776918,3888
278777918,3878
278778918,3871
278779918,3895
278780918,3877
278781918,3856
278782918,3872
278783918,3873
278784918,3870
278785918,3898
278786918,3867
278787918,3878
278788918,3875
278789918,3859
278790918,3871
278791918,3882
278792918,3865
278793918,3869
278794918,3854
278805337,3899
278806337,3861
278807337,3887
278808337,3868
278809337,3884
278810337,3901
278811337,3869
278812337,3870
278813337,3872
278814337,3874
278815337,3870
278816337,3871
278817337,3877
278818337,3863
278819337,3858
278820337,3883
278821337,3879
278822337,3875
278823337,3887
278824337,3877
278825337,3885
278826337,3871
278827337,3871
278828337,3867
278838757,3856
278839757,3874
278840757,3903
278841757,3887
278842757,3872
278843757,3873
278844757,3875
278845757,3871
278846757,3917
278847757,3876
278848757,3863
278849757,3884
278850757,3867
278851757,3877
278852757,3879
278853757,3901
278854757,3875
278855757,3875
278856757,3869
278857757,3875
278858757,3879
278859757,3867
278860757,3872
278861757,3853
278872160,3871
278873160,3886
278874160,3872
278875160,3873
278876160,3835
278877160,3873
278878160,3877
278879160,3923
278880160,3879
278881160,3879
278882160,3881
278883160,3871
278884160,3856
278885160,3869
278886160,3875
278887160,3871
278888160,3871
278889160,3861
278890160,3877
278891160,3869
278892160,3871
278893160,3874
278894160,3875
278895160,3887
278905580,3874
278906580,3869
278907580,3887
278908580,3886
278909580,3886
278910580,3890
278911580,3810
278912580,3879
278913580,3870
278914580,3900
278915580,3856
278916580,3877
278917580,3872
278918580,3878
278919580,3857
278920580,3874
278921580,3880
278922580,3869
278923580,3875
278924580,3875
278925580,3877
278926580,3888
278927580,3877
278928580,3878
278929580,3865
278939971,3877
278940971,3878
278941971,3872
278942971,3873
278943971,3893
278944971,3874
278945971,3881
278946971,3888
278947971,3888
278948971,3867
278949971,3869
278950971,3878
278951971,3861
278952971,3864
278953971,3872
278954971,3881
278955971,3877
278956971,3873
278957971,3884
278958971,3872
278959971,3860
278960971,3877
278961971,3882
278962971,3872
278973391,3892
278974391,3888
278975391,3874
278976391,3883
278977391,3869
278978391,3862
278979391,3873
278980391,3863
278981391,3873
278982391,3861
278983391,3885
278984391,3878
278985391,3871
278986391,3876
278987391,3881
278988391,3879
278989391,3868
278990391,3864
278991391,3869
278992391,3884
278993391,3899
278994391,3883
278995391,3861
278996391,3870
279006811,3881
279007811,3906
279008811,3843
279009811,3891
279010811,3879
279011811,3892
279012811,3871
279013811,3877
279014811,3873
279015811,3881
279016811,3873
279017811,3888
279018811,3875
279019811,3866
279020811,3873
279021811,3879
279022811,3869
279023811,3903
279024811,3872
279025811,3881
279026811,3888
279027811,3869
279028811,3876
279029811,3887
279040214,3882
279041214,3866
279042214,3834
279043214,3876
279044214,3863
279045214,3881
279046214,3877
279047214,3887
279048214,3858
279049214,3869
279050214,3873
279051214,3875
279052214,3872
279053214,3840
279054214,3868
279055214,3878
279056214,3883
279057214,3881
279058214,3868
279059214,3863
279060214,3878
279061214,3930
279062214,3875
279063214,3871
279073633,3868
279074633,3880
279075633,3882
279076633,3881
279077633,3881
279078633,3878
279079633,3901
279080633,3903
279081633,3869
279082633,3870
279083633,3878
279084633,3868
279085633,3867
279086633,3878
279087633,3877
279088633,3879
279089633,3876
279090633,3873
279091633,3871
279092633,3871
279093633,3875
279094633,3867
279095633,3890
279096633,3874
279097633,3874
279108025,3867
279109025,3862
279110025,3869
279111025,3882
279112025,3869
279113025,3873
279114025,3859
279115025,3875
279116025,3872
279117025,3867
279118025,3868
279119025,3859
279120025,3878
279121025,3863
279122025,3869
279123025,3875
279124025,3872
279125025,3872
279126025,3867
279127025,3873
279128025,3870
279129025,3872
279130025,3881
279131025,3883
279141445,3878
279142445,3875
279143445,3877
279144445,3878
279145445,3860
279146445,3886
279147445,3866
279148445,3876
279149445,3873
279150445,3877
279151445,3867
279152445,3871
279153445,3869
279154445,3868
279155445,3917
279156445,3869
279157445,3870
279158445,3882
279159445,3877
279160445,3872
279161445,3873
279162445,3873
279163445,3871
279164445,3870
279174865,3876
279175865,3867
279176865,3873
279177865,3866
279178865,3871
279179865,3870
279180865,3875
279181865,3877
279182865,3886
279183865,3887
279184865,3883
279185865,3856
279186865,3866
279187865,3894
279188865,3875
279189865,3874
279190865,3886
279191865,3862
279192865,3869
279193865,3854
279194865,3885
279195865,3883
279196865,3872
279197865,3867
279208267,3856
279209267,3879
279210267,3878
279211267,3888
279212267,3853
279213267,3883
279214267,3903
279215267,3887
279216267,3875
279217267,3887
279218267,3849
279219267,3879
279220267,3847
279221267,3873
279222267,3858
279223267,3879
279224267,3875
279225267,3889
279226267,3869
279227267,3869
279228267,3873
279229267,3878
279230267,3889
279231267,3867
279241687,3886
279242687,3870
279243687,3876
279244687,3859
279245687,3882
279246687,3875
279247687,3879
279248687,3865
279249687,3889
279250687,3878
279251687,3871
279252687,3877
279253687,3871
279254687,3879
279255687,3881
279256687,3876
279257687,3858
279258687,3872
279259687,3878
279260687,3881
279261687,3881
279262687,3875
279263687,3879
279264687,3881
279265687,3881
279276079,3885
279277079,3879
279278079,3879
279279079,3883
279280079,3867
279281079,3871
279282079,3882
279283079,3875
279284079,3884
279285079,3861
279286079,3880
279287079,3877
279288079,3881
279289079,3881
279290079,3885
279291079,3858
279292079,3875
279293079,3878
279294079,3890
279295079,3877
279296079,3883
279297079,3883
279298079,3875
279299079,3874
279309499,3877
279310499,3873
279311499,3883
279312499,3877
279313499,3882
279314499,3885
279315499,3877
279316499,3877
279317499,3879
279318499,3884
279319499,3884
279320499,3871
279321499,3875
279322499,3878
279323499,3874
279324499,3878
279325499,3879
279326499,3879
279327499,3871
279328499,3888
279329499,3883
279330499,3886
279331499,3893
279332499,3875
279342919,3874
279343919,3873
279344919,3861
279345919,3886
279346919,3807
279347919,3875
279348919,3877
279349919,3876
279350919,3871
279351919,3888
279352919,3879
279353919,3874
279354919,3868
279355919,3900
279356919,3866
279357919,3826
279358919,3877
279359919,3885
279360919,3873
279361919,3883
279362919,3872
279363919,3871
279364919,3873
279365919,3887
279376321,3898
279377321,3881
279378321,3898
279379321,3874
279380321,3882
279381321,3888
279382321,3873
279383321,3873
279384321,3881
279385321,3884
279386321,3868
279387321,3878
279388321,3867
279389321,3872
279390321,3859
279391321,3872
279392321,3875
279393321,3866
279394321,3870
279395321,3862
279396321,3860
279397321,3883
279398321,3867
279399321,3879
279409741,3826
279410741,3870
279411741,3885
279412741,3873
279413741,3889
279414741,3881
279415741,3882
279416741,3882
279417741,3887
279418741,3867
279419741,3878
279420741,3870
279421741,3865
279422741,3877
279423741,3887
279424741,3866
279425741,3871
279426741,3862
279427741,3883
279428741,3885
279429741,3873
279430741,3861
279431741,3918
279432741,3869
279433741,3885
279444133,3878
279445133,3885
279446133,3877
279447133,3871
279448133,3871
279449133,3842
279450133,3878
279451133,3879
279452133,3888
279453133,3881
279454133,3869
279455133,3897
279456133,3871
279457133,3907
279458133,3888
279459133,3879
279460133,3868
279461133,3872
279462133,3866
279463133,3883
279464133,3881
279465133,3883
279466133,3867
279467133,3872
279477554,3883
279478554,3883
279479554,3860
279480554,3887
279481554,3865
279482554,3875
279483554,3878
279484554,3889
279485554,3888
279486554,3885
279487554,3858
279488554,3888
279489554,3869
279490554,3869
279491554,3875
279492554,3863
279493554,3868
279494554,3869
279495554,3847
279496554,3859
279497554,3870
279498554,3873
279499554,3869
279500554,3882
279510972,3866
279511972,3855
279512972,3885
279513972,3857
279514972,3887
279515972,3853
279516972,3880
279517972,3886
279518972,3887
279519972,3877
279520972,3890
279521972,3882
279522972,3873
279523972,3879
279524972,3873
279525972,3863
279526972,3883
279527972,3883
279528972,3875
279529972,3873
279530972,3869
279531972,3857
279532972,3873
279533972,3872
279544375,3871
279545375,3885
279546375,3865
279547375,3873
279548375,3888
279549375,3871
279550375,3878
279551375,3885
279552375,3879
279553375,3884
279554375,3878
279555375,3866
279556375,3875
279557375,3885
279558375,3875
279559375,3876
279560375,3871
279561375,3859
279562375,3824
279563375,3897
279564375,3876
279565375,3867
279566375,3856
279567375,3883
279577795,3859
279578795,3893
279579795,3885
279580795,3873
279581795,3901
279582795,3806
279583795,3856
279584795,3888
279585795,3877
279586795,3872
279587795,3888
279588795,3872
279589795,3874
279590795,3883
279591795,3879
279592795,3880
279593795,3881
279594795,3874
279595795,3872
279596795,3858
279597795,3846
279598795,3861
279599795,3887
279600795,3885
279601795,3886
279612187,3871
279613187,3870
279614187,3879
279615187,3891
279616187,3876
279617187,3857
279618187,3873
279619187,3867
279620187,3888
279621187,3873
279622187,3869
279623187,3877
279624187,3878
279625187,3870
279626187,3868
279627187,3888
279628187,3879
279629187,3875
279630187,3887
279631187,3872
279632187,3883
279633187,3875
279634187,3857
279635187,3865
279645607,3881
279646607,3861
279647607,3870
279648607,3879
279649607,3872
279650607,3881
279651607,3870
279652607,3885
279653607,3886
279654607,3879
279655607,3910
279656607,3859
279657607,3869
279658607,3876
279659607,3874
279660607,3887
279661607,3877
279662607,3894
279663607,3886
279664607,3873
279665607,3886
279666607,3873
279667607,3874
279668607,3857
279679026,3883
279680026,3883
279681026,3875
279682026,3879
279683026,3867
279684026,3862
279685026,3872
279686026,3888
279687026,3876
279688026,3875
279689026,3871
279690026,3878
279691026,3873
279692026,3875
279693026,3882
279694026,3874
279695026,3870
279696026,3875
279697026,3875
279698026,3872
279699026,3862
279700026,3862
279701026,3881
279702026,3882
279712429,3884
279713429,3865
279714429,3876
279715429,3867
279716429,3881
279717429,3866
279718429,3877
279719429,3878
279720429,3865
279721429,3888
279722429,3888
279723429,3885
279724429,3889
279725429,3874
279726429,3839
279727429,3884
279728429,3905
279729429,3880
279730429,3883
279731429,3883
279732429,3899
279733429,3874
279734429,3894
279735429,3874
279745849,3887
279746849,3878
279747849,3879
279748849,3871
279749849,3877
279750849,3906
279751849,3888
279752849,3868
279753849,3872
279754849,3922
279755849,3887
279756849,3882
279757849,3875
279758849,3885
279759849,3889
279760849,3882
279761849,3868
279762849,3856
279763849,3885
279764849,3883
279765849,3881
279766849,3888
279767849,3887
279768849,3887
279769849,3903
279780249,3881
279781249,3950
279782249,3860
279783249,3889
279784249,3873
279785249,3886
279786249,3883
279787249,3874
279788249,3875
279789249,3884
279790249,3888
279791249,3866
279792249,3873
279793249,3882
279794249,3872
279795249,3889
279796249,3890
279797249,3870
279798249,3927
279799249,3871
279800249,3879
279801249,3868
279802249,3867
279803249,3873
279813660,3889
279814660,3885
279815660,3871
279816660,3874
279817660,3879
279818660,3875
279819660,3875
279820660,3861
279821660,3881
279822660,3877
279823660,3883
279824660,3856
279825660,3858
279826660,3871
279827660,3873
279828660,3887
279829660,3898
279830660,3883
279831660,3870
279832660,3840
279833660,3882
279834660,3873
279835660,3863
279836660,3870
279847080,3862
279848080,3863
279849080,3883
279850080,3873
279851080,3871
279852080,3887
279853080,3881
279854080,3858
279855080,3873
279856080,3874
279857080,3885
279858080,3876
279859080,3874
279860080,3879
279861080,3871
279862080,3873
279863080,3881
279864080,3871
279865080,3875
279866080,3888
279867080,3863
279868080,3859
279869080,3879
279870080,3884
279880483,3877
279881483,3889
279882483,3875
279883483,3885
279884483,3873
279885483,3873
279886483,3861
279887483,3904
279888483,3875
279889483,3879
279890483,3863
279891483,3875
279892483,3879
279893483,3857
279894483,3866
279895483,3863
279896483,3887
279897483,3874
279898483,3876
279899483,3879
279900483,3861
279901483,3859
279902483,3887
279903483,3861
279913903,3873
279914903,3769
279915903,3872
279916903,3865
279917903,3889
279918903,3869
279919903,3873
279920903,3877
279921903,3886
279922903,3861
279923903,3870
279924903,3883
279925903,3873
279926903,3884
279927903,3856
279928903,3881
279929903,3863
279930903,3877
279931903,3888
279932903,3877
279933903,3858
279934903,3874
279935903,3872
279936903,3877
279937903,3877
279948295,3873
279949295,3875
279950295,3869
279951295,3869
279952295,3857
279953295,3878
279954295,3861
279955295,3888
279956295,3881
279957295,3879
279958295,3879
279959295,3878
279960295,3866
279961295,3881
279962295,3872
279963295,3878
279964295,3888
279965295,3840
279966295,3889
279967295,3888
279968295,3882
279969295,3875
279970295,3903
279971295,3874
279981714,3869
279982714,3873
279983714,3875
279984714,3862
279985714,3861
279986714,3888
279987714,3871
279988714,3879
279989714,3877
279990714,3864
279991714,3856
279992714,3897
279993714,3883
279994714,3876
279995714,3886
279996714,3885
279997714,3875
279998714,3872
279999714,3884
280000714,3879
280001714,3861
280002714,3873
280003714,3873
280004714,3871
280015134,3871
280016134,3851
280017134,3860
280018134,3873
280019134,3887
280020134,3871
280021134,3877
280022134,3855
280023134,3878
280024134,3873
280025134,3885
280026134,3863
280027134,3881
280028134,3875
280029134,3868
280030134,3870
280031134,3868
280032134,3871
280033134,3879
280034134,3871
280035134,3834
280036134,3889
280037134,3871
280038134,3878
280048537,3828
280049537,3883
280050537,3871
280051537,3886
280052537,3896
280053537,3872
280054537,3882
280055537,3863
280056537,3888
280057537,3879
280058537,3885
280059537,3871
280060537,3871
280061537,3876
280062537,3878
280063537,3856
280064537,3835
280065537,3874
280066537,3890
280067537,3871
280068537,3877
280069537,3869
280070537,3861
280071537,3893
280081956,3851
280082956,3859
280083956,3889
280084956,3883
280085956,3878
280086956,3862
280087956,3858
280088956,3883
280089956,3867
280090956,3869
280091956,3881
280092956,3869
280093956,3880
280094956,3888
280095956,3888
280096956,3917
280097956,3856
280098956,3825
280099956,3885
280100956,3863
280101956,3857
280102956,3871
280103956,3867
280104956,3888
280105956,3870
280116349,3884
280117349,3883
280118349,3878
280119349,3872
280120349,3884
280121349,3873
280122349,3890
280123349,3879
280124349,3889
280125349,3882
280126349,3875
280127349,3881
280128349,3869
280129349,3881
280130349,3865
280131349,3873
280132349,3870
280133349,3869
280134349,3882
280135349,3859
280136349,3887
280137349,3891
280138349,3882
280139349,3881
280149768,3872
280150768,3875
280151768,3867
280152768,3883
280153768,3858
280154768,3881
280155768,3879
280156768,3871
280157768,3871
280158768,3866
280159768,3889
280160768,3870
280161768,3877
280162768,3875
280163768,3887
280164768,3904
280165768,3875
280166768,3913
280167768,3875
280168768,3856
280169768,3883
280170768,3873
280171768,3873
280172768,3872
280183188,3873
280184188,3876
280185188,3873
280186188,3873
280187188,3874
280188188,3881
280189188,3870
280190188,3883
280191188,3839
280192188,3877
280193188,3860
280194188,3878
280195188,3851
280196188,3877
280197188,3869
280198188,3903
280199188,3871
280200188,3874
280201188,3899
280202188,3888
280203188,3883
280204188,3873
280205188,3884
280206188,3869
280216591,3846
280217591,3920
280218591,3856
280219591,3884
280220591,3879
280221591,3876
280222591,3871
280223591,3877
280224591,3837
280225591,3870
280226591,3869
280227591,3857
280228591,3874
280229591,3900
280230591,3888
280231591,3878
280232591,3870
280233591,3879
280234591,3863
280235591,3879
280236591,3879
280237591,3898
280238591,3893
280239591,3888
280250010,3879
280251010,3861
280252010,3856
280253010,3873
280254010,3884
280255010,3856
280256010,3879
280257010,3871
280258010,3889
280259010,3875
280260010,3872
280261010,3879
280262010,3877
280263010,3847
280264010,3879
280265010,3885
280266010,3860
280267010,3879
280268010,3869
280269010,3875
280270010,3874
280271010,3881
280272010,3865
280273010,3875
280274010,3871
280284402,3875
280285402,3867
280286402,3868
280287402,3863
280288402,3874
280289402,3873
280290402,3871
280291402,3865
280292402,3854
280293402,3865
280294402,3865
280295402,3862
280296402,3860
280297402,3864
280298402,3877
280299402,3869
280300402,3879
280301402,3864
280302402,3872
280303402,3883
280304402,3873
280305402,3881
280306402,3862
280307402,3875
280317822,3846
280318822,3865
280319822,3862
280320822,3869
280321822,3867
280322822,3875
280323822,3883
280324822,3875
280325822,3874
280326822,3881
280327822,3861
280328822,3875
280329822,3869
280330822,3863
280331822,3869
280332822,3867
280333822,3867
280334822,3853
280335822,3862
280336822,3857
280337822,3856
280338822,3743
280339822,3605
280340822,3507
280351250,2722
280352250,2664
280353250,2609
280354250,2510
280355250,2483
280356250,2446
280357250,2384
280358250,2329
280359250,2288
280360250,2231
280361250,2180
280362250,2141
280363250,2093
280364250,2055
280365250,2000
280366250,1960
280367250,1920
280368250,1875
280369250,1835
280370250,1791
280371250,1761
280372250,1712
280373250,1680
280374250,1659
280384645,1331
280385645,1317
280386645,1300
280387645,1257
280388645,1216
280389645,1206
280390645,1172
280391645,1151
280392645,1134
280393645,1099
280394645,1080
280395645,1056
280396645,1035
280397645,1008
280398645,984
280399645,1005
280400645,1101
280401645,1223
280402645,1346
280403645,1437
280404645,1479
280405645,1474
280406645,1460
280407645,1493
280408645,1570
280419036,1987
280420036,1961
280421036,1928
280422036,1902
280423036,1871
280424036,1833
280425036,1795
280426036,1761
280427036,1725
280428036,1693
280429036,1657
280430036,1627
280431036,1592
280432036,1563
280433036,1519
280434036,1497
280435036,1467
280436036,1434
280437036,1405
280438036,1377
280439036,1349
280440036,1317
280441036,1296
280442036,1267
280452465,1009
280453465,985
280454465,961
280455465,943
280456465,927
280457465,907
280458465,884
280459465,873
280460465,848
280461465,829
280462465,817
280463465,796
280464465,779
280465465,769
280466465,747
280467465,735
280468465,720
280469465,716
280470465,686
280471465,677
280472465,656
280473465,647
280474465,631
280475465,619
280476465,611
280477465,600
280478465,588
280479465,573
280480465,560
280481465,554
280491848,452
280492848,443
280493848,441
280494848,428
280495848,410
280496848,416
280497848,399
280498848,394
280499848,391
280500848,383
280501848,381
280502848,363
280503848,355
280504848,343
280505848,339
280506848,336
280507848,336
280508848,331
280509848,332
280510848,319
280511848,304
280512848,300
280513848,299
280514848,294
280515848,286
280516848,286
280517848,276
280518848,272
280519848,270
280520848,259
280521848,251
280522848,252
280533271,215
280534271,215
280535271,208
280536271,195
280537271,199
280538271,192
280539271,195
280540271,188
280541271,183
280542271,184
280543271,176
280544271,181
280545271,149
280546271,184
280547271,173
280548271,170
280549271,157
280550271,171
280551271,161
280552271,155
280553271,151
280554271,145
280555271,150
280556271,153
280557271,144
280558271,144
280559271,149
280560271,144
280561271,145
280562271,135
280563271,135
280573722,115
280574722,117
280575722,112
280576722,116
280577722,113
280578722,112
280579722,109
280580722,105
280581722,110
280582722,105
280583722,115
280584722,104
280585722,99
280586722,96
280587722,100
280588722,93
280589722,102
280590722,104
280591722,107
280592722,96
280593722,103
280594722,94
280595722,79
280596722,87
280597722,93
280598722,91
280599722,94
280600722,86
280601722,106
280602722,56
280603722,93
280604722,85
280605722,88
280606722,83
280607722,93
280608722,79
280619104,84
280620104,87
280621104,85
280622104,80
280623104,81
280624104,76
280625104,71
280626104,77
280627104,68
280628104,65
280629104,67
280630104,63
280631104,67
280632104,69
280633104,65
280634104,71
280635104,75
280636104,73
280637104,64
280638104,73
280639104,66
280640104,75
280641104,63
280642104,65
280643104,69
280644104,70
280645104,63
280646104,66
280647104,65
280648104,69
280649104,73
280650104,74
280651104,65
280652104,77
280653104,77
280654104,65
280655104,65
280656104,55
280657104,65
280658104,79
280659104,68
280660104,73
280661104,76
280662104,63
280672506,82
280673506,87
280674506,79
280675506,96
280676506,97
280677506,112
280678506,117
280679506,144
280680506,107
280681506,116
280682506,125
280683506,107
280684506,110
280685506,112
280686506,112
280687506,112
280688506,107
280689506,103
280690506,106
280691506,98
280692506,112
280693506,101
280694506,67
280695506,96
280696506,108
280697506,97
280698506,96
280699506,97
280700506,104
280701506,105
280702506,101
280703506,92
280704506,96
280705506,87
280706506,103
280716933,83
280717933,82
280718933,81
280719933,85
280720933,81
280721933,80
280722933,93
280723933,89
280724933,80
280725933,79
280726933,79
280727933,80
280728933,75
280729933,75
280730933,77
280731933,80
280732933,81
280733933,75
280734933,79
280735933,77
280736933,79
280737933,81
280738933,64
280739933,74
280740933,69
280741933,69
280742933,76
280743933,58
280744933,73
280745933,77
280746933,73
280747933,67
280748933,74
280749933,68
280750933,76
280751933,71
280752933,66
280753933,76
280754933,64
280755933,72
280756933,71
280757933,64
280758933,73
280759933,70
280770335,80
280771335,80
280772335,81
280773335,83
280774335,82
280775335,80
280776335,83
280777335,85
280778335,83
280779335,89
280780335,80
280781335,80
280782335,83
280783335,81
280784335,81
280785335,88
280786335,77
280787335,81
280788335,87
280789335,85
280790335,80
280791335,79
280792335,82
280793335,80
280794335,78
280795335,77
280796335,80
280797335,70
280798335,69
280799335,76
280800335,78
280801335,77
280802335,79
280803335,80
280804335,80
280805335,81
280806335,89
280807335,83
280808335,83
280809335,82
280810335,91
280811335,100
280812335,81
280822748,102
280823748,97
280824748,104
280825748,105
280826748,101
280827748,95
280828748,96
280829748,83
280830748,86
280831748,115
280832748,106
280833748,92
280834748,94
280835748,89
280836748,96
280837748,87
280838748,89
280839748,82
280840748,91
280841748,77
280842748,99
280843748,115
280844748,99
280845748,113
280846748,117
280847748,126
280848748,131
280849748,128
280850748,122
280851748,127
280852748,115
280853748,123
280854748,114
280855748,121
280856748,127
280857748,142
280868164,185
280869164,189
280870164,190
280871164,191
280872164,193
280873164,183
280874164,177
280875164,179
280876164,171
280877164,163
280878164,183
280879164,171
280880164,171
280881164,164
280882164,172
280883164,161
280884164,153
280885164,160
280886164,155
280887164,160
280888164,149
280889164,163
280890164,160
280891164,161
280892164,158
280893164,176
280894164,155
280895164,157
280896164,147
280897164,155
280898164,175
280908598,159
280909598,175
280910598,174
280911598,180
280912598,176
280913598,163
280914598,171
280915598,181
280916598,182
280917598,177
280918598,176
280919598,167
280920598,179
280921598,161
280922598,176
280923598,171
280924598,168
280925598,163
280926598,166
280927598,161
280928598,153
280929598,159
280930598,156
280931598,158
280932598,152
280933598,144
280934598,144
280935598,145
280936598,154
280937598,151
280938598,150
280949048,196
280950048,184
280951048,183
280952048,177
280953048,174
280954048,173
280955048,176
280956048,169
280957048,160
280958048,155
280959048,156
280960048,154
280961048,155
280962048,160
280963048,152
280964048,161
280965048,164
280966048,163
280967048,165
280968048,161
280969048,171
280970048,159
280971048,155
280972048,155
280973048,153
280974048,149
280975048,161
280976048,171
280977048,177
280978048,197
280979048,239
280980048,279
280990472,345
280991472,343
280992472,343
280993472,377
280994472,398
280995472,405
280996472,398
280997472,411
280998472,410
280999472,400
281000472,389
281001472,400
281002472,399
281003472,397
281004472,411
281005472,419
281006472,411
281007472,406
281008472,401
281009472,390
281010472,393
281011472,383
281012472,369
281013472,368
281014472,361
281015472,351
281016472,349
281017472,343
281018472,340
281019472,345
281020472,368
281030923,323
281031923,321
281032923,313
281033923,310
281034923,304
281035923,304
281036923,297
281037923,291
281038923,291
281039923,277
281040923,297
281041923,324
281042923,354
281043923,352
281044923,363
281045923,390
281046923,368
281047923,368
281048923,351
281049923,354
281050923,352
281051923,337
281052923,335
281053923,337
281054923,333
281055923,340
281056923,332
281057923,335
281058923,333
281059923,313
281060923,321
281071356,357
281072356,363
281073356,357
281074356,351
281075356,342
281076356,336
281077356,335
281078356,329
281079356,325
281080356,317
281081356,308
281082356,307
281083356,316
281084356,299
281085356,304
281086356,292
281087356,300
281088356,283
281089356,289
281090356,286
281091356,310
281092356,325
281093356,347
281094356,366
281095356,353
281096356,381
281097356,404
281098356,401
281099356,389
281100356,392
281101356,378
281111807,317
281112807,328
281113807,316
281114807,307
281115807,310
281116807,309
281117807,317
281118807,304
281119807,313
281120807,317
281121807,348
281122807,361
281123807,369
281124807,356
281125807,347
281126807,357
281127807,349
281128807,368
281129807,379
281130807,393
281131807,379
281132807,381
281133807,374
281134807,373
281135807,369
281136807,361
281137807,361
281138807,345
281139807,352
281140807,339
281141807,344
281142807,339
281153238,385
281154238,379
281155238,387
281156238,382
281157238,375
281158238,368
281159238,353
281160238,368
281161238,346
281162238,337
281163238,345
281164238,349
281165238,321
281166238,338
281167238,311
281168238,322
281169238,331
281170238,319
281171238,317
281172238,310
281173238,301
281174238,299
281175238,292
281176238,294
281177238,304
281178238,276
281179238,280
281180238,272
281181238,281
281182238,283
281183238,303
281193681,293
281194681,301
281195681,301
281196681,301
281197681,301
281198681,307
281199681,301
281200681,305
281201681,294
281202681,299
281203681,315
281204681,337
281205681,369
281206681,373
281207681,377
281208681,365
281209681,345
281210681,345
281211681,351
281212681,339
281213681,351
281214681,351
281215681,340
281216681,336
281217681,327
281218681,320
281219681,319
281220681,311
281221681,304
281222681,303
281223681,290
281234115,267
281235115,267
281236115,271
281237115,273
281238115,287
281239115,283
281240115,269
281241115,269
281242115,266
281243115,292
281244115,297
281245115,299
281246115,289
281247115,290
281248115,314
281249115,325
281250115,337
281251115,322
281252115,327
281253115,303
281254115,319
281255115,315
281256115,299
281257115,295
281258115,300
281259115,313
281260115,313
281261115,329
281262115,345
281263115,342
281264115,361
281274569,482
281275569,511
281276569,528
281277569,533
281278569,563
281279569,579
281280569,593
281281569,580
281282569,559
281283569,567
281284569,565
281285569,564
281286569,548
281287569,537
281288569,531
281289569,524
281290569,535
281291569,553
281292569,576
281293569,582
281294569,592
281295569,584
281296569,617
281297569,611
281298569,607
281299569,593
281300569,591
281301569,576
281302569,557
281303569,553
281304569,539
281305569,537
281315989,493
281316989,542
281317989,561
281318989,555
281319989,592
281320989,628
281321989,639
281322989,627
281323989,645
281324989,651
281325989,636
281326989,625
281327989,610
281328989,593
281329989,575
281330989,585
281331989,559
281332989,561
281333989,541
281334989,532
281335989,527
281336989,496
281337989,499
281338989,483
281339989,480
281340989,489
281341989,491
281342989,485
281343989,479
281344989,471
281345989,470
281356440,415
281357440,423
281358440,428
281359440,422
281360440,417
281361440,405
281362440,403
281363440,411
281364440,411
281365440,411
281366440,403
281367440,398
281368440,399
281369440,380
281370440,370
281371440,367
281372440,366
281373440,372
281374440,382
281375440,321
281376440,359
281377440,365
281378440,337
281379440,354
281380440,354
281381440,365
281382440,365
281383440,368
281384440,359
281385440,343
281386440,338
281396874,293
281397874,289
281398874,273
281399874,275
281400874,267
281401874,270
281402874,260
281403874,260
281404874,244
281405874,241
281406874,256
281407874,249
281408874,256
281409874,259
281410874,251
281411874,251
281412874,241
281413874,240
281414874,238
281415874,235
281416874,227
281417874,224
281418874,231
281419874,239
281420874,244
281421874,240
281422874,235
281423874,227
281424874,225
281425874,223
281426874,223
281437325,227
281438325,235
281439325,235
281440325,247
281441325,253
281442325,240
281443325,245
281444325,237
281445325,261
281446325,241
281447325,240
281448325,236
281449325,240
281450325,240
281451325,234
281452325,225
281453325,215
281454325,233
281455325,236
281456325,213
281457325,253
281458325,256
281459325,251
281460325,241
281461325,243
281462325,242
281463325,229
281464325,235
281465325,226
281466325,231
281467325,222
281468325,227
281478748,257
281479748,259
281480748,257
281481748,256
281482748,247
281483748,243
281484748,240
281485748,240
281486748,243
281487748,231
281488748,217
281489748,220
281490748,221
281491748,225
281492748,224
281493748,229
281494748,235
281495748,227
281496748,241
281497748,268
281498748,268
281499748,273
281500748,263
281501748,273
281502748,272
281503748,280
281504748,279
281505748,285
281506748,279
281507748,272
281508748,259
281519199,275
281520199,270
281521199,270
281522199,272
281523199,263
281524199,262
281525199,256
281526199,285
281527199,252
281528199,256
281529199,256
281530199,262
281531199,247
281532199,251
281533199,243
281534199,231
281535199,246
281536199,247
281537199,245
281538199,241
281539199,245
281540199,253
281541199,240
281542199,187
281543199,240
281544199,236
281545199,237
281546199,224
281547199,224
281548199,211
281549199,208
281559633,375
281560633,374
281561633,385
281562633,391
281563633,370
281564633,369
281565633,371
281566633,356
281567633,339
281568633,337
281569633,340
281570633,329
281571633,323
281572633,329
281573633,324
281574633,301
281575633,305
281576633,315
281577633,320
281578633,335
281579633,336
281580633,320
281581633,325
281582633,324
281583633,323
281584633,308
281585633,323
281586633,317
281587633,299
281588633,303
281589633,303
281600084,257
281601084,243
281602084,246
281603084,243
281604084,236
281605084,227
281606084,225
281607084,219
281608084,218
281609084,228
281610084,221
281611084,219
281612084,223
281613084,214
281614084,207
281615084,207
281616084,206
281617084,204
281618084,190
281619084,193
281620084,193
281621084,201
281622084,193
281623084,189
281624084,191
281625084,185
281626084,183
281627084,179
281628084,180
281629084,176
281630084,173
281631084,176
281641507,176
281642507,172
281643507,172
281644507,175
281645507,176
281646507,151
281647507,171
281648507,173
281649507,160
281650507,164
281651507,150
281652507,149
281653507,153
281654507,146
281655507,153
281656507,146
281657507,151
281658507,153
281659507,148
281660507,163
281661507,165
281662507,161
281663507,157
281664507,169
281665507,172
281666507,161
281667507,162
281668507,161
281669507,173
281670507,176
281671507,184
281681958,243
281682958,239
281683958,237
281684958,248
281685958,252
281686958,256
281687958,253
281688958,247
281689958,251
281690958,264
281691958,249
281692958,248
281693958,241
281694958,238
281695958,241
281696958,262
281697958,241
281698958,237
281699958,223
281700958,224
281701958,209
281702958,211
281703958,229
281704958,249
281705958,273
281706958,291
281707958,283
281708958,292
281709958,277
281710958,277
281711958,263
281722392,263
281723392,253
281724392,251
281725392,256
281726392,257
281727392,244
281728392,257
281729392,269
281730392,270
281731392,267
281732392,266
281733392,267
281734392,267
281735392,305
281736392,329
281737392,346
281738392,336
281739392,344
281740392,323
281741392,326
281742392,321
281743392,315
281744392,324
281745392,308
281746392,310
281747392,311
281748392,336
281749392,328
281750392,335
281751392,329
281752392,315
281762842,299
281763842,289
281764842,278
281765842,285
281766842,273
281767842,272
281768842,268
281769842,281
281770842,294
281771842,302
281772842,320
281773842,342
281774842,371
281775842,413
281776842,427
281777842,427
281778842,424
281779842,418
281780842,419
281781842,409
281782842,403
281783842,398
281784842,387
281785842,375
281786842,378
281787842,368
281788842,355
281789842,356
281790842,339
281791842,337
281792842,336
281793842,355
281804266,593
281805266,625
281806266,653
281807266,675
281808266,679
281809266,667
281810266,651
281811266,659
281812266,658
281813266,656
281814266,656
281815266,671
281816266,656
281817266,645
281818266,636
281819266,623
281820266,609
281821266,596
281822266,588
281823266,577
281824266,560
281825266,555
281826266,529
281827266,548
281828266,560
281829266,544
281830266,546
281831266,538
281832266,511
281833266,528
281834266,536
281844716,544
281845716,573
281846716,583
281847716,590
281848716,577
281849716,575
281850716,560
281851716,557
281852716,576
281853716,573
281854716,577
281855716,577
281856716,551
281857716,563
281858716,534
281859716,528
281860716,511
281861716,522
281862716,532
281863716,552
281864716,541
281865716,565
281866716,592
281867716,602
281868716,591
281869716,582
281870716,569
281871716,560
281872716,574
281873716,564
281874716,553
281885150,497
281886150,535
281887150,537
281888150,567
281889150,613
281890150,684
281891150,764
281892150,843
281893150,913
281894150,972
281895150,998
281896150,1019
281897150,1042
281898150,1019
281899150,1008
281900150,985
281901150,1001
281902150,1009
281903150,1022
281904150,1038
281905150,1043
281906150,1023
281907150,971
281908150,1009
281909150,1004
281910150,974
281911150,949
281912150,960
281922582,904
281923582,881
281924582,867
281925582,848
281926582,827
281927582,816
281928582,811
281929582,795
281930582,781
281931582,759
281932582,743
281933582,736
281934582,721
281935582,713
281936582,728
281937582,723
281938582,711
281939582,700
281940582,665
281941582,668
281942582,652
281943582,644
281944582,639
281945582,659
281946582,640
281947582,633
281948582,581
281949582,618
281950582,613
281951582,608
281952582,593
281963014,480
281964014,482
281965014,457
281966014,465
281967014,460
281968014,439
281969014,433
281970014,433
281971014,425
281972014,429
281973014,429
281974014,416
281975014,423
281976014,432
281977014,415
281978014,408
281979014,400
281980014,395
281981014,397
281982014,383
281983014,382
281984014,378
281985014,368
281986014,416
281987014,423
281988014,417
281989014,443
281990014,447
281991014,442
281992014,426
281993014,455
282003465,651
282004465,694
282005465,716
282006465,749
282007465,733
282008465,724
282009465,745
282010465,779
282011465,803
282012465,831
282013465,853
282014465,880
282015465,897
282016465,886
282017465,886
282018465,867
282019465,889
282020465,805
282021465,848
282022465,826
282023465,784
282024465,825
282025465,796
282026465,816
282027465,848
282028465,887
282029465,936
282030465,976
282031465,994
282032465,997
282033465,1015
282043916,1092
282044916,1069
282045916,1035
282046916,1015
282047916,1008
282048916,1040
282049916,1051
282050916,1063
282051916,1056
282052916,1037
282053916,1018
282054916,1036
282055916,1040
282056916,1023
282057916,1011
282058916,992
282059916,995
282060916,995
282061916,980
282062916,964
282063916,979
282064916,973
282065916,985
282066916,960
282067916,951
282068916,923
282069916,912
282080287,815
282081287,803
282082287,791
282083287,784
282084287,781
282085287,741
282086287,744
282087287,736
282088287,718
282089287,697
282090287,686
282091287,687
282092287,673
282093287,672
282094287,688
282095287,669
282096287,671
282097287,689
282098287,746
282099287,847
282100287,953
282101287,1045
282102287,1141
282103287,1135
282104287,1125
282105287,1119
282106287,1133
282107287,1155
282108287,1184
282118672,1632
282119672,1600
282120672,1570
282121672,1533
282122672,1515
282123672,1516
282124672,1492
282125672,1501
282126672,1532
282127672,1605
282128672,1712
282129672,1808
282130672,1903
282131672,1953
282132672,1933
282133672,1927
282134672,1941
282135672,1982
282136672,2059
282137672,2111
282138672,2149
282139672,2133
282140672,2110
282141672,2099
282152075,2304
282153075,2362
282154075,2420
282155075,2475
282156075,2508
282157075,2523
282158075,2509
282159075,2494
282160075,2449
282161075,2416
282162075,2459
282163075,2519
282164075,2597
282165075,2629
282166075,2605
282167075,2544
282168075,2512
282169075,2488
282170075,2499
282171075,2530
282172075,2559
282173075,2597
282174075,2597
282175075,2559
282185494,2086
282186494,2069
282187494,2061
282188494,2033
282189494,1998
282190494,1961
282191494,1966
282192494,2060
282193494,2191
282194494,2354
282195494,2485
282196494,2555
282197494,2552
282198494,2498
282199494,2513
282200494,2579
282201494,2685
282202494,2795
282203494,2895
282204494,2980
282205494,3026
282206494,3047
282207494,3037
282208494,2992
282209494,2954
282219886,2687
282220886,2651
282221886,2591
282222886,2528
282223886,2480
282224886,2442
282225886,2384
282226886,2384
282227886,2372
282228886,2352
282229886,2298
282230886,2283
282231886,2288
282232886,2297
282233886,2339
282234886,2400
282235886,2498
282236886,2599
282237886,2702
282238886,2773
282239886,2805
282240886,2772
282241886,2729
282242886,2740
282253306,3179
282254306,3242
282255306,3183
282256306,3152
282257306,3107
282258306,3045
282259306,2983
282260306,2943
282261306,2884
282262306,2807
282263306,2751
282264306,2709
282265306,2683
282266306,2661
282267306,2643
282268306,2640
282269306,2672
282270306,2705
282271306,2756
282272306,2790
282273306,2813
282274306,2820
282275306,2816
282276306,2825
282286726,3087
282287726,3054
282288726,3020
282289726,2963
282290726,2900
282291726,2863
282292726,2829
282293726,2798
282294726,2753
282295726,2685
282296726,2624
282297726,2559
282298726,2509
282299726,2461
282300726,2428
282301726,2405
282302726,2345
282303726,2330
282304726,2269
282305726,2234
282306726,2187
282307726,2159
282308726,2097
282309726,2063
282320129,2059
282321129,2063
282322129,2101
282323129,2147
282324129,2160
282325129,2161
282326129,2128
282327129,2096
282328129,2115
282329129,2162
282330129,2221
282331129,2268
282332129,2265
282333129,2248
282334129,2205
282335129,2166
282336129,2150
282337129,2169
282338129,2224
282339129,2261
282340129,2288
282341129,2327
282342129,2331
282343129,2331
282353548,1946
282354548,1966
282355548,1981
282356548,1969
282357548,1929
282358548,1903
282359548,1867
282360548,1835
282361548,1840
282362548,1846
282363548,1870
282364548,1871
282365548,1832
282366548,1820
282367548,1797
282368548,1765
282369548,1739
282370548,1722
282371548,1718
282372548,1728
282373548,1742
282374548,1735
282375548,1717
282376548,1680
282377548,1649
282387940,1695
282388940,1731
282389940,1782
282390940,1809
282391940,1842
282392940,1882
282393940,1910
282394940,1917
282395940,1887
282396940,1861
282397940,1830
282398940,1814
282399940,1771
282400940,1777
282401940,1796
282402940,1829
282403940,1862
282404940,1887
282405940,1867
282406940,1828
282407940,1822
282408940,1807
282409940,1827
282410940,1876
282421360,1804
282422360,1777
282423360,1746
282424360,1707
282425360,1680
282426360,1647
282427360,1615
282428360,1587
282429360,1579
282430360,1595
282431360,1599
282432360,1572
282433360,1556
282434360,1531
282435360,1504
282436360,1500
282437360,1481
282438360,1487
282439360,1476
282440360,1444
282441360,1425
282442360,1392
282443360,1359
282444360,1326
282454780,1175
282455780,1198
282456780,1213
282457780,1217
282458780,1200
282459780,1177
282460780,1137
282461780,1141
282462780,1121
282463780,1104
282464780,1093
282465780,1057
282466780,1053
282467780,1041
282468780,1017
282469780,988
282470780,973
282471780,956
282472780,933
282473780,912
282474780,899
282475780,911
282476780,902
282477780,889
282478780,893
282479780,899
282480780,883
282491151,800
282492151,786
282493151,761
282494151,757
282495151,731
282496151,714
282497151,704
282498151,686
282499151,680
282500151,665
282501151,651
282502151,642
282503151,614
282504151,613
282505151,622
282506151,624
282507151,593
282508151,592
282509151,581
282510151,569
282511151,589
282512151,547
282513151,531
282514151,478
282515151,507
282516151,505
282517151,500
282518151,511
282519151,533
282520151,569
282521151,565
282531602,1143
282532602,1134
282533602,1180
282534602,1267
282535602,1393
282536602,1508
282537602,1632
282538602,1690
282539602,1744
282540602,1738
282541602,1713
282542602,1699
282543602,1700
282544602,1714
282545602,1703
282546602,1680
282547602,1665
282548602,1635
282549602,1595
282550602,1566
282551602,1531
282552602,1507
282553602,1483
282554602,1457
282565005,1240
282566005,1211
282567005,1187
282568005,1155
282569005,1131
282570005,1112
282571005,1093
282572005,1063
282573005,1049
282574005,1057
282575005,1071
282576005,1095
282577005,1104
282578005,1091
282579005,1068
282580005,1073
282581005,1051
282582005,1023
282583005,1023
282584005,1040
282585005,1069
282586005,1088
282587005,1040
282588005,1075
282598424,1011
282599424,1048
282600424,1059
282601424,1023
282602424,1022
282603424,999
282604424,983
282605424,966
282606424,944
282607424,923
282608424,921
282609424,961
282610424,1011
282611424,1082
282612424,1060
282613424,1129
282614424,1127
282615424,1109
282616424,1099
282617424,1095
282618424,1115
282619424,1137
282620424,1171
282621424,1232
282622424,1216
282623424,1217
282633841,1110
282634841,1118
282635841,1116
282636841,1121
282637841,1092
282638841,1065
282639841,1045
282640841,1022
282641841,999
282642841,973
282643841,960
282644841,935
282645841,917
282646841,890
282647841,885
282648841,864
282649841,847
282650841,828
282651841,817
282652841,829
282653841,844
282654841,827
282655841,816
282656841,815
282657841,805
282658841,809
282659841,823
282660841,837
282661841,868
282672234,996
282673234,1023
282674234,1029
282675234,1019
282676234,997
282677234,987
282678234,976
282679234,962
282680234,987
282681234,1029
282682234,1085
282683234,1101
282684234,1067
282685234,1044
282686234,1040
282687234,1005
282688234,980
282689234,959
282690234,955
282691234,963
282692234,974
282693234,1008
282694234,1023
282695234,1039
282696234,1009
282697234,981
282698234,990
282708666,1159
282709666,1163
282710666,1178
282711666,1163
282712666,1149
282713666,1145
282714666,1180
282715666,1225
282716666,1277
282717666,1344
282718666,1403
282719666,1472
282720666,1525
282721666,1530
282722666,1505
282723666,1481
282724666,1481
282725666,1471
282726666,1460
282727666,1455
282728666,1449
282729666,1419
282730666,1392
282731666,1392
282742086,1176
282743086,1168
282744086,1164
282745086,1139
282746086,1150
282747086,1155
282748086,1122
282749086,1103
282750086,1079
282751086,1071
282752086,1047
282753086,1031
282754086,1007
282755086,997
282756086,1001
282757086,971
282758086,953
282759086,944
282760086,943
282761086,915
282762086,912
282763086,883
282764086,884
282765086,876
282766086,905
282767086,938
282768086,933
282769086,924
282779516,896
282780516,886
282781516,880
282782516,880
282783516,875
282784516,864
282785516,844
282786516,816
282787516,812
282788516,811
282789516,793
282790516,757
282791516,752
282792516,747
282793516,766
282794516,755
282795516,755
282796516,754
282797516,739
282798516,756
282799516,763
282800516,769
282801516,791
282802516,833
282803516,819
282804516,811
282805516,787
282806516,785
282807516,774
282808516,785
282809516,769
282819967,679
282820967,697
282821967,741
282822967,784
282823967,811
282824967,816
282825967,851
282826967,923
282827967,979
282828967,987
282829967,977
282830967,967
282831967,978
282832967,973
282833967,971
282834967,969
282835967,976
282836967,950
282837967,934
282838967,923
282839967,913
282840967,912
282841967,926
282842967,940
282843967,918
282844967,902
282845967,927
282846967,987
282847967,1013
282848967,992
282849967,976
282860418,866
282861418,850
282862418,826
282863418,826
282864418,815
282865418,805
282866418,801
282867418,823
282868418,829
282869418,817
282870418,800
282871418,781
282872418,767
282873418,745
282874418,744
282875418,739
282876418,771
282877418,825
282878418,838
282879418,840
282880418,813
282881418,837
282882418,811
282883418,823
282884418,817
282885418,811
282886418,835
282887418,864
282888418,883
282889418,900
282890418,883
282900852,817
282901852,844
282902852,848
282903852,857
282904852,848
282905852,825
282906852,846
282907852,865
282908852,895
282909852,914
282910852,913
282911852,929
282912852,931
282913852,914
282914852,926
282915852,897
282916852,880
282917852,880
282918852,874
282919852,867
282920852,847
282921852,828
282922852,813
282923852,797
282924852,784
282925852,773
282926852,784
282927852,785
282928852,785
282929852,803
282930852,795
282941303,976
282942303,974
282943303,955
282944303,957
282945303,932
282946303,913
282947303,901
282948303,899
282949303,901
282950303,898
282951303,883
282952303,863
282953303,844
282954303,880
282955303,903
282956303,923
282957303,908
282958303,890
282959303,880
282960303,867
282961303,881
282962303,886
282963303,878
282964303,875
282965303,860
282966303,848
282967303,837
282968303,836
282969303,826
282970303,826
282971303,828
282972303,816
282982726,747
282983726,757
282984726,789
282985726,800
282986726,826
282987726,801
282988726,800
282989726,784
282990726,781
282991726,770
282992726,755
282993726,747
282994726,739
282995726,729
282996726,710
282997726,720
282998726,713
282999726,720
283000726,741
283001726,769
283002726,769
283003726,765
283004726,775
283005726,776
283006726,788
283007726,832
283008726,839
283009726,832
283010726,816
283011726,797
283012726,800
283023177,981
283024177,961
283025177,1010
283026177,1102
283027177,1167
283028177,1167
283029177,1147
283030177,1141
283031177,1139
283032177,1199
283033177,1209
283034177,1263
283035177,1355
283036177,1459
283037177,1604
283038177,1713
283039177,1763
283040177,1765
283041177,1744
283042177,1727
283043177,1691
283044177,1676
283045177,1633
283046177,1614
283047177,1559
283057638,1498
283058638,1493
283059638,1475
283060638,1456
283061638,1436
283062638,1438
283063638,1443
283064638,1422
283065638,1409
283066638,1425
283067638,1425
283068638,1462
283069638,1572
283070638,1628
283071638,1648
283072638,1655
283073638,1680
283074638,1705
283075638,1710
283076638,1701
283077638,1697
283078638,1725
283079638,1768
283080638,1859
283091058,2263
283092058,2265
283093058,2302
283094058,2361
283095058,2480
283096058,2592
283097058,2637
283098058,2595
283099058,2559
283100058,2579
283101058,2511
283102058,2465
283103058,2416
283104058,2367
283105058,2320
283106058,2297
283107058,2266
283108058,2225
283109058,2189
283110058,2160
283111058,2111
283112058,2078
283113058,2061
283114058,2039
283124461,1655
283125461,1660
283126461,1665
283127461,1669
283128461,1649
283129461,1622
283130461,1584
283131461,1625
283132461,1721
283133461,1811
283134461,1839
283135461,1936
283136461,2133
283137461,2219
283138461,2219
283139461,2169
283140461,2129
283141461,2102
283142461,2054
283143461,2019
283144461,2027
283145461,2029
283146461,2001
283147461,1945
283157881,1915
283158881,1862
283159881,1832
283160881,1801
283161881,1763
283162881,1729
283163881,1707
283164881,1663
283165881,1627
283166881,1591
283167881,1611
283168881,1645
283169881,1718
283170881,1775
283171881,1781
283172881,1840
283173881,1844
283174881,1799
283175881,1786
283176881,1751
283177881,1745
283178881,1744
283179881,1702
283180881,1703
283181881,1648
283192273,1535
283193273,1691
283194273,1819
283195273,1862
283196273,1840
283197273,1799
283198273,1837
283199273,1956
283200273,2137
283201273,2275
283202273,2336
283203273,2342
283204273,2336
283205273,2362
283206273,2339
283207273,2292
283208273,2294
283209273,2323
283210273,2352
283211273,2322
283212273,2289
283213273,2262
283214273,2251
283215273,2271
283225692,2302
283226692,2256
283227692,2240
283228692,2201
283229692,2208
283230692,2160
283231692,2129
283232692,2101
283233692,2073
283234692,2054
283235692,2016
283236692,1995
283237692,1968
283238692,1955
283239692,1941
283240692,1917
283241692,1881
283242692,1875
283243692,1934
283244692,1926
283245692,1889
283246692,1850
283247692,1821
283248692,1826
283259112,1721
283260112,1711
283261112,1678
283262112,1637
283263112,1641
283264112,1652
283265112,1659
283266112,1637
283267112,1610
283268112,1624
283269112,1621
283270112,1600
283271112,1569
283272112,1535
283273112,1504
283274112,1474
283275112,1452
283276112,1436
283277112,1432
283278112,1429
283279112,1426
283280112,1403
283281112,1377
283282112,1354
283292515,1299
283293515,1279
283294515,1256
283295515,1220
283296515,1194
283297515,1201
283298515,1233
283299515,1229
283300515,1200
283301515,1178
283302515,1163
283303515,1152
283304515,1135
283305515,1129
283306515,1125
283307515,1115
283308515,1093
283309515,1090
283310515,1109
283311515,1088
283312515,1059
283313515,1040
283314515,1041
283315515,1019
283325934,1212
283326934,1185
283327934,1195
283328934,1232
283329934,1221
283330934,1200
283331934,1197
283332934,1163
283333934,1141
283334934,1120
283335934,1114
283336934,1127
283337934,1120
283338934,1101
283339934,1080
283340934,1097
283341934,1107
283342934,1087
283343934,1075
283344934,1089
283345934,1187
283346934,1248
283347934,1267
283348934,1251
283349934,1245
283360326,1713
283361326,1729
283362326,1809
283363326,1895
283364326,1921
283365326,1953
283366326,1985
283367326,2028
283368326,2037
283369326,2057
283370326,2088
283371326,2157
283372326,2255
283373326,2364
283374326,2431
283375326,2391
283376326,2460
283377326,2531
283378326,2544
283379326,2483
283380326,2448
283381326,2427
283382326,2501
283383326,2559
283393746,2338
283394746,2316
283395746,2346
283396746,2409
283397746,2408
283398746,2374
283399746,2327
283400746,2293
283401746,2259
283402746,2245
283403746,2257
283404746,2214
283405746,2209
283406746,2171
283407746,2129
283408746,2083
283409746,2047
283410746,2033
283411746,1998
283412746,2022
283413746,2019
283414746,2014
283415746,1981
283416746,2073
283427166,1907
283428166,1913
283429166,1900
283430166,1858
283431166,1827
283432166,1808
283433166,1777
283434166,1753
283435166,1737
283436166,1743
283437166,1741
283438166,1716
283439166,1723
283440166,1744
283441166,1757
283442166,1785
283443166,1793
283444166,1801
283445166,1785
283446166,1759
283447166,1681
283448166,1708
283449166,1713
283450166,1817
283460571,1997
283461571,1967
283462571,1974
283463571,1968
283464571,1945
283465571,1903
283466571,1889
283467571,1923
283468571,1993
283469571,2032
283470571,2004
283471571,2064
283472571,2112
283473571,2153
283474571,2172
283475571,2140
283476571,2101
283477571,2055
283478571,2074
283479571,2128
283480571,2165
283481571,2129
283482571,2094
283483571,2167
283493988,1888
283494988,1923
283495988,1975
283496988,1986
283497988,1975
283498988,1936
283499988,1924
283500988,1918
283501988,1935
283502988,1905
283503988,1906
283504988,1882
283505988,1846
283506988,1860
283507988,1871
283508988,1872
283509988,1846
283510988,1816
283511988,1779
283512988,1745
283513988,1743
283514988,1766
283515988,1780
283516988,1751
283517988,1721
283528380,1431
283529380,1413
283530380,1391
283531380,1371
283532380,1360
283533380,1357
283534380,1331
283535380,1322
283536380,1305
283537380,1277
283538380,1261
283539380,1234
283540380,1235
283541380,1253
283542380,1251
283543380,1231
283544380,1245
283545380,1260
283546380,1264
283547380,1250
283548380,1225
283549380,1204
283550380,1183
283551380,1172
283561800,1120
283562800,1115
283563800,1115
283564800,1087
283565800,1159
283566800,1118
283567800,1102
283568800,1073
283569800,1049
283570800,1023
283571800,1009
283572800,979
283573800,964
283574800,944
283575800,937
283576800,915
283577800,929
283578800,937
283579800,885
283580800,878
283581800,875
283582800,895
283583800,941
283584800,944
283585800,976
283586800,1044
283587800,1071
283598171,1353
283599171,1339
283600171,1286
283601171,1280
283602171,1264
283603171,1270
283604171,1264
283605171,1276
283606171,1310
283607171,1383
283608171,1451
283609171,1467
283610171,1435
283611171,1424
283612171,1441
283613171,1484
283614171,1436
283615171,1410
283616171,1378
283617171,1341
283618171,1328
283619171,1292
283620171,1262
283621171,1260
283631577,1178
283632577,1168
283633577,1152
283634577,1139
283635577,1137
283636577,1136
283637577,1169
283638577,1215
283639577,1233
283640577,1232
283641577,1211
283642577,1179
283643577,1159
283644577,1136
283645577,1121
283646577,1117
283647577,1141
283648577,1171
283649577,1137
283650577,1112
283651577,1089
283652577,1066
283653577,1054
283654577,1017
283664994,1036
283665994,1051
283666994,1023
283667994,1009
283668994,1008
283669994,1005
283670994,989
283671994,975
283672994,953
283673994,934
283674994,964
283675994,976
283676994,1009
283677994,1011
283678994,1008
283679994,1071
283680994,1095
283681994,1085
283682994,1079
283683994,1060
283684994,1023
283685994,1014
283686994,985
283687994,971
283688994,947
283689994,938
283690994,945
283701382,939
283702382,922
283703382,907
283704382,881
283705382,897
283706382,917
283707382,943
283708382,942
283709382,939
283710382,944
283711382,933
283712382,912
283713382,897
283714382,880
283715382,877
283716382,889
283717382,912
283718382,927
283719382,927
283720382,931
283721382,917
283722382,916
283723382,946
283724382,994
283725382,1017
283726382,1039
283727382,1041
283728382,1053
283729382,1075
283730382,1097
283740791,1023
283741791,1052
283742791,1053
283743791,1021
283744791,1000
283745791,971
283746791,980
283747791,1008
283748791,1006
283749791,986
283750791,992
283751791,1035
283752791,1054
283753791,1093
283754791,1079
283755791,1080
283756791,1061
283757791,1059
283758791,1019
283759791,991
283760791,983
283761791,996
283762791,979
283763791,967
283764791,956
283765791,928
283776190,799
283777190,789
283778190,779
283779190,760
283780190,747
283781190,757
283782190,751
283783190,733
283784190,722
283785190,707
283786190,701
283787190,687
283788190,673
283789190,655
283790190,641
283791190,651
283792190,677
283793190,703
283794190,699
283795190,696
283796190,693
283797190,678
283798190,686
283799190,656
283800190,640
283801190,627
283802190,629
283803190,617
283804190,611
283805190,592
283806190,624
283816641,589
283817641,569
283818641,558
283819641,565
283820641,561
283821641,569
283822641,563
283823641,548
283824641,541
283825641,542
283826641,528
283827641,498
283828641,496
283829641,498
283830641,489
283831641,495
283832641,511
283833641,528
283834641,547
283835641,553
283836641,560
283837641,554
283838641,545
283839641,544
283840641,548
283841641,588
283842641,609
283843641,627
283844641,627
283845641,652
283846641,710
283847641,732
283858064,822
283859064,876
283860064,956
283861064,1006
283862064,1057
283863064,1101
283864064,1136
283865064,1137
283866064,1137
283867064,1127
283868064,1072
283869064,1046
283870064,1050
283871064,1023
283872064,998
283873064,977
283874064,975
283875064,965
283876064,947
283877064,970
283878064,955
283879064,956
283880064,937
283881064,913
283882064,899
283883064,880
283884064,860
283885064,843
283895477,783
283896477,783
283897477,785
283898477,775
283899477,769
283900477,783
283901477,791
283902477,775
283903477,805
283904477,832
283905477,843
283906477,816
283907477,811
283908477,801
283909477,783
283910477,767
283911477,746
283912477,753
283913477,709
283914477,702
283915477,692
283916477,676
283917477,665
283918477,661
283919477,675
283920477,651
283921477,676
283922477,716
283923477,754
283924477,781
283925477,793
283935928,703
283936928,698
283937928,701
283938928,687
283939928,675
283940928,642
283941928,649
283942928,639
283943928,627
283944928,609
283945928,606
283946928,639
283947928,595
283948928,587
283949928,576
283950928,566
283951928,563
283952928,569
283953928,569
283954928,565
283955928,585
283956928,585
283957928,574
283958928,565
283959928,563
283960928,589
283961928,575
283962928,573
283963928,560
283964928,539
283965928,549
283976362,465
283977362,476
283978362,463
283979362,464
283980362,448
283981362,459
283982362,459
283983362,465
283984362,453
283985362,445
283986362,445
283987362,449
283988362,452
283989362,442
283990362,444
283991362,427
283992362,428
283993362,429
283994362,448
283995362,433
283996362,446
283997362,458
283998362,452
283999362,457
284000362,451
284001362,437
284002362,404
284003362,432
284004362,439
284005362,443
284006362,449
284016813,615
284017813,655
284018813,661
284019813,644
284020813,628
284021813,627
284022813,633
284023813,617
284024813,610
284025813,597
284026813,582
284027813,573
284028813,578
284029813,590
284030813,583
284031813,575
284032813,587
284033813,661
284034813,731
284035813,816
284036813,880
284037813,913
284038813,912
284039813,900
284040813,894
284041813,917
284042813,946
284043813,1007
284044813,1060
284045813,1094
284046813,1136
284057195,1021
284058195,1006
284059195,977
284060195,953
284061195,943
284062195,932
284063195,911
284064195,913
284065195,929
284066195,937
284067195,921
284068195,897
284069195,891
284070195,861
284071195,846
284072195,825
284073195,817
284074195,789
284075195,785
284076195,770
284077195,753
284078195,736
284079195,719
284080195,717
284081195,709
284082195,701
284083195,705
284084195,715
284085195,699
284086195,694
284096604,562
284097604,560
284098604,540
284099604,556
284100604,527
284101604,533
284102604,510
284103604,508
284104604,501
284105604,527
284106604,556
284107604,571
284108604,592
284109604,579
284110604,577
284111604,561
284112604,555
284113604,550
284114604,527
284115604,484
284116604,563
284117604,534
284118604,529
284119604,531
284120604,511
284121604,511
284122604,539
284123604,527
284124604,509
284125604,509
284126604,528
284137038,606
284138038,591
284139038,592
284140038,579
284141038,569
284142038,549
284143038,545
284144038,541
284145038,529
284146038,535
284147038,541
284148038,489
284149038,561
284150038,528
284151038,529
284152038,545
284153038,549
284154038,538
284155038,548
284156038,537
284157038,529
284158038,510
284159038,511
284160038,502
284161038,492
284162038,460
284163038,481
284164038,483
284165038,493
284166038,475
284167038,508
284177488,466
284178488,522
284179488,627
284180488,729
284181488,854
284182488,927
284183488,976
284184488,1001
284185488,989
284186488,995
284187488,1044
284188488,1134
284189488,1223
284190488,1349
284191488,1446
284192488,1531
284193488,1577
284194488,1568
284195488,1524
284196488,1507
284197488,1472
284198488,1445
284199488,1421
284200488,1395
284201488,1369
284202488,1365
284203488,1365
284213877,1181
284214877,1167
284215877,1131
284216877,1120
284217877,1104
284218877,1072
284219877,1061
284220877,1036
284221877,1011
284222877,979
284223877,963
284224877,945
284225877,923
284226877,902
284227877,891
284228877,880
284229877,863
284230877,843
284231877,824
284232877,812
284233877,792
284234877,773
284235877,767
284236877,752
284237877,752
284238877,781
284239877,797
284240877,803
284251290,652
284252290,627
284253290,621
284254290,620
284255290,597
284256290,594
284257290,587
284258290,561
284259290,557
284260290,557
284261290,534
284262290,533
284263290,510
284264290,495
284265290,499
284266290,481
284267290,476
284268290,465
284269290,447
284270290,450
284271290,453
284272290,420
284273290,432
284274290,435
284275290,433
284276290,432
284277290,419
284278290,416
284279290,403
284280290,389
284281290,388
284291724,355
284292724,359
284293724,368
284294724,349
284295724,353
284296724,336
284297724,332
284298724,358
284299724,336
284300724,361
284301724,356
284302724,357
284303724,358
284304724,351
284305724,350
284306724,353
284307724,366
284308724,356
284309724,359
284310724,347
284311724,349
284312724,348
284313724,341
284314724,339
284315724,325
284316724,324
284317724,323
284318724,307
284319724,310
284320724,308
284321724,296
284332174,271
284333174,240
284334174,240
284335174,236
284336174,251
284337174,233
284338174,233
284339174,227
284340174,222
284341174,197
284342174,209
284343174,212
284344174,207
284345174,204
284346174,205
284347174,208
284348174,194
284349174,164
284350174,188
284351174,185
284352174,178
284353174,183
284354174,177
284355174,176
284356174,170
284357174,157
284358174,172
284359174,169
284360174,169
284361174,179
284362174,189
284363174,219
284373598,279
284374598,306
284375598,353
284376598,391
284377598,433
284378598,460
284379598,470
284380598,467
284381598,468
284382598,449
284383598,439
284384598,432
284385598,427
284386598,416
284387598,415
284388598,409
284389598,394
284390598,388
284391598,387
284392598,375
284393598,364
284394598,355
284395598,363
284396598,352
284397598,337
284398598,336
284399598,331
284400598,325
284401598,331
284402598,327
284403598,319
284414048,263
284415048,257
284416048,258
284417048,249
284418048,240
284419048,243
284420048,240
284421048,238
284422048,234
284423048,231
284424048,221
284425048,215
284426048,224
284427048,208
284428048,206
284429048,207
284430048,218
284431048,193
284432048,181
284433048,179
284434048,194
284435048,187
284436048,207
284437048,219
284438048,237
284439048,241
284440048,228
284441048,235
284442048,210
284443048,231
284444048,241
284454482,208
284455482,233
284456482,231
284457482,233
284458482,229
284459482,226
284460482,227
284461482,210
284462482,218
284463482,219
284464482,217
284465482,217
284466482,220
284467482,222
284468482,237
284469482,245
284470482,245
284471482,243
284472482,251
284473482,240
284474482,240
284475482,251
284476482,255
284477482,242
284478482,244
284479482,239
284480482,254
284481482,256
284482482,258
284483482,277
284484482,275
284494933,303
284495933,297
284496933,297
284497933,287
284498933,303
284499933,312
284500933,326
284501933,333
284502933,336
284503933,357
284504933,367
284505933,372
284506933,380
284507933,378
284508933,368
284509933,367
284510933,366
284511933,353
284512933,357
284513933,340
284514933,347
284515933,360
284516933,377
284517933,383
284518933,370
284519933,364
284520933,359
284521933,340
284522933,345
284523933,326
284524933,331
284525933,332
284536356,349
284537356,367
284538356,361
284539356,368
284540356,368
284541356,356
284542356,355
284543356,355
284544356,342
284545356,333
284546356,337
284547356,328
284548356,331
284549356,330
284550356,337
284551356,339
284552356,329
284553356,339
284554356,351
284555356,368
284556356,366
284557356,369
284558356,377
284559356,397
284560356,397
284561356,383
284562356,397
284563356,444
284564356,419
284565356,437
284566356,467
284576807,705
284577807,705
284578807,699
284579807,681
284580807,666
284581807,665
284582807,669
284583807,680
284584807,677
284585807,675
284586807,664
284587807,641
284588807,642
284589807,627
284590807,661
284591807,691
284592807,735
284593807,759
284594807,804
284595807,832
284596807,832
284597807,801
284598807,807
284599807,809
284600807,811
284601807,807
284602807,805
284603807,796
284604807,784
284605807,768
284606807,751
284617243,795
284618243,783
284619243,764
284620243,761
284621243,755
284622243,759
284623243,765
284624243,798
284625243,774
284626243,796
284627243,793
284628243,788
284629243,783
284630243,768
284631243,777
284632243,785
284633243,797
284634243,821
284635243,816
284636243,803
284637243,800
284638243,788
284639243,780
284640243,783
284641243,779
284642243,771
284643243,766
284644243,777
284645243,787
284646243,785
284647243,757
284657692,739
284658692,737
284659692,731
284660692,700
284661692,740
284662692,709
284663692,721
284664692,809
284665692,967
284666692,1201
284667692,1412
284668692,1571
284669692,1690
284670692,1807
284671692,1904
284672692,1947
284673692,1989
284674692,1998
284675692,2025
284676692,2064
284677692,2073
284678692,2053
284679692,2001
284680692,1977
284681692,1942
284682692,1926
284683692,1907
284694081,3089
284695081,3207
284696081,3312
284697081,3410
284698081,3447
284699081,3440
284700081,3383
284701081,3297
284702081,3216
284703081,3138
284704081,3083
284705081,3028
284706081,2980
284707081,2910
284708081,2850
284709081,2782
284710081,2724
284711081,2672
284712081,2608
284713081,2546
284714081,2520
284715081,2505
284716081,2499
284717081,2479
284727500,1999
284728500,1949
284729500,1907
284730500,1884
284731500,1836
284732500,1806
284733500,1783
284734500,1765
284735500,1745
284736500,1723
284737500,1697
284738500,1649
284739500,1625
284740500,1583
284741500,1564
284742500,1521
284743500,1493
284744500,1463
284745500,1431
284746500,1407
284747500,1383
284748500,1369
284749500,1355
284750500,1332
284760920,1240
284761920,1255
284762920,1240
284763920,1245
284764920,1224
284765920,1187
284766920,1166
284767920,1083
284768920,1116
284769920,1092
284770920,1055
284771920,1042
284772920,1011
284773920,998
284774920,983
284775920,943
284776920,972
284777920,919
284778920,893
284779920,879
284780920,879
284781920,864
284782920,848
284783920,869
284784920,853
284785920,895
284786920,904
284797361,1397
284798361,1369
284799361,1355
284800361,1325
284801361,1309
284802361,1281
284803361,1266
284804361,1267
284805361,1289
284806361,1313
284807361,1345
284808361,1378
284809361,1427
284810361,1476
284811361,1507
284812361,1519
284813361,1524
284814361,1520
284815361,1515
284816361,1507
284817361,1469
284818361,1450
284819361,1424
284820361,1403
284821361,1375
284831753,1590
284832753,1577
284833753,1535
284834753,1506
284835753,1487
284836753,1457
284837753,1446
284838753,1429
284839753,1414
284840753,1391
284841753,1360
284842753,1329
284843753,1297
284844753,1271
284845753,1244
284846753,1213
284847753,1189
284848753,1171
284849753,1121
284850753,1119
284851753,1092
284852753,1081
284853753,1041
284854753,1021
284865172,902
284866172,881
284867172,867
284868172,847
284869172,833
284870172,833
284871172,839
284872172,846
284873172,792
284874172,829
284875172,828
284876172,835
284877172,859
284878172,859
284879172,876
284880172,895
284881172,924
284882172,953
284883172,975
284884172,1003
284885172,1062
284886172,1120
284887172,1237
284888172,1279
284889172,1244
284890172,1247
284891172,1229
284892172,1227
284902571,1388
284903571,1381
284904571,1395
284905571,1365
284906571,1337
284907571,1311
284908571,1291
284909571,1257
284910571,1251
284911571,1201
284912571,1184
284913571,1167
284914571,1149
284915571,1116
284916571,1086
284917571,1067
284918571,985
284919571,1040
284920571,1022
284921571,994
284922571,975
284923571,955
284924571,929
284925571,907
284926571,903
284927571,903
284937984,815
284938984,817
284939984,813
284940984,793
284941984,777
284942984,758
284943984,747
284944984,726
284945984,710
284946984,699
284947984,705
284948984,673
284949984,675
284950984,673
284951984,667
284952984,656
284953984,645
284954984,627
284955984,624
284956984,620
284957984,624
284958984,641
284959984,680
284960984,688
284961984,701
284962984,693
284963984,685
284964984,673
284965984,681
284966984,673
284967984,665
284978435,553
284979435,554
284980435,573
284981435,591
284982435,603
284983435,613
284984435,598
284985435,598
284986435,588
284987435,564
284988435,560
284989435,555
284990435,539
284991435,528
284992435,511
284993435,511
284994435,524
284995435,544
284996435,553
284997435,540
284998435,540
284999435,557
285000435,573
285001435,558
285002435,558
285003435,549
285004435,528
285005435,530
285006435,562
285007435,588
285008435,597
285009435,573
285019858,497
285020858,495
285021858,487
285022858,496
285023858,501
285024858,529
285025858,556
285026858,557
285027858,576
285028858,605
285029858,635
285030858,651
285031858,666
285032858,716
285033858,654
285034858,653
285035858,637
285036858,624
285037858,609
285038858,596
285039858,594
285040858,582
285041858,580
285042858,591
285043858,597
285044858,590
285045858,577
285046858,592
285047858,553
285048858,545
285049858,537
285060309,459
285061309,455
285062309,472
285063309,442
285064309,425
285065309,439
285066309,425
285067309,427
285068309,407
285069309,398
285070309,406
285071309,371
285072309,384
285073309,386
285074309,368
285075309,324
285076309,364
285077309,355
285078309,342
285079309,331
285080309,331
285081309,330
285082309,348
285083309,321
285084309,313
285085309,305
285086309,304
285087309,295
285088309,288
285089309,287
285090309,282
285100743,300
285101743,353
285102743,377
285103743,371
285104743,364
285105743,361
285106743,350
285107743,357
285108743,336
285109743,336
285110743,330
285111743,332
285112743,337
285113743,340
285114743,335
285115743,335
285116743,343
285117743,346
285118743,353
285119743,355
285120743,371
285121743,395
285122743,405
285123743,411
285124743,415
285125743,413
285126743,407
285127743,411
285128743,412
285129743,411
285130743,405
285141194,435
285142194,432
285143194,436
285144194,445
285145194,466
285146194,477
285147194,463
285148194,456
285149194,456
285150194,436
285151194,433
285152194,427
285153194,426
285154194,427
285155194,445
285156194,453
285157194,468
285158194,511
285159194,548
285160194,568
285161194,585
285162194,593
285163194,639
285164194,645
285165194,674
285166194,653
285167194,636
285168194,681
285169194,741
285170194,787
285171194,832
285172194,833
285182617,933
285183617,899
285184617,921
285185617,909
285186617,885
285187617,878
285188617,870
285189617,862
285190617,845
285191617,833
285192617,815
285193617,795
285194617,783
285195617,760
285196617,768
285197617,787
285198617,730
285199617,718
285200617,715
285201617,701
285202617,675
285203617,684
285204617,661
285205617,657
285206617,653
285207617,627
285208617,656
285209617,661
285210617,651
285211617,635
285212617,639
285223068,579
285224068,566
285225068,560
285226068,548
285227068,541
285228068,533
285229068,541
285230068,533
285231068,533
285232068,560
285233068,528
285234068,527
285235068,511
285236068,503
285237068,492
285238068,490
285239068,491
285240068,463
285241068,484
285242068,459
285243068,460
285244068,489
285245068,509
285246068,537
285247068,549
285248068,555
285249068,547
285250068,577
285251068,583
285252068,651
285253068,705
285263502,1173
285264502,1143
285265502,1120
285266502,1105
285267502,1082
285268502,1076
285269502,1077
285270502,1072
285271502,1069
285272502,1056
285273502,1037
285274502,1019
285275502,1013
285276502,1015
285277502,994
285278502,976
285279502,959
285280502,934
285281502,922
285282502,913
285283502,896
285284502,887
285285502,885
285286502,879
285287502,865
285288502,866
285289502,834
285299873,722
285300873,709
285301873,718
285302873,730
285303873,705
285304873,721
285305873,691
285306873,695
285307873,688
285308873,677
285309873,685
285310873,673
285311873,694
285312873,716
285313873,708
285314873,705
285315873,693
285316873,677
285317873,665
285318873,656
285319873,661
285320873,682
285321873,684
285322873,671
285323873,657
285324873,649
285325873,636
285326873,624
285327873,613
285328873,604
285329873,581
285340324,527
285341324,507
285342324,505
285343324,474
285344324,477
285345324,467
285346324,442
285347324,450
285348324,442
285349324,448
285350324,452
285351324,465
285352324,476
285353324,490
285354324,496
285355324,502
285356324,493
285357324,489
285358324,493
285359324,472
285360324,459
285361324,449
285362324,443
285363324,438
285364324,429
285365324,421
285366324,414
285367324,415
285368324,421
285369324,436
285370324,437
285371324,457
285381747,405
285382747,400
285383747,394
285384747,391
285385747,373
285386747,365
285387747,383
285388747,359
285389747,362
285390747,353
285391747,352
285392747,340
285393747,331
285394747,340
285395747,335
285396747,336
285397747,350
285398747,352
285399747,364
285400747,361
285401747,375
285402747,400
285403747,382
285404747,384
285405747,387
285406747,382
285407747,383
285408747,383
285409747,381
285410747,381
285411747,363
285422198,302
285423198,289
285424198,297
285425198,298
285426198,278
285427198,275
285428198,274
285429198,278
285430198,239
285431198,228
285432198,249
285433198,251
285434198,242
285435198,247
285436198,246
285437198,208
285438198,266
285439198,268
285440198,265
285441198,268
285442198,273
285443198,247
285444198,257
285445198,257
285446198,257
285447198,241
285448198,259
285449198,243
285450198,247
285451198,243
285452198,251
285462632,213
285463632,224
285464632,208
285465632,200
285466632,204
285467632,200
285468632,199
285469632,197
285470632,196
285471632,213
285472632,222
285473632,169
285474632,193
285475632,203
285476632,205
285477632,201
285478632,192
285479632,188
285480632,189
285481632,185
285482632,196
285483632,189
285484632,197
285485632,224
285486632,224
285487632,226
285488632,229
285489632,236
285490632,225
285491632,207
285492632,219
285503083,212
285504083,240
285505083,257
285506083,279
285507083,283
285508083,266
285509083,268
285510083,269
285511083,257
285512083,275
285513083,302
285514083,313
285515083,324
285516083,328
285517083,319
285518083,329
285519083,316
285520083,315
285521083,320
285522083,342
285523083,346
285524083,349
285525083,351
285526083,349
285527083,346
285528083,289
285529083,341
285530083,336
285531083,335
285532083,333
285533083,322
285534083,306
285544506,286
285545506,273
285546506,272
285547506,276
285548506,283
285549506,283
285550506,289
285551506,273
285552506,272
285553506,276
285554506,271
285555506,280
285556506,312
285557506,338
285558506,372
285559506,394
285560506,400
285561506,389
285562506,372
285563506,369
285564506,365
285565506,365
285566506,364
285567506,363
285568506,333
285569506,400
285570506,433
285571506,381
285572506,367
285573506,363
285574506,355
285584957,317
285585957,303
285586957,304
285587957,304
285588957,290
285589957,276
285590957,284
285591957,284
285592957,277
285593957,281
285594957,269
285595957,269
285596957,259
285597957,251
285598957,252
285599957,240
285600957,242
285601957,261
285602957,275
285603957,294
285604957,308
285605957,321
285606957,336
285607957,321
285608957,336
285609957,315
285610957,315
285611957,313
285612957,313
285613957,315
285614957,317
285625391,272
285626391,273
285627391,270
285628391,269
285629391,261
285630391,273
285631391,276
285632391,292
285633391,274
285634391,289
285635391,283
285636391,273
285637391,263
285638391,267
285639391,246
285640391,254
285641391,255
285642391,248
285643391,240
285644391,244
285645391,239
285646391,236
285647391,226
285648391,233
285649391,224
285650391,233
285651391,239
285652391,240
285653391,242
285654391,241
285655391,241
285665842,281
285666842,288
285667842,272
285668842,272
285669842,263
285670842,267
285671842,273
285672842,265
285673842,265
285674842,259
285675842,249
285676842,251
285677842,249
285678842,245
285679842,236
285680842,239
285681842,227
285682842,228
285683842,227
285684842,240
285685842,240
285686842,235
285687842,238
285688842,235
285689842,234
285690842,229
285691842,225
285692842,233
285693842,215
285694842,241
285695842,183
285696842,208
285707266,189
285708266,193
285709266,182
285710266,181
285711266,179
285712266,177
285713266,176
285714266,175
285715266,166
285716266,153
285717266,155
285718266,169
285719266,162
285720266,159
285721266,176
285722266,177
285723266,151
285724266,141
285725266,153
285726266,159
285727266,157
285728266,169
285729266,165
285730266,167
285731266,168
285732266,160
285733266,157
285734266,159
285735266,157
285736266,149
285737266,159
285747716,137
285748716,143
285749716,134
285750716,126
285751716,130
285752716,125
285753716,139
285754716,139
285755716,140
285756716,132
285757716,159
285758716,131
285759716,125
285760716,126
285761716,139
285762716,126
285763716,121
285764716,126
285765716,115
285766716,125
285767716,112
285768716,111
285769716,112
285770716,109
285771716,112
285772716,111
285773716,112
285774716,112
285775716,100
285776716,108
285777716,105
285788150,100
285789150,89
285790150,101
285791150,91
285792150,100
285793150,101
285794150,93
285795150,90
285796150,95
285797150,96
285798150,96
285799150,95
285800150,95
285801150,85
285802150,88
285803150,87
285804150,80
285805150,95
285806150,87
285807150,85
285808150,92
285809150,84
285810150,85
285811150,81
285812150,81
285813150,95
285814150,82
285815150,79
285816150,90
285817150,83
285818150,89
285819150,91
285820150,81
285821150,80
285822150,87
285823150,93
285824150,84
285825150,84
285826150,85
285827150,85
285828150,81
285829150,81
285839538,80
285840538,80
285841538,80
285842538,81
285843538,79
285844538,71
285845538,67
285846538,80
285847538,80
285848538,94
285849538,115
285850538,162
285851538,209
285852538,240
285853538,267
285854538,273
285855538,283
285856538,275
285857538,273
285858538,280
285859538,266
285860538,265
285861538,268
285862538,263
285863538,257
285864538,257
285865538,281
285866538,311
285867538,330
285868538,342
285869538,344
285870538,341
285871538,364
285872538,356
285882940,831
285883940,924
285884940,1050
285885940,1195
285886940,1334
285887940,1451
285888940,1535
285889940,1633
285890940,1679
285891940,1714
285892940,1724
285893940,1712
285894940,1699
285895940,1680
285896940,1687
285897940,1711
285898940,1732
285899940,1777
285900940,1792
285901940,1791
285902940,1772
285903940,1753
285904940,1721
285905940,1677
285906940,1647
285917332,1556
285918332,1563
285919332,1572
285920332,1573
285921332,1577
285922332,1588
285923332,1588
285924332,1583
285925332,1565
285926332,1535
285927332,1503
285928332,1465
285929332,1455
285930332,1421
285931332,1393
285932332,1373
285933332,1357
285934332,1337
285935332,1328
285936332,1309
285937332,1296
285938332,1288
285939332,1277
285940332,1279
285950752,1055
285951752,1068
285952752,1085
285953752,1083
285954752,1059
285955752,1041
285956752,999
285957752,983
285958752,962
285959752,944
285960752,926
285961752,909
285962752,883
285963752,868
285964752,861
285965752,828
285966752,803
285967752,801
285968752,781
285969752,715
285970752,761
285971752,734
285972752,719
285973752,699
285974752,704
285975752,692
285976752,676
285977752,650
285978752,641
285989189,535
285990189,530
285991189,509
285992189,494
285993189,482
285994189,474
285995189,464
285996189,460
285997189,447
285998189,442
285999189,432
286000189,419
286001189,413
286002189,400
286003189,406
286004189,400
286005189,397
286006189,385
286007189,378
286008189,373
286009189,377
286010189,373
286011189,367
286012189,374
286013189,363
286014189,347
286015189,343
286016189,339
286017189,336
286018189,328
286019189,320
286020189,311
286030612,329
286031612,324
286032612,325
286033612,315
286034612,313
286035612,308
286036612,309
286037612,320
286038612,336
286039612,329
286040612,335
286041612,315
286042612,315
286043612,319
286044612,305
286045612,299
286046612,272
286047612,304
286048612,325
286049612,325
286050612,351
286051612,369
286052612,371
286053612,389
286054612,391
286055612,387
286056612,399
286057612,416
286058612,417
286059612,436
286060612,430
286071063,461
286072063,463
286073063,484
286074063,487
286075063,500
286076063,489
286077063,475
286078063,461
286079063,459
286080063,461
286081063,432
286082063,435
286083063,421
286084063,427
286085063,402
286086063,401
286087063,412
286088063,381
286089063,405
286090063,403
286091063,412
286092063,405
286093063,400
286094063,400
286095063,414
286096063,420
286097063,437
286098063,436
286099063,439
286100063,452
286101063,433
286111497,451
286112497,400
286113497,439
286114497,477
286115497,419
286116497,420
286117497,430
286118497,431
286119497,420
286120497,400
286121497,397
286122497,409
286123497,396
286124497,383
286125497,392
286126497,397
286127497,389
286128497,402
286129497,403
286130497,411
286131497,404
286132497,399
286133497,391
286134497,391
286135497,368
286136497,373
286137497,370
286138497,356
286139497,354
286140497,350
286141497,340
286151948,285
286152948,292
286153948,286
286154948,288
286155948,284
286156948,286
286157948,290
286158948,293
286159948,287
286160948,288
286161948,290
286162948,289
286163948,278
286164948,268
286165948,265
286166948,269
286167948,259
286168948,256
286169948,251
286170948,253
286171948,255
286172948,247
286173948,238
286174948,240
286175948,225
286176948,223
286177948,223
286178948,226
286179948,211
286180948,223
286181948,213
286182948,209
286193371,182
286194371,193
286195371,197
286196371,192
286197371,177
286198371,185
286199371,183
286200371,193
286201371,203
286202371,198
286203371,192
286204371,180
286205371,193
286206371,192
286207371,193
286208371,193
286209371,197
286210371,182
286211371,187
286212371,187
286213371,179
286214371,176
286215371,176
286216371,178
286217371,208
286218371,203
286219371,219
286220371,218
286221371,229
286222371,212
286223371,224
286233822,336
286234822,337
286235822,351
286236822,351
286237822,352
286238822,347
286239822,341
286240822,335
286241822,336
286242822,356
286243822,380
286244822,401
286245822,427
286246822,461
286247822,464
286248822,449
286249822,448
286250822,434
286251822,429
286252822,429
286253822,427
286254822,420
286255822,420
286256822,413
286257822,400
286258822,390
286259822,390
286260822,379
286261822,368
286262822,356
286263822,350
286274256,297
286275256,297
286276256,289
286277256,294
286278256,315
286279256,333
286280256,327
286281256,346
286282256,339
286283256,351
286284256,341
286285256,336
286286256,321
286287256,325
286288256,321
286289256,317
286290256,336
286291256,340
286292256,361
286293256,368
286294256,385
286295256,381
286296256,399
286297256,396
286298256,401
286299256,385
286300256,371
286301256,370
286302256,354
286303256,355
286304256,340
286314707,373
286315707,368
286316707,320
286317707,365
286318707,368
286319707,375
286320707,353
286321707,345
286322707,339
286323707,363
286324707,369
286325707,395
286326707,388
286327707,402
286328707,400
286329707,400
286330707,392
286331707,388
286332707,380
286333707,385
286334707,411
286335707,422
286336707,427
286337707,429
286338707,428
286339707,455
286340707,432
286341707,419
286342707,428
286343707,445
286344707,444
286345707,465
286356130,401
286357130,395
286358130,391
286359130,379
286360130,369
286361130,366
286362130,365
286363130,351
286364130,349
286365130,337
286366130,337
286367130,329
286368130,324
286369130,324
286370130,315
286371130,331
286372130,347
286373130,369
286374130,395
286375130,397
286376130,404
286377130,398
286378130,375
286379130,388
286380130,368
286381130,355
286382130,351
286383130,350
286384130,343
286385130,345
286386130,345
286396583,304
286397583,304
286398583,288
286399583,292
286400583,292
286401583,295
286402583,317
286403583,295
286404583,321
286405583,305
286406583,301
286407583,301
286408583,289
286409583,277
286410583,267
286411583,266
286412583,267
286413583,262
286414583,259
286415583,255
286416583,256
286417583,245
286418583,240
286419583,240
286420583,229
286421583,228
286422583,228
286423583,233
286424583,241
286425583,245
286426583,241
286437015,273
286438015,271
286439015,273
286440015,275
286441015,266
286442015,265
286443015,272
286444015,272
286445015,282
286446015,300
286447015,296
286448015,295
286449015,288
286450015,288
286451015,273
286452015,240
286453015,271
286454015,271
286455015,257
286456015,252
286457015,267
286458015,252
286459015,242
286460015,259
286461015,273
286462015,290
286463015,304
286464015,291
286465015,287
286466015,277
286467015,274
286477465,243
286478465,241
286479465,230
286480465,217
286481465,224
286482465,233
286483465,253
286484465,260
286485465,271
286486465,289
286487465,287
286488465,302
286489465,299
286490465,319
286491465,322
286492465,332
286493465,298
286494465,303
286495465,307
286496465,307
286497465,315
286498465,336
286499465,347
286500465,372
286501465,385
286502465,419
286503465,444
286504465,464
286505465,459
286506465,458
286507465,453
286508465,441
286518889,384
286519889,393
286520889,383
286521889,371
286522889,372
286523889,367
286524889,368
286525889,379
286526889,391
286527889,379
286528889,371
286529889,372
286530889,377
286531889,368
286532889,365
286533889,359
286534889,355
286535889,364
286536889,349
286537889,358
286538889,338
286539889,332
286540889,334
286541889,326
286542889,323
286543889,330
286544889,330
286545889,341
286546889,327
286547889,325
286548889,320
286559339,273
286560339,273
286561339,272
286562339,257
286563339,273
286564339,231
286565339,255
286566339,241
286567339,239
286568339,243
286569339,229
286570339,235
286571339,238
286572339,219
286573339,223
286574339,212
286575339,217
286576339,239
286577339,207
286578339,198
286579339,176
286580339,201
286581339,195
286582339,217
286583339,197
286584339,195
286585339,203
286586339,220
286587339,236
286588339,217
286589339,234
286599773,220
286600773,214
286601773,231
286602773,304
286603773,241
286604773,265
286605773,276
286606773,300
286607773,304
286608773,303
286609773,322
286610773,304
286611773,300
286612773,289
286613773,277
286614773,271
286615773,273
286616773,271
286617773,259
286618773,261
286619773,222
286620773,249
286621773,241
286622773,213
286623773,235
286624773,229
286625773,229
286626773,231
286627773,237
286628773,218
286629773,217
286640232,185
286641232,185
286642232,176
286643232,175
286644232,187
286645232,169
286646232,175
286647232,167
286648232,176
286649232,161
286650232,173
286651232,176
286652232,177
286653232,189
286654232,182
286655232,190
286656232,188
286657232,207
286658232,208
286659232,228
286660232,201
286661232,201
286662232,195
286663232,193
286664232,197
286665232,187
286666232,176
286667232,179
286668232,189
286669232,176
286670232,174
286671232,175
286681647,150
286682647,160
286683647,170
286684647,165
286685647,145
286686647,165
286687647,160
286688647,169
286689647,155
286690647,160
286691647,179
286692647,172
286693647,171
286694647,175
286695647,201
286696647,212
286697647,208
286698647,213
286699647,212
286700647,208
286701647,209
286702647,208
286703647,208
286704647,207
286705647,195
286706647,221
286707647,232
286708647,235
286709647,248
286710647,255
286711647,249
286722098,210
286723098,212
286724098,210
286725098,208
286726098,197
286727098,201
286728098,202
286729098,200
286730098,193
286731098,185
286732098,176
286733098,181
286734098,177
286735098,177
286736098,173
286737098,172
286738098,171
286739098,173
286740098,154
286741098,169
286742098,158
286743098,164
286744098,172
286745098,173
286746098,203
286747098,181
286748098,177
286749098,196
286750098,190
286751098,195
286752098,198
286762532,193
286763532,193
286764532,189
286765532,181
286766532,181
286767532,178
286768532,175
286769532,173
286770532,175
286771532,171
286772532,160
286773532,155
286774532,166
286775532,150
286776532,155
286777532,160
286778532,151
286779532,157
286780532,144
286781532,144
286782532,145
286783532,139
286784532,144
286785532,146
286786532,134
286787532,141
286788532,141
286789532,141
286790532,125
286791532,129
286792532,135
286802983,149
286803983,148
286804983,144
286805983,164
286806983,165
286807983,179
286808983,185
286809983,179
286810983,164
286811983,164
286812983,154
286813983,159
286814983,157
286815983,151
286816983,150
286817983,129
286818983,146
286819983,143
286820983,147
286821983,144
286822983,146
286823983,157
286824983,144
286825983,169
286826983,156
286827983,147
286828983,136
286829983,110
286830983,144
286831983,139
286832983,131
286833983,133
286844406,128
286845406,112
286846406,133
286847406,113
286848406,113
286849406,115
286850406,123
286851406,104
286852406,109
286853406,107
286854406,108
286855406,112
286856406,105
286857406,108
286858406,106
286859406,99
286860406,98
286861406,108
286862406,95
286863406,97
286864406,87
286865406,104
286866406,104
286867406,98
286868406,112
286869406,129
286870406,131
286871406,133
286872406,129
286873406,131
286874406,123
286875406,131
286885795,129
286886795,131
286887795,157
