timestamp_us,adc_raw
,1633
901040786,1769
901041786,1803
901042786,1979
901043786,2104
901044786,2075
901045786,1995
901046786,1920
901047786,1901
901048786,1900
901049786,1857
901050786,1804
901061178,2082
901062178,2002
901063178,1923
901064178,1867
901065178,1892
901066178,1861
901067178,1808
901068178,1787
901069178,1791
901070178,1837
901071178,1657
901072178,1581
901073178,1630
901074178,1751
901075178,1803
901076178,1969
901077178,2096
901078178,2061
901079178,1983
901080178,1921
901081178,1908
901082178,1885
901083178,1866
901084178,1803
901094598,2070
901095598,2000
901096598,1927
901097598,1875
901098598,1901
901099598,1865
901100598,1811
901101598,1781
901102598,1781
901103598,1813
901104598,1647
901105598,1579
901106598,1682
901107598,1776
901108598,1857
901109598,2025
901110598,2087
901111598,2065
901112598,1980
901113598,1920
901114598,1916
901115598,1888
901116598,1864
901117598,1801
901128017,2073
901129017,1995
901130017,1929
901131017,1885
901132017,1910
901133017,1859
901134017,1808
901135017,1785
901136017,1794
901137017,1800
901138017,1637
901139017,1569
901140017,1657
901141017,1792
901142017,1831
901143017,2000
901144017,2100
901145017,2047
901146017,1968
901147017,1890
901148017,1904
901149017,1877
901150017,1834
901151017,1782
901161420,2064
901162420,1993
901163420,1920
901164420,1886
901165420,1899
901166420,1859
901167420,1803
901168420,1781
901169420,1745
901170420,1789
901171420,1664
901172420,1580
901173420,1677
901174420,1789
901175420,1873
901176420,2019
901177420,2097
901178420,2046
901179420,1958
901180420,1889
901181420,1909
901182420,1873
901183420,1838
901184420,1790
901194840,2065
901195840,1979
901196840,1919
901197840,1891
901198840,1879
901199840,1851
901200840,1793
901201840,1771
901202840,1808
901203840,1776
901204840,1595
901205840,1571
901206840,1691
901207840,1774
901208840,1873
901209840,2019
901210840,2100
901211840,2031
901212840,1946
901213840,1870
901214840,1903
901215840,1872
901216840,1825
901217840,1776
901218840,1776
901229240,1981
901230240,1910
901231240,1893
901232240,1875
901233240,1855
901234240,1790
901235240,1779
901236240,1829
901237240,1741
901238240,1600
901239240,1574
901240240,1693
901241240,1772
901242240,1886
901243240,2032
901244240,2097
901245240,2033
901246240,1957
901247240,1873
901248240,1907
901249240,1865
901250240,1855
901251240,1791
901252240,1787
901262651,1968
901263651,1905
901264651,1904
901265651,1885
901266651,1861
901267651,1801
901268651,1745
901269651,1844
901270651,1732
901271651,1593
901272651,1589
901273651,1701
901274651,1767
901275651,1899
901276651,2063
901277651,2096
901278651,2032
901279651,1921
901280651,1905
901281651,1911
901282651,1888
901283651,1831
901284651,1776
901285651,1787
901296071,1956
901297071,1888
901298071,1906
901299071,1891
901300071,1848
901301071,1807
901302071,1791
901303071,1857
901304071,1728
901305071,1597
901306071,1599
901307071,1708
901308071,1782
901309071,1924
901310071,2041
901311071,2075
901312071,2005
901313071,1909
901314071,1862
901315071,1889
901316071,1872
901317071,1826
901318071,1797
901319071,1793
901329474,1927
901330474,1840
901331474,1875
901332474,1861
901333474,1835
901334474,1773
901335474,1788
901336474,1838
901337474,1694
901338474,1582
901339474,1599
901340474,1734
901341474,1781
901342474,1943
901343474,2079
901344474,2091
901345474,2017
901346474,1943
901347474,1883
901348474,1911
901349474,1872
901350474,1807
901351474,1781
901352474,1824
901362893,1951
901363893,1882
901364893,1918
901365893,1890
901366893,1821
901367893,1793
901368893,1791
901369893,1865
901370893,1737
901371893,1571
901372893,1609
901373893,1745
901374893,1778
901375893,1946
901376893,2081
901377893,2056
901378893,1997
901379893,1935
901380893,1869
901381893,1904
901382893,1877
901383893,1831
901384893,1813
901385893,1817
901386893,1840
901397285,1826
901398285,1855
901399285,1837
901400285,1806
901401285,1772
901402285,1777
901403285,1844
901404285,1679
901405285,1590
901406285,1622
901407285,1750
901408285,1787
901409285,1948
901410285,2083
901411285,2081
901412285,2005
901413285,1936
901414285,1891
901415285,1910
901416285,1861
901417285,1807
901418285,1785
901419285,1786
901420285,1794
901430705,1890
901431705,1923
901432705,1899
901433705,1839
901434705,1802
901435705,1795
901436705,1848
901437705,1665
901438705,1577
901439705,1618
901440705,1743
901441705,1780
901442705,1949
901443705,2065
901444705,2047
901445705,1976
901446705,1918
901447705,1891
901448705,1905
901449705,1870
901450705,1808
901451705,1792
901452705,1791
901453705,1789
901464125,1883
901465125,1905
901466125,1861
901467125,1810
901468125,1779
901469125,1776
901470125,1821
901471125,1650
901472125,1574
901473125,1637
901474125,1761
901475125,1806
901476125,1969
901477125,2091
901478125,2033
901479125,1978
901480125,1924
901481125,1916
901482125,1900
901483125,1867
901484125,1857
901485125,1778
901486125,1811
901487125,1765
901497528,1890
901498528,1890
901499528,1871
901500528,1819
901501528,1803
901502528,1795
901503528,1822
901504528,1659
901505528,1584
901506528,1649
901507528,1774
901508528,1818
901509528,1981
901510528,2089
901511528,2064
901512528,1969
901513528,1908
901514528,1895
901515528,1873
901516528,1843
901517528,1788
901518528,1785
901519528,1832
901520528,1749
901530947,1885
901531947,1900
901532947,1870
901533947,1797
901534947,1781
901535947,1808
901536947,1803
901537947,1638
901538947,1583
901539947,1676
901540947,1791
901541947,1851
901542947,2012
901543947,2095
901544947,2047
901545947,1957
901546947,1901
901547947,1904
901548947,1871
901549947,1814
901550947,1786
901551947,1776
901552947,1839
901553947,1718
901554947,1600
901565339,1899
901566339,1860
901567339,1795
901568339,1775
901569339,1786
901570339,1784
901571339,1626
901572339,1585
901573339,1673
901574339,1780
901575339,1847
901576339,2004
901577339,2095
901578339,2038
901579339,1964
901580339,1896
901581339,1915
901582339,1889
901583339,1861
901584339,1808
901585339,1790
901586339,1861
901587339,1722
901588339,1594
901598759,1878
901599759,1857
901600759,1801
901601759,1783
901602759,1819
901603759,1786
901604759,1613
901605759,1567
901606759,1680
901607759,1791
901608759,1878
901609759,2039
901610759,2099
901611759,2055
901612759,1980
901613759,1904
901614759,1919
901615759,1887
901616759,1776
901617759,1783
901618759,1765
901619759,1838
901620759,1680
901621759,1564
901632179,1884
901633179,1845
901634179,1785
901635179,1782
901636179,1823
901637179,1744
901638179,1603
901639179,1574
901640179,1701
901641179,1793
901642179,1904
901643179,2060
901644179,2112
901645179,2054
901646179,1967
901647179,1890
901648179,1913
901649179,1872
901650179,1824
901651179,1782
901652179,1763
901653179,1831
901654179,1649
901655179,1535
901665582,1893
901666582,1852
901667582,1808
901668582,1782
901669582,1841
901670582,1744
901671582,1605
901672582,1585
901673582,1712
901674582,1773
901675582,1895
901676582,2026
901677582,2079
901678582,2007
901679582,1938
901680582,1872
901681582,1904
901682582,1858
901683582,1824
901684582,1788
901685582,1790
901686582,1857
901687582,1683
901688582,1589
901699001,1881
901700001,1829
901701001,1777
901702001,1769
901703001,1837
901704001,1694
901705001,1585
901706001,1585
901707001,1712
901708001,1788
901709001,1923
901710001,2063
901711001,2092
901712001,2013
901713001,1945
901714001,1876
901715001,1917
901716001,1873
901717001,1825
901718001,1793
901719001,1795
901720001,1866
901721001,1673
901722001,1577
901723001,1630
901733393,1847
901734393,1804
901735393,1797
901736393,1860
901737393,1711
901738393,1600
901739393,1601
901740393,1730
901741393,1755
901742393,1936
901743393,2069
901744393,2095
901745393,2014
901746393,1936
901747393,1859
901748393,1906
901749393,1872
901750393,1808
901751393,1776
901752393,1776
901753393,1819
901754393,1641
901755393,1535
901756393,1616
901766813,1840
901767813,1793
901768813,1788
901769813,1851
901770813,1710
901771813,1583
901772813,1599
901773813,1721
901774813,1761
901775813,1936
901776813,2068
901777813,2103
901778813,2000
901779813,1932
901780813,1841
901781813,1891
901782813,1864
901783813,1777
901784813,1795
901785813,1791
901786813,1821
901787813,1705
901788813,1591
901789813,1651
901800241,1819
901801241,1791
901802241,1783
901803241,1858
901804241,1693
901805241,1594
901806241,1632
901807241,1753
901808241,1781
901809241,1957
901810241,2071
901811241,2068
901812241,1979
901813241,1919
901814241,1833
901815241,1887
901816241,1851
901817241,1793
901818241,1786
901819241,1782
901820241,1793
901821241,1647
901822241,1616
901823241,1712
901833635,1765
901834635,1735
901835635,1746
901836635,1801
901837635,1646
901838635,1568
901839635,1616
901840635,1767
901841635,1799
901842635,1969
901843635,2098
901844635,2094
901845635,2003
901846635,1945
901847635,1916
901848635,1918
901849635,1884
901850635,1821
901851635,1795
901852635,1804
901853635,1777
901854635,1627
901855635,1585
901856635,1677
901867055,1830
901868055,1805
901869055,1803
901870055,1845
901871055,1667
901872055,1573
901873055,1632
901874055,1760
901875055,1808
901876055,1967
901877055,2045
901878055,2047
901879055,1968
901880055,1889
901881055,1885
901882055,1870
901883055,1843
901884055,1779
901885055,1777
901886055,1814
901887055,1776
901888055,1630
901889055,1581
901890055,1699
901891055,1780
901901447,1769
901902447,1769
901903447,1809
901904447,1642
901905447,1613
901906447,1669
901907447,1787
901908447,1821
901909447,2000
901910447,2106
901911447,2075
901912447,1995
901913447,1920
901914447,1903
901915447,1891
901916447,1869
901917447,1807
901918447,1799
901919447,1838
901920447,1763
901921447,1616
901922447,1578
901923447,1695
901924447,1763
901934867,1768
901935867,1763
901936867,1785
901937867,1657
901938867,1615
901939867,1705
901940867,1808
901941867,1841
901942867,2025
901943867,2096
901944867,2059
901945867,1962
901946867,1878
901947867,1876
901948867,1837
901949867,1748
901950867,1737
901951867,1731
901952867,1805
901953867,1705
901954867,1588
901955867,1593
901956867,1715
901957867,1777
901968286,1798
901969286,1798
901970286,1793
901971286,1633
901972286,1587
901973286,1674
901974286,1776
901975286,1839
901976286,1998
901977286,2084
901978286,2046
901979286,1968
901980286,1897
901981286,1919
901982286,1889
901983286,1843
901984286,1795
901985286,1789
901986286,1889
901987286,1713
901988286,1583
901989286,1579
901990286,1699
901991286,1767
902001689,1737
902002689,1749
902003689,1779
902004689,1616
902005689,1585
902006689,1681
902007689,1780
902008689,1867
902009689,2017
902010689,2089
902011689,2032
902012689,1974
902013689,1895
902014689,1907
902015689,1879
902016689,1854
902017689,1798
902018689,1791
902019689,1866
902020689,1717
902021689,1601
902022689,1616
902023689,1755
902024689,1826
902035109,1742
902036109,1788
902037109,1701
902038109,1576
902039109,1535
902040109,1679
902041109,1764
902042109,1877
902043109,2030
902044109,2079
902045109,2031
902046109,1966
902047109,1888
902048109,1921
902049109,1900
902050109,1795
902051109,1795
902052109,1768
902053109,1873
902054109,1679
902055109,1591
902056109,1617
902057109,1744
902058109,1793
902059109,1936
902069501,1840
902070501,1731
902071501,1610
902072501,1599
902073501,1707
902074501,1775
902075501,1916
902076501,2071
902077501,2141
902078501,2083
902079501,1997
902080501,1918
902081501,1933
902082501,1874
902083501,1829
902084501,1778
902085501,1761
902086501,1822
902087501,1635
902088501,1534
902089501,1554
902090501,1694
902091501,1724
902092501,1909
902102921,1872
902103921,1744
902104921,1583
902105921,1601
902106921,1713
902107921,1765
902108921,1931
902109921,2055
902110921,2092
902111921,2037
902112921,1949
902113921,1877
902114921,1913
902115921,1877
902116921,1825
902117921,1808
902118921,1769
902119921,1818
902120921,1635
902121921,1535
902122921,1596
902123921,1737
902124921,1760
902125921,1938
902136340,1904
902137340,1744
902138340,1611
902139340,1594
902140340,1701
902141340,1729
902142340,1886
902143340,2003
902144340,2027
902145340,1957
902146340,1872
902147340,1809
902148340,1838
902149340,1821
902150340,1796
902151340,1780
902152340,1807
902153340,1861
902154340,1693
902155340,1609
902156340,1628
902157340,1779
902158340,1808
902159340,1977
902169743,1876
902170743,1713
902171743,1616
902172743,1622
902173743,1732
902174743,1765
902175743,1923
902176743,2039
902177743,2038
902178743,1968
902179743,1899
902180743,1867
902181743,1884
902182743,1871
902183743,1825
902184743,1802
902185743,1807
902186743,1839
902187743,1680
902188743,1616
902189743,1684
902190743,1790
902191743,1827
902192743,1969
902203163,1865
902204163,1695
902205163,1589
902206163,1627
902207163,1754
902208163,1782
902209163,1936
902210163,2064
902211163,2062
902212163,1975
902213163,1915
902214163,1875
902215163,1888
902216163,1856
902217163,1794
902218163,1767
902219163,1769
902220163,1781
902221163,1636
902222163,1574
902223163,1665
902224163,1783
902225163,1840
902226163,2003
902227163,2096
902237556,1669
902238556,1574
902239556,1619
902240556,1744
902241556,1788
902242556,1941
902243556,2080
902244556,2083
902245556,2005
902246556,1947
902247556,1911
902248556,1923
902249556,1890
902250556,1817
902251556,1795
902252556,1791
902253556,1787
902254556,1630
902255556,1562
902256556,1668
902257556,1777
902258556,1841
902259556,1989
902260556,2087
902270975,1655
902271975,1579
902272975,1587
902273975,1753
902274975,1805
902275975,1981
902276975,2100
902277975,2067
902278975,1996
902279975,1936
902280975,1902
902281975,1892
902282975,1849
902283975,1788
902284975,1771
902285975,1819
902286975,1804
902287975,1631
902288975,1585
902289975,1689
902290975,1823
902291975,1936
902292975,2065
902293975,2112
902304394,1646
902305394,1535
902306394,1669
902307394,1777
902308394,1817
902309394,1968
902310394,2079
902311394,2043
902312394,1965
902313394,1903
902314394,1895
902315394,1878
902316394,1830
902317394,1808
902318394,1809
902319394,1859
902320394,1786
902321394,1645
902322394,1618
902323394,1719
902324394,1792
902325394,1903
902326394,2012
902327394,2082
902337797,1661
902338797,1607
902339797,1680
902340797,1777
902341797,1837
902342797,1979
902343797,2083
902344797,2033
902345797,1951
902346797,1898
902347797,1903
902348797,1888
902349797,1849
902350797,1796
902351797,1808
902352797,1893
902353797,1795
902354797,1669
902355797,1638
902356797,1727
902357797,1781
902358797,1882
902359797,2003
902360797,2011
902371224,1707
902372224,1649
902373225,1723
902374225,1804
902375225,1859
902376225,2002
902377225,2079
902378225,1999
902379225,1919
902380225,1851
902381225,1889
902382225,1884
902383225,1850
902384225,1813
902385225,1793
902386225,1872
902387225,1727
902388225,1612
902389225,1584
902390225,1679
902391225,1716
902392225,1855
902393225,1988
902394225,2031
902395225,1977
902405609,1613
902406609,1712
902407609,1804
902408609,1851
902409609,1996
902410609,2069
902411609,2010
902412609,1938
902413609,1846
902414609,1881
902415609,1836
902416609,1829
902417609,1785
902418609,1791
902419609,1872
902420609,1742
902421609,1610
902422609,1623
902423609,1741
902424609,1776
902425609,1919
902426609,2063
902427609,2083
902428609,1995
902439028,1553
902440028,1646
902441028,1696
902442028,1844
902443028,2000
902444028,2061
902445028,1994
902446028,1936
902447028,1863
902448028,1903
902449028,1908
902450028,1838
902451028,1808
902452028,1842
902453028,1920
902454028,1813
902455028,1712
902456028,1693
902457028,1776
902458028,1776
902459028,1892
902460028,1996
902461028,1968
902462028,1873
902472448,1611
902473448,1723
902474448,1787
902475448,1906
902476448,2052
902477448,2089
902478448,2032
902479448,1968
902480448,1931
902481448,1968
902482448,1905
902483448,1839
902484448,1777
902485448,1769
902486448,1840
902487448,1655
902488448,1557
902489448,1580
902490448,1703
902491448,1749
902492448,1905
902493448,2064
902494448,2070
902495448,1993
902505851,1614
902506851,1729
902507851,1755
902508851,1899
902509851,2007
902510851,2064
902511851,1984
902512851,1911
902513851,1863
902514851,1904
902515851,1891
902516851,1830
902517851,1801
902518851,1808
902519851,1872
902520851,1698
902521851,1608
902522851,1649
902523851,1753
902524851,1787
902525851,1949
902526851,2074
902527851,2060
902528851,1971
902539271,1613
902540271,1733
902541271,1763
902542271,1919
902543271,2068
902544271,2105
902545271,2044
902546271,1955
902547271,1897
902548271,1902
902549271,1873
902550271,1796
902551271,1737
902552271,1741
902553271,1797
902554271,1645
902555271,1566
902556271,1647
902557271,1749
902558271,1781
902559271,1963
902560271,2064
902561271,2029
902562271,1995
902563271,1940
902573663,1746
902574663,1772
902575663,1915
902576663,2043
902577663,2077
902578663,1990
902579663,1939
902580663,1879
902581663,1885
902582663,1856
902583663,1810
902584663,1804
902585663,1840
902586663,1879
902587663,1715
902588663,1617
902589663,1655
902590663,1797
902591663,1781
902592663,1933
902593663,2045
902594663,2014
902595663,1955
902596663,1904
902607082,1772
902608082,1807
902609082,1989
902610082,2078
902611082,2074
902612082,1984
902613082,1914
902614082,1872
902615082,1872
902616082,1841
902617082,1794
902618082,1776
902619082,1797
902620082,1865
902621082,1690
902622082,1633
902623082,1667
902624082,1759
902625082,1805
902626082,1968
902627082,2055
902628082,2034
902629082,1958
902630082,1893
902640502,1779
902641502,1790
902642502,1937
902643502,2047
902644502,2023
902645502,1940
902646502,1867
902647502,1841
902648502,1843
902649502,1840
902650502,1793
902651502,1743
902652502,1807
902653502,1813
902654502,1622
902655502,1605
902656502,1648
902657502,1778
902658502,1831
902659502,1989
902660502,2098
902661502,2055
902662502,1975
902663502,1904
902673905,1710
902674905,1732
902675905,1900
902676905,2032
902677905,2047
902678905,1989
902679905,1930
902680905,1904
902681905,1908
902682905,1883
902683905,1840
902684905,1838
902685905,1862
902686905,1835
902687905,1666
902688905,1592
902689905,1681
902690905,1758
902691905,1840
902692905,1999
902693905,2096
902694905,2030
902695905,1950
902696905,1863
902707324,1765
902708324,1799
902709324,1953
902710324,2057
902711324,2035
902712324,1976
902713324,1940
902714324,1930
902715324,1914
902716324,1876
902717324,1811
902718324,1793
902719324,1821
902720324,1755
902721324,1613
902722324,1535
902723324,1678
902724324,1756
902725324,1871
902726324,2004
902727324,2069
902728324,2033
902729324,1955
902730324,1894
902731324,1905
902741716,1829
902742716,1973
902743716,2081
902744716,2039
902745716,1948
902746716,1863
902747716,1865
902748716,1865
902749716,1850
902750716,1792
902751716,1793
902752716,1853
902753716,1792
902754716,1665
902755716,1614
902756716,1745
902757716,1811
902758716,1921
902759716,2043
902760716,2081
902761716,1991
902762716,1914
902763716,1825
902764716,1849
902775136,1833
902776136,1981
902777136,2071
902778136,2038
902779136,1994
902780136,1913
902781136,1937
902782136,1913
902783136,1876
902784136,1808
902785136,1795
902786136,1865
902787136,1739
902788136,1615
902789136,1610
902790136,1697
902791136,1747
902792136,1884
902793136,2032
902794136,2067
902795136,2005
902796136,1937
902797136,1856
902798136,1891
902808557,1872
902809557,2026
902810557,2091
902811557,2038
902812557,1936
902813557,1851
902814557,1877
902815557,1855
902816557,1799
902817557,1761
902818557,1773
902819557,1868
902820557,1742
902821557,1639
902822557,1621
902823557,1741
902824557,1773
902825557,1905
902826557,2035
902827557,2035
902828557,2028
902829557,1965
902830557,1908
902831557,1936
902841959,1831
902842959,1970
902843959,1981
902844959,2021
902845959,1957
902846959,1873
902847959,1919
902848959,1854
902849959,1835
902850959,1797
902851959,1776
902852959,1878
902853959,1757
902854959,1671
902855959,1677
902856959,1785
902857959,1778
902858959,1909
902859959,2025
902860959,2001
902861959,1927
902862959,1876
902863959,1846
902864959,1891
902875378,1893
902876378,2039
902877378,2097
902878378,2027
902879378,1953
902880378,1873
902881378,1905
902882378,1871
902883378,1809
902884378,1771
902885378,1762
902886378,1839
902887378,1711
902888378,1613
902889378,1587
902890378,1763
902891378,1770
902892378,1935
902893378,2071
902894378,2053
902895378,1975
902896378,1907
902897378,1869
902898378,1877
902899378,1871
902909770,2062
902910770,2106
902911770,2045
902912770,1940
902913770,1857
902914770,1868
902915770,1836
902916770,1803
902917770,1785
902918770,1765
902919770,1871
902920770,1711
902921770,1606
902922770,1656
902923770,1776
902924770,1776
902925770,1930
902926770,2043
902927770,2039
902928770,1962
902929770,1895
902930770,1865
902931770,1884
902932770,1859
902943190,1977
902944190,2030
902945190,1984
902946190,1935
902947190,1872
902948190,1912
902949190,1874
902950190,1819
902951190,1804
902952190,1791
902953190,1860
902954190,1696
902955190,1616
902956190,1669
902957190,1737
902958190,1753
902959190,1907
902960190,2033
902961190,2027
902962190,1974
902963190,1929
902964190,1916
902965190,1922
902966190,1905
902976610,1972
902977610,2007
902978610,1952
902979610,1902
902980610,1866
902981610,1879
902982610,1871
902983610,1815
902984610,1803
902985610,1798
902986610,1856
902987610,1743
902988610,1633
902989610,1680
902990610,1773
902991610,1787
902992610,1935
902993610,2071
902994610,2064
902995610,1989
902996610,1929
902997610,1917
902998610,1909
902999610,1865
903010012,2055
903011012,2053
903012012,1991
903013012,1930
903014012,1882
903015012,1890
903016012,1879
903017012,1821
903018012,1806
903019012,1797
903020012,1851
903021012,1691
903022012,1617
903023012,1676
903024012,1764
903025012,1779
903026012,1938
903027012,2039
903028012,2003
903029012,1953
903030012,1909
903031012,1931
903032012,1904
903033012,1872
903043432,2036
903044432,2021
903045432,1953
903046432,1909
903047432,1872
903048432,1885
903049432,1899
903050432,1831
903051432,1813
903052432,1824
903053432,1876
903054432,1711
903055432,1606
903056432,1681
903057432,1771
903058432,1801
903059432,1952
903060432,2071
903061432,2011
903062432,1930
903063432,1857
903064432,1876
903065432,1869
903066432,1831
903067432,1783
903077824,2037
903078824,2002
903079824,1938
903080824,1892
903081824,1882
903082824,1854
903083824,1787
903084824,1803
903085824,1815
903086824,1843
903087824,1712
903088824,1604
903089824,1682
903090824,1749
903091824,1786
903092824,1934
903093824,2036
903094824,2003
903095824,1943
903096824,1872
903097824,1896
903098824,1896
903099824,1868
903100824,1831
903111252,1998
903112252,1968
903113252,1863
903114252,1889
903115252,1917
903116252,1908
903117252,1847
903118252,1849
903119252,1834
903120252,1807
903121252,1674
903122252,1614
903123252,1707
903124252,1753
903125252,1825
903126252,1913
903127252,2023
903128252,2011
903129252,1886
903130252,1809
903131252,1859
903132252,1879
903133252,1866
903134252,1839
903144664,2017
903145664,1968
903146664,1910
903147664,1889
903148664,1906
903149664,1879
903150664,1828
903151664,1807
903152664,1861
903153664,1849
903154664,1711
903155664,1650
903156664,1699
903157664,1737
903158664,1792
903159664,1921
903160664,2012
903161664,1969
903162664,1933
903163664,1802
903164664,1888
903165664,1875
903166664,1865
903167664,1864
903178066,2004
903179066,1954
903180066,1884
903181066,1904
903182066,1899
903183066,1881
903184066,1841
903185066,1835
903186066,1928
903187066,1838
903188066,1686
903189066,1631
903190066,1660
903191066,1753
903192066,1820
903193066,1946
903194066,1989
903195066,1950
903196066,1908
903197066,1837
903198066,1900
903199066,1906
903200066,1856
903201066,1817
903211486,1991
903212486,1942
903213486,1857
903214486,1908
903215486,1905
903216486,1844
903217486,1791
903218486,1780
903219486,1899
903220486,1829
903221486,1708
903222486,1653
903223486,1744
903224486,1743
903225486,1838
903226486,1965
903227486,2015
903228486,1981
903229486,1925
903230486,1844
903231486,1891
903232486,1881
903233486,1828
903234486,1808
903235486,1799
903245878,1969
903246878,1895
903247878,1918
903248878,1864
903249878,1823
903250878,1776
903251878,1807
903252878,1937
903253878,1839
903254878,1711
903255878,1641
903256878,1728
903257878,1705
903258878,1805
903259878,1939
903260878,2008
903261878,1945
903262878,1921
903263878,1840
903264878,1872
903265878,1873
903266878,1847
903267878,1809
903268878,1794
903279298,1904
903280298,1825
903281298,1889
903282298,1948
903283298,1920
903284298,1861
903285298,1847
903286298,1996
903287298,1853
903288298,1721
903289298,1651
903290298,1742
903291298,1684
903292298,1798
903293298,1941
903294298,1979
903295298,1943
903296298,1904
903297298,1855
903298298,1889
903299298,1903
903300298,1846
903301298,1807
903302298,1776
903312717,1903
903313717,1815
903314717,1889
903315717,1909
903316717,1900
903317717,1865
903318717,1843
903319717,1994
903320717,1841
903321717,1686
903322717,1650
903323717,1732
903324717,1681
903325717,1803
903326717,1950
903327717,2005
903328717,1951
903329717,1909
903330717,1858
903331717,1899
903332717,1876
903333717,1811
903334717,1793
903335717,1804
903346120,1907
903347120,1873
903348120,1899
903349120,1897
903350120,1859
903351120,1820
903352120,1797
903353120,1963
903354120,1851
903355120,1721
903356120,1673
903357120,1753
903358120,1703
903359120,1805
903360120,1956
903361120,1999
903362120,1936
903363120,1912
903364120,1859
903365120,1888
903366120,1903
903367120,1858
903368120,1840
903369120,1859
903379540,1911
903380540,1847
903381540,1901
903382540,1884
903383540,1871
903384540,1845
903385540,1814
903386540,1954
903387540,1805
903388540,1680
903389540,1657
903390540,1731
903391540,1675
903392540,1778
903393540,1935
903394540,1936
903395540,1939
903396540,1915
903397540,1886
903398540,1901
903399540,1911
903400540,1855
903401540,1809
903402540,1884
903403540,1919
903413932,1872
903414932,1891
903415932,1885
903416932,1870
903417932,1790
903418932,1839
903419932,1945
903420932,1802
903421932,1663
903422932,1655
903423932,1735
903424932,1667
903425932,1815
903426932,1936
903427932,1955
903428932,1937
903429932,1905
903430932,1893
903431932,1908
903432932,1887
903433932,1829
903434932,1789
903435932,1865
903436932,1871
903447352,1854
903448352,1843
903449352,1810
903450352,1776
903451352,1803
903452352,1855
903453352,2000
903454352,1868
903455352,1737
903456352,1717
903457352,1779
903458352,1721
903459352,1853
903460352,1985
903461352,1973
903462352,1917
903463352,1857
903464352,1895
903465352,1921
903466352,1929
903467352,1888
903468352,1855
903469352,1931
903470352,1868
903480771,1840
903481771,1872
903482771,1872
903483771,1840
903484771,1868
903485771,1905
903486771,2000
903487771,1837
903488771,1713
903489771,1721
903490771,1740
903491771,1693
903492771,1828
903493771,1921
903494771,1910
903495771,1894
903496771,1809
903497771,1867
903498771,1875
903499771,1881
903500771,1885
903501771,1852
903502771,1989
903503771,1957
903514174,1891
903515174,1910
903516174,1911
903517174,1863
903518174,1839
903519174,1872
903520174,1933
903521174,1784
903522174,1669
903523174,1699
903524174,1723
903525174,1703
903526174,1820
903527174,1936
903528174,1920
903529174,1878
903530174,1814
903531174,1879
903532174,1903
903533174,1899
903534174,1879
903535174,1888
903536174,2044
903537174,1956
903547594,1891
903548594,1896
903549594,1900
903550594,1838
903551594,1793
903552594,1875
903553594,1921
903554594,1809
903555594,1681
903556594,1719
903557594,1756
903558594,1771
903559594,1907
903560594,2011
903561594,1967
903562594,1894
903563594,1780
903564594,1836
903565594,1850
903566594,1910
903567594,1904
903568594,1875
903569594,2027
903570594,1938
903571594,1742
903581986,1913
903582986,1930
903583986,1893
903584986,1889
903585986,2005
903586986,2011
903587986,1828
903588986,1712
903589986,1709
903590986,1659
903591986,1684
903592986,1836
903593986,1955
903594986,1944
903595986,1904
903596986,1825
903597986,1887
903598986,1885
903599986,1881
903600986,1835
903601986,1821
903602986,2022
903603986,1904
903604986,1744
903615406,1885
903616406,1875
903617406,1845
903618406,1803
903619406,1971
903620406,1921
903621406,1808
903622406,1679
903623406,1719
903624406,1679
903625406,1717
903626406,1845
903627406,1943
903628406,1957
903629406,1913
903630406,1836
903631406,1902
903632406,1915
903633406,1902
903634406,1840
903635406,1845
903636406,2031
903637406,1904
903638406,1774
903648825,1916
903649825,1905
903650825,1847
903651825,1837
903652825,2000
903653825,1949
903654825,1737
903655825,1673
903656825,1761
903657825,1669
903658825,1747
903659825,1873
903660825,1969
903661825,1936
903662825,1911
903663825,1826
903664825,1883
903665825,1913
903666825,1908
903667825,1860
903668825,1824
903669825,1989
903670825,1848
903671825,1697
903682236,1891
903683236,1872
903684236,1840
903685236,1809
903686236,1993
903687236,1923
903688236,1793
903689236,1689
903690236,1769
903691236,1677
903692236,1728
903693236,1870
903694236,1936
903695236,1936
903696236,1914
903697236,1840
903698236,1878
903699236,1847
903700236,1808
903701236,1775
903702236,1779
903703236,2011
903704236,1909
903705236,1779
903715648,1943
903716648,1895
903717648,1831
903718648,1821
903719648,1972
903720648,1889
903721648,1724
903722648,1643
903723648,1728
903724648,1630
903725648,1734
903726648,1911
903727648,1995
903728648,1977
903729648,1939
903730648,1866
903731648,1892
903732648,1907
903733648,1862
903734648,1837
903735648,1828
903736648,1984
903737648,1847
903738648,1703
903739648,1675
903750040,1838
903751040,1787
903752040,1814
903753040,2014
903754040,1892
903755040,1759
903756040,1712
903757040,1790
903758040,1676
903759040,1758
903760040,1923
903761040,1965
903762040,1945
903763040,1908
903764040,1842
903765040,1851
903766040,1871
903767040,1837
903768040,1801
903769040,1901
903770040,2029
903771040,1857
903772040,1671
903773040,1630
903783468,1892
903784468,1850
903785468,1861
903786468,2055
903787468,1909
903788468,1750
903789468,1679
903790468,1713
903791468,1613
903792468,1732
903793468,1889
903794468,1938
903795468,1928
903796468,1877
903797468,1857
903798468,1861
903799468,1887
903800468,1876
903801468,1887
903802468,1947
903803468,2019
903804468,1850
903805468,1661
903806468,1650
903816879,1813
903817879,1833
903818879,1839
903819879,2032
903820879,1875
903821879,1725
903822879,1674
903823879,1721
903824879,1614
903825879,1756
903826879,1946
903827879,1972
903828879,1926
903829879,1851
903830879,1840
903831879,1867
903832879,1887
903833879,1819
903834879,1820
903835879,1967
903836879,2028
903837879,1872
903838879,1712
903839879,1722
903850282,1868
903851282,1865
903852282,1871
903853282,2029
903854282,1849
903855282,1677
903856282,1637
903857282,1709
903858282,1629
903859282,1787
903860282,1975
903861282,2009
903862282,1968
903863282,1895
903864282,1908
903865282,1871
903866282,1875
903867282,1801
903868282,1749
903869282,1870
903870282,1901
903871282,1757
903872282,1627
903873282,1685
903883702,1913
903884702,1855
903885702,1859
903886702,1983
903887702,1817
903888702,1711
903889702,1645
903890702,1670
903891702,1620
903892702,1759
903893702,1899
903894702,1984
903895702,1923
903896702,1885
903897702,1873
903898702,1856
903899702,1856
903900702,1843
903901702,1855
903902702,2031
903903702,1997
903904702,1836
903905702,1689
903906702,1726
903907702,1658
903918094,1821
903919094,1903
903920094,2064
903921094,1883
903922094,1710
903923094,1717
903924094,1745
903925094,1693
903926094,1850
903927094,1981
903928094,1991
903929094,1959
903930094,1856
903931094,1883
903932094,1895
903933094,1871
903934094,1813
903935094,1796
903936094,1995
903937094,1959
903938094,1824
903939094,1723
903940094,1744
903941094,1678
903951513,1808
903952513,1999
903953513,2047
903954513,1899
903955513,1744
903956513,1714
903957513,1674
903958513,1659
903959513,1798
903960513,1937
903961513,1967
903962513,1969
903963513,1929
903964513,1959
903965513,1923
903966513,1908
903967513,1847
903968513,1791
903969513,1965
903970513,1879
903971513,1758
903972513,1616
903973513,1673
903974513,1605
903984933,1763
903985933,1872
903986933,1888
903987933,1801
903988933,1689
903989933,1712
903990933,1697
903991933,1703
903992933,1844
903993933,1978
903994933,1974
903995933,1949
903996933,1845
903997933,1914
903998933,1936
903999933,1919
904000933,1883
904001933,1840
904002933,1982
904003933,1860
904004933,1688
904005933,1586
904006933,1671
904007933,1626
904018336,1837
904019336,1957
904020336,1947
904021336,1780
904022336,1601
904023336,1680
904024336,1644
904025336,1653
904026336,1795
904027336,1895
904028336,1937
904029336,1900
904030336,1806
904031336,1904
904032336,1972
904033336,1923
904034336,1857
904035336,1855
904036336,2037
904037336,1938
904038336,1807
904039336,1769
904040336,1769
904041336,1642
904051755,1788
904052755,1994
904053755,1886
904054755,1777
904055755,1692
904056755,1723
904057755,1633
904058755,1701
904059755,1872
904060755,1920
904061755,1977
904062755,1937
904063755,1821
904064755,1858
904065755,1885
904066755,1866
904067755,1872
904068755,1881
904069755,2070
904070755,1919
904071755,1743
904072755,1680
904073755,1719
904074755,1623
904075755,1745
904086147,2041
904087147,1948
904088147,1775
904089147,1658
904090147,1714
904091147,1623
904092147,1701
904093147,1868
904094147,1934
904095147,1927
904096147,1887
904097147,1809
904098147,1849
904099147,1879
904100147,1878
904101147,1840
904102147,1826
904103147,2027
904104147,1875
904105147,1680
904106147,1648
904107147,1697
904108147,1579
904109147,1799
904119573,2039
904120573,1965
904121573,1800
904122573,1675
904123573,1706
904124573,1605
904125573,1725
904126573,1859
904127573,1927
904128573,1925
904129573,1888
904130573,1852
904131573,1872
904132573,1880
904133573,1851
904134573,1854
904135573,1887
904136573,2081
904137573,1912
904138573,1775
904139573,1701
904140573,1713
904141573,1600
904142573,1740
904152987,2112
904153987,2036
904154987,1865
904155987,1697
904156987,1743
904157987,1574
904158987,1680
904159987,1843
904160987,1934
904161987,1921
904162987,1887
904163987,1840
904164987,1881
904165987,1862
904166987,1805
904167987,1779
904168987,1810
904169987,1975
904170987,1820
904171987,1634
904172987,1631
904173987,1759
904174987,1715
904175987,1872
904186390,1979
904187390,1869
904188390,1703
904189390,1609
904190390,1675
904191390,1555
904192390,1724
904193390,1965
904194390,2067
904195390,2074
904196390,1990
904197390,1943
904198390,1955
904199390,1963
904200390,1889
904201390,1844
904202390,1861
904203390,1951
904204390,1815
904205390,1700
904206390,1705
904207390,1707
904208390,1627
904209390,1700
904219809,1971
904220809,1837
904221809,1713
904222809,1712
904223809,1856
904224809,1712
904225809,1773
904226809,1861
904227809,1865
904228809,1845
904229809,1885
904230809,1886
904231809,1923
904232809,1940
904233809,1880
904234809,1824
904235809,1866
904236809,1915
904237809,1808
904238809,1680
904239809,1727
904240809,1756
904241809,1743
904242809,1883
904243809,1998
904254201,1845
904255201,1643
904256201,1605
904257201,1678
904258201,1599
904259201,1745
904260201,1934
904261201,1990
904262201,1968
904263201,1872
904264201,1875
904265201,1853
904266201,1856
904267201,1845
904268201,1856
904269201,1984
904270201,2001
904271201,1843
904272201,1673
904273201,1621
904274201,1646
904275201,1677
904276201,1807
904277201,1892
904287621,1887
904288621,1793
904289621,1754
904290621,1795
904291621,1747
904292621,1868
904293621,1965
904294621,1981
904295621,1959
904296621,1893
904297621,1921
904298621,1900
904299621,1893
904300621,1805
904301621,1803
904302621,1954
904303621,1971
904304621,1837
904305621,1648
904306621,1643
904307621,1582
904308621,1645
904309621,1852
904310621,1967
904321041,1819
904322041,1685
904323041,1693
904324041,1652
904325041,1577
904326041,1734
904327041,1915
904328041,1968
904329041,1955
904330041,1889
904331041,1951
904332041,1945
904333041,1934
904334041,1856
904335041,1757
904336041,1925
904337041,1908
904338041,1776
904339041,1642
904340041,1662
904341041,1597
904342041,1728
904343041,1969
904344041,2117
904354443,1796
904355443,1659
904356443,1712
904357443,1743
904358443,1687
904359443,1797
904360443,1929
904361443,1924
904362443,1903
904363443,1842
904364443,1892
904365443,1901
904366443,1895
904367443,1878
904368443,1851
904369443,1973
904370443,1841
904371443,1674
904372443,1581
904373443,1623
904374443,1493
904375443,1612
904376443,1854
904377443,2064
904387863,1773
904388863,1627
904389863,1689
904390863,1697
904391863,1682
904392863,1801
904393863,1903
904394863,1879
904395863,1865
904396863,1808
904397863,1924
904398863,1954
904399863,1927
904400863,1855
904401863,1804
904402863,1973
904403863,1829
904404863,1643
904405863,1648
904406863,1741
904407863,1665
904408863,1791
904409863,1929
904410863,1934
904411863,1887
904422257,1705
904423257,1685
904424257,1612
904425257,1646
904426257,1807
904427257,1967
904428257,1968
904429257,1949
904430257,1860
904431257,1914
904432257,1902
904433257,1803
904434257,1760
904435257,1771
904436257,1968
904437257,1885
904438257,1740
904439257,1666
904440257,1715
904441257,1587
904442257,1711
904443257,1901
904444257,2013
904445257,2039
904455675,1781
904456675,1823
904457675,1682
904458675,1717
904459675,1846
904460675,1917
904461675,1941
904462675,1929
904463675,1947
904464675,2003
904465675,1983
904466675,1933
904467675,1840
904468675,1671
904469675,1808
904470675,1691
904471675,1573
904472675,1529
904473675,1644
904474675,1646
904475675,1806
904476675,1971
904477675,2011
904478675,2027
904489095,1633
904490095,1743
904491095,1697
904492095,1777
904493095,1923
904494095,1951
904495095,1867
904496095,1827
904497095,1804
904498095,1804
904499095,1829
904500095,1771
904501095,1750
904502095,1789
904503095,2035
904504095,1872
904505095,1730
904506095,1666
904507095,1685
904508095,1561
904509095,1623
904510095,1805
904511095,1941
904512095,1949
904522497,1641
904523497,1666
904524497,1535
904525497,1711
904526497,1905
904527497,1937
904528497,1944
904529497,1926
904530497,1881
904531497,1970
904532497,2000
904533497,1968
904534497,1946
904535497,1917
904536497,2096
904537497,1935
904538497,1697
904539497,1592
904540497,1633
904541497,1492
904542497,1656
904543497,1853
904544497,1921
904545497,1936
904555917,1799
904556917,1936
904557917,1811
904558917,1913
904559917,2070
904560917,2116
904561917,2067
904562917,2004
904563917,1907
904564917,1906
904565917,1894
904566917,1841
904567917,1840
904568917,1848
904569917,2017
904570917,1915
904571917,1744
904572917,1716
904573917,1801
904574917,1761
904575917,1869
904576917,1918
904577917,1855
904578917,1765
904579917,1653
904590309,1679
904591309,1535
904592309,1702
904593309,1936
904594309,2065
904595309,2053
904596309,2034
904597309,1915
904598309,1878
904599309,1883
904600309,1836
904601309,1907
904602309,1875
904603309,2062
904604309,1925
904605309,1772
904606309,1757
904607309,1779
904608309,1728
904609309,1861
904610309,1949
904611309,1889
904612309,1791
904613309,1680
904623729,1863
904624729,1769
904625729,1911
904626729,2029
904627729,1967
904628729,1837
904629729,1678
904630729,1553
904631729,1566
904632729,1630
904633729,1721
904634729,1815
904635729,1981
904636729,2096
904637729,1985
904638729,1851
904639729,1858
904640729,1835
904641729,1759
904642729,1892
904643729,2001
904644729,2001
904645729,1961
904646729,1847
904657148,1749
904658148,1709
904659148,1873
904660148,2043
904661148,2086
904662148,1971
904663148,1848
904664148,1849
904665148,1833
904666148,1877
904667148,1809
904668148,1766
904669148,1867
904670148,1865
904671148,1697
904672148,1513
904673148,1600
904674148,1678
904675148,1805
904676148,1931
904677148,2096
904678148,2141
904679148,2044
904680148,1905
904690552,1732
904691552,1606
904692552,1680
904693552,1847
904694552,1899
904695552,1939
904696552,1887
904697552,1846
904698552,1809
904699552,1775
904700552,1739
904701552,1749
904702552,1935
904703552,2016
904704552,2017
904705552,1911
904706552,1933
904707552,1800
904708552,1739
904709552,1841
904710552,1881
904711552,1873
904712552,1849
904713552,1817
904723971,1682
904724971,1591
904725971,1688
904726971,1805
904727971,1823
904728971,1857
904729971,1855
904730971,1891
904731971,1811
904732971,1820
904733971,1785
904734971,1820
904735971,2031
904736971,2015
904737971,1931
904738971,1842
904739971,1876
904740971,1753
904741971,1793
904742971,1938
904743971,2005
904744971,1935
904745971,1881
904746971,1800
904747971,1889
904758363,1644
904759363,1794
904760363,1849
904761363,1869
904762363,1875
904763363,1794
904764363,1914
904765363,1979
904766363,1977
904767363,1894
904768363,1841
904769363,1952
904770363,1861
904771363,1687
904772363,1493
904773363,1616
904774363,1632
904775363,1825
904776363,2079
904777363,2218
904778363,2109
904779363,1997
904780363,1843
904781363,1865
904791783,1915
904792783,2034
904793783,2061
904794783,1847
904795783,1619
904796783,1395
904797783,1569
904798783,1667
904799783,1721
904800783,1789
904801783,1843
904802783,2002
904803783,1904
904804783,1801
904805783,1651
904806783,1681
904807783,1565
904808783,1647
904809783,1829
904810783,1932
904811783,1987
904812783,2042
904813783,2127
904814783,2215
904825202,1777
904826202,1824
904827202,1820
904828202,1689
904829202,1580
904830202,1531
904831202,1668
904832202,1729
904833202,1787
904834202,1861
904835202,1885
904836202,2111
904837202,1968
904838202,1698
904839202,1589
904840202,1691
904841202,1638
904842202,1761
904843202,1870
904844202,1907
904845202,1917
904846202,1931
904847202,1914
904848202,2000
904858605,1644
904859605,1817
904860605,1943
904861605,1960
904862605,1905
904863605,1793
904864605,1755
904865605,1724
904866605,1583
904867605,1520
904868605,1607
904869605,1895
904870605,1808
904871605,1750
904872605,1774
904873605,1936
904874605,1808
904875605,1872
904876605,1977
904877605,2006
904878605,2000
904879605,2095
904880605,2043
904881605,2004
904892025,1589
904893025,1742
904894025,1893
904895025,1921
904896025,1898
904897025,1808
904898025,1811
904899025,1724
904900025,1671
904901025,1739
904902025,1684
904903025,1917
904904025,1857
904905025,1742
904906025,1776
904907025,1885
904908025,1785
904909025,1970
904910025,2169
904911025,2220
904912025,2176
904913025,2141
904914025,2085
904915025,1976
904916025,1833
904926417,1709
904927417,1877
904928417,2004
904929417,2064
904930417,2033
904931417,1986
904932417,1926
904933417,1861
904934417,1804
904935417,1866
904936417,2063
904937417,1899
904938417,1750
904939417,1727
904940417,1808
904941417,1670
904942417,1775
904943417,1917
904944417,1943
904945417,1937
904946417,1882
904947417,1841
904948417,1834
904949417,1807
904959837,1845
904960837,1827
904961837,1847
904962837,1824
904963837,1921
904964837,1985
904965837,1963
904966837,1900
904967837,1855
904968837,1859
904969837,2042
904970837,1935
904971837,1796
904972837,1778
904973837,1871
904974837,1727
904975837,1763
904976837,1872
904977837,1831
904978837,1734
904979837,1667
904980837,1651
904981837,1644
904982837,1790
904993258,2209
904994258,2080
904995258,1920
904996258,1813
904997258,1856
904998258,1868
904999258,1843
905000258,1829
905001258,1886
905002258,1942
905003258,2089
905004258,1931
905005258,1787
905006258,1808
905007258,1693
905008258,1636
905009258,1634
905010258,1737
905011258,1745
905012258,1689
905013258,1568
905014258,1642
905015258,1789
905016258,1948
905026659,1808
905027659,1903
905028659,1899
905029659,1865
905030659,1863
905031659,1939
905032659,1948
905033659,1968
905034659,1957
905035659,2000
905036659,2033
905037659,1872
905038659,1701
905039659,1754
905040659,1776
905041659,1760
905042659,1903
905043659,2019
905044659,1952
905045659,1836
905046659,1650
905047659,1791
905048659,1837
905049659,1740
905060079,2042
905061079,2138
905062079,2231
905063079,2179
905064079,2099
905065079,2059
905066079,2055
905067079,2025
905068079,2001
905069079,2086
905070079,2055
905071079,1871
905072079,1614
905073079,1485
905074079,1335
905075079,1335
905076079,1535
905077079,1745
905078079,1811
905079079,1873
905080079,1883
905081079,2000
905082079,1986
905083079,1909
905084079,1831
905094471,1828
905095471,1793
905096471,1750
905097471,1852
905098471,2004
905099471,2073
905100471,2020
905101471,1970
905102471,2043
905103471,1959
905104471,1763
905105471,1632
905106471,1647
905107471,1597
905108471,1607
905109471,1714
905110471,1846
905111471,1840
905112471,1785
905113471,1755
905114471,1915
905115471,1993
905116471,2065
905117471,1990
905127890,1949
905128890,1864
905129890,1855
905130890,2012
905131890,2077
905132890,2064
905133890,1936
905134890,1835
905135890,1919
905136890,1805
905137890,1616
905138890,1502
905139890,1471
905140890,1365
905141890,1431
905142890,1689
905143890,1936
905144890,2064
905145890,2119
905146890,2133
905147890,2177
905148890,2091
905149890,1979
905150890,1897
905161310,2134
905162310,2053
905163310,1873
905164310,1807
905165310,1735
905166310,1644
905167310,1569
905168310,1567
905169310,1791
905170310,1781
905171310,1680
905172310,1647
905173310,1808
905174310,1807
905175310,1830
905176310,1975
905177310,2070
905178310,1990
905179310,1920
905180310,1839
905181310,1905
905182310,2007
905183310,2160
905184310,2201
905194713,1885
905195713,2000
905196713,2045
905197713,2115
905198713,2100
905199713,2083
905200713,1925
905201713,1860
905202713,1971
905203713,1869
905204713,1659
905205713,1535
905206713,1654
905207713,1575
905208713,1716
905209713,1917
905210713,2058
905211713,2096
905212713,2005
905213713,1931
905214713,1971
905215713,1953
905216713,1776
905217713,1659
905228133,1779
905229133,1835
905230133,1797
905231133,1869
905232133,1877
905233133,1911
905234133,1933
905235133,1921
905236133,2155
905237133,2097
905238133,1944
905239133,1790
905240133,1760
905241133,1563
905242133,1597
905243133,1705
905244133,1753
905245133,1814
905246133,1775
905247133,1640
905248133,1785
905249133,1889
905250133,1901
905251133,1897
905252133,1871
905262525,1940
905263525,1803
905264525,1872
905265525,1929
905266525,1930
905267525,1851
905268525,1824
905269525,2071
905270525,1980
905271525,1801
905272525,1640
905273525,1671
905274525,1598
905275525,1706
905276525,1761
905277525,1665
905278525,1648
905279525,1633
905280525,1657
905281525,1757
905282525,1956
905283525,2064
905284525,2071
905285525,2097
905295944,1935
905296944,1805
905297944,1837
905298944,1811
905299944,1739
905300944,1677
905301944,1634
905302944,1904
905303944,1871
905304944,1705
905305944,1552
905306944,1577
905307944,1457
905308944,1757
905309944,1947
905310944,1984
905311944,2020
905312944,1989
905313944,1914
905314944,1904
905315944,1856
905316944,1875
905317944,1873
905318944,1812
905329364,2027
905330364,2019
905331364,2003
905332364,1981
905333364,1830
905334364,1819
905335364,1884
905336364,2065
905337364,1903
905338364,1711
905339364,1657
905340364,1747
905341364,1708
905342364,1808
905343364,1919
905344364,1964
905345364,1850
905346364,1715
905347364,1603
905348364,1503
905349364,1507
905350364,1519
905351364,1593
905352364,1854
905362767,1957
905363767,1911
905364767,1953
905365767,1991
905366767,1943
905367767,1915
905368767,1847
905369767,1959
905370767,1701
905371767,1391
905372767,1134
905373767,1214
905374767,1377
905375767,1753
905376767,2024
905377767,2022
905378767,2017
905379767,2000
905380767,1985
905381767,1911
905382767,1967
905383767,1989
905384767,2007
905385767,2157
905396186,1628
905397186,1576
905398186,1700
905399186,1813
905400186,1833
905401186,1749
905402186,1642
905403186,1660
905404186,1454
905405186,1406
905406186,1581
905407186,1732
905408186,1785
905409186,2013
905410186,2169
905411186,2198
905412186,2267
905413186,2307
905414186,2308
905415186,2265
905416186,2181
905417186,2018
905418186,1879
905419186,1881
905420186,1645
905430583,1791
905431583,1823
905432583,1869
905433583,1835
905434583,1808
905435583,1852
905436583,1905
905437583,1780
905438583,1684
905439583,1773
905440583,1771
905441583,1745
905442583,1828
905443583,1905
905444583,1913
905445583,1900
905446583,1808
905447583,1904
905448583,1927
905449583,1999
905450583,2046
905451583,1979
905452583,2064
905453583,1947
905463998,1874
905464998,1813
905465998,1776
905466998,1685
905467998,1655
905468998,1773
905469998,1825
905470998,1737
905471998,1625
905472998,1705
905473998,1753
905474998,1761
905475998,1904
905476998,2022
905477998,2105
905478998,2160
905479998,2039
905480998,2124
905481998,2096
905482998,1923
905483998,1786
905484998,1571
905485998,1683
905486998,1645
905497418,1935
905498418,1998
905499418,2015
905500418,1979
905501418,1975
905502418,2140
905503418,2155
905504418,1857
905505418,1652
905506418,1619
905507418,1584
905508418,1535
905509418,1711
905510418,1811
905511418,1824
905512418,1747
905513418,1741
905514418,1872
905515418,1918
905516418,1869
905517418,1893
905518418,1907
905519418,2053
905520418,1875
905530821,1875
905531821,1838
905532821,1779
905533821,1735
905534821,1729
905535821,1941
905536821,1819
905537821,1600
905538821,1584
905539821,1764
905540821,1789
905541821,1868
905542821,2057
905543821,2086
905544821,2117
905545821,1982
905546821,1746
905547821,1791
905548821,1861
905549821,1852
905550821,1851
905551821,1775
905552821,1852
905553821,1593
905564242,2155
905565242,2179
905566242,2112
905567242,2092
905568242,2091
905569242,2227
905570242,2044
905571242,1744
905572242,1499
905573242,1459
905574242,1283
905575242,1401
905576242,1665
905577242,1780
905578242,1788
905579242,1718
905580242,1610
905581242,1673
905582242,1713
905583242,1740
905584242,1855
905585242,2042
905586242,2333
905587242,2318
905588242,2169
905598632,1611
905599632,1580
905600632,1603
905601632,1648
905602632,1865
905603632,1753
905604632,1589
905605632,1616
905606632,1744
905607632,1747
905608632,1874
905609632,2145
905610632,2289
905611632,2271
905612632,2237
905613632,2113
905614632,1971
905615632,1796
905616632,1617
905617632,1648
905618632,1760
905619632,2086
905620632,1984
905621632,1781
905632052,1958
905633052,2035
905634052,2090
905635052,2093
905636052,2268
905637052,2056
905638052,1727
905639052,1561
905640052,1558
905641052,1390
905642052,1355
905643052,1519
905644052,1729
905645052,1856
905646052,1853
905647052,1873
905648052,2032
905649052,2182
905650052,2256
905651052,2139
905652052,2032
905653052,2160
905654052,1963
905655052,1776
905665472,2108
905666472,2032
905667472,1936
905668472,1759
905669472,1807
905670472,1675
905671472,1578
905672472,1586
905673472,1603
905674472,1490
905675472,1650
905676472,1806
905677472,1893
905678472,1937
905679472,2009
905680472,2065
905681472,2080
905682472,2085
905683472,1909
905684472,1887
905685472,1957
905686472,2079
905687472,1889
905688472,1686
905698874,1897
905699874,1759
905700874,1842
905701874,1953
905702874,2227
905703874,2013
905704874,1703
905705874,1519
905706874,1535
905707874,1361
905708874,1597
905709874,1993
905710874,2202
905711874,2183
905712874,2113
905713874,2038
905714874,2059
905715874,1997
905716874,1791
905717874,1560
905718874,1465
905719874,1533
905720874,1521
905721874,1557
905732294,1760
905733294,1768
905734294,1792
905735294,1758
905736294,1875
905737294,1735
905738294,1571
905739294,1636
905740294,1726
905741294,1648
905742294,1866
905743294,2031
905744294,2038
905745294,1997
905746294,1958
905747294,1919
905748294,1908
905749294,1904
905750294,1827
905751294,1843
905752294,2001
905753294,2047
905754294,1917
905755294,1841
905756294,1857
905766686,2110
905767686,2129
905768686,2119
905769686,2320
905770686,2229
905771686,1978
905772686,1902
905773686,1907
905774686,1743
905775686,1707
905776686,1582
905777686,1453
905778686,1392
905779686,1392
905780686,1486
905781686,1616
905782686,1761
905783686,1943
905784686,2071
905785686,2188
905786686,2236
905787686,2147
905788686,1969
905789686,1899
905800106,1809
905801106,1860
905802106,1857
905803106,1952
905804106,1821
905805106,1697
905806106,1659
905807106,1644
905808106,1609
905809106,1663
905810106,1824
905811106,1790
905812106,1805
905813106,1763
905814106,1754
905815106,1835
905816106,1904
905817106,1917
905818106,2000
905819106,2137
905820106,2135
905821106,2044
905822106,1872
905823106,1776
905833526,1717
905834526,1716
905835526,1805
905836526,1876
905837526,1691
905838526,1588
905839526,1729
905840526,1858
905841526,1852
905842526,1991
905843526,2106
905844526,2000
905845526,1841
905846526,1701
905847526,1799
905848526,1855
905849526,1945
905850526,1883
905851526,1767
905852526,1843
905853526,1753
905854526,1745
905855526,1729
905856526,1814
905866928,2206
905867928,2065
905868928,1946
905869928,1843
905870928,1617
905871928,1423
905872928,1463
905873928,1489
905874928,1585
905875928,1907
905876928,2160
905877928,2135
905878928,2039
905879928,1924
905880928,1938
905881928,1921
905882928,1861
905883928,1684
905884928,1653
905885928,1832
905886928,1659
905887928,1521
905888928,1571
905889928,1793
905900348,1831
905901348,1933
905902348,2105
905903348,2035
905904348,1808
905905348,1600
905906348,1585
905907348,1597
905908348,1535
905909348,1712
905910348,1887
905911348,1909
905912348,1865
905913348,1695
905914348,1729
905915348,1824
905916348,1932
905917348,1958
905918348,1992
905919348,2215
905920348,2062
905921348,1877
905922348,1705
905923348,1682
905924348,1560
905934740,1925
905935740,2064
905936740,2011
905937740,1872
905938740,1712
905939740,1691
905940740,1715
905941740,1871
905942740,2031
905943740,2011
905944740,1851
905945740,1785
905946740,1799
905947740,1815
905948740,1674
905949740,1583
905950740,1603
905951740,1760
905952740,2109
905953740,2017
905954740,1861
905955740,1839
905956740,1988
905957740,1890
905968160,1863
905969160,1938
905970160,1878
905971160,1808
905972160,1750
905973160,1787
905974160,1712
905975160,1773
905976160,1935
905977160,2079
905978160,1896
905979160,1719
905980160,1663
905981160,1755
905982160,1872
905983160,1961
905984160,1967
905985160,1901
905986160,1994
905987160,1747
905988160,1485
905989160,1476
905990160,1631
905991160,1623
906001583,1636
906002583,1946
906003583,1936
906004583,1776
906005583,1575
906006583,1571
906007583,1481
906008583,1650
906009583,1823
906010583,1877
906011583,1904
906012583,1961
906013583,1887
906014583,1951
906015583,1963
906016583,1968
906017583,2001
906018583,1986
906019583,2135
906020583,1829
906021583,1585
906022583,1452
906023583,1520
906024583,1424
906034982,1883
906035982,2086
906036982,1943
906037982,1689
906038982,1500
906039982,1621
906040982,1600
906041982,1795
906042982,1956
906043982,2014
906044982,1963
906045982,1869
906046982,1777
906047982,1901
906048982,1975
906049982,1908
906050982,1874
906051982,1833
906052982,1983
906053982,1803
906054982,1577
906055982,1513
906056982,1647
906057982,1617
906068402,1489
906069402,1911
906070402,1949
906071402,1836
906072402,1713
906073402,1770
906074402,1728
906075402,1888
906076402,2014
906077402,2066
906078402,2081
906079402,2103
906080402,1985
906081402,1952
906082402,1919
906083402,1840
906084402,1774
906085402,1750
906086402,1866
906087402,1679
906088402,1535
906089402,1535
906090402,1501
906091402,1393
906092402,1643
906102794,2235
906103794,2091
906104794,1960
906105794,1835
906106794,1794
906107794,1593
906108794,1569
906109794,1535
906110794,1529
906111794,1529
906112794,1614
906113794,1718
906114794,1852
906115794,1966
906116794,1847
906117794,1760
906118794,1863
906119794,2074
906120794,1914
906121794,1793
906122794,1833
906123794,1972
906124794,2032
906125794,2186
906136214,1946
906137214,1815
906138214,1681
906139214,1667
906140214,1693
906141214,1563
906142214,1761
906143214,1995
906144214,2111
906145214,2099
906146214,2040
906147214,2022
906148214,2064
906149214,2027
906150214,1897
906151214,1783
906152214,1814
906153214,1946
906154214,1839
906155214,1712
906156214,1650
906157214,1605
906158214,1646
906159214,1763
906169633,1984
906170633,1868
906171633,1772
906172633,1815
906173633,1871
906174633,1678
906175633,1773
906176633,1949
906177633,2009
906178633,1984
906179633,1902
906180633,1786
906181633,1827
906182633,1835
906183633,1712
906184633,1606
906185633,1757
906186633,1897
906187633,1898
906188633,1773
906189633,1810
906190633,1845
906191633,1931
906192633,2045
906203036,2080
906204036,2079
906205036,2044
906206036,2187
906207036,2146
906208036,1825
906209036,1791
906210036,1818
906211036,1776
906212036,1680
906213036,1671
906214036,1840
906215036,1936
906216036,2025
906217036,1973
906218036,1890
906219036,2017
906220036,1955
906221036,1806
906222036,1616
906223036,1594
906224036,1483
906225036,1441
906226036,1520
906236456,1825
906237456,1729
906238456,1665
906239456,1720
906240456,1743
906241456,1667
906242456,1733
906243456,1812
906244456,1769
906245456,1733
906246456,1716
906247456,1851
906248456,1932
906249456,1974
906250456,1998
906251456,2097
906252456,2273
906253456,2121
906254456,1812
906255456,1571
906256456,1508
906257456,1373
906258456,1479
906259456,1778
906260456,2042
906270848,1881
906271848,1744
906272848,1835
906273848,1881
906274848,1807
906275848,1829
906276848,1968
906277848,1936
906278848,1918
906279848,1855
906280848,1873
906281848,1825
906282848,1856
906283848,1795
906284848,1817
906285848,2064
906286848,1958
906287848,1843
906288848,1743
906289848,1715
906290848,1607
906291848,1734
906292848,1865
906293848,1937
906304268,2015
906305268,1662
906306268,1587
906307268,1562
906308268,1657
906309268,1863
906310268,1939
906311268,1840
906312268,1808
906313268,1753
906314268,1762
906315268,1782
906316268,1811
906317268,1856
906318268,1965
906319268,2217
906320268,2023
906321268,1807
906322268,1648
906323268,1744
906324268,1648
906325268,1750
906326268,1969
906327268,2107
906337687,2023
906338687,1824
906339687,1626
906340687,1535
906341687,1535
906342687,1637
906343687,1727
906344687,1775
906345687,1915
906346687,1946
906347687,2011
906348687,1968
906349687,1897
906350687,1885
906351687,1897
906352687,2111
906353687,1999
906354687,1891
906355687,1800
906356687,1675
906357687,1473
906358687,1571
906359687,1732
906360687,1815
906371090,1623
906372090,1515
906373090,1726
906374090,1711
906375090,1802
906376090,1904
906377090,1968
906378090,1945
906379090,1993
906380090,1936
906381090,1940
906382090,1935
906383090,1936
906384090,1917
906385090,1867
906386090,2019
906387090,1868
906388090,1754
906389090,1677
906390090,1647
906391090,1423
906392090,1439
906393090,1478
906394090,1502
906404510,1683
906405510,1555
906406510,1744
906407510,1753
906408510,1902
906409510,2096
906410510,2153
906411510,2047
906412510,1911
906413510,1808
906414510,1817
906415510,1802
906416510,1697
906417510,1606
906418510,1535
906419510,1787
906420510,1742
906421510,1735
906422510,1785
906423510,1843
906424510,1735
906425510,1849
906426510,1962
906427510,2020
906428510,1975
906438902,1660
906439902,1709
906440902,1507
906441902,1577
906442902,1802
906443902,1911
906444902,1922
906445902,1971
906446902,1943
906447902,1972
906448902,1901
906449902,1751
906450902,1601
906451902,1569
906452902,1772
906453902,1580
906454902,1616
906455902,1732
906456902,1857
906457902,1765
906458902,1909
906459902,2078
906460902,2121
906461902,2094
906472321,1651
906473321,1801
906474321,1729
906475321,1786
906476321,1887
906477321,1903
906478321,1846
906479321,1850
906480321,1819
906481321,1841
906482321,1841
906483321,1789
906484321,1742
906485321,1793
906486321,2025
906487321,1920
906488321,1812
906489321,1911
906490321,2037
906491321,1978
906492321,2043
906493321,2046
906494321,1930
906495321,1842
906505741,1479
906506741,1712
906507741,1730
906508741,1919
906509741,2075
906510741,2063
906511741,2047
906512741,1949
906513741,1831
906514741,1820
906515741,1947
906516741,2022
906517741,2117
906518741,2115
906519741,2099
906520741,1823
906521741,1593
906522741,1583
906523741,1633
906524741,1584
906525741,1837
906526741,2061
906527741,2096
906528741,2044
906539144,1569
906540144,1555
906541144,1453
906542144,1615
906543144,1875
906544144,2064
906545144,2022
906546144,1998
906547144,2085
906548144,2123
906549144,2096
906550144,2071
906551144,1985
906552144,1992
906553144,2053
906554144,1878
906555144,1674
906556144,1611
906557144,1607
906558144,1589
906559144,1690
906560144,1738
906561144,1751
906562144,1801
906572566,1500
906573566,1623
906574566,1571
906575566,1765
906576566,2029
906577566,2087
906578566,2024
906579566,2089
906580566,2194
906581566,2177
906582566,2150
906583566,2071
906584566,1993
906585566,2004
906586566,1879
906587566,1641
906588566,1456
906589566,1483
906590566,1565
906591566,1624
906592566,1839
906593566,2026
906594566,1985
906595566,1916
906596566,1783
906606956,1846
906607956,1587
906608956,1616
906609956,1871
906610956,2044
906611956,2129
906612956,2080
906613956,2031
906614956,2001
906615956,1902
906616956,1837
906617956,1770
906618956,1848
906619956,1853
906620956,1696
906621956,1535
906622956,1581
906623956,1559
906624956,1671
906625956,1847
906626956,1995
906627956,2027
906628956,2129
906629956,2040
906640375,1807
906641375,1847
906642375,2034
906643375,2228
906644375,2241
906645375,2131
906646375,1990
906647375,1903
906648375,1715
906649375,1681
906650375,1641
906651375,1619
906652375,1758
906653375,1695
906654375,1535
906655375,1439
906656375,1527
906657375,1519
906658375,1680
906659375,1922
906660375,2128
906661375,2135
906662375,2099
906663375,1987
906673795,1835
906674795,1793
906675795,1861
906676795,1962
906677795,1889
906678795,1777
906679795,1647
906680795,1680
906681795,1733
906682795,1837
906683795,1877
906684795,1872
906685795,1995
906686795,1872
906687795,1826
906688795,1830
906689795,1937
906690795,1874
906691795,1853
906692795,1878
906693795,1945
906694795,1995
906695795,2015
906696795,1905
906707198,1658
906708198,1725
906709198,1999
906710198,2270
906711198,2416
906712198,2449
906713198,2320
906714198,2147
906715198,1921
906716198,1757
906717198,1667
906718198,1587
906719198,1791
906720198,1689
906721198,1500
906722198,1433
906723198,1626
906724198,1665
906725198,1777
906726198,1872
906727198,1918
906728198,1905
906729198,1924
906730198,1863
906740617,1815
906741617,1885
906742617,2003
906743617,1894
906744617,1688
906745617,1670
906746617,1647
906747617,1705
906748617,1737
906749617,1808
906750617,1894
906751617,1972
906752617,2236
906753617,2136
906754617,1931
906755617,1779
906756617,1840
906757617,1511
906758617,1555
906759617,1721
906760617,1791
906761617,1701
906762617,1627
906763617,1600
906764617,1734
906775009,1666
906776009,1753
906777009,1839
906778009,1854
906779009,1741
906780009,1639
906781009,1888
906782009,2127
906783009,2205
906784009,2128
906785009,2002
906786009,2057
906787009,1809
906788009,1585
906789009,1407
906790009,1381
906791009,1303
906792009,1535
906793009,1841
906794009,1995
906795009,2000
906796009,2020
906797009,1957
906798009,1955
906808429,1789
906809429,1971
906810429,1975
906811429,1959
906812429,1833
906813429,1701
906814429,1744
906815429,1833
906816429,1847
906817429,1808
906818429,1823
906819429,2075
906820429,1999
906821429,1825
906822429,1687
906823429,1718
906824429,1568
906825429,1777
906826429,2059
906827429,2127
906828429,2065
906829429,1968
906830429,1874
906831429,1803
906841849,1616
906842849,1857
906843849,2071
906844849,2116
906845849,2111
906846849,2094
906847849,2105
906848849,2063
906849849,1907
906850849,1808
906851849,1808
906852849,2017
906853849,1907
906854849,1833
906855849,1809
906856849,1888
906857849,1678
906858849,1681
906859849,1730
906860849,1680
906861849,1667
906862849,1677
906863849,1719
906864849,1886
906875252,1776
906876252,1802
906877252,1744
906878252,1637
906879252,1648
906880252,1728
906881252,2006
906882252,2189
906883252,2198
906884252,2128
906885252,2013
906886252,2047
906887252,1781
906888252,1582
906889252,1489
906890252,1526
906891252,1535
906892252,1776
906893252,1961
906894252,2031
906895252,2039
906896252,1966
906897252,1972
906898252,1961
906908671,1488
906909671,1620
906910671,1671
906911671,1644
906912671,1600
906913671,1682
906914671,1871
906915671,1955
906916671,2043
906917671,2114
906918671,2159
906919671,2286
906920671,2047
906921671,1887
906922671,1884
906923671,1851
906924671,1678
906925671,1733
906926671,1861
906927671,1866
906928671,1807
906929671,1703
906930671,1777
906931671,1887
906932671,1920
906943063,2254
906944063,2333
906945063,2282
906946063,2169
906947063,2057
906948063,1986
906949063,1949
906950063,1885
906951063,1781
906952063,1698
906953063,1679
906954063,1562
906955063,1534
906956063,1581
906957063,1594
906958063,1509
906959063,1722
906960063,1988
906961063,2100
906962063,2093
906963063,2006
906964063,2042
906965063,1947
906966063,1955
906976483,2203
906977483,2154
906978483,2000
906979483,1975
906980483,1991
906981483,2027
906982483,2033
906983483,1960
906984483,1843
906985483,1829
906986483,1779
906987483,1532
906988483,1383
906989483,1471
906990483,1568
906991483,1661
906992483,1817
906993483,1877
906994483,1916
906995483,1949
906996483,1937
906997483,2029
906998483,2003
906999483,1907
907009903,2303
907010903,2485
907011903,2369
907012903,2095
907013903,1915
907014903,1876
907015903,1790
907016903,1833
907017903,1872
907018903,1936
907019903,1859
907020903,1729
907021903,1617
907022903,1616
907023903,1527
907024903,1502
907025903,1623
907026903,1849
907027903,1982
907028903,1992
907029903,1947
907030903,2042
907031903,1923
907032903,1680
907043305,2064
907044305,2251
907045305,2201
907046305,2007
907047305,1903
907048305,1798
907049305,1739
907050305,1747
907051305,1747
907052305,1902
907053305,1905
907054305,1808
907055305,1654
907056305,1711
907057305,1693
907058305,1763
907059305,1903
907060305,1971
907061305,1945
907062305,1830
907063305,1694
907064305,1704
907065305,1670
907066305,1626
907076725,1815
907077725,1773
907078725,1744
907079725,1812
907080725,1958
907081725,2062
907082725,2019
907083725,1807
907084725,1637
907085725,1807
907086725,1737
907087725,1584
907088725,1535
907089725,1757
907090725,1793
907091725,1968
907092725,2107
907093725,2143
907094725,2032
907095725,1871
907096725,1672
907097725,1711
907098725,1777
907099725,1837
907100725,1907
907111117,2101
907112117,2099
907113117,1865
907114117,1911
907115117,1808
907116117,1757
907117117,1715
907118117,1723
907119117,1913
907120117,1805
907121117,1683
907122117,1648
907123117,1707
907124117,1683
907125117,1772
907126117,1883
907127117,1977
907128117,1963
907129117,1974
907130117,1980
907131117,2021
907132117,1933
907133117,1824
907134117,1841
907144537,2282
907145537,2317
907146537,2115
907147537,2073
907148537,1987
907149537,1814
907150537,1597
907151537,1568
907152537,1871
907153537,1901
907154537,1827
907155537,1796
907156537,1911
907157537,1794
907158537,1735
907159537,1725
907160537,1729
907161537,1703
907162537,1641
907163537,1632
907164537,1781
907165537,1904
907166537,1923
907167537,1941
907177957,1632
907178957,1593
907179957,1535
907180957,1641
907181957,1695
907182957,1683
907183957,1847
907184957,2093
907185957,2396
907186957,2213
907187957,1981
907188957,1843
907189957,1825
907190957,1662
907191957,1689
907192957,1715
907193957,1716
907194957,1720
907195957,1775
907196957,1788
907197957,1888
907198957,1893
907199957,1917
907200957,1946
907211359,1987
907212359,1966
907213359,1898
907214359,1975
907215359,1919
907216359,1812
907217359,1729
907218359,1715
907219359,1904
907220359,1816
907221359,1702
907222359,1648
907223359,1665
907224359,1578
907225359,1876
907226359,2156
907227359,2181
907228359,2135
907229359,2004
907230359,1885
907231359,1885
907232359,1901
907233359,1759
907234359,1708
907244779,2187
907245779,2065
907246779,1855
907247779,1648
907248779,1523
907249779,1335
907250779,1270
907251779,1341
907252779,1649
907253779,1682
907254779,1775
907255779,1976
907256779,2190
907257779,2128
907258779,2141
907259779,2139
907260779,2026
907261779,1915
907262779,1787
907263779,1709
907264779,1731
907265779,1811
907266779,1856
907267779,1957
907268779,2166
907279171,1719
907280171,1605
907281171,1584
907282171,1722
907283171,1941
907284171,2014
907285171,2032
907286171,2203
907287171,1986
907288171,1791
907289171,1810
907290171,1849
907291171,1699
907292171,1840
907293171,1963
907294171,1939
907295171,1897
907296171,1852
907297171,1905
907298171,1961
907299171,2016
907300171,1995
907301171,1905
907302171,1941
907312596,2113
907313596,1945
907314596,1846
907315596,1791
907316596,1706
907317596,1664
907318596,1657
907319596,1863
907320596,1902
907321596,1776
907322596,1764
907323596,1715
907324596,1584
907325596,1679
907326596,1793
907327596,1712
907328596,1651
907329596,1713
907330596,1889
907331596,2037
907332596,2143
907333596,2096
907334596,2061
907335596,2224
907346010,1968
907347010,1964
907348010,1904
907349010,1827
907350010,1762
907351010,1703
907352010,1672
907353010,1785
907354010,1738
907355010,1689
907356010,1825
907357010,1700
907358010,1559
907359010,1707
907360010,1840
907361010,1820
907362010,1813
907363010,1791
907364010,1916
907365010,2003
907366010,2127
907367010,2194
907368010,2221
907369010,2259
907379413,1750
907380413,1861
907381413,1998
907382413,2085
907383413,2079
907384413,2074
907385413,2198
907386413,2212
907387413,1960
907388413,1766
907389413,1765
907390413,1761
907391413,1723
907392413,1817
907393413,1871
907394413,1803
907395413,1747
907396413,1750
907397413,1953
907398413,2009
907399413,1968
907400413,1924
907401413,1903
907402413,2000
907412833,1886
907413833,1942
907414833,2027
907415833,2000
907416833,1908
907417833,1904
907418833,2016
907419833,1987
907420833,1743
907421833,1456
907422833,1520
907423833,1553
907424833,1627
907425833,1837
907426833,2063
907427833,2139
907428833,2129
907429833,1942
907430833,1971
907431833,1932
907432833,1873
907433833,1829
907434833,1790
907435833,1855
907436833,1731
907447233,1873
907448233,1929
907449233,1981
907450233,1904
907451233,1844
907452233,2001
907453233,1991
907454233,1840
907455233,1652
907456233,1739
907457233,1751
907458233,1847
907459233,1959
907460233,1936
907461233,1790
907462233,1704
907463233,1664
907464233,1694
907465233,1647
907466233,1735
907467233,1801
907468233,1858
907469233,2117
907470233,2065
907480645,1790
907481645,1907
907482645,1937
907483645,1853
907484645,1788
907485645,1948
907486645,1898
907487645,1707
907488645,1465
907489645,1467
907490645,1502
907491645,1657
907492645,1795
907493645,1868
907494645,1814
907495645,1776
907496645,1739
907497645,1916
907498645,1988
907499645,2163
907500645,2262
907501645,2288
907502645,2395
907503645,2083
907514064,1951
907515064,1981
907516064,1937
907517064,1877
907518064,1843
907519064,2005
907520064,1905
907521064,1839
907522064,1670
907523064,1590
907524064,1567
907525064,1833
907526064,1975
907527064,1968
907528064,1946
907529064,1957
907530064,1904
907531064,1910
907532064,1872
907533064,1902
907534064,1898
907535064,1898
907536064,2047
907537064,1946
907547467,1968
907548467,2077
907549467,2118
907550467,2102
907551467,2075
907552467,2175
907553467,1977
907554467,1772
907555467,1631
907556467,1641
907557467,1478
907558467,1561
907559467,1711
907560467,1712
907561467,1571
907562467,1481
907563467,1564
907564467,1737
907565467,1903
907566467,2057
907567467,2153
907568467,2295
907569467,2485
907570467,2117
907580887,1916
907581887,1886
907582887,1817
907583887,1712
907584887,1790
907585887,2035
907586887,1923
907587887,1673
907588887,1455
907589887,1519
907590887,1513
907591887,1788
907592887,2028
907593887,2112
907594887,1995
907595887,1974
907596887,1993
907597887,2047
907598887,1939
907599887,1749
907600887,1712
907601887,1714
907602887,1964
907603887,1904
907604887,1741
907615279,1855
907616279,1717
907617279,1564
907618279,1530
907619279,1746
907620279,1766
907621279,1779
907622279,1877
907623279,2041
907624279,1926
907625279,1900
907626279,1905
907627279,1904
907628279,1889
907629279,1835
907630279,1824
907631279,1931
907632279,2118
907633279,2171
907634279,2094
907635279,2032
907636279,2007
907637279,1783
907638279,1533
907648699,2091
907649699,2051
907650699,1921
907651699,1831
907652699,2009
907653699,1805
907654699,1616
907655699,1589
907656699,1710
907657699,1611
907658699,1692
907659699,1861
907660699,1955
907661699,2000
907662699,2001
907663699,1989
907664699,1949
907665699,1979
907666699,1997
907667699,1938
907668699,1968
907669699,2105
907670699,2089
907671699,1975
907682118,1833
907683118,1907
907684118,1994
907685118,2089
907686118,2259
907687118,2099
907688118,1934
907689118,1941
907690118,1988
907691118,1883
907692118,1927
907693118,1971
907694118,1846
907695118,1703
907696118,1664
907697118,1604
907698118,1648
907699118,1713
907700118,1737
907701118,1777
907702118,1957
907703118,2046
907704118,1868
907705118,1675
907715521,1814
907716521,1871
907717521,2005
907718521,2122
907719521,2262
907720521,2015
907721521,1803
907722521,1733
907723521,1698
907724521,1617
907725521,1713
907726521,1805
907727521,1740
907728521,1708
907729521,1620
907730521,1675
907731521,1695
907732521,1745
907733521,1770
907734521,1808
907735521,2046
907736521,2118
907737521,2081
907738521,2009
907748941,1902
907749941,1971
907750941,1968
907751941,1995
907752941,2091
907753941,1719
907754941,1505
907755941,1535
907756941,1627
907757941,1620
907758941,1638
907759941,1697
907760941,1874
907761941,2047
907762941,2070
907763941,2098
907764941,2066
907765941,2075
907766941,2035
907767941,2000
907768941,2101
907769941,1995
907770941,1829
907771941,1711
907772941,1693
907783333,2085
907784333,2016
907785333,2000
907786333,2030
907787333,1809
907788333,1661
907789333,1521
907790333,1421
907791333,1398
907792333,1584
907793333,1757
907794333,1840
907795333,1921
907796333,1902
907797333,1996
907798333,2051
907799333,2111
907800333,2149
907801333,2152
907802333,2218
907803333,2030
907804333,1765
907805333,1525
907806333,1521
907816752,1918
907817752,1939
907818752,1995
907819752,1959
907820752,1760
907821752,1630
907822752,1648
907823752,1616
907824752,1788
907825752,2003
907826752,2161
907827752,2113
907828752,1895
907829752,1648
907830752,1661
907831752,1676
907832752,1653
907833752,1662
907834752,1726
907835752,2097
907836752,2105
907837752,2000
907838752,1889
907839752,1949
907850172,1562
907851172,1525
907852172,1744
907853172,1871
907854172,1842
907855172,1735
907856172,1871
907857172,1885
907858172,1938
907859172,2038
907860172,2103
907861172,2081
907862172,2091
907863172,2025
907864172,2027
907865172,1963
907866172,1926
907867172,1966
907868172,2009
907869172,2164
907870172,1893
907871172,1535
907872172,1384
907873172,1365
907883579,1873
907884579,1919
907885579,2098
907886579,2046
907887579,1921
907888579,1858
907889579,1899
907890579,1809
907891579,1789
907892579,1834
907893579,1931
907894579,1939
907895579,1870
907896579,1733
907897579,1789
907898579,1777
907899579,1631
907900579,1607
907901579,1509
907902579,1703
907903579,1710
907904579,1727
907905579,1819
907906579,2018
907916995,1628
907917995,1647
907918995,1897
907919995,1847
907920995,1812
907921995,1744
907922995,1737
907923995,1616
907924995,1711
907925995,1871
907926995,1985
907927995,2127
907928995,2205
907929995,2158
907930995,2144
907931995,1933
907932995,1803
907933995,1709
907934995,1718
907935995,1905
907936995,1689
907937995,1499
907938995,1444
907939995,1595
907940995,1559
907951387,1916
907952387,2111
907953387,2053
907954387,1903
907955387,1590
907956387,1499
907957387,1308
907958387,1359
907959387,1619
907960387,1740
907961387,1709
907962387,1767
907963387,1851
907964387,2000
907965387,2039
907966387,1985
907967387,2027
907968387,2137
907969387,2327
907970387,2149
907971387,1904
907972387,1745
907973387,1680
907974387,1519
907984806,1963
907985806,2143
907986806,1978
907987806,1804
907988806,1744
907989806,1808
907990806,1743
907991806,1815
907992806,1963
907993806,2022
907994806,1967
907995806,1866
907996806,1785
907997806,1795
907998806,1823
907999806,1808
908000806,1771
908001806,1793
908002806,1967
908003806,1806
908004806,1689
908005806,1646
908006806,1760
908007806,1645
908018234,1917
908019234,2079
908020234,1931
908021234,1785
908022234,1737
908023234,1817
908024234,1689
908025234,1765
908026234,1854
908027234,1871
908028234,1859
908029234,1848
908030234,1827
908031234,1892
908032234,1889
908033234,1869
908034234,1863
908035234,1841
908036234,1937
908037234,1835
908038234,1713
908039234,1740
908040234,1751
908041234,1659
908051629,1805
908052629,2047
908053629,1936
908054629,1803
908055629,1749
908056629,1791
908057629,1725
908058629,1799
908059629,1985
908060629,1993
908061629,1921
908062629,1895
908063629,1873
908064629,1909
908065629,1929
908066629,1878
908067629,1862
908068629,1889
908069629,1941
908070629,1788
908071629,1647
908072629,1671
908073629,1696
908074629,1680
908085048,1850
908086048,2000
908087048,1851
908088048,1693
908089048,1661
908090048,1721
908091048,1648
908092048,1787
908093048,1926
908094048,1964
908095048,1936
908096048,1895
908097048,1891
908098048,1904
908099048,1935
908100048,1859
908101048,1808
908102048,1877
908103048,1898
908104048,1719
908105048,1569
908106048,1600
908107048,1635
908108048,1651
908109048,1898
908119440,2089
908120440,1958
908121440,1829
908122440,1791
908123440,1853
908124440,1753
908125440,1859
908126440,2020
908127440,1975
908128440,1909
908129440,1840
908130440,1860
908131440,1872
908132440,1877
908133440,1810
908134440,1808
908135440,1932
908136440,1936
908137440,1773
908138440,1635
908139440,1684
908140440,1699
908141440,1736
908142440,1885
908152860,1949
908153860,1798
908154860,1665
908155860,1663
908156860,1720
908157860,1666
908158860,1794
908159860,1933
908160860,1940
908161860,1905
908162860,1843
908163860,1879
908164860,1897
908165860,1904
908166860,1859
908167860,1843
908168860,1971
908169860,1931
908170860,1787
908171860,1630
908172860,1681
908173860,1675
908174860,1697
908175860,1840
908186280,1938
908187280,1809
908188280,1702
908189280,1713
908190280,1744
908191280,1709
908192280,1793
908193280,1924
908194280,1983
908195280,1954
908196280,1852
908197280,1904
908198280,1943
908199280,1937
908200280,1867
908201280,1827
908202280,1990
908203280,1908
908204280,1732
908205280,1616
908206280,1690
908207280,1646
908208280,1745
908209280,1912
908219683,1966
908220683,1803
908221683,1660
908222683,1662
908223683,1642
908224683,1678
908225683,1829
908226683,1947
908227683,1939
908228683,1919
908229683,1843
908230683,1890
908231683,1898
908232683,1887
908233683,1846
908234683,1823
908235683,1998
908236683,1904
908237683,1763
908238683,1680
908239683,1742
908240683,1680
908241683,1787
908242683,1925
908253102,1977
908254102,1847
908255102,1691
908256102,1712
908257102,1701
908258102,1744
908259102,1869
908260102,1961
908261102,1963
908262102,1869
908263102,1883
908264102,1939
908265102,1963
908266102,1919
908267102,1837
908268102,1750
908269102,1913
908270102,1788
908271102,1682
908272102,1660
908273102,1748
908274102,1665
908275102,1792
908276102,1947
908277102,1987
908287494,1808
908288494,1683
908289494,1742
908290494,1701
908291494,1754
908292494,1872
908293494,1941
908294494,1935
908295494,1905
908296494,1796
908297494,1891
908298494,1904
908299494,1868
908300494,1825
908301494,1793
908302494,2032
908303494,1872
908304494,1729
908305494,1660
908306494,1721
908307494,1649
908308494,1787
908309494,1926
908310494,1963
908320914,1740
908321914,1636
908322914,1679
908323914,1661
908324914,1745
908325914,1891
908326914,1965
908327914,1967
908328914,1928
908329914,1860
908330914,1918
908331914,1903
908332914,1879
908333914,1856
908334914,1837
908335914,2003
908336914,1863
908337914,1725
908338914,1655
908339914,1743
908340914,1669
908341914,1781
908342914,1949
908343914,1952
908354334,1810
908355334,1715
908356334,1769
908357334,1651
908358334,1735
908359334,1883
908360334,1941
908361334,1923
908362334,1887
908363334,1847
908364334,1898
908365334,1889
908366334,1850
908367334,1837
908368334,1785
908369334,1935
908370334,1806
908371334,1679
908372334,1649
908373334,1712
908374334,1619
908375334,1783
908376334,1975
908377334,2043
908387736,1721
908388736,1643
908389736,1715
908390736,1659
908391736,1767
908392736,1903
908393736,1968
908394736,1939
908395736,1908
908396736,1860
908397736,1909
908398736,1911
908399736,1867
908400736,1827
908401736,1814
908402736,1963
908403736,1823
908404736,1684
908405736,1660
908406736,1740
908407736,1679
908408736,1805
908409736,1947
908410736,1949
908421156,1728
908422156,1673
908423156,1743
908424156,1677
908425156,1787
908426156,1925
908427156,1953
908428156,1915
908429156,1873
908430156,1827
908431156,1849
908432156,1853
908433156,1857
908434156,1859
908435156,1875
908436156,1968
908437156,1803
908438156,1678
908439156,1695
908440156,1725
908441156,1696
908442156,1850
908443156,1997
908444156,1971
908445156,1921
908455548,1665
908456548,1779
908457548,1730
908458548,1813
908459548,1915
908460548,1883
908461548,1831
908462548,1861
908463548,1904
908464548,1936
908465548,1945
908466548,1898
908467548,1867
908468548,1883
908469548,1955
908470548,1817
908471548,1683
908472548,1697
908473548,1742
908474548,1698
908475548,1846
908476548,1956
908477548,1953
908478548,1919
908488968,1663
908489968,1738
908490968,1675
908491968,1798
908492968,1937
908493968,1967
908494968,1937
908495968,1885
908496968,1876
908497968,1881
908498968,1875
908499968,1839
908500968,1781
908501968,1907
908502968,1931
908503968,1791
908504968,1663
908505968,1695
908506968,1713
908507968,1735
908508968,1857
908509968,1972
908510968,1960
908511968,1934
908522388,1676
908523388,1741
908524388,1691
908525388,1813
908526388,1944
908527388,1951
908528388,1924
908529388,1873
908530388,1872
908531388,1890
908532388,1899
908533388,1851
908534388,1838
908535388,1940
908536388,1921
908537388,1782
908538388,1645
908539388,1696
908540388,1701
908541388,1739
908542388,1894
908543388,1973
908544388,1966
908545388,1917
908555790,1683
908556790,1744
908557790,1712
908558790,1832
908559790,1963
908560790,1965
908561790,1927
908562790,1882
908563790,1882
908564790,1883
908565790,1883
908566790,1835
908567790,1823
908568790,1937
908569790,1897
908570790,1757
908571790,1655
908572790,1705
908573790,1697
908574790,1777
908575790,1907
908576790,1976
908577790,1939
908578790,1904
908589210,1700
908590210,1733
908591210,1712
908592210,1856
908593210,1952
908594210,1953
908595210,1904
908596210,1828
908597210,1872
908598210,1875
908599210,1872
908600210,1856
908601210,1811
908602210,1952
908603210,1879
908604210,1728
908605210,1634
908606210,1697
908607210,1671
908608210,1755
908609210,1906
908610210,1961
908611210,1937
908612210,1897
908613210,1827
908623602,1746
908624602,1726
908625602,1843
908626602,1936
908627602,1924
908628602,1936
908629602,1839
908630602,1903
908631602,1894
908632602,1889
908633602,1847
908634602,1866
908635602,1993
908636602,1900
908637602,1769
908638602,1642
908639602,1707
908640602,1666
908641602,1771
908642602,1933
908643602,1997
908644602,1958
908645602,1933
908646602,1848
908657022,1708
908658022,1759
908659022,1899
908660022,1983
908661022,2000
908662022,1913
908663022,1839
908664022,1887
908665022,1867
908666022,1872
908667022,1830
908668022,1872
908669022,1979
908670022,1865
908671022,1719
908672022,1654
908673022,1723
908674022,1679
908675022,1798
908676022,1925
908677022,2004
908678022,1941
908679022,1906
908680022,1854
908690441,1687
908691441,1757
908692441,1904
908693441,1973
908694441,1961
908695441,1907
908696441,1851
908697441,1881
908698441,1879
908699441,1851
908700441,1821
908701441,1824
908702441,1971
908703441,1856
908704441,1725
908705441,1677
908706441,1749
908707441,1670
908708441,1797
908709441,1941
908710441,1972
908711441,1943
908712441,1908
908713441,1863
908723844,1699
908724844,1797
908725844,1915
908726844,1985
908727844,1947
908728844,1919
908729844,1900
908730844,1876
908731844,1889
908732844,1852
908733844,1821
908734844,1808
908735844,1956
908736844,1835
908737844,1700
908738844,1645
908739844,1747
908740844,1721
908741844,1824
908742844,1955
908743844,1985
908744844,1943
908745844,1900
908746844,1872
908757264,1695
908758264,1791
908759264,1936
908760264,1983
908761264,1952
908762264,1904
908763264,1850
908764264,1887
908765264,1895
908766264,1843
908767264,1830
908768264,1809
908769264,1947
908770264,1809
908771264,1681
908772264,1670
908773264,1740
908774264,1689
908775264,1841
908776264,1968
908777264,1973
908778264,1931
908779264,1883
908780264,1871
908781264,1877
908791656,1839
908792656,1968
908793656,1999
908794656,1945
908795656,1920
908796656,1851
908797656,1889
908798656,1899
908799656,1854
908800656,1808
908801656,1866
908802656,1947
908803656,1808
908804656,1680
908805656,1695
908806656,1765
908807656,1711
908808656,1844
908809656,1983
908810656,1973
908811656,1966
908812656,1882
908813656,1884
908814656,1883
908825076,1819
908826076,1949
908827076,1985
908828076,1930
908829076,1888
908830076,1857
908831076,1884
908832076,1864
908833076,1830
908834076,1809
908835076,1822
908836076,1923
908837076,1770
908838076,1659
908839076,1692
908840076,1753
908841076,1731
908842076,1881
908843076,1984
908844076,1980
908845076,1932
908846076,1872
908847076,1889
908848076,1879
908858495,1851
908859495,1971
908860495,1989
908861495,1945
908862495,1901
908863495,1865
908864495,1884
908865495,1908
908866495,1833
908867495,1798
908868495,1824
908869495,1871
908870495,1744
908871495,1681
908872495,1705
908873495,1753
908874495,1776
908875495,1911
908876495,2011
908877495,1993
908878495,1951
908879495,1875
908880495,1904
908881495,1893
908891898,1873
908892898,2000
908893898,1996
908894898,1942
908895898,1905
908896898,1887
908897898,1878
908898898,1872
908899898,1812
908900898,1801
908901898,1859
908902898,1812
908903898,1696
908904898,1627
908905898,1707
908906898,1792
908907898,1833
908908898,1961
908909898,2025
908910898,1989
908911898,1943
908912898,1865
908913898,1891
908914898,1886
908925318,1918
908926318,2009
908927318,2000
908928318,1937
908929318,1877
908930318,1877
908931318,1877
908932318,1874
908933318,1822
908934318,1803
908935318,1876
908936318,1825
908937318,1701
908938318,1643
908939318,1727
908940318,1767
908941318,1832
908942318,1969
908943318,2032
908944318,1971
908945318,1919
908946318,1854
908947318,1889
908948318,1870
908949318,1820
908959710,2027
908960710,1999
908961710,1941
908962710,1872
908963710,1873
908964710,1872
908965710,1843
908966710,1797
908967710,1777
908968710,1881
908969710,1812
908970710,1697
908971710,1643
908972710,1743
908973710,1774
908974710,1867
908975710,2000
908976710,2033
908977710,1989
908978710,1919
908979710,1849
908980710,1890
908981710,1875
908982710,1838
908993130,2047
908994130,1989
908995130,1936
908996130,1874
908997130,1921
908998130,1897
908999130,1845
909000130,1754
909001130,1807
909002130,1875
909003130,1760
909004130,1652
909005130,1633
909006130,1731
909007130,1776
909008130,1907
909009130,2032
909010130,2061
909011130,1978
909012130,1924
909013130,1868
909014130,1895
909015130,1869
909016130,1816
909026549,2064
909027549,2011
909028549,1937
909029549,1859
909030549,1905
909031549,1859
909032549,1839
909033549,1820
909034549,1789
909035549,1883
909036549,1741
909037549,1635
909038549,1649
909039549,1731
909040549,1776
909041549,1936
909042549,2059
909043549,2047
909044549,1975
909045549,1917
909046549,1871
909047549,1893
909048549,1858
909049549,1791
909059952,2032
909060952,1977
909061952,1919
909062952,1855
909063952,1918
909064952,1890
909065952,1876
909066952,1819
909067952,1804
909068952,1865
909069952,1716
909070952,1601
909071952,1638
909072952,1747
909073952,1764
909074952,1938
909075952,2071
909076952,2059
909077952,1979
909078952,1910
909079952,1873
909080952,1851
909081952,1866
909082952,1808
909093372,2061
909094372,1997
909095372,1927
909096372,1865
909097372,1903
909098372,1872
909099372,1824
909100372,1804
909101372,1842
909102372,1857
909103372,1700
909104372,1591
909105372,1678
909106372,1765
909107372,1771
909108372,1947
909109372,2063
909110372,2001
909111372,1967
909112372,1908
909113372,1884
909114372,1900
909115372,1872
909116372,1811
909117372,1797
909127764,2000
909128764,1936
909129764,1872
909130764,1891
909131764,1862
909132764,1799
909133764,1772
909134764,1769
909135764,1853
909136764,1685
909137764,1611
909138764,1645
909139764,1785
909140764,1794
909141764,1974
909142764,2080
909143764,2054
909144764,1985
909145764,1919
909146764,1896
909147764,1901
909148764,1866
909149764,1810
909150764,1793
909161183,1971
909162183,1909
909163183,1867
909164183,1906
909165183,1867
909166183,1814
909167183,1796
909168183,1798
909169183,1830
909170183,1694
909171183,1629
909172183,1649
909173183,1779
909174183,1830
909175183,1968
909176183,2080
909177183,2029
909178183,1959
909179183,1873
909180183,1886
909181183,1883
909182183,1851
909183183,1798
909184183,1776
909194603,1997
909195603,1917
909196603,1872
909197603,1875
909198603,1874
909199603,1825
909200603,1790
909201603,1808
909202603,1831
909203603,1680
909204603,1602
909205603,1667
909206603,1783
909207603,1821
909208603,1975
909209603,2075
909210603,2036
909211603,1955
909212603,1887
909213603,1901
909214603,1886
909215603,1867
909216603,1824
909217603,1768
909228006,1984
909229006,1937
909230006,1903
909231006,1899
909232006,1874
909233006,1809
909234006,1802
909235006,1809
909236006,1809
909237006,1679
909238006,1595
909239006,1651
909240006,1759
909241006,1812
909242006,1963
909243006,2064
909244006,2022
909245006,1965
909246006,1899
909247006,1900
909248006,1875
909249006,1817
909250006,1783
909251006,1785
909261426,2001
909262426,1907
909263426,1886
909264426,1886
909265426,1812
909266426,1807
909267426,1789
909268426,1801
909269426,1808
909270426,1649
909271426,1590
909272426,1687
909273426,1778
909274426,1865
909275426,2000
909276426,2080
909277426,2015
909278426,1947
909279426,1876
909280426,1903
909281426,1879
909282426,1840
909283426,1799
909284426,1779
909285426,1863
909295818,1900
909296818,1877
909297818,1872
909298818,1860
909299818,1803
909300818,1797
909301818,1803
909302818,1793
909303818,1641
909304818,1593
909305818,1711
909306818,1798
909307818,1867
909308818,2029
909309818,2086
909310818,2003
909311818,1931
909312818,1863
909313818,1898
909314818,1869
909315818,1835
909316818,1783
909317818,1792
909318818,1866
909329245,1899
909330245,1901
909331245,1888
909332245,1856
909333245,1808
909334245,1795
909335245,1871
909336245,1779
909337245,1637
909338245,1601
909339245,1713
909340245,1758
909341245,1884
909342245,2022
909343245,2064
909344245,2016
909345245,1939
909346245,1887
909347245,1904
909348245,1872
909349245,1824
909350245,1796
909351245,1794
909352245,1885
909362657,1886
909363657,1901
909364657,1874
909365657,1859
909366657,1809
909367657,1797
909368657,1842
909369657,1762
909370657,1623
909371657,1593
909372657,1712
909373657,1761
909374657,1895
909375657,2021
909376657,2066
909377657,1995
909378657,1933
909379657,1857
909380657,1901
909381657,1872
909382657,1825
909383657,1785
909384657,1785
909385657,1869
909396060,1872
909397060,1905
909398060,1891
909399060,1846
909400060,1804
909401060,1794
909402060,1854
909403060,1745
909404060,1635
909405060,1617
909406060,1729
909407060,1763
909408060,1904
909409060,2032
909410060,2064
909411060,2001
909412060,1937
909413060,1875
909414060,1903
909415060,1865
909416060,1805
909417060,1775
909418060,1766
909419060,1813
909429479,1883
909430479,1909
909431479,1879
909432479,1867
909433479,1807
909434479,1792
909435479,1870
909436479,1731
909437479,1619
909438479,1620
909439479,1739
909440479,1777
909441479,1927
909442479,2044
909443479,2047
909444479,1979
909445479,1923
909446479,1863
909447479,1904
909448479,1867
909449479,1813
909450479,1787
909451479,1793
909452479,1840
909453479,1680
909463871,1916
909464871,1873
909465871,1827
909466871,1789
909467871,1783
909468871,1861
909469871,1715
909470871,1614
909471871,1617
909472871,1743
909473871,1774
909474871,1937
909475871,2061
909476871,2037
909477871,1998
909478871,1933
909479871,1876
909480871,1907
909481871,1889
909482871,1820
909483871,1776
909484871,1762
909485871,1815
909486871,1637
909497291,1893
909498291,1868
909499291,1820
909500291,1791
909501291,1791
909502291,1863
909503291,1709
909504291,1609
909505291,1636
909506291,1757
909507291,1777
909508291,1956
909509291,2077
909510291,2063
909511291,1994
909512291,1923
909513291,1889
909514291,1893
909515291,1861
909516291,1811
909517291,1782
909518291,1777
909519291,1809
909520291,1668
909530711,1893
909531711,1873
909532711,1829
909533711,1789
909534711,1781
909535711,1857
909536711,1691
909537711,1596
909538711,1633
909539711,1756
909540711,1776
909541711,1945
909542711,2058
909543711,2033
909544711,1968
909545711,1913
909546711,1887
909547711,1897
909548711,1859
909549711,1805
909550711,1784
909551711,1802
909552711,1813
909553711,1675
909564114,1897
909565114,1871
909566114,1824
909567114,1793
909568114,1791
909569114,1860
909570114,1681
909571114,1603
909572114,1680
909573114,1762
909574114,1799
909575114,1988
909576114,2081
909577114,2055
909578114,1968
909579114,1911
909580114,1874
909581114,1895
909582114,1851
909583114,1795
909584114,1785
909585114,1811
909586114,1755
909587114,1648
909597533,1899
909598533,1856
909599533,1808
909600533,1804
909601533,1787
909602533,1829
909603533,1675
909604533,1590
909605533,1639
909606533,1767
909607533,1799
909608533,1982
909609533,2070
909610533,2044
909611533,1949
909612533,1895
909613533,1893
909614533,1897
909615533,1866
909616533,1769
909617533,1791
909618533,1808
909619533,1765
909620533,1613
909621533,1593
909631925,1862
909632925,1812
909633925,1797
909634925,1799
909635925,1835
909636925,1678
909637925,1560
909638925,1667
909639925,1763
909640925,1809
909641925,1973
909642925,2084
909643925,2084
909644925,2011
909645925,1935
909646925,1909
909647925,1874
909648925,1822
909649925,1754
909650925,1723
909651925,1777
909652925,1692
909653925,1571
909654925,1555
909665345,1865
909666345,1808
909667345,1787
909668345,1794
909669345,1808
909670345,1648
909671345,1602
909672345,1679
909673345,1787
909674345,1803
909675345,2000
909676345,2069
909677345,2020
909678345,1952
909679345,1877
909680345,1904
909681345,1883
909682345,1872
909683345,1797
909684345,1780
909685345,1861
909686345,1739
909687345,1616
909688345,1603
909698765,1857
909699765,1759
909700765,1789
909701765,1799
909702765,1793
909703765,1641
909704765,1603
909705765,1701
909706765,1792
909707765,1870
909708765,2005
909709765,2065
909710765,2028
909711765,1935
909712765,1860
909713765,1901
909714765,1872
909715765,1839
909716765,1796
909717765,1787
909718765,1850
909719765,1727
909720765,1612
909721765,1614
909732167,1841
909733167,1797
909734167,1796
909735167,1832
909736167,1784
909737167,1647
909738167,1602
909739167,1687
909740167,1780
909741167,1867
909742167,2003
909743167,2053
909744167,2000
909745167,1929
909746167,1865
909747167,1897
909748167,1871
909749167,1833
909750167,1785
909751167,1793
909752167,1855
909753167,1714
909754167,1597
909755167,1603
909765587,1845
909766587,1798
909767587,1779
909768587,1840
909769587,1752
909770587,1621
909771587,1592
909772587,1711
909773587,1744
909774587,1903
909775587,2033
909776587,2073
909777587,2005
909778587,1930
909779587,1856
909780587,1901
909781587,1857
909782587,1825
909783587,1794
909784587,1787
909785587,1851
909786587,1699
909787587,1604
909788587,1641
909789587,1763
909799979,1796
909800979,1783
909801979,1857
909802979,1760
909803979,1654
909804979,1618
909805979,1729
909806979,1792
909807979,1923
909808979,2032
909809979,2077
909810979,1961
909811979,1907
909812979,1840
909813979,1873
909814979,1855
909815979,1808
909816979,1776
909817979,1793
909818979,1861
909819979,1691
909820979,1598
909821979,1639
909822979,1761
909833399,1793
909834399,1787
909835399,1857
909836399,1721
909837399,1617
909838399,1611
909839399,1733
909840399,1790
909841399,1945
909842399,2046
909843399,2075
909844399,1999
909845399,1930
909846399,1859
909847399,1890
909848399,1804
909849399,1808
909850399,1787
909851399,1785
909852399,1845
909853399,1674
909854399,1595
909855399,1643
909856399,1767
909866819,1800
909867819,1795
909868819,1856
909869819,1716
909870819,1633
909871819,1654
909872819,1773
909873819,1803
909874819,1954
909875819,2061
909876819,2047
909877819,1957
909878819,1882
909879819,1841
909880819,1866
909881819,1840
909882819,1797
909883819,1786
909884819,1793
909885819,1847
909886819,1677
909887819,1600
909888819,1634
909889819,1781
909900229,1783
909901229,1829
909902229,1851
909903229,1697
909904229,1591
909905229,1613
909906229,1756
909907229,1778
909908229,1949
909909229,2071
909910229,2064
909911229,1984
909912229,1919
909913229,1875
909914229,1892
909915229,1864
909916229,1805
909917229,1789
909918229,1780
909919229,1814
909920229,1663
909921229,1587
909922229,1668
909923229,1777
909933641,1808
909934641,1821
909935641,1881
909936641,1712
909937641,1622
909938641,1637
909939641,1749
909940641,1757
909941641,1926
909942641,2036
909943641,2012
909944641,1933
909945641,1874
909946641,1855
909947641,1880
909948641,1855
909949641,1808
909950641,1791
909951641,1789
909952641,1799
909953641,1645
909954641,1587
909955641,1680
909956641,1791
909957641,1838
909968033,1745
909969033,1869
909970033,1675
909971033,1600
909972033,1633
909973033,1769
909974033,1792
909975033,1968
909976033,2079
909977033,2039
909978033,1971
909979033,1913
909980033,1887
909981033,1888
909982033,1879
909983033,1807
909984033,1793
909985033,1781
909986033,1791
909987033,1623
909988033,1597
909989033,1681
909990033,1794
909991033,1859
910001453,1775
910002453,1823
910003453,1651
910004453,1584
910005453,1648
910006453,1766
910007453,1817
910008453,1977
910009453,2084
910010453,2045
910011453,1957
910012453,1906
910013453,1893
910014453,1921
910015453,1865
910016453,1810
910017453,1795
910018453,1808
910019453,1776
910020453,1612
910021453,1580
910022453,1708
910023453,1785
910024453,1856
910034872,1780
910035872,1821
910036872,1648
910037872,1585
910038872,1652
910039872,1776
910040872,1829
910041872,2018
910042872,2096
910043872,2037
910044872,1978
910045872,1904
910046872,1897
910047872,1889
910048872,1852
910049872,1801
910050872,1779
910051872,1828
910052872,1744
910053872,1613
910054872,1585
910055872,1697
910056872,1785
910057872,1903
910068275,1783
910069275,1803
910070275,1647
910071275,1593
910072275,1670
910073275,1789
910074275,1829
910075275,2007
910076275,2096
910077275,2045
910078275,1966
910079275,1891
910080275,1903
910081275,1881
910082275,1855
910083275,1793
910084275,1793
910085275,1840
910086275,1745
910087275,1613
910088275,1599
910089275,1717
910090275,1793
910091275,1917
910101695,1779
910102695,1773
910103695,1639
910104695,1619
910105695,1728
910106695,1814
910107695,1884
910108695,2032
910109695,2079
910110695,2013
910111695,1920
910112695,1833
910113695,1864
910114695,1837
910115695,1808
910116695,1768
910117695,1778
910118695,1852
910119695,1729
910120695,1616
910121695,1611
910122695,1715
910123695,1787
910124695,1935
910125695,2070
910136087,1770
910137087,1619
910138087,1596
910139087,1687
910140087,1783
910141087,1879
910142087,2023
910143087,2115
910144087,2036
910145087,1941
910146087,1875
910147087,1904
910148087,1870
910149087,1832
910150087,1790
910151087,1784
910152087,1849
910153087,1680
910154087,1591
910155087,1607
910156087,1734
910157087,1789
910158087,1935
910159087,2059
910169507,1705
910170507,1595
910171507,1590
910172507,1705
910173507,1791
910174507,1898
910175507,2039
910176507,2090
910177507,2015
910178507,1945
910179507,1874
910180507,1899
910181507,1871
910182507,1828
910183507,1790
910184507,1790
910185507,1858
910186507,1707
910187507,1595
910188507,1619
910189507,1743
910190507,1788
910191507,1952
910192507,2064
910202926,1747
910203926,1606
910204926,1585
910205926,1705
910206926,1769
910207926,1911
910208926,2047
910209926,2087
910210926,2019
910211926,1937
910212926,1924
910213926,1861
910214926,1872
910215926,1834
910216926,1787
910217926,1788
910218926,1843
910219926,1695
910220926,1579
910221926,1552
910222926,1732
910223926,1775
910224926,1954
910225926,2060
910236329,1718
910237329,1610
910238329,1607
910239329,1723
910240329,1788
910241329,1925
910242329,2059
910243329,2080
910244329,1999
910245329,1920
910246329,1856
910247329,1907
910248329,1866
910249329,1822
910250329,1776
910251329,1781
910252329,1851
910253329,1669
910254329,1583
910255329,1628
910256329,1763
910257329,1787
910258329,1967
910259329,2082
910269749,1721
910270749,1603
910271749,1609
910272749,1743
910273749,1795
910274749,1947
910275749,2077
910276749,2081
910277749,2000
910278749,1928
910279749,1867
910280749,1893
910281749,1859
910282749,1801
910283749,1777
910284749,1777
910285749,1831
910286749,1665
910287749,1588
910288749,1663
910289749,1777
910290749,1821
910291749,1973
910292749,2116
910293749,2059
910304141,1584
910305141,1612
910306141,1730
910307141,1781
910308141,1941
910309141,2070
910310141,2066
910311141,1995
910312141,1957
910313141,1883
910314141,1895
910315141,1862
910316141,1807
910317141,1780
910318141,1784
910319141,1835
910320141,1643
910321141,1584
910322141,1641
910323141,1772
910324141,1811
910325141,1998
910326141,2091
910327141,2039
910337565,1585
910338565,1623
910339565,1749
910340565,1776
910341565,1961
910342565,2079
910343565,2068
910344565,1985
910345565,1906
910346565,1872
910347565,1894
910348565,1860
910349565,1801
910350565,1776
910351565,1833
910352565,1805
910353565,1652
910354565,1589
910355565,1662
910356565,1776
910357565,1834
910358565,2001
910359565,2087
910360565,2043
910370980,1584
910371980,1625
910372980,1763
910373980,1791
910374980,1973
910375980,2086
910376980,2064
910377980,1979
910378980,1909
910379980,1878
910380980,1886
910381980,1861
910382980,1808
910383980,1791
910384980,1794
910385980,1781
910386980,1635
910387980,1589
910388980,1677
910389980,1789
910390980,1861
910391980,2014
910392980,2085
910393980,2031
910404383,1604
910405383,1636
910406383,1766
910407383,1797
910408383,1972
910409383,2080
910410383,2032
910411383,1945
910412383,1888
910413383,1872
910414383,1869
910415383,1843
910416383,1776
910417383,1797
910418383,1787
910419383,1791
910420383,1617
910421383,1582
910422383,1676
910423383,1791
910424383,1871
910425383,2057
910426383,2091
910427383,2021
910437803,1568
910438803,1658
910439803,1776
910440803,1817
910441803,1991
910442803,2082
910443803,2055
910444803,1967
910445803,1913
910446803,1893
910447803,1857
910448803,1853
910449803,1785
910450803,1779
910451803,1807
910452803,1757
910453803,1613
910454803,1584
910455803,1702
910456803,1791
910457803,1889
910458803,2035
910459803,2094
910460803,2005
910461803,1939
910472195,1657
910473195,1781
910474195,1815
910475195,2001
910476195,2081
910477195,2027
910478195,1955
910479195,1904
910480195,1894
910481195,1873
910482195,1846
910483195,1803
910484195,1787
910485195,1825
910486195,1744
910487195,1619
910488195,1593
910489195,1709
910490195,1789
910491195,1907
910492195,2056
910493195,2086
910494195,2012
910495195,1935
910505614,1670
910506614,1778
910507614,1840
910508614,1984
910509614,2089
910510614,2036
910511614,1951
910512614,1878
910513614,1916
910514614,1875
910515614,1861
910516614,1797
910517614,1771
910518614,1824
910519614,1733
910520614,1610
910521614,1589
910522614,1724
910523614,1786
910524614,1921
910525614,2064
910526614,2083
910527614,2000
910528614,1941
910539034,1689
910540034,1802
910541034,1865
910542034,2017
910543034,2094
910544034,2027
910545034,1953
910546034,1890
910547034,1894
910548034,1879
910549034,1835
910550034,1782
910551034,1777
910552034,1840
910553034,1708
910554034,1600
910555034,1597
910556034,1733
910557034,1796
910558034,1950
910559034,2069
910560034,2082
910561034,2003
910562034,1931
910572437,1699
910573437,1786
910574437,1886
910575437,2082
910576437,2099
910577437,2019
910578437,1939
910579437,1868
910580437,1907
910581437,1867
910582437,1829
910583437,1788
910584437,1781
910585437,1849
910586437,1699
910587437,1599
910588437,1600
910589437,1745
910590437,1783
910591437,1951
910592437,2075
910593437,2075
910594437,1995
910595437,1924
910605857,1712
910606857,1792
910607857,1901
910608857,2032
910609857,2085
910610857,2013
910611857,1934
910612857,1868
910613857,1910
910614857,1861
910615857,1823
910616857,1797
910617857,1767
910618857,1842
910619857,1707
910620857,1591
910621857,1616
910622857,1743
910623857,1791
910624857,1963
910625857,2059
910626857,2009
910627857,1987
910628857,1921
910629857,1861
910640256,1784
910641256,1913
910642256,2057
910643256,2079
910644256,2005
910645256,1936
910646256,1862
910647256,1899
910648256,1854
910649256,1825
910650256,1779
910651256,1750
910652256,1841
910653256,1681
910654256,1589
910655256,1626
910656256,1747
910657256,1760
910658256,1977
910659256,2081
910660256,2071
910661256,1985
910662256,1910
910663256,1882
910673668,1794
910674668,1938
910675668,2065
910676668,2080
910677668,1999
910678668,1930
910679668,1859
910680668,1909
910681668,1861
910682668,1808
910683668,1779
910684668,1774
910685668,1841
910686668,1669
910687668,1583
910688668,1616
910689668,1770
910690668,1794
910691668,1975
910692668,2092
910693668,2065
910694668,1968
910695668,1906
910696668,1887
910707088,1787
910708088,1939
910709088,2065
910710088,2064
910711088,2070
910712088,1923
910713088,1873
910714088,1895
910715088,1861
910716088,1806
910717088,1787
910718088,1778
910719088,1809
910720088,1657
910721088,1580
910722088,1647
910723088,1770
910724088,1804
910725088,1984
910726088,2077
910727088,2055
910728088,1967
910729088,1899
910730088,1882
910740491,1795
910741491,1942
910742491,2091
910743491,2073
910744491,1939
910745491,1919
910746491,1861
910747491,1878
910748491,1821
910749491,1809
910750491,1781
910751491,1777
910752491,1823
910753491,1653
910754491,1583
910755491,1616
910756491,1761
910757491,1810
910758491,2001
910759491,2112
910760491,2045
910761491,1972
910762491,1905
910763491,1902
910773910,1783
910774910,1968
910775910,2063
910776910,2065
910777910,1984
910778910,1921
910779910,1884
910780910,1891
910781910,1867
910782910,1807
910783910,1782
910784910,1781
910785910,1794
910786910,1641
910787910,1584
910788910,1661
910789910,1757
910790910,1842
910791910,2000
910792910,2099
910793910,2032
910794910,1953
910795910,1900
910796910,1898
910797910,1871
910808302,1969
910809302,2087
910810302,2058
910811302,1980
910812302,1915
910813302,1884
910814302,1882
910815302,1857
910816302,1791
910817302,1781
910818302,1787
910819302,1791
910820302,1629
910821302,1578
910822302,1665
910823302,1782
910824302,1851
910825302,2019
910826302,2101
910827302,2039
910828302,1947
910829302,1891
910830302,1898
910831302,1876
910841722,1989
910842722,2113
910843722,2063
910844722,1985
910845722,1911
910846722,1894
910847722,1895
910848722,1851
910849722,1795
910850722,1776
910851722,1785
910852722,1758
910853722,1625
910854722,1627
910855722,1689
910856722,1789
910857722,1876
910858722,2021
910859722,2101
910860722,2032
910861722,1942
910862722,1866
910863722,1890
910864722,1875
910875142,2002
910876142,2094
910877142,2046
910878142,1966
910879142,1904
910880142,1897
910881142,1877
910882142,1845
910883142,1796
910884142,1777
910885142,1807
910886142,1744
910887142,1611
910888142,1561
910889142,1629
910890142,1790
910891142,1884
910892142,2034
910893142,2097
910894142,2017
910895142,1949
910896142,1840
910897142,1902
910898142,1867
910908545,2007
910909545,2098
910910545,2045
910911545,1966
910912545,1904
910913545,1890
910914545,1874
910915545,1842
910916545,1839
910917545,1788
910918545,1818
910919545,1742
910920545,1609
910921545,1584
910922545,1711
910923545,1790
910924545,1904
910925545,2054
910926545,2085
910927545,2010
910928545,1947
910929545,1819
910930545,1904
910931545,1868
910941964,2017
910942964,2107
910943964,2055
910944964,1964
910945964,1886
910946964,1893
910947964,1876
910948964,1831
910949964,1789
910950964,1776
910951964,1831
910952964,1717
910953964,1605
910954964,1603
910955964,1716
910956964,1790
910957964,1936
910958964,2064
910959964,2091
910960964,2005
910961964,1936
910962964,1858
910963964,1903
910964964,1859
910965964,1818
910976356,2096
910977356,2032
910978356,1939
910979356,1857
910980356,1891
910981356,1867
910982356,1838
910983356,1785
910984356,1776
910985356,1841
910986356,1716
910987356,1595
910988356,1584
910989356,1713
910990356,1791
910991356,1935
910992356,2065
910993356,2087
910994356,2000
910995356,1921
910996356,1861
910997356,1897
910998356,1865
910999356,1817
911009776,2093
911010776,2023
911011776,1937
911012776,1860
911013776,1951
911014776,1876
911015776,1834
911016776,1787
911017776,1782
911018776,1847
911019776,1695
911020776,1593
911021776,1605
911022776,1725
911023776,1824
911024776,1965
911025776,2079
911026776,2073
911027776,2005
911028776,1921
911029776,1872
911030776,1889
911031776,1862
911032776,1808
911043196,2097
911044196,2015
911045196,1935
911046196,1865
911047196,1903
911048196,1871
911049196,1826
911050196,1777
911051196,1779
911052196,1846
911053196,1674
911054196,1592
911055196,1611
911056196,1753
911057196,1786
911058196,1963
911059196,2080
911060196,2067
911061196,1993
911062196,1899
911063196,1871
911064196,1897
911065196,1851
911066196,1798
911076598,2092
911077598,2009
911078598,1931
911079598,1872
911080598,1895
911081598,1865
911082598,1822
911083598,1785
911084598,1784
911085598,1855
911086598,1681
911087598,1589
911088598,1628
911089598,1759
911090598,1783
911091598,1973
911092598,2085
911093598,2067
911094598,1967
911095598,1909
911096598,1882
911097598,1899
911098598,1866
911099598,1807
911110018,2084
911111018,2007
911112018,1951
911113018,1863
911114018,1897
911115018,1885
911116018,1817
911117018,1780
911118018,1781
911119018,1851
911120018,1657
911121018,1573
911122018,1641
911123018,1765
911124018,1813
911125018,1991
911126018,2099
911127018,2064
911128018,1980
911129018,1919
911130018,1890
911131018,1893
911132018,1856
911133018,1767
911134018,1782
911144410,2001
911145410,1920
911146410,1866
911147410,1897
911148410,1869
911149410,1806
911150410,1785
911151410,1789
911152410,1823
911153410,1660
911154410,1579
911155410,1696
911156410,1765
911157410,1807
911158410,1989
911159410,2085
911160410,2057
911161410,1978
911162410,1908
911163410,1893
911164410,1872
911165410,1842
911166410,1804
911167410,1776
911177830,1995
911178830,1937
911179830,1878
911180830,1896
911181830,1867
911182830,1803
911183830,1778
911184830,1777
911185830,1837
911186830,1643
911187830,1583
911188830,1649
911189830,1779
911190830,1826
911191830,2000
911192830,2086
911193830,2061
911194830,1967
911195830,1912
911196830,1897
911197830,1877
911198830,1839
911199830,1789
911200830,1782
911211257,1985
911212257,1907
911213257,1885
911214257,1898
911215257,1857
911216257,1801
911217257,1789
911218257,1793
911219257,1797
911220257,1647
911221257,1583
911222257,1661
911223257,1785
911224257,1841
911225257,2011
911226257,2096
911227257,2037
911228257,1954
911229257,1889
911230257,1901
911231257,1886
911232257,1840
911233257,1796
911234257,1786
911244652,1968
911245652,1956
911246652,1878
911247652,1893
911248652,1852
911249652,1822
911250652,1777
911251652,1791
911252652,1791
911253652,1627
911254652,1595
911255652,1687
911256652,1796
911257652,1842
911258652,2019
911259652,2097
911260652,2032
911261652,1952
911262652,1893
911263652,1895
911264652,1875
911265652,1831
911266652,1796
911267652,1785
911278072,1969
911279072,1908
911280072,1893
911281072,1899
911282072,1851
911283072,1793
911284072,1771
911285072,1795
911286072,1787
911287072,1617
911288072,1608
911289072,1680
911290072,1792
911291072,1863
911292072,2025
911293072,2087
911294072,2021
911295072,1931
911296072,1836
911297072,1903
911298072,1868
911299072,1836
911300072,1781
911301072,1771
911302072,1847
911312464,1910
911313464,1903
911314464,1876
911315464,1858
911316464,1795
911317464,1782
911318464,1806
911319464,1761
911320464,1615
911321464,1581
911322464,1697
911323464,1793
911324464,1883
911325464,2044
911326464,2097
911327464,2029
911328464,1948
911329464,1875
911330464,1931
911331464,1879
911332464,1840
911333464,1788
911334464,1787
911335464,1852
911345884,1893
911346884,1897
911347884,1887
911348884,1846
911349884,1794
911350884,1781
911351884,1823
911352884,1744
911353884,1602
911354884,1589
911355884,1713
911356884,1786
911357884,1904
911358884,2043
911359884,2081
911360884,2016
911361884,1937
911362884,1866
911363884,1906
911364884,1861
911365884,1821
911366884,1779
911367884,1776
911368884,1846
911379303,1890
911380303,1902
911381303,1881
911382303,1838
911383303,1786
911384303,1781
911385303,1840
911386303,1718
911387303,1601
911388303,1595
911389303,1713
911390303,1778
911391303,1931
911392303,2061
911393303,2085
911394303,2005
911395303,1925
911396303,1867
911397303,1902
911398303,1863
911399303,1817
911400303,1778
911401303,1777
911402303,1861
911412706,1888
911413706,1901
911414706,1878
911415706,1825
911416706,1798
911417706,1782
911418706,1813
911419706,1710
911420706,1604
911421706,1605
911422706,1740
911423706,1789
911424706,1947
911425706,2069
911426706,2096
911427706,2000
911428706,1932
911429706,1866
911430706,1893
911431706,1859
911432706,1808
911433706,1777
911434706,1781
911435706,1835
911446126,1871
911447126,1897
911448126,1875
911449126,1836
911450126,1788
911451126,1785
911452126,1849
911453126,1684
911454126,1585
911455126,1605
911456126,1742
911457126,1780
911458126,1943
911459126,2081
911460126,2070
911461126,1994
911462126,1917
911463126,1907
911464126,1885
911465126,1855
911466126,1804
911467126,1785
911468126,1777
911469126,1813
911470126,1655
911480518,1899
911481518,1862
911482518,1814
911483518,1787
911484518,1775
911485518,1842
911486518,1680
911487518,1579
911488518,1611
911489518,1743
911490518,1785
911491518,1965
911492518,2088
911493518,2074
911494518,1998
911495518,1932
911496518,1872
911497518,1893
911498518,1863
911499518,1808
911500518,1783
911501518,1776
911502518,1776
911503518,1647
911513938,1927
911514938,1889
911515938,1840
911516938,1787
911517938,1770
911518938,1824
911519938,1655
911520938,1569
911521938,1648
911522938,1775
911523938,1801
911524938,1983
911525938,2087
911526938,2061
911527938,1957
911528938,1893
911529938,1840
911530938,1867
911531938,1840
911532938,1792
911533938,1762
911534938,1776
911535938,1787
911536938,1625
911547357,1910
911548357,1883
911549357,1827
911550357,1793
911551357,1796
911552357,1841
911553357,1680
911554357,1574
911555357,1639
911556357,1758
911557357,1787
911558357,1987
911559357,2082
911560357,2101
911561357,1981
911562357,1914
911563357,1881
911564357,1924
911565357,1860
911566357,1783
911567357,1795
911568357,1790
911569357,1771
911570357,1627
911580760,1892
911581760,1854
911582760,1809
911583760,1773
911584760,1783
911585760,1828
911586760,1653
911587760,1593
911588760,1645
911589760,1773
911590760,1805
911591760,1988
911592760,2092
911593760,2047
911594760,1985
911595760,1907
911596760,1875
911597760,1877
911598760,1847
911599760,1793
911600760,1785
911601760,1794
911602760,1767
911603760,1617
911614180,1900
911615180,1867
911616180,1825
911617180,1782
911618180,1803
911619180,1820
911620180,1637
911621180,1578
911622180,1631
911623180,1782
911624180,1828
911625180,1998
911626180,2102
911627180,2054
911628180,1969
911629180,1905
911630180,1897
911631180,1887
911632180,1848
911633180,1787
911634180,1787
911635180,1811
911636180,1743
911637180,1616
911638180,1584
911648576,1860
911649576,1803
911650576,1776
911651576,1785
911652576,1793
911653576,1639
911654576,1594
911655576,1680
911656576,1791
911657576,1841
911658576,2013
911659576,2093
911660576,2038
911661576,1955
911662576,1898
911663576,1902
911664576,1887
911665576,1837
911666576,1790
911667576,1776
911668576,1829
911669576,1739
911670576,1612
911671576,1591
911681992,1851
911682992,1792
911683992,1779
911684992,1789
911685992,1799
911686992,1630
911687992,1587
911688992,1675
911689992,1776
911690992,1857
911691992,2026
911692992,2097
911693992,2037
911694992,1947
911695992,1891
911696992,1889
911697992,1873
911698992,1840
911699992,1785
911700992,1782
911701992,1838
911702992,1718
911703992,1601
911704992,1603
911715411,1845
911716411,1794
911717411,1779
911718411,1776
911719411,1765
911720411,1616
911721411,1584
911722411,1693
911723411,1796
911724411,1873
911725411,2026
911726411,2103
911727411,2035
911728411,1954
911729411,1885
911730411,1916
911731411,1875
911732411,1827
911733411,1795
911734411,1768
911735411,1852
911736411,1712
911737411,1617
911738411,1601
911748814,1845
911749814,1793
911750814,1776
911751814,1806
911752814,1753
911753814,1620
911754814,1585
911755814,1713
911756814,1806
911757814,1899
911758814,2054
911759814,2093
911760814,2021
911761814,1937
911762814,1870
911763814,1920
911764814,1862
911765814,1808
911766814,1773
911767814,1773
911768814,1842
911769814,1692
911770814,1581
911771814,1600
911782241,1846
911783241,1789
911784241,1779
911785241,1827
911786241,1739
911787241,1635
911788241,1593
911789241,1712
911790241,1787
911791241,1923
911792241,2067
911793241,2107
911794241,2027
911795241,1949
911796241,1871
911797241,1903
911798241,1872
911799241,1817
911800241,1782
911801241,1786
911802241,1886
911803241,1688
911804241,1584
911805241,1629
911806241,1758
911816626,1776
911817626,1787
911818626,1826
911819626,1742
911820626,1603
911821626,1610
911822626,1758
911823626,1838
911824626,1970
911825626,2114
911826626,2118
911827626,2032
911828626,1935
911829626,1840
911830626,1859
911831626,1811
911832626,1755
911833626,1721
911834626,1729
911835626,1804
911836626,1639
911837626,1569
911838626,1615
911839626,1759
911850045,1795
911851045,1791
911852045,1823
911853045,1716
911854045,1600
911855045,1591
911856045,1721
911857045,1790
911858045,1936
911859045,2069
911860045,2085
911861045,2000
911862045,1933
911863045,1866
911864045,1898
911865045,1862
911866045,1803
911867045,1781
911868045,1778
911869045,1843
911870045,1665
911871045,1584
911872045,1637
911873045,1763
911883465,1788
911884465,1776
911885465,1845
911886465,1695
911887465,1596
911888465,1607
911889465,1742
911890465,1786
911891465,1954
911892465,2080
911893465,2086
911894465,2008
911895465,1927
911896465,1885
911897465,1904
911898465,1816
911899465,1808
911900465,1777
911901465,1782
911902465,1815
911903465,1647
911904465,1575
911905465,1647
911906465,1759
911916868,1808
911917868,1787
911918868,1818
911919868,1635
911920868,1515
911921868,1527
911922868,1680
911923868,1741
911924868,1917
911925868,2033
911926868,2057
911927868,1994
911928868,1921
911929868,1875
911930868,1903
911931868,1872
911932868,1817
911933868,1789
911934868,1795
911935868,1841
911936868,1687
911937868,1615
911938868,1680
911939868,1801
911950288,1760
911951288,1758
911952288,1827
911953288,1653
911954288,1566
911955288,1605
911956288,1773
911957288,1781
911958288,1968
911959288,2099
911960288,2080
911961288,1989
911962288,1908
911963288,1883
911964288,1900
911965288,1867
911966288,1811
911967288,1779
911968288,1789
911969288,1826
911970288,1645
911971288,1581
911972288,1676
911973288,1782
911974288,1841
911984680,1802
911985680,1853
911986680,1688
911987680,1587
911988680,1637
911989680,1761
911990680,1800
911991680,1990
911992680,2069
911993680,2033
911994680,1949
911995680,1881
911996680,1855
911997680,1872
911998680,1845
911999680,1792
912000680,1790
912001680,1789
912002680,1786
912003680,1640
912004680,1585
912005680,1688
912006680,1794
912007680,1853
912018099,1781
912019099,1825
912020099,1643
912021099,1535
912022099,1615
912023099,1748
912024099,1791
912025099,1975
912026099,2076
912027099,2057
912028099,1968
912029099,1906
912030099,1890
912031099,1892
912032099,1863
912033099,1809
912034099,1785
912035099,1794
912036099,1776
912037099,1632
912038099,1585
912039099,1696
912040099,1808
912041099,1896
912051519,1754
912052519,1803
912053519,1636
912054519,1594
912055519,1639
912056519,1823
912057519,1865
912058519,2032
912059519,2096
912060519,2027
912061519,1940
912062519,1890
912063519,1842
912064519,1829
912065519,1793
912066519,1745
912067519,1763
912068519,1838
912069519,1753
912070519,1633
912071519,1607
912072519,1712
912073519,1797
912074519,1912
912084922,1806
912085922,1827
912086922,1643
912087922,1587
912088922,1652
912089922,1774
912090922,1833
912091922,1998
912092922,2083
912093922,2032
912094922,1968
912095922,1903
912096922,1910
912097922,1877
912098922,1852
912099922,1798
912100922,1776
912101922,1814
912102922,1771
912103922,1628
912104922,1596
912105922,1715
912106922,1787
912107922,1910
912118341,1798
912119341,1801
912120341,1641
912121341,1580
912122341,1671
912123341,1781
912124341,1840
912125341,1996
912126341,2080
912127341,2027
912128341,1960
912129341,1883
912130341,1902
912131341,1883
912132341,1847
912133341,1805
912134341,1797
912135341,1866
912136341,1744
912137341,1621
912138341,1613
912139341,1729
912140341,1776
912141341,1918
912142341,2058
912152733,1792
912153733,1626
912154733,1573
912155733,1648
912156733,1777
912157733,1860
912158733,2015
912159733,2089
912160733,2014
912161733,1944
912162733,1891
912163733,1891
912164733,1875
912165733,1845
912166733,1808
912167733,1769
912168733,1855
912169733,1711
912170733,1595
912171733,1600
912172733,1716
912173733,1782
912174733,1932
912175733,2059
912186153,1769
912187153,1618
912188153,1581
912189153,1701
912190153,1796
912191153,1887
912192153,2033
912193153,2079
912194153,2017
912195153,1939
912196153,1883
912197153,1897
912198153,1877
912199153,1834
912200153,1733
912201153,1790
912202153,1843
912203153,1681
912204153,1593
912205153,1615
912206153,1741
912207153,1786
912208153,1943
912209153,2066
912219577,1756
912220577,1615
912221577,1593
912222577,1720
912223577,1783
912224577,1903
912225577,2035
912226577,2091
912227577,2013
912228577,1936
912229577,1872
912230577,1915
912231577,1877
912232577,1815
912233577,1789
912234577,1805
912235577,1853
912236577,1705
912237577,1582
912238577,1614
912239577,1748
912240577,1760
912241577,1952
912242577,2084
912252976,1740
912253976,1617
912254976,1585
912255976,1696
912256976,1771
912257976,1901
912258976,2032
912259976,2059
912260976,1998
912261976,1916
912262976,1833
912263976,1881
912264976,1856
912265976,1817
912266976,1791
912267976,1785
912268976,1863
912269976,1683
912270976,1587
912271976,1638
912272976,1768
912273976,1799
912274976,1967
912275976,2093
912286395,1754
912287395,1593
912288395,1603
912289395,1721
912290395,1775
912291395,1923
912292395,2031
912293395,2064
912294395,1997
912295395,1927
912296395,1861
912297395,1909
912298395,1867
912299395,1819
912300395,1793
912301395,1779
912302395,1853
912303395,1675
912304395,1588
912305395,1634
912306395,1749
912307395,1792
912308395,1969
912309395,2080
912310395,2060
912320787,1601
912321787,1595
912322787,1735
912323787,1788
912324787,1945
912325787,2058
912326787,2070
912327787,1990
912328787,1918
912329787,1856
912330787,1897
912331787,1857
912332787,1808
912333787,1791
912334787,1785
912335787,1835
912336787,1675
912337787,1584
912338787,1643
912339787,1754
912340787,1801
912341787,1971
912342787,2079
912343787,2046
912354207,1589
912355207,1609
912356207,1743
912357207,1782
912358207,1963
912359207,2073
912360207,2057
912361207,1980
912362207,1904
912363207,1859
912364207,1881
912365207,1845
912366207,1801
912367207,1777
912368207,1779
912369207,1831
912370207,1659
912371207,1565
912372207,1639
912373207,1775
912374207,1812
912375207,1973
912376207,2075
912377207,2037
912387627,1601
912388627,1615
912389627,1729
912390627,1746
912391627,1918
912392627,2029
912393627,2033
912394627,1963
912395627,1915
912396627,1882
912397627,1903
912398627,1871
912399627,1814
912400627,1797
912401627,1794
912402627,1810
912403627,1648
912404627,1587
912405627,1653
912406627,1776
912407627,1829
912408627,2005
912409627,2092
912410627,2035
912421029,1599
912422029,1632
912423029,1763
912424029,1793
912425029,1934
912426029,2069
912427029,2015
912428029,1977
912429029,1931
912430029,1896
912431029,1904
912432029,1918
912433029,1824
912434029,1844
912435029,1779
912436029,1782
912437029,1621
912438029,1569
912439029,1697
912440029,1756
912441029,1819
912442029,1961
912443029,2065
912444029,2018
912454449,1584
912455449,1649
912456449,1769
912457449,1802
912458449,1983
912459449,2080
912460449,2057
912461449,1968
912462449,1904
912463449,1883
912464449,1882
912465449,1862
912466449,1808
912467449,1787
912468449,1833
912469449,1768
912470449,1627
912471449,1584
912472449,1680
912473449,1791
912474449,1858
912475449,2015
912476449,2081
912477449,2018
912478449,1947
912488841,1642
912489841,1775
912490841,1809
912491841,2026
912492841,2112
912493841,2041
912494841,1955
912495841,1938
912496841,1876
912497841,1883
912498841,1852
912499841,1799
912500841,1788
912501841,1805
912502841,1761
912503841,1634
912504841,1607
912505841,1712
912506841,1789
912507841,1873
912508841,2021
912509841,2064
912510841,2001
912511841,1921
912522262,1673
912523262,1787
912524262,1839
912525262,2006
912526262,2095
912527262,2033
912528262,1975
912529262,1893
912530262,1892
912531262,1871
912532262,1837
912533262,1784
912534262,1751
912535262,1793
912536262,1755
912537262,1623
912538262,1599
912539262,1713
912540262,1792
912541262,1909
912542262,2047
912543262,2084
912544262,2001
912545262,1936
912555681,1667
912556681,1775
912557681,1840
912558681,2005
912559681,2080
912560681,1993
912561681,1968
912562681,1901
912563681,1904
912564681,1872
912565681,1841
912566681,1804
912567681,1777
912568681,1840
912569681,1744
912570681,1617
912571681,1606
912572681,1715
912573681,1779
912574681,1925
912575681,2055
912576681,2080
912577681,2000
912578681,1926
912589083,1677
912590083,1794
912591083,1863
912592083,2026
912593083,2090
912594083,2027
912595083,1953
912596083,1900
912597083,1907
912598083,1889
912599083,1847
912600083,1798
912601083,1805
912602083,1859
912603083,1747
912604083,1613
912605083,1625
912606083,1734
912607083,1759
912608083,1967
912609083,2042
912610083,2055
912611083,1980
912612083,1904
912622503,1695
912623503,1786
912624503,1879
912625503,2023
912626503,2094
912627503,2027
912628503,1953
912629503,1867
912630503,1903
912631503,1873
912632503,1841
912633503,1789
912634503,1783
912635503,1843
912636503,1699
912637503,1588
912638503,1609
912639503,1727
912640503,1776
912641503,1943
912642503,2061
912643503,2064
912644503,1998
912645503,1929
912646503,1869
912656895,1784
912657895,1879
912658895,2025
912659895,2080
912660895,2008
912661895,1935
912662895,1896
912663895,1840
912664895,1871
912665895,1821
912666895,1784
912667895,1776
912668895,1855
912669895,1704
912670895,1595
912671895,1616
912672895,1730
912673895,1793
912674895,1951
912675895,2064
912676895,2064
912677895,1995
912678895,1951
912679895,1867
912690315,1790
912691315,1903
912692315,2057
912693315,2081
912694315,2011
912695315,1937
912696315,1857
912697315,1902
912698315,1843
912699315,1805
912700315,1766
912701315,1770
912702315,1840
912703315,1665
912704315,1571
912705315,1601
912706315,1744
912707315,1785
912708315,1949
912709315,2084
912710315,2061
912711315,1979
912712315,1913
912713315,1883
912723734,1797
912724734,1925
912725734,2045
912726734,2077
912727734,2007
912728734,1935
912729734,1849
912730734,1904
912731734,1870
912732734,1817
912733734,1786
912734734,1791
912735734,1853
912736734,1681
912737734,1590
912738734,1646
912739734,1772
912740734,1792
912741734,1970
912742734,2080
912743734,2039
912744734,1968
912745734,1902
912746734,1857
912757137,1778
912758137,1943
912759137,2065
912760137,2075
912761137,1990
912762137,1923
912763137,1833
912764137,1904
912765137,1873
912766137,1817
912767137,1792
912768137,1797
912769137,1862
912770137,1675
912771137,1590
912772137,1642
912773137,1775
912774137,1797
912775137,1986
912776137,2080
912777137,2062
912778137,2008
912779137,1914
912780137,1898
912790563,1765
912791563,1941
912792563,2064
912793563,2063
912794563,1995
912795563,1922
912796563,1871
912797563,1887
912798563,1863
912799563,1811
912800563,1785
912801563,1786
912802563,1825
912803563,1654
912804563,1584
912805563,1661
912806563,1776
912807563,1807
912808563,1984
912809563,2096
912810563,2064
912811563,1975
912812563,1919
912813563,1961
912814563,1894
912824949,1935
912825949,2064
912826949,2057
912827949,1984
912828949,1911
912829949,1873
912830949,1873
912831949,1863
912832949,1830
912833949,1788
912834949,1789
912835949,1823
912836949,1653
912837949,1636
912838949,1667
912839949,1781
912840949,1825
912841949,1999
912842949,2096
912843949,2099
912844949,1973
912845949,1920
912846949,1919
912847949,1891
912858369,1942
912859369,2061
912860369,2045
912861369,1980
912862369,1905
912863369,1899
912864369,1910
912865369,1856
912866369,1809
912867369,1776
912868369,1786
912869369,1799
912870369,1651
912871369,1595
912872369,1682
912873369,1808
912874369,1845
912875369,2003
912876369,2081
912877369,2032
912878369,1961
912879369,1885
912880369,1907
912881369,1872
912891788,1974
912892788,2068
912893788,2038
912894788,1951
912895788,1891
912896788,1856
912897788,1859
912898788,1826
912899788,1785
912900788,1776
912901788,1794
912902788,1795
912903788,1638
912904788,1575
912905788,1693
912906788,1812
912907788,1860
912908788,2005
912909788,2089
912910788,2031
912911788,1945
912912788,1872
912913788,1904
912914788,1913
912925191,1995
912926191,2101
912927191,2068
912928191,1973
912929191,1934
912930191,1895
912931191,1891
912932191,1855
912933191,1793
912934191,1773
912935191,1779
912936191,1745
912937191,1609
912938191,1580
912939191,1711
912940191,1789
912941191,1869
912942191,2005
912943191,2081
912944191,2028
912945191,1967
912946191,1874
912947191,1904
912948191,1872
912958611,1998
912959611,2083
912960611,2059
912961611,1976
912962611,1919
912963611,1916
912964611,1899
912965611,1910
912966611,1800
912967611,1783
912968611,1821
912969611,1750
912970611,1613
912971611,1581
912972611,1693
912973611,1745
912974611,1882
912975611,2032
912976611,2071
912977611,2006
912978611,1940
912979611,1872
912980611,1895
912981611,1874
912982611,1827
912993003,2092
912994003,2035
912995003,1953
912996003,1898
912997003,1905
912998003,1879
912999003,1843
913000003,1798
913001003,1793
913002003,1845
913003003,1760
913004003,1663
913005003,1600
913006003,1725
913007003,1787
913008003,1898
913009003,2045
913010003,2063
913011003,1992
913012003,1915
913013003,1834
913014003,1883
913015003,1851
913016003,1817
913026423,2095
913027423,2032
913028423,1948
913029423,1877
913030423,1907
913031423,1883
913032423,1841
913033423,1783
913034423,1783
913035423,1842
913036423,1731
913037423,1633
913038423,1641
913039423,1784
913040423,1840
913041423,1977
913042423,2098
913043423,2096
913044423,2007
913045423,1921
913046423,1829
913047423,1859
913048423,1821
913049423,1770
913059842,2085
913060842,2065
913061842,1957
913062842,1876
913063842,1892
913064842,1876
913065842,1855
913066842,1794
913067842,1793
913068842,1859
913069842,1715
913070842,1607
913071842,1613
913072842,1743
913073842,1787
913074842,1952
913075842,2074
913076842,2067
913077842,2008
913078842,1933
913079842,1866
913080842,1883
913081842,1870
913082842,1827
913093244,2075
913094244,2009
913095244,1937
913096244,1859
913097244,1897
913098244,1875
913099244,1824
913100244,1790
913101244,1786
913102244,1859
913103244,1698
913104244,1596
913105244,1615
913106244,1743
913107244,1780
913108244,1951
913109244,2072
913110244,2066
913111244,2000
913112244,1926
913113244,1867
913114244,1896
913115244,1869
913116244,1811
913126665,2077
913127665,1968
913128665,1918
913129665,1840
913130665,1885
913131665,1850
913132665,1806
913133665,1777
913134665,1791
913135665,1851
913136665,1696
913137665,1587
913138665,1621
913139665,1745
913140665,1777
913141665,1957
913142665,2079
913143665,2063
913144665,2017
913145665,1933
913146665,1897
913147665,1905
913148665,1884
913149665,1819
913150665,1795
913161057,1987
913162057,1917
913163057,1852
913164057,1888
913165057,1855
913166057,1809
913167057,1781
913168057,1788
913169057,1847
913170057,1677
913171057,1596
913172057,1630
913173057,1765
913174057,1793
913175057,1969
913176057,2084
913177057,2077
913178057,1989
913179057,1935
913180057,1900
913181057,1911
913182057,1881
913183057,1820
913184057,1793
913194476,1984
913195476,1929
913196476,1844
913197476,1873
913198476,1862
913199476,1820
913200476,1783
913201476,1776
913202476,1845
913203476,1679
913204476,1594
913205476,1647
913206476,1771
913207476,1787
913208476,1974
913209476,2065
913210476,2061
913211476,1979
913212476,1924
913213476,1886
913214476,1899
913215476,1859
913216476,1801
913217476,1791
913227896,1968
913228896,1908
913229896,1848
913230896,1887
913231896,1857
913232896,1810
913233896,1776
913234896,1779
913235896,1838
913236896,1667
913237896,1581
913238896,1662
913239896,1773
913240896,1827
913241896,1985
913242896,2075
913243896,2037
913244896,1957
913245896,1912
913246896,1891
913247896,1896
913248896,1849
913249896,1801
913250896,1787
913261299,1977
913262299,1915
913263299,1851
913264299,1866
913265299,1851
913266299,1795
913267299,1765
913268299,1776
913269299,1803
913270299,1643
913271299,1582
913272299,1652
913273299,1771
913274299,1813
913275299,1981
913276299,2084
913277299,2022
913278299,1956
913279299,1901
913280299,1899
913281299,1897
913282299,1846
913283299,1794
913284299,1779
913294719,1961
913295719,1910
913296719,1873
913297719,1889
913298719,1863
913299719,1807
913300719,1785
913301719,1788
913302719,1799
913303719,1635
913304719,1583
913305719,1665
913306719,1776
913307719,1844
913308719,2000
913309719,2096
913310719,2042
913311719,1961
913312719,1887
913313719,1905
913314719,1879
913315719,1850
913316719,1788
913317719,1792
913318719,1835
913329111,1891
913330111,1872
913331111,1888
913332111,1859
913333111,1808
913334111,1793
913335111,1789
913336111,1776
913337111,1695
913338111,1580
913339111,1681
913340111,1787
913341111,1851
913342111,2013
913343111,2097
913344111,2025
913345111,1949
913346111,1877
913347111,1886
913348111,1905
913349111,1845
913350111,1782
913351111,1787
913352111,1839
913362530,1891
913363530,1885
913364530,1917
913365530,1841
913366530,1745
913367530,1776
913368530,1790
913369530,1787
913370530,1625
913371530,1595
913372530,1694
913373530,1807
913374530,1867
913375530,2017
913376530,2085
913377530,2021
913378530,1935
913379530,1888
913380530,1905
913381530,1882
913382530,1853
913383530,1804
913384530,1789
913385530,1861
913395950,1889
913396950,1883
913397950,1879
913398950,1863
913399950,1797
913400950,1781
913401950,1813
913402950,1777
913403950,1616
913404950,1603
913405950,1727
913406950,1811
913407950,1889
913408950,2033
913409950,2080
913410950,2018
913411950,1913
913412950,1851
913413950,1890
913414950,1891
913415950,1823
913416950,1780
913417950,1776
913418950,1853
913429353,1899
913430353,1903
913431353,1885
913432353,1837
913433353,1805
913434353,1791
913435353,1828
913436353,1743
913437353,1616
913438353,1585
913439353,1691
913440353,1792
913441353,1909
913442353,2039
913443353,2077
913444353,2010
913445353,1942
913446353,1859
913447353,1904
913448353,1866
913449353,1827
913450353,1783
913451353,1783
913452353,1853
913462772,1917
913463772,1911
913464772,1889
913465772,1849
913466772,1791
913467772,1776
913468772,1823
913469772,1709
913470772,1609
913471772,1584
913472772,1711
913473772,1773
913474772,1914
913475772,2076
913476772,2044
913477772,2010
913478772,1934
913479772,1865
913480772,1885
913481772,1875
913482772,1818
913483772,1794
913484772,1793
913485772,1888
913486772,1695
913497164,1917
913498164,1872
913499164,1840
913500164,1796
913501164,1783
913502164,1859
913503164,1721
913504164,1599
913505164,1593
913506164,1712
913507164,1764
913508164,1917
913509164,2041
913510164,2047
913511164,1978
913512164,1920
913513164,1862
913514164,1888
913515164,1857
913516164,1783
913517164,1789
913518164,1777
913519164,1845
913520164,1673
913530587,1891
913531587,1872
913532587,1831
913533587,1783
913534587,1794
913535587,1854
913536587,1711
913537587,1601
913538587,1603
913539587,1777
913540587,1783
913541587,1968
913542587,2059
913543587,2064
913544587,1990
913545587,1921
913546587,1872
913547587,1895
913548587,1904
913549587,1809
913550587,1792
913551587,1782
913552587,1830
913553587,1677
913564004,1917
913565004,1895
913566004,1833
913567004,1805
913568004,1776
913569004,1847
913570004,1679
913571004,1584
913572004,1611
913573004,1729
913574004,1773
913575004,1936
913576004,2063
913577004,2063
913578004,1979
913579004,1921
913580004,1873
913581004,1898
913582004,1864
913583004,1807
913584004,1782
913585004,1777
913586004,1814
913587004,1655
913597407,1904
913598407,1892
913599407,1822
913600407,1791
913601407,1793
913602407,1851
913603407,1683
913604407,1588
913605407,1646
913606407,1744
913607407,1812
913608407,1973
913609407,2079
913610407,2070
913611407,1981
913612407,1904
913613407,1873
913614407,1878
913615407,1841
913616407,1798
913617407,1761
913618407,1781
913619407,1815
913620407,1649
913630826,1887
913631826,1867
913632826,1824
913633826,1744
913634826,1777
913635826,1843
913636826,1659
913637826,1583
913638826,1627
913639826,1733
913640826,1803
913641826,1971
913642826,2071
913643826,2060
913644826,1971
913645826,1933
913646826,1892
913647826,1893
913648826,1861
913649826,1813
913650826,1795
913651826,1809
913652826,1808
913653826,1641
913654826,1587
913665224,1854
913666224,1818
913667225,1777
913668225,1795
913669225,1840
913670225,1679
913671225,1589
913672225,1653
913673225,1774
913674225,1808
913675225,2011
913676225,2078
913677225,2043
913678225,1964
913679225,1917
913680225,1889
913681225,1881
913682225,1850
913683225,1800
913684225,1779
913685225,1785
913686225,1775
913687225,1668
913688225,1588
913698638,1865
913699638,1803
913700638,1804
913701638,1789
913702638,1850
913703638,1651
913704638,1577
913705638,1744
913706638,1785
913707638,1821
913708638,1989
913709638,2095
913710638,2058
913711638,1972
913712638,1921
913713638,1914
913714638,1901
913715638,1863
913716638,1811
913717638,1796
913718638,1808
913719638,1755
913720638,1613
913721638,1577
913732058,1856
913733058,1809
913734058,1787
913735058,1790
913736058,1837
913737058,1648
913738058,1601
913739058,1657
913740058,1789
913741058,1836
913742058,1994
913743058,2078
913744058,2033
913745058,1955
913746058,1883
913747058,1889
913748058,1871
913749058,1837
913750058,1790
913751058,1776
913752058,1826
913753058,1756
913754058,1621
913755058,1611
913765460,1842
913766460,1795
913767460,1792
