timestamp_us,adc_raw
698,1878
1260826698,1822
1260827698,1777
1260828698,1753
1260829698,1783
1260830698,1814
1260831698,1831
1260832698,1831
1260833698,1835
1260844125,1771
1260845125,1737
1260846125,1733
1260847125,1772
1260848125,1788
1260849125,1792
1260850125,1799
1260851125,1819
1260852125,1840
1260853125,1840
1260854125,1846
1260855125,1908
1260856125,1941
1260857125,1936
1260858125,1904
1260859125,1879
1260860125,1838
1260861125,1793
1260862125,1798
1260863125,1791
1260873552,1919
1260874552,1894
1260875552,1796
1260876552,1831
1260877552,1789
1260878552,1774
1260879552,1796
1260880552,1810
1260881552,1833
1260882552,1779
1260883552,1856
1260884552,1854
1260885552,1859
1260886552,1854
1260887552,1856
1260888552,1887
1260889552,1872
1260890552,1902
1260891552,1876
1260892552,1857
1260902979,1865
1260903979,1875
1260904979,1904
1260905979,1941
1260906979,1927
1260907979,1874
1260908979,1869
1260909979,1834
1260910979,1781
1260911979,1760
1260912979,1783
1260913979,1814
1260914979,1823
1260915979,1839
1260916979,1846
1260917979,1869
1260918979,1871
1260919979,1872
1260920979,1853
1260931433,1835
1260932433,1836
1260933433,1842
1260934433,1859
1260935433,1927
1260936433,1883
1260937433,1872
1260938433,1907
1260939433,1935
1260940433,1933
1260941433,1895
1260942433,1863
1260943433,1806
1260944433,1775
1260945433,1758
1260946433,1771
1260947433,1799
1260948433,1818
1260949433,1821
1260950433,1841
1260960860,1792
1260961860,1755
1260962860,1753
1260963860,1781
1260964860,1807
1260965860,1830
1260966860,1840
1260967860,1847
1260968860,1856
1260969860,1850
1260970860,1861
1260971860,1905
1260972860,1929
1260973860,1913
1260974860,1893
1260975860,1855
1260976860,1795
1260977860,1763
1260978860,1755
1260979860,1783
1260990304,1931
1260991304,1895
1260992304,1872
1260993304,1823
1260994304,1783
1260995304,1757
1260996304,1767
1260997304,1790
1260998304,1810
1260999304,1811
1261000304,1831
1261001304,1843
1261002304,1855
1261003304,1872
1261004304,1868
1261005304,1907
1261006304,1936
1261007304,1935
1261008304,1899
1261009304,1868
1261019731,1879
1261020731,1870
1261021731,1899
1261022731,1914
1261023731,1895
1261024731,1883
1261025731,1852
1261026731,1795
1261027731,1774
1261028731,1749
1261029731,1775
1261030731,1805
1261031731,1821
1261032731,1845
1261033731,1847
1261034731,1871
1261035731,1899
1261036731,1825
1261037731,1872
1261038731,1908
1261049158,1840
1261050158,1834
1261051158,1845
1261052158,1853
1261053158,1863
1261054158,1856
1261055158,1894
1261056158,1930
1261057158,1933
1261058158,1899
1261059158,1875
1261060158,1811
1261061158,1793
1261062158,1767
1261063158,1793
1261064158,1827
1261065158,1852
1261066158,1851
1261067158,1804
1261068158,1853
1261078587,1744
1261079587,1781
1261080587,1813
1261081587,1808
1261082587,1841
1261083587,1849
1261084587,1869
1261085587,1884
1261086587,1884
1261087587,1873
1261088587,1901
1261089587,1945
1261090587,1936
1261091587,1877
1261092587,1878
1261093587,1830
1261094587,1795
1261095587,1777
1261096587,1808
1261107039,1931
1261108039,1915
1261109039,1878
1261110039,1840
1261111039,1791
1261112039,1764
1261113039,1785
1261114039,1793
1261115039,1824
1261116039,1837
1261117039,1837
1261118039,1862
1261119039,1871
1261120039,1890
1261121039,1872
1261122039,1919
1261123039,1936
1261124039,1931
1261125039,1902
1261126039,1870
1261136466,1875
1261137466,1873
1261138466,1903
1261139466,1924
1261140466,1929
1261141466,1900
1261142466,1876
1261143466,1826
1261144466,1782
1261145466,1775
1261146466,1791
1261147466,1819
1261148466,1835
1261149466,1841
1261150466,1856
1261151466,1872
1261152466,1887
1261153466,1903
1261154466,1877
1261155466,1918
1261165910,1830
1261166910,1840
1261167910,1851
1261168910,1858
1261169910,1866
1261170910,1872
1261171910,1924
1261172910,1939
1261173910,1951
1261174910,1907
1261175910,1872
1261176910,1813
1261177910,1763
1261178910,1754
1261179910,1783
1261180910,1809
1261181910,1824
1261182910,1837
1261183910,1834
1261184910,1860
1261195337,1744
1261196337,1773
1261197337,1808
1261198337,1829
1261199337,1834
1261200337,1833
1261201337,1858
1261202337,1869
1261203337,1869
1261204337,1879
1261205337,1911
1261206337,1937
1261207337,1927
1261208337,1907
1261209337,1888
1261210337,1830
1261211337,1787
1261212337,1761
1261213337,1785
1261214337,1808
1261224763,1936
1261225763,1872
1261226763,1830
1261227763,1779
1261228763,1749
1261229763,1749
1261230763,1776
1261231763,1796
1261232763,1808
1261233763,1814
1261234763,1833
1261235763,1856
1261236763,1869
1261237763,1871
1261238763,1903
1261239763,1933
1261240763,1925
1261241763,1903
1261242763,1839
1261243763,1812
1261254190,1867
1261255190,1904
1261256190,1936
1261257190,1934
1261258190,1904
1261259190,1872
1261260190,1823
1261261190,1741
1261262190,1750
1261263190,1772
1261264190,1825
1261265190,1824
1261266190,1831
1261267190,1830
1261268190,1857
1261269190,1868
1261270190,1859
1261271190,1865
1261272190,1917
1261282645,1831
1261283645,1837
1261284645,1851
1261285645,1868
1261286645,1856
1261287645,1869
1261288645,1905
1261289645,1934
1261290645,1917
1261291645,1887
1261292645,1856
1261293645,1813
1261294645,1776
1261295645,1758
1261296645,1776
1261297645,1795
1261298645,1827
1261299645,1827
1261300645,1843
1261301645,1871
1261312072,1747
1261313072,1763
1261314072,1782
1261315072,1820
1261316072,1823
1261317072,1835
1261318072,1840
1261319072,1849
1261320072,1857
1261321072,1869
1261322072,1913
1261323072,1935
1261324072,1934
1261325072,1909
1261326072,1865
1261327072,1819
1261328072,1776
1261329072,1769
1261330072,1775
1261331072,1789
1261341516,1869
1261342516,1875
1261343516,1833
1261344516,1777
1261345516,1771
1261346516,1793
1261347516,1814
1261348516,1826
1261349516,1844
1261350516,1846
1261351516,1861
1261352516,1860
1261353516,1865
1261354516,1872
1261355516,1918
1261356516,1936
1261357516,1936
1261358516,1887
1261359516,1875
1261360516,1798
1261370942,1860
1261371942,1927
1261372942,1921
1261373942,1915
1261374942,1889
1261375942,1861
1261376942,1821
1261377942,1783
1261378942,1770
1261379942,1791
1261380942,1840
1261381942,1840
1261382942,1840
1261383942,1840
1261384942,1872
1261385942,1873
1261386942,1892
1261387942,1886
1261388942,1918
1261389942,1917
1261400369,1850
1261401369,1872
1261402369,1875
1261403369,1872
1261404369,1859
1261405369,1915
1261406369,1956
1261407369,1929
1261408369,1889
1261409369,1854
1261410369,1806
1261411369,1769
1261412369,1757
1261413369,1785
1261414369,1819
1261415369,1834
1261416369,1844
1261417369,1843
1261418369,1860
1261419369,1872
1261429796,1793
1261430796,1809
1261431796,1822
1261432796,1820
1261433796,1838
1261434796,1861
1261435796,1877
1261436796,1865
1261437796,1906
1261438796,1904
1261439796,1891
1261440796,1910
1261441796,1887
1261442796,1860
1261443796,1807
1261444796,1743
1261445796,1759
1261446796,1789
1261447796,1809
1261458251,1904
1261459251,1873
1261460251,1823
1261461251,1781
1261462251,1744
1261463251,1761
1261464251,1777
1261465251,1808
1261466251,1828
1261467251,1833
1261468251,1847
1261469251,1869
1261470251,1873
1261471251,1875
1261472251,1911
1261473251,1935
1261474251,1904
1261475251,1861
1261476251,1845
1261477251,1791
1261487678,1871
1261488678,1905
1261489678,1961
1261490678,1933
1261491678,1901
1261492678,1907
1261493678,1828
1261494678,1791
1261495678,1766
1261496678,1790
1261497678,1827
1261498678,1830
1261499678,1834
1261500678,1841
1261501678,1846
1261502678,1887
1261503678,1855
1261504678,1859
1261505678,1914
1261506678,1937
1261517122,1849
1261518122,1853
1261519122,1872
1261520122,1850
1261521122,1867
1261522122,1905
1261523122,1924
1261524122,1852
1261525122,1888
1261526122,1872
1261527122,1808
1261528122,1783
1261529122,1767
1261530122,1796
1261531122,1795
1261532122,1807
1261533122,1821
1261534122,1838
1261535122,1853
1261536122,1893
1261546548,1828
1261547548,1854
1261548548,1866
1261549548,1872
1261550548,1865
1261551548,1890
1261552548,1870
1261553548,1869
1261554548,1868
1261555548,1913
1261556548,1923
1261557548,1906
1261558548,1872
1261559548,1855
1261560548,1813
1261561548,1775
1261562548,1761
1261563548,1812
1261564548,1810
1261565548,1833
1261575975,1871
1261576975,1830
1261577975,1781
1261578975,1773
1261579975,1793
1261580975,1825
1261581975,1849
1261582975,1860
1261583975,1865
1261584975,1867
1261585975,1863
1261586975,1869
1261587975,1872
1261588975,1907
1261589975,1931
1261590975,1917
1261591975,1897
1261592975,1857
1261593975,1817
1261594975,1780
1261605402,1917
1261606402,1952
1261607402,1941
1261608402,1902
1261609402,1857
1261610402,1811
1261611402,1759
1261612402,1735
1261613402,1744
1261614402,1742
1261615402,1806
1261616402,1815
1261617402,1843
1261618402,1909
1261619402,1907
1261620402,1929
1261621402,1936
1261622402,1976
1261623402,1987
1261633857,1794
1261634857,1825
1261635857,1843
1261636857,1849
1261637857,1850
1261638857,1902
1261639857,1927
1261640857,1917
1261641857,1893
1261642857,1859
1261643857,1813
1261644857,1776
1261645857,1776
1261646857,1796
1261647857,1834
1261648857,1835
1261649857,1822
1261650857,1839
1261651857,1840
1261652857,1885
1261663283,1796
1261664283,1810
1261665283,1825
1261666283,1790
1261667283,1827
1261668283,1854
1261669283,1859
1261670283,1865
1261671283,1879
1261672283,1958
1261673283,1931
1261674283,1931
1261675283,1901
1261676283,1871
1261677283,1828
1261678283,1796
1261679283,1792
1261680283,1819
1261681283,1837
1261682283,1838
1261692727,1855
1261693727,1792
1261694727,1762
1261695727,1752
1261696727,1783
1261697727,1815
1261698727,1835
1261699727,1837
1261700727,1866
1261701727,1887
1261702727,1901
1261703727,1912
1261704727,1919
1261705727,1945
1261706727,1959
1261707727,1931
1261708727,1882
1261709727,1833
1261710727,1776
1261711727,1737
1261722154,1907
1261723154,1940
1261724154,1946
1261725154,1900
1261726154,1870
1261727154,1828
1261728154,1795
1261729154,1776
1261730154,1794
1261731154,1809
1261732154,1827
1261733154,1840
1261734154,1843
1261735154,1853
1261736154,1869
1261737154,1859
1261738154,1833
1261739154,1908
1261740154,1927
1261741154,1904
1261751583,1868
1261752583,1872
1261753583,1871
1261754583,1852
1261755583,1925
1261756583,1929
1261757583,1949
1261758583,1930
1261759583,1863
1261760583,1811
1261761583,1770
1261762583,1744
1261763583,1779
1261764583,1789
1261765583,1803
1261766583,1806
1261767583,1814
1261768583,1846
1261769583,1857
1261770583,1868
1261781008,1797
1261782008,1815
1261783008,1829
1261784008,1824
1261785008,1837
1261786008,1849
1261787008,1840
1261788008,1853
1261789008,1898
1261790008,1934
1261791008,1926
1261792008,1893
1261793008,1857
1261794008,1827
1261795008,1787
1261796008,1782
1261797008,1808
1261798008,1838
1261799008,1840
1261809462,1860
1261810462,1810
1261811462,1787
1261812462,1773
1261813462,1795
1261814462,1831
1261815462,1844
1261816462,1839
1261817462,1843
1261818462,1855
1261819462,1861
1261820462,1867
1261821462,1884
1261822462,1925
1261823462,1948
1261824462,1950
1261825462,1930
1261826462,1907
1261827462,1857
1261828462,1797
1261838889,1897
1261839889,1932
1261840889,1907
1261841889,1883
1261842889,1844
1261843889,1809
1261844889,1781
1261845889,1774
1261846889,1805
1261847889,1791
1261848889,1840
1261849889,1858
1261850889,1857
1261851889,1879
1261852889,1869
1261853889,1877
1261854889,1898
1261855889,1922
1261856889,1947
1261857889,1921
1261868333,1845
1261869333,1857
1261870333,1856
1261871333,1873
1261872333,1919
1261873333,1936
1261874333,1931
1261875333,1904
1261876333,1861
1261877333,1815
1261878333,1777
1261879333,1766
1261880333,1798
1261881333,1827
1261882333,1845
1261883333,1850
1261884333,1850
1261885333,1870
1261886333,1867
1261887333,1858
1261897760,1808
1261898760,1833
1261899760,1843
1261900760,1851
1261901760,1870
1261902760,1872
1261903760,1865
1261904760,1885
1261905760,1918
1261906760,1936
1261907760,1918
1261908760,1883
1261909760,1856
1261910760,1813
1261911760,1776
1261912760,1772
1261913760,1803
1261914760,1823
1261915760,1841
1261916760,1843
1261927187,1812
1261928187,1715
1261929187,1761
1261930187,1777
1261931187,1802
1261932187,1824
1261933187,1840
1261934187,1853
1261935187,1872
1261936187,1905
1261937187,1875
1261938187,1885
1261939187,1927
1261940187,1930
1261941187,1932
1261942187,1857
1261943187,1823
1261944187,1783
1261945187,1743
1261946187,1753
1261956614,1905
1261957614,1911
1261958614,1872
1261959614,1840
1261960614,1782
1261961614,1751
1261962614,1763
1261963614,1788
1261964614,1808
1261965614,1829
1261966614,1843
1261967614,1839
1261968614,1867
1261969614,1872
1261970614,1859
1261971614,1878
1261972614,1917
1261973614,1936
1261974614,1911
1261985068,1903
1261986068,1913
1261987068,1904
1261988068,1891
1261989068,1919
1261990068,1909
1261991068,1889
1261992068,1857
1261993068,1821
1261994068,1781
1261995068,1756
1261996068,1746
1261997068,1776
1261998068,1801
1261999068,1829
1262000068,1824
1262001068,1845
1262002068,1857
1262003068,1845
1262004068,1853
1262014495,1804
1262015495,1830
1262016495,1840
1262017495,1819
1262018495,1851
1262019495,1876
1262020495,1849
1262021495,1871
1262022495,1908
1262023495,1929
1262024495,1905
1262025495,1888
1262026495,1856
1262027495,1805
1262028495,1756
1262029495,1756
1262030495,1776
1262031495,1801
1262032495,1840
1262033495,1839
1262043939,1808
1262044939,1776
1262045939,1764
1262046939,1787
1262047939,1817
1262048939,1823
1262049939,1836
1262050939,1840
1262051939,1858
1262052939,1834
1262053939,1865
1262054939,1872
1262055939,1926
1262056939,1923
1262057939,1920
1262058939,1888
1262059939,1821
1262060939,1798
1262061939,1750
1262062939,1776
1262073366,1933
1262074366,1919
1262075366,1892
1262076366,1868
1262077366,1821
1262078366,1785
1262079366,1772
1262080366,1800
1262081366,1825
1262082366,1836
1262083366,1841
1262084366,1849
1262085366,1870
1262086366,1871
1262087366,1872
1262088366,1873
1262089366,1915
1262090366,1918
1262091366,1890
1262092366,1867
1262102793,1920
1262103793,1894
1262104793,1906
1262105793,1931
1262106793,1942
1262107793,1923
1262108793,1894
1262109793,1845
1262110793,1777
1262111793,1691
1262112793,1739
1262113793,1776
1262114793,1808
1262115793,1821
1262116793,1830
1262117793,1839
1262118793,1852
1262119793,1870
1262120793,1867
1262121793,1883
1262132224,1814
1262133225,1840
1262134225,1847
1262135225,1869
1262136225,1888
1262137225,1885
1262138225,1893
1262139225,1934
1262140225,1941
1262141225,1911
1262142225,1925
1262143225,1840
1262144225,1796
1262145225,1745
1262146225,1699
1262147225,1763
1262148225,1785
1262149225,1798
1262150225,1807
1262160674,1803
1262161674,1769
1262162674,1733
1262163674,1789
1262164674,1820
1262165674,1828
1262166674,1831
1262167674,1846
1262168674,1868
1262169674,1869
1262170674,1871
1262171674,1874
1262172674,1908
1262173674,1934
1262174674,1903
1262175674,1872
1262176674,1839
1262177674,1791
1262178674,1773
1262179674,1785
1262190101,1925
1262191101,1922
1262192101,1889
1262193101,1854
1262194101,1807
1262195101,1761
1262196101,1753
1262197101,1789
1262198101,1808
1262199101,1823
1262200101,1831
1262201101,1841
1262202101,1866
1262203101,1874
1262204101,1873
1262205101,1892
1262206101,1933
1262207101,1968
1262208101,1930
1262209101,1903
1262219545,1835
1262220545,1839
1262221545,1860
1262222545,1968
1262223545,1925
1262224545,1918
1262225545,1879
1262226545,1866
1262227545,1819
1262228545,1776
1262229545,1776
1262230545,1799
1262231545,1821
1262232545,1837
1262233545,1838
1262234545,1840
1262235545,1891
1262236545,1891
1262237545,1905
1262238545,1921
1262248972,1819
1262249972,1839
1262250972,1868
1262251972,1890
1262252972,1886
1262253972,1872
1262254972,1872
1262255972,1907
1262256972,1918
1262257972,1883
1262258972,1855
1262259972,1819
1262260972,1772
1262261972,1734
1262262972,1749
1262263972,1787
1262264972,1824
1262265972,1843
1262266972,1843
1262267972,1904
1262278399,1776
1262279399,1749
1262280399,1803
1262281399,1824
1262282399,1840
1262283399,1856
1262284399,1871
1262285399,1897
1262286399,1917
1262287399,1933
1262288399,1936
1262289399,1968
1262290399,1949
1262291399,1908
1262292399,1865
1262293399,1806
1262294399,1769
1262295399,1724
1262296399,1726
1262297399,1759
1262307826,1906
1262308826,1860
1262309826,1819
1262310826,1781
1262311826,1744
1262312826,1776
1262313826,1801
1262314826,1810
1262315826,1841
1262316826,1845
1262317826,1850
1262318826,1865
1262319826,1869
1262320826,1852
1262321826,1857
1262322826,1907
1262323826,1913
1262324826,1904
1262325826,1872
1262336280,1872
1262337280,1857
1262338280,1857
1262339280,1904
1262340280,1901
1262341280,1840
1262342280,1858
1262343280,1836
1262344280,1781
1262345280,1749
1262346280,1761
1262347280,1808
1262348280,1825
1262349280,1872
1262350280,1849
1262351280,1892
1262352280,1871
1262353280,1874
1262354280,1872
1262355280,1926
1262365707,1822
1262366707,1834
1262367707,1844
1262368707,1863
1262369707,1856
1262370707,1883
1262371707,1925
1262372707,1943
1262373707,1951
1262374707,1922
1262375707,1865
1262376707,1833
1262377707,1824
1262378707,1776
1262379707,1781
1262380707,1813
1262381707,1856
1262382707,1855
1262383707,1854
1262384707,1849
1262395151,1767
1262396151,1770
1262397151,1793
1262398151,1811
1262399151,1841
1262400151,1840
1262401151,1849
1262402151,1872
1262403151,1872
1262404151,1878
1262405151,1891
1262406151,1921
1262407151,1926
1262408151,1913
1262409151,1878
1262410151,1843
1262411151,1798
1262412151,1761
1262413151,1770
1262414151,1793
1262424583,1910
1262425583,1879
1262426583,1858
1262427583,1822
1262428583,1787
1262429583,1805
1262430583,1815
1262431583,1840
1262432583,1856
1262433583,1849
1262434583,1858
1262435583,1865
1262436583,1861
1262437583,1830
1262438583,1841
1262439583,1899
1262440583,1889
1262441583,1890
1262442583,1861
1262443583,1831
1262454005,1869
1262455005,1885
1262456005,1907
1262457005,1952
1262458005,1923
1262459005,1896
1262460005,1854
1262461005,1801
1262462005,1773
1262463005,1776
1262464005,1801
1262465005,1827
1262466005,1835
1262467005,1849
1262468005,1867
1262469005,1883
1262470005,1899
1262471005,1904
1262472005,1940
1262473005,1966
1262483432,1819
1262484432,1847
1262485432,1872
1262486432,1865
1262487432,1863
1262488432,1886
1262489432,1921
1262490432,1915
1262491432,1929
1262492432,1881
1262493432,1847
1262494432,1819
1262495432,1777
1262496432,1792
1262497432,1815
1262498432,1830
1262499432,1840
1262500432,1838
1262501432,1840
1262511886,1761
1262512886,1765
1262513886,1790
1262514886,1796
1262515886,1841
1262516886,1861
1262517886,1865
1262518886,1876
1262519886,1872
1262520886,1863
1262521886,1895
1262522886,1919
1262523886,1924
1262524886,1899
1262525886,1872
1262526886,1833
1262527886,1765
1262528886,1761
1262529886,1776
1262530886,1801
1262541313,1918
1262542313,1880
1262543313,1847
1262544313,1813
1262545313,1769
1262546313,1767
1262547313,1795
1262548313,1813
1262549313,1829
1262550313,1836
1262551313,1843
1262552313,1856
1262553313,1869
1262554313,1872
1262555313,1904
1262556313,1937
1262557313,1956
1262558313,1927
1262559313,1895
1262560313,1853
1262570757,1860
1262571757,1879
1262572757,1936
1262573757,1946
1262574757,1959
1262575757,1931
1262576757,1877
1262577757,1835
1262578757,1808
1262579757,1794
1262580757,1803
1262581757,1811
1262582757,1811
1262583757,1808
1262584757,1810
1262585757,1825
1262586757,1819
1262587757,1840
1262588757,1887
1262589757,1933
1262600184,1821
1262601184,1843
1262602184,1863
1262603184,1872
1262604184,1867
1262605184,1888
1262606184,1929
1262607184,1923
1262608184,1923
1262609184,1898
1262610184,1845
1262611184,1799
1262612184,1767
1262613184,1763
1262614184,1792
1262615184,1840
1262616184,1833
1262617184,1835
1262618184,1869
1262619184,1894
1262629611,1771
1262630611,1801
1262631611,1817
1262632611,1825
1262633611,1825
1262634611,1830
1262635611,1835
1262636611,1835
1262637611,1831
1262638611,1862
1262639611,1916
1262640611,1936
1262641611,1933
1262642611,1897
1262643611,1854
1262644611,1808
1262645611,1769
1262646611,1767
1262647611,1783
1262648611,1785
1262659037,1885
1262660037,1854
1262661037,1808
1262662037,1758
1262663037,1759
1262664037,1805
1262665037,1824
1262666037,1839
1262667037,1845
1262668037,1855
1262669037,1871
1262670037,1867
1262671037,1872
1262672037,1901
1262673037,1924
1262674037,1927
1262675037,1906
1262676037,1879
1262677037,1843
1262687492,1818
1262688492,1855
1262689492,1913
1262690492,1956
1262691492,1967
1262692492,1935
1262693492,1888
1262694492,1842
1262695492,1785
1262696492,1791
1262697492,1811
1262698492,1837
1262699492,1827
1262700492,1808
1262701492,1801
1262702492,1820
1262703492,1836
1262704492,1834
1262705492,1885
1262706492,1917
1262716919,1855
1262717919,1833
1262718919,1834
1262719919,1812
1262720919,1801
1262721919,1828
1262722919,1869
1262723919,1889
1262724919,1890
1262725919,1875
1262726919,1838
1262727919,1799
1262728919,1756
1262729919,1781
1262730919,1809
1262731919,1875
1262732919,1857
1262733919,1857
1262734919,1872
1262735919,1879
1262746363,1763
1262747363,1777
1262748363,1799
1262749363,1809
1262750363,1834
1262751363,1865
1262752363,1901
1262753363,1910
1262754363,1892
1262755363,1911
1262756363,1939
1262757363,1947
1262758363,1909
1262759363,1871
1262760363,1819
1262761363,1765
1262762363,1733
1262763363,1745
1262764363,1789
1262765363,1824
1262775790,1867
1262776790,1837
1262777790,1795
1262778790,1755
1262779790,1757
1262780790,1787
1262781790,1821
1262782790,1840
1262783790,1835
1262784790,1835
1262785790,1857
1262786790,1865
1262787790,1869
1262788790,1903
1262789790,1935
1262790790,1931
1262791790,1905
1262792790,1874
1262793790,1827
1262794790,1782
1262805224,1909
1262806224,1934
1262807225,1936
1262808225,1919
1262809225,1878
1262810225,1817
1262811225,1763
1262812225,1737
1262813225,1733
1262814225,1763
1262815225,1795
1262816225,1809
1262817225,1823
1262818225,1840
1262819225,1860
1262820225,1872
1262821225,1872
1262822225,1904
1262823225,1936
1262824225,1935
1262834643,1811
1262835643,1829
1262836643,1818
1262837643,1806
1262838643,1869
1262839643,1913
1262840643,1957
1262841643,1904
1262842643,1924
1262843643,1868
1262844643,1814
1262845643,1770
1262846643,1761
1262847643,1776
1262848643,1776
1262849643,1787
1262850643,1795
1262851643,1818
1262852643,1851
1262863098,1769
1262864098,1796
1262865098,1817
1262866098,1825
1262867098,1815
1262868098,1831
1262869098,1854
1262870098,1872
1262871098,1863
1262872098,1885
1262873098,1915
1262874098,1936
1262875098,1908
1262876098,1870
1262877098,1872
1262878098,1790
1262879098,1805
1262880098,1778
1262881098,1824
1262882098,1831
1262892525,1888
1262893525,1849
1262894525,1827
1262895525,1775
1262896525,1775
1262897525,1796
1262898525,1809
1262899525,1857
1262900525,1837
1262901525,1845
1262902525,1862
1262903525,1872
1262904525,1870
1262905525,1905
1262906525,1959
1262907525,1949
1262908525,1927
1262909525,1884
1262910525,1835
1262911525,1791
1262921969,1901
1262922969,1944
1262923969,1955
1262924969,1921
1262925969,1887
1262926969,1840
1262927969,1789
1262928969,1742
1262929969,1740
1262930969,1779
1262931969,1783
1262932969,1840
1262933969,1857
1262934969,1867
1262935969,1881
1262936969,1876
1262937969,1875
1262938969,1900
1262939969,1916
1262940969,1918
1262951395,1855
1262952395,1863
1262953395,1861
1262954395,1862
1262955395,1889
1262956395,1913
1262957395,1913
1262958395,1873
1262959395,1865
1262960395,1826
1262961395,1779
1262962395,1761
1262963395,1783
1262964395,1780
1262965395,1820
1262966395,1830
1262967395,1847
1262968395,1851
1262969395,1877
1262970395,1887
1262980822,1808
1262981822,1821
1262982822,1810
1262983822,1819
1262984822,1810
1262985822,1825
1262986822,1835
1262987822,1856
1262988822,1904
1262989822,1948
1262990822,1936
1262991822,1903
1262992822,1877
1262993822,1828
1262994822,1766
1262995822,1744
1262996822,1772
1262997822,1801
1262998822,1831
1262999822,1839
1263010257,1887
1263011257,1843
1263012257,1792
1263013257,1781
1263014257,1794
1263015257,1808
1263016257,1791
1263017257,1817
1263018257,1806
1263019257,1829
1263020257,1835
1263021257,1841
1263022257,1889
1263023257,1930
1263024257,1936
1263025257,1911
1263026257,1872
1263027257,1829
1263028257,1785
1263038704,1936
1263039704,1968
1263040704,1964
1263041704,1905
1263042704,1876
1263043704,1799
1263044704,1749
1263045704,1702
1263046704,1712
1263047704,1759
1263048704,1791
1263049704,1837
1263050704,1839
1263051704,1920
1263052704,1889
1263053704,1847
1263054704,1872
1263055704,1916
1263056704,1930
1263057704,1899
1263068131,1853
1263069131,1872
1263070131,1873
1263071131,1867
1263072131,1891
1263073131,1919
1263074131,1919
1263075131,1897
1263076131,1872
1263077131,1836
1263078131,1807
1263079131,1771
1263080131,1779
1263081131,1808
1263082131,1820
1263083131,1805
1263084131,1797
1263085131,1807
1263086131,1837
1263087131,1853
1263097580,1788
1263098580,1803
1263099580,1824
1263100580,1843
1263101580,1857
1263102580,1877
1263103580,1879
1263104580,1867
1263105580,1890
1263106580,1916
1263107580,1903
1263108580,1898
1263109580,1879
1263110580,1837
1263111580,1796
1263112580,1776
1263113580,1781
1263114580,1795
1263115580,1821
1263116580,1833
1263127001,1845
1263128001,1815
1263129001,1798
1263130001,1809
1263131001,1825
1263132001,1835
1263133001,1828
1263134001,1808
1263135001,1808
1263136001,1816
1263137001,1825
1263138001,1844
1263139001,1891
1263140001,1923
1263141001,1924
1263142001,1894
1263143001,1865
1263144001,1836
1263145001,1791
1263146001,1782
1263156428,1918
1263157428,1929
1263158428,1903
1263159428,1887
1263160428,1858
1263161428,1821
1263162428,1767
1263163428,1789
1263164428,1811
1263165428,1824
1263166428,1829
1263167428,1829
1263168428,1835
1263169428,1853
1263170428,1858
1263171428,1856
1263172428,1901
1263173428,1920
1263174428,1919
1263175428,1889
1263185855,1872
1263186855,1872
1263187855,1870
1263188855,1904
1263189855,1936
1263190855,1942
1263191855,1922
1263192855,1877
1263193855,1838
1263194855,1793
1263195855,1764
1263196855,1773
1263197855,1833
1263198855,1826
1263199855,1843
1263200855,1839
1263201855,1856
1263202855,1871
1263203855,1871
1263214310,1820
1263215310,1840
1263216310,1879
1263217310,1847
1263218310,1866
1263219310,1869
1263220310,1852
1263221310,1840
1263222310,1872
1263223310,1917
1263224310,1913
1263225310,1898
1263226310,1865
1263227310,1823
1263228310,1796
1263229310,1766
1263230310,1798
1263231310,1834
1263232310,1843
1263233310,1873
1263243736,1809
1263244736,1763
1263245736,1729
1263246736,1744
1263247736,1783
1263248736,1807
1263249736,1840
1263250736,1840
1263251736,1877
1263252736,1878
1263253736,1863
1263254736,1863
1263255736,1899
1263256736,1929
1263257736,1930
1263258736,1902
1263259736,1872
1263260736,1823
1263261736,1779
1263262736,1759
1263273180,1934
1263274180,1935
1263275180,1913
1263276180,1897
1263277180,1856
1263278180,1789
1263279180,1757
1263280180,1761
1263281180,1779
1263282180,1811
1263283180,1807
1263284180,1811
1263285180,1826
1263286180,1863
1263287180,1872
1263288180,1856
1263289180,1909
1263290180,1929
1263291180,1903
1263292180,1920
1263302607,1881
1263303607,1893
1263304607,1872
1263305607,1907
1263306607,1947
1263307607,1930
1263308607,1901
1263309607,1845
1263310607,1792
1263311607,1744
1263312607,1744
1263313607,1782
1263314607,1819
1263315607,1834
1263316607,1828
1263317607,1839
1263318607,1838
1263319607,1840
1263320607,1827
1263321607,1821
1263332034,1837
1263333034,1873
1263334034,1845
1263335034,1839
1263336034,1858
1263337034,1854
1263338034,1888
1263339034,1935
1263340034,1968
1263341034,1952
1263342034,1904
1263343034,1869
1263344034,1801
1263345034,1739
1263346034,1717
1263347034,1744
1263348034,1792
1263349034,1832
1263350034,1841
1263351034,1852
1263361461,1808
1263362461,1785
1263363461,1827
1263364461,1837
1263365461,1905
1263366461,1917
1263367461,1891
1263368461,1897
1263369461,1874
1263370461,1863
1263371461,1823
1263372461,1834
1263373461,1841
1263374461,1853
1263375461,1825
1263376461,1849
1263377461,1781
1263378461,1775
1263379461,1760
1263389915,1919
1263390915,1917
1263391915,1893
1263392915,1859
1263393915,1813
1263394915,1783
1263395915,1762
1263396915,1783
1263397915,1799
1263398915,1823
1263399915,1840
1263400915,1856
1263401915,1863
1263402915,1889
1263403915,1881
1263404915,1884
1263405915,1903
1263406915,1943
1263407915,1933
1263408915,1924
1263419342,1851
1263420342,1854
1263421342,1871
1263422342,1927
1263423342,1973
1263424342,1965
1263425342,1939
1263426342,1888
1263427342,1840
1263428342,1793
1263429342,1753
1263430342,1760
1263431342,1773
1263432342,1788
1263433342,1819
1263434342,1849
1263435342,1885
1263436342,1889
1263437342,1892
1263438342,1883
1263448786,1813
1263449786,1829
1263450786,1828
1263451786,1846
1263452786,1865
1263453786,1866
1263454786,1883
1263455786,1901
1263456786,1930
1263457786,1935
1263458786,1887
1263459786,1861
1263460786,1808
1263461786,1776
1263462786,1777
1263463786,1799
1263464786,1853
1263465786,1862
1263466786,1857
1263467786,1856
1263478213,1783
1263479213,1737
1263480213,1729
1263481213,1764
1263482213,1779
1263483213,1783
1263484213,1807
1263485213,1840
1263486213,1867
1263487213,1872
1263488213,1872
1263489213,1910
1263490213,1936
1263491213,1937
1263492213,1891
1263493213,1863
1263494213,1823
1263495213,1775
1263496213,1796
1263497213,1783
1263507640,1903
1263508640,1878
1263509640,1854
1263510640,1808
1263511640,1767
1263512640,1743
1263513640,1770
1263514640,1804
1263515640,1817
1263516640,1835
1263517640,1840
1263518640,1844
1263519640,1871
1263520640,1891
1263521640,1888
1263522640,1927
1263523640,1941
1263524640,1936
1263525640,1893
1263526640,1851
1263537067,1869
1263538067,1851
1263539067,1894
1263540067,1917
1263541067,1917
1263542067,1896
1263543067,1874
1263544067,1833
1263545067,1791
1263546067,1776
1263547067,1792
1263548067,1827
1263549067,1834
1263550067,1847
1263551067,1840
1263552067,1884
1263553067,1882
1263554067,1884
1263555067,1873
1263565521,1776
1263566521,1773
1263567521,1761
1263568521,1835
1263569521,1831
1263570521,1843
1263571521,1864
1263572521,1907
1263573521,1937
1263574521,1933
1263575521,1906
1263576521,1871
1263577521,1815
1263578521,1762
1263579521,1750
1263580521,1776
1263581521,1811
1263582521,1839
1263583521,1836
1263584521,1840
1263594948,1791
1263595948,1792
1263596948,1783
1263597948,1813
1263598948,1840
1263599948,1838
1263600948,1840
1263601948,1857
1263602948,1872
1263603948,1875
1263604948,1872
1263605948,1905
1263606948,1930
1263607948,1923
1263608948,1889
1263609948,1860
1263610948,1820
1263611948,1772
1263612948,1771
1263613948,1776
1263624392,1923
1263625392,1893
1263626392,1871
1263627392,1807
1263628392,1763
1263629392,1755
1263630392,1780
1263631392,1808
1263632392,1837
1263633392,1863
1263634392,1857
1263635392,1869
1263636392,1879
1263637392,1881
1263638392,1872
1263639392,1929
1263640392,1923
1263641392,1907
1263642392,1883
1263643392,1851
1263653819,1885
1263654819,1873
1263655819,1879
1263656819,1881
1263657819,1859
1263658819,1824
1263659819,1808
1263660819,1803
1263661819,1772
1263662819,1739
1263663819,1808
1263664819,1883
1263665819,1895
1263666819,1889
1263667819,1908
1263668819,1927
1263669819,1888
1263670819,1864
1263671819,1888
1263672819,1979
1263683253,1855
1263684253,1885
1263685253,1920
1263686253,1896
1263687253,1872
1263688253,1888
1263689253,2024
1263690253,1964
1263691253,1810
1263692253,1753
1263693253,1742
1263694253,1663
1263695253,1695
1263696253,1820
1263697253,1877
1263698253,1894
1263699253,1861
1263700253,1873
1263701253,1904
1263702253,1920
1263712673,1810
1263713673,1894
1263714673,1904
1263715673,1839
1263716673,1825
1263717673,1847
1263718673,1889
1263719673,1869
1263720673,1868
1263721673,1919
1263722673,2019
1263723673,1923
1263724673,1741
1263725673,1776
1263726673,1748
1263727673,1665
1263728673,1718
1263729673,1831
1263730673,1863
1263741127,1777
1263742127,1706
1263743127,1713
1263744127,1645
1263745127,1724
1263746127,1865
1263747127,1923
1263748127,1939
1263749127,1875
1263750127,1860
1263751127,1885
1263752127,1891
1263753127,1865
1263754127,1839
1263755127,1945
1263756127,2003
1263757127,1886
1263758127,1747
1263759127,1717
1263760127,1709
1263770555,1851
1263771555,1872
1263772555,1999
1263773555,1906
1263774555,1757
1263775555,1706
1263776555,1710
1263777555,1635
1263778555,1714
1263779555,1900
1263780555,1893
1263781555,1910
1263782555,1855
1263783555,1883
1263784555,1900
1263785555,1915
1263786555,1873
1263787555,1849
1263788555,1977
1263789555,2016
1263799998,1904
1263800998,1919
1263801998,1906
1263802998,1889
1263803998,1859
1263804998,1905
1263805998,1997
1263806998,1879
1263807998,1721
1263808998,1726
1263809998,1744
1263810998,1692
1263811998,1755
1263812998,1859
1263813998,1887
1263814998,1885
1263815998,1813
1263816998,1857
1263817998,1892
1263818998,1903
1263829425,1807
1263830425,1893
1263831425,1905
1263832425,1872
1263833425,1886
1263834425,1901
1263835425,1934
1263836425,1888
1263837425,1844
1263838425,1893
1263839425,2062
1263840425,1958
1263841425,1810
1263842425,1769
1263843425,1741
1263844425,1660
1263845425,1655
1263846425,1787
1263847425,1840
1263848425,1862
1263858852,1712
1263859852,1699
1263860852,1604
1263861852,1609
1263862852,1777
1263863852,1867
1263864852,1913
1263865852,1889
1263866852,1887
1263867852,1923
1263868852,1924
1263869852,1893
1263870852,1873
1263871852,1951
1263872852,2033
1263873852,1920
1263874852,1753
1263875852,1729
1263876852,1681
1263877852,1635
1263888279,2031
1263889279,2175
1263890279,2023
1263891279,1795
1263892279,1657
1263893279,1616
1263894279,1493
1263895279,1553
1263896279,1712
1263897279,1776
1263898279,1808
1263899279,1779
1263900279,1836
1263901279,1874
1263902279,1904
1263903279,1883
1263904279,1857
1263905279,2007
1263906279,2001
1263916733,1920
1263917733,1930
1263918733,1934
1263919733,1875
1263920733,1877
1263921733,1970
1263922733,2047
1263923733,1888
1263924733,1718
1263925733,1688
1263926733,1659
1263927733,1616
1263928733,1705
1263929733,1838
1263930733,1923
1263931733,1933
1263932733,1876
1263933733,1927
1263934733,1935
1263935733,1912
1263946160,2032
1263947160,2126
1263948160,2077
1263949160,1927
1263950160,1841
1263951160,1785
1263952160,1745
1263953160,1681
1263954160,1660
1263955160,1840
1263956160,1904
1263957160,1829
1263958160,1729
1263959160,1742
1263960160,1696
1263961160,1715
1263962160,1830
1263963160,1927
1263964160,1946
1263965160,1934
1263975604,1793
1263976604,1783
1263977604,1701
1263978604,1790
1263979604,1940
1263980604,1930
1263981604,1909
1263982604,1785
1263983604,1895
1263984604,1966
1263985604,1946
1263986604,1895
1263987604,1865
1263988604,2021
1263989604,1965
1263990604,1769
1263991604,1612
1263992604,1615
1263993604,1534
1263994604,1575
1264005031,1886
1264006031,1949
1264007031,1859
1264008031,1639
1264009031,1625
1264010031,1616
1264011031,1616
1264012031,1749
1264013031,1919
1264014031,1957
1264015031,1937
1264016031,1851
1264017031,1897
1264018031,1910
1264019031,1935
1264020031,1890
1264021031,1948
1264022031,2160
1264023031,2099
1264024031,1925
1264034458,1901
1264035458,1936
1264036458,1904
1264037458,1921
1264038458,2128
1264039458,2181
1264040458,2009
1264041458,1795
1264042458,1693
1264043458,1563
1264044458,1511
1264045458,1611
1264046458,1796
1264047458,1825
1264048458,1859
1264049458,1827
1264050458,1917
1264051458,1940
1264052458,1883
1264053458,1842
1264063884,1917
1264064884,1890
1264065884,1810
1264066884,1829
1264067884,1843
1264068884,1876
1264069884,1876
1264070884,1887
1264071884,2063
1264072884,2077
1264073884,1916
1264074884,1730
1264075884,1728
1264076884,1663
1264077884,1683
1264078884,1803
1264079884,1878
1264080884,1887
1264081884,1900
1264092339,1639
1264093339,1648
1264094339,1616
1264095339,1771
1264096339,1905
1264097339,1947
1264098339,1950
1264099339,1892
1264100339,1996
1264101339,2002
1264102339,2001
1264103339,1955
1264104339,1904
1264105339,2038
1264106339,1915
1264107339,1709
1264108339,1535
1264109339,1578
1264110339,1493
1264111339,1608
1264121766,1872
1264122766,1859
1264123766,1691
1264124766,1489
1264125766,1579
1264126766,1590
1264127766,1648
1264128766,1840
1264129766,2000
1264130766,2059
1264131766,2015
1264132766,1979
1264133766,2041
1264134766,2011
1264135766,1955
1264136766,1843
1264137766,1745
1264138766,1934
1264139766,1895
1264140766,1771
1264151210,1873
1264152210,1908
1264153210,1890
1264154210,1878
1264155210,2032
1264156210,2002
1264157210,1891
1264158210,1765
1264159210,1756
1264160210,1648
1264161210,1631
1264162210,1743
1264163210,1866
1264164210,1893
1264165210,1934
1264166210,1877
1264167210,1904
1264168210,1879
1264169210,1826
1264170210,1777
1264180637,2042
1264181637,1995
1264182637,1875
1264183637,1881
1264184637,1845
1264185637,1822
1264186637,1756
1264187637,1836
1264188637,2115
1264189637,2117
1264190637,1991
1264191637,1846
1264192637,1821
1264193637,1705
1264194637,1689
1264195637,1774
1264196637,1815
1264197637,1795
1264198637,1788
1264199637,1709
1264210063,1744
1264211063,1825
1264212063,1953
1264213063,2088
1264214063,2075
1264215063,2033
1264216063,1904
1264217063,1923
1264218063,1887
1264219063,1860
1264220063,1846
1264221063,1851
1264222063,2019
1264223063,1936
1264224063,1777
1264225063,1629
1264226063,1652
1264227063,1535
1264228063,1605
1264229063,1735
1264239490,2044
1264240490,1899
1264241490,1725
1264242490,1711
1264243490,1648
1264244490,1625
1264245490,1686
1264246490,1777
1264247490,1808
1264248490,1823
1264249490,1813
1264250490,1883
1264251490,1893
1264252490,1888
1264253490,1813
1264254490,1823
1264255490,2064
1264256490,1972
1264257490,1789
1264267945,1883
1264268945,1872
1264269945,1809
1264270945,1760
1264271945,1905
1264272945,1886
1264273945,1776
1264274945,1683
1264275945,1681
1264276945,1646
1264277945,1702
1264278945,1848
1264279945,1935
1264280945,1935
1264281945,1907
1264282945,1851
1264283945,1936
1264284945,1904
1264285945,1921
1264286945,1935
1264297372,1811
1264298372,1799
1264299372,1744
1264300372,1819
1264301372,1841
1264302372,1870
1264303372,1872
1264304372,1891
1264305372,2130
1264306372,2068
1264307372,1842
1264308372,1675
1264309372,1710
1264310372,1615
1264311372,1667
1264312372,1803
1264313372,1919
1264314372,1916
1264315372,1889
1264316372,1840
1264326816,1671
1264327816,1758
1264328816,1931
1264329816,2039
1264330816,2008
1264331816,1926
1264332816,1780
1264333816,1808
1264334816,1823
1264335816,1773
1264336816,1741
1264337816,1799
1264338816,2110
1264339816,2107
1264340816,1934
1264341816,1771
1264342816,1761
1264343816,1592
1264344816,1680
1264345816,1860
1264356250,2036
1264357250,1875
1264358250,1700
1264359250,1729
1264360250,1709
1264361250,1760
1264362250,1911
1264363250,2022
1264364250,1999
1264365250,1969
1264366250,1905
1264367250,1973
1264368250,1959
1264369250,1899
1264370250,1827
1264371250,1797
1264372250,2005
1264373250,1868
1264374250,1647
1264375250,1511
1264385669,1973
1264386669,1887
1264387669,1833
1264388669,1984
1264389669,1933
1264390669,1779
1264391669,1666
1264392669,1701
1264393669,1703
1264394669,1769
1264395669,1904
1264396669,1978
1264397669,1937
1264398669,1889
1264399669,1779
1264400669,1817
1264401669,1818
1264402669,1807
1264403669,1812
1264404669,1829
1264415096,1883
1264416096,1865
1264417096,1969
1264418096,2013
1264419096,2022
1264420096,1990
1264421096,1975
1264422096,2141
1264423096,2000
1264424096,1777
1264425096,1599
1264426096,1581
1264427096,1434
1264428096,1507
1264429096,1695
1264430096,1753
1264431096,1806
1264432096,1861
1264433096,1815
1264443551,1648
1264444551,1632
1264445551,1776
1264446551,1934
1264447551,2022
1264448551,2033
1264449551,2019
1264450551,2087
1264451551,2045
1264452551,1967
1264453551,1856
1264454551,1840
1264455551,2034
1264456551,1984
1264457551,1873
1264458551,1755
1264459551,1745
1264460551,1557
1264461551,1520
1264462551,1616
1264472978,2143
1264473978,2000
1264474978,1787
1264475978,1733
1264476978,1648
1264477978,1679
1264478978,1817
1264479978,1929
1264480978,1984
1264481978,1966
1264482978,1867
1264483978,1952
1264484978,1923
1264485978,1799
1264486978,1726
1264487978,1721
1264488978,2053
1264489978,2062
1264490978,1953
1264491978,1792
1264502422,1995
1264503422,1968
1264504422,1897
1264505422,2064
1264506422,2001
1264507422,1821
1264508422,1677
1264509422,1717
1264510422,1617
1264511422,1691
1264512422,1865
1264513422,1981
1264514422,2005
1264515422,1997
1264516422,1882
1264517422,1904
1264518422,1879
1264519422,1860
1264520422,1840
1264521422,1872
1264531848,1771
1264532848,1706
1264533848,1754
1264534848,1841
1264535848,1873
1264536848,1870
1264537848,1884
1264538848,2128
1264539848,2082
1264540848,1925
1264541848,1759
1264542848,1727
1264543848,1565
1264544848,1613
1264545848,1753
1264546848,1893
1264547848,1879
1264548848,1904
1264549848,1878
1264550848,2013
1264561275,1786
1264562275,1914
1264563275,2047
1264564275,2081
1264565275,2100
1264566275,1996
1264567275,2012
1264568275,1935
1264569275,1847
1264570275,1744
1264571275,1673
1264572275,1850
1264573275,1776
1264574275,1669
1264575275,1643
1264576275,1728
1264577275,1567
1264578275,1609
1264579275,1807
1264580275,1915
1264590702,1841
1264591702,1655
1264592702,1605
1264593702,1552
1264594702,1628
1264595702,1815
1264596702,1973
1264597702,1946
1264598702,1957
1264599702,1883
1264600702,1999
1264601702,2089
1264602702,2069
1264603702,2006
1264604702,1877
1264605702,1999
1264606702,1833
1264607702,1601
1264608702,1453
1264619157,1780
1264620157,1698
1264621157,1761
1264622157,2021
1264623157,2064
1264624157,1985
1264625157,1905
1264626157,1889
1264627157,1737
1264628157,1741
1264629157,1810
1264630157,1918
1264631157,1873
1264632157,1821
1264633157,1761
1264634157,1897
1264635157,1991
1264636157,1862
1264637157,1808
1264638157,1738
1264648584,1922
1264649584,1935
1264650584,2038
1264651584,2059
1264652584,2011
1264653584,1904
1264654584,1787
1264655584,1985
1264656584,1969
1264657584,1936
1264658584,1851
1264659584,1861
1264660584,1654
1264661584,1624
1264662584,1684
1264663584,1725
1264664584,1774
1264665584,1830
1264666584,1847
1264667584,1909
1264678027,1477
1264679027,1559
1264680027,1662
1264681027,1645
1264682027,1697
1264683027,1709
1264684027,1837
1264685027,1951
1264686027,2082
1264687027,2159
1264688027,2145
1264689027,2327
1264690027,2156
1264691027,1867
1264692027,1710
1264693027,1723
1264694027,1535
1264695027,1683
1264696027,1828
1264697027,2085
1264707454,1535
1264708454,1503
1264709454,1648
1264710454,1531
1264711454,1633
1264712454,1786
1264713454,1904
1264714454,1891
1264715454,1847
1264716454,1842
1264717454,2011
1264718454,2021
1264719454,1996
1264720454,1934
1264721454,1921
1264722454,2106
1264723454,2000
1264724454,1841
1264725454,1755
1264726454,1781
1264736881,1889
1264737881,1840
1264738881,1968
1264739881,1843
1264740881,1715
1264741881,1666
1264742881,1683
1264743881,1535
1264744881,1603
1264745881,1715
1264746881,1791
1264747881,1851
1264748881,1841
1264749881,1844
1264750881,2017
1264751881,2109
1264752881,2127
1264753881,2043
1264754881,2054
1264755881,2196
1264766308,1960
1264767308,2109
1264768308,2112
1264769308,2043
1264770308,1927
1264771308,1880
1264772308,2097
1264773308,2013
1264774308,1761
1264775308,1579
1264776308,1623
1264777308,1518
1264778308,1622
1264779308,1744
1264780308,1809
1264781308,1795
1264782308,1769
1264783308,1757
1264784308,1807
1264794762,1574
1264795762,1797
1264796762,2047
1264797762,2097
1264798762,2045
1264799762,1892
1264800762,1934
1264801762,1926
1264802762,1809
1264803762,1699
1264804762,1605
1264805762,1876
1264806762,1835
1264807762,1725
1264808762,1647
1264809762,1672
1264810762,1534
1264811762,1653
1264812762,1806
1264813762,1854
1264824189,1894
1264825189,1741
1264826189,1745
1264827189,1615
1264828189,1647
1264829189,1712
1264830189,1766
1264831189,1749
1264832189,1716
1264833189,1734
1264834189,1855
1264835189,1895
1264836189,1900
1264837189,1968
1264838189,2068
1264839189,2297
1264840189,2109
1264841189,1865
1264842189,1741
1264843189,1712
1264853633,1856
1264854633,1827
1264855633,2000
1264856633,1840
1264857633,1616
1264858633,1527
1264859633,1633
1264860633,1604
1264861633,1715
1264862633,1924
1264863633,1985
1264864633,1907
1264865633,1883
1264866633,1900
1264867633,2025
1264868633,2009
1264869633,1891
1264870633,1805
1264871633,1778
1264872633,1963
1264883060,1697
1264884060,1727
1264885060,1776
1264886060,1813
1264887060,1805
1264888060,1929
1264889060,2266
1264890060,2199
1264891060,1985
1264892060,1779
1264893060,1707
1264894060,1463
1264895060,1473
1264896060,1664
1264897060,1725
1264898060,1695
1264899060,1801
1264900060,1853
1264901060,2016
1264902060,2128
1264912487,1680
1264913487,1789
1264914487,1865
1264915487,1931
1264916487,1961
1264917487,2024
1264918487,2009
1264919487,1934
1264920487,1840
1264921487,1824
1264922487,2014
1264923487,1893
1264924487,1723
1264925487,1635
1264926487,1712
1264927487,1631
1264928487,1723
1264929487,1832
1264930487,1875
1264931487,1953
1264941914,1785
1264942914,2032
1264943914,1993
1264944914,2030
1264945914,2129
1264946914,2103
1264947914,2009
1264948914,1811
1264949914,1657
1264950914,1679
1264951914,1703
1264952914,1714
1264953914,1759
1264954914,1730
1264955914,2001
1264956914,1956
1264957914,1819
1264958914,1711
1264959914,1733
1264970368,1795
1264971368,1712
1264972368,1835
1264973368,1696
1264974368,1520
1264975368,1497
1264976368,1625
1264977368,1520
1264978368,1682
1264979368,1881
1264980368,2004
1264981368,2034
1264982368,2055
1264983368,2011
1264984368,2031
1264985368,2039
1264986368,2011
1264987368,1916
1264988368,1835
1264989368,2005
1264999795,1963
1265000795,2152
1265001795,2377
1265002795,2480
1265003795,2295
1265004795,2078
1265005795,2100
1265006795,1713
1265007795,1275
1265008795,1127
1265009795,1260
1265010795,1260
1265011795,1524
1265012795,1762
1265013795,1903
1265014795,1945
1265015795,1988
1265016795,1995
1265017795,1969
1265018795,2009
1265029247,2068
1265030247,2094
1265031247,1954
1265032247,1762
1265033247,1555
1265034247,1524
1265035247,1456
1265036247,1395
1265037247,1503
1265038247,1636
1265039247,2013
1265040247,2001
1265041247,1874
1265042247,1840
1265043247,1895
1265044247,1835
1265045247,1979
1265046247,2128
1265047247,2145
1265048247,2103
1265058666,1342
1265059666,1407
1265060666,1263
1265061666,1404
1265062666,1660
1265063666,1798
1265064666,1779
1265065666,1779
1265066666,1776
1265067666,1916
1265068666,1984
1265069666,1936
1265070666,1872
1265071666,1904
1265072666,2201
1265073666,2161
1265074666,1969
1265075666,1900
1265076666,1924
1265077666,1792
1265088093,1632
1265089093,1983
1265090093,2029
1265091093,1967
1265092093,1867
1265093093,1867
1265094093,1742
1265095093,1791
1265096093,1869
1265097093,1935
1265098093,1920
1265099093,2171
1265100093,2229
1265101093,2223
1265102093,2142
1265103093,1955
1265104093,1840
1265105093,1696
1265106093,1726
1265107093,1504
1265117520,1975
1265118520,1936
1265119520,1890
1265120520,1867
1265121520,1853
1265122520,2176
1265123520,2187
1265124520,1966
1265125520,1773
1265126520,1856
1265127520,1771
1265128520,1844
1265129520,1968
1265130520,2021
1265131520,2044
1265132520,1977
1265133520,1840
1265134520,1755
1265135520,1685
1265145974,1959
1265146974,2103
1265147974,2069
1265148974,1977
1265149974,1939
1265150974,2028
1265151974,2147
1265152974,2176
1265153974,2133
1265154974,2025
1265155974,2087
1265156974,1819
1265157974,1687
1265158974,1595
1265159974,1529
1265160974,1277
1265161974,1391
1265162974,1567
1265163974,1690
1265164974,1759
1265175401,1732
1265176401,1730
1265177401,1691
1265178401,1873
1265179401,2106
1265180401,2192
1265181401,2013
1265182401,1856
1265183401,1680
1265184401,1680
1265185401,1723
1265186401,1697
1265187401,1679
1265188401,1755
1265189401,2046
1265190401,1940
1265191401,1812
1265192401,1698
1265193401,1707
1265194401,1613
1265204845,1719
1265205845,1845
1265206845,1680
1265207845,1508
1265208845,1360
1265209845,1568
1265210845,1521
1265211845,1703
1265212845,1920
1265213845,1985
1265214845,2003
1265215845,1985
1265216845,1912
1265217845,1950
1265218845,1925
1265219845,1872
1265220845,1892
1265221845,2029
1265222845,2273
1265223845,2215
1265234272,1625
1265235272,1726
1265236272,1838
1265237272,1846
1265238272,1878
1265239272,2096
1265240272,1998
1265241272,1810
1265242272,1735
1265243272,1773
1265244272,1663
1265245272,1766
1265246272,1913
1265247272,1995
1265248272,1981
1265249272,1970
1265250272,1916
1265251272,1995
1265252272,2003
1265253272,1901
1265263699,1748
1265264699,1818
1265265699,1953
1265266699,1911
1265267699,1957
1265268699,1984
1265269699,1958
1265270699,1919
1265271699,1914
1265272699,2160
1265273699,2098
1265274699,1924
1265275699,1798
1265276699,1780
1265277699,1613
1265278699,1645
1265279699,1777
1265280699,1827
1265281699,1842
1265282699,1777
1265293126,1649
1265294126,1523
1265295126,1687
1265296126,1856
1265297126,1981
1265298126,1978
1265299126,1961
1265300126,1905
1265301126,1941
1265302126,1963
1265303126,1918
1265304126,1861
1265305126,1840
1265306126,2021
1265307126,1972
1265308126,1829
1265309126,1740
1265310126,1718
1265311126,1564
1265321581,1851
1265322581,2060
1265323581,1973
1265324581,1778
1265325581,1682
1265326581,1715
1265327581,1605
1265328581,1710
1265329581,1859
1265330581,1931
1265331581,1920
1265332581,1888
1265333581,1859
1265334581,1900
1265335581,1904
1265336581,1846
1265337581,1833
1265338581,1858
1265339581,2007
1265340581,1879
1265351007,1873
1265352007,1891
1265353007,1877
1265354007,1856
1265355007,1844
1265356007,2091
1265357007,1932
1265358007,1742
1265359007,1680
1265360007,1727
1265361007,1617
1265362007,1739
1265363007,1882
1265364007,1936
1265365007,1928
1265366007,1890
1265367007,1872
1265368007,1904
1265369007,1926
1265370007,1865
1265380451,1931
1265381451,1919
1265382451,1901
1265383451,1835
1265384451,1906
1265385451,1977
1265386451,1964
1265387451,1897
1265388451,1839
1265389451,2013
1265390451,1869
1265391451,1622
1265392451,1591
1265393451,1668
1265394451,1613
1265395451,1726
1265396451,1915
1265397451,1957
1265398451,1916
1265399451,1875
1265409878,1691
1265410878,1604
1265411878,1695
1265412878,1868
1265413878,1927
1265414878,1935
1265415878,1889
1265416878,1850
1265417878,1904
1265418878,1953
1265419878,1872
1265420878,1876
1265421878,1860
1265422878,2025
1265423878,1905
1265424878,1732
1265425878,1680
1265426878,1701
1265427878,1658
1265428878,1743
1265439305,2044
1265440305,1945
1265441305,1767
1265442305,1677
1265443305,1728
1265444305,1612
1265445305,1710
1265446305,1855
1265447305,1927
1265448305,1915
1265449305,1888
1265450305,1852
1265451305,1875
1265452305,1908
1265453305,1861
1265454305,1829
1265455305,1876
1265456305,1999
1265457305,1887
1265458305,1723
1265468732,1904
1265469732,1885
1265470732,1866
1265471732,1839
1265472732,2018
1265473732,1930
1265474732,1767
1265475732,1687
1265476732,1728
1265477732,1623
1265478732,1696
1265479732,1833
1265480732,1919
1265481732,1907
1265482732,1901
1265483732,1861
1265484732,1886
1265485732,1900
1265486732,1867
1265497186,1777
1265498186,1779
1265499186,1831
1265500186,1807
1265501186,1810
1265502186,1827
1265503186,1840
1265504186,1856
1265505186,1866
1265506186,1911
1265507186,1940
1265508186,1945
1265509186,1918
1265510186,1857
1265511186,1804
1265512186,1771
1265513186,1761
1265514186,1808
1265515186,1869
1265516186,1867
1265526613,1885
1265527613,1843
1265528613,1792
1265529613,1759
1265530613,1695
1265531613,1792
1265532613,1823
1265533613,1856
1265534613,1861
1265535613,1843
1265536613,1829
1265537613,1808
1265538613,1792
1265539613,1826
1265540613,1886
1265541613,1900
1265542613,1875
1265543613,1871
1265544613,1857
1265545613,1808
1265556057,1873
1265557057,1894
1265558057,1914
1265559057,1904
1265560057,1878
1265561057,1849
1265562057,1793
1265563057,1761
1265564057,1771
1265565057,1784
1265566057,1811
1265567057,1823
1265568057,1826
1265569057,1845
1265570057,1861
1265571057,1857
1265572057,1827
1265573057,1881
1265574057,1891
1265575057,1903
1265585484,1833
1265586484,1861
1265587484,1889
1265588484,1888
1265589484,1904
1265590484,1933
1265591484,1950
1265592484,1936
1265593484,1887
1265594484,1821
1265595484,1783
1265596484,1712
1265597484,1764
1265598484,1807
1265599484,1828
1265600484,1834
1265601484,1834
1265602484,1837
1265603484,1837
1265604484,1819
1265614911,1796
1265615911,1827
1265616911,1845
1265617911,1841
1265618911,1853
1265619911,1868
1265620911,1872
1265621911,1877
1265622911,1900
1265623911,1933
1265624911,1932
1265625911,1891
1265626911,1861
1265627911,1819
1265628911,1765
1265629911,1753
1265630911,1781
1265631911,1807
1265632911,1817
1265633911,1830
1265644337,1840
1265645337,1789
1265646337,1747
1265647337,1772
1265648337,1792
1265649337,1813
1265650337,1829
1265651337,1833
1265652337,1852
1265653337,1857
1265654337,1862
1265655337,1898
1265656337,1891
1265657337,1932
1265658337,1923
1265659337,1893
1265660337,1862
1265661337,1823
1265662337,1765
1265672792,1894
1265673792,1915
1265674792,1963
1265675792,1901
1265676792,1871
1265677792,1798
1265678792,1779
1265679792,1777
1265680792,1807
1265681792,1815
1265682792,1840
1265683792,1829
1265684792,1814
1265685792,1841
1265686792,1841
1265687792,1829
1265688792,1827
1265689792,1875
1265690792,1970
1265691792,1998
1265702224,1814
1265703225,1840
1265704225,1811
1265705225,1784
1265706225,1792
1265707225,1829
1265708225,1855
1265709225,1844
1265710225,1835
1265711225,1818
1265712225,1816
1265713225,1747
1265714225,1782
1265715225,1807
1265716225,1829
1265717225,1808
1265718225,1841
1265719225,1876
1265720225,1876
1265721225,1879
1265731663,1792
1265732663,1815
1265733663,1811
1265734663,1815
1265735663,1838
1265736663,1857
1265737663,1862
1265738663,1862
1265739663,1900
1265740663,1943
1265741663,1936
1265742663,1911
1265743663,1881
1265744663,1843
1265745663,1789
1265746663,1762
1265747663,1784
1265748663,1803
1265749663,1823
1265750663,1834
1265761090,1836
1265762090,1785
1265763090,1761
1265764090,1783
1265765090,1805
1265766090,1840
1265767090,1829
1265768090,1849
1265769090,1857
1265770090,1857
1265771090,1868
1265772090,1862
1265773090,1901
1265774090,1917
1265775090,1907
1265776090,1886
1265777090,1860
1265778090,1817
1265779090,1773
1265780090,1747
1265790516,1943
1265791516,1941
1265792516,1919
1265793516,1859
1265794516,1803
1265795516,1750
1265796516,1692
1265797516,1706
1265798516,1728
1265799516,1750
1265800516,1779
1265801516,1788
1265802516,1803
1265803516,1825
1265804516,1837
1265805516,1872
1265806516,1929
1265807516,1965
1265808516,1945
1265809516,1904
1265819943,1887
1265820943,1882
1265821943,1881
1265822943,1904
1265823943,1890
1265824943,1931
1265825943,1907
1265826943,1875
1265827943,1825
1265828943,1783
1265829943,1760
1265830943,1772
1265831943,1808
1265832943,1828
1265833943,1829
1265834943,1859
1265835943,1871
1265836943,1881
1265837943,1885
1265848398,1797
1265849398,1827
1265850398,1811
1265851398,1817
1265852398,1824
1265853398,1853
1265854398,1875
1265855398,1899
1265856398,1915
1265857398,1926
1265858398,1909
1265859398,1879
1265860398,1869
1265861398,1892
1265862398,1862
1265863398,1819
1265864398,1823
1265865398,1819
1265866398,1810
1265867398,1797
1265877825,1846
1265878825,1785
1265879825,1690
1265880825,1776
1265881825,1789
1265882825,1815
1265883825,1836
1265884825,1835
1265885825,1863
1265886825,1871
1265887825,1873
1265888825,1889
1265889825,1937
1265890825,1968
1265891825,1968
1265892825,1921
1265893825,1895
1265894825,1833
1265895825,1778
1265896825,1760
1265907268,1932
1265908268,1929
1265909268,1888
1265910268,1863
1265911268,1823
1265912268,1777
1265913268,1773
1265914268,1779
1265915268,1811
1265916268,1824
1265917268,1831
1265918268,1846
1265919268,1872
1265920268,1875
1265921268,1889
1265922268,1873
1265923268,1917
1265924268,1935
1265925268,1949
1265926268,1878
1265936695,1862
1265937695,1869
1265938695,1865
1265939695,1904
1265940695,1924
1265941695,1931
1265942695,1919
1265943695,1904
1265944695,1872
1265945695,1824
1265946695,1788
1265947695,1791
1265948695,1790
1265949695,1808
1265950695,1793
1265951695,1840
1265952695,1872
1265953695,1861
1265954695,1885
1265955695,1901
1265966122,1785
1265967122,1816
1265968122,1841
1265969122,1867
1265970122,1877
1265971122,1882
1265972122,1895
1265973122,1936
1265974122,1963
1265975122,1936
1265976122,1901
1265977122,1854
1265978122,1807
1265979122,1776
1265980122,1743
1265981122,1759
1265982122,1775
1265983122,1798
1265984122,1807
1265985122,1823
1265995549,1815
1265996549,1787
1265997549,1808
1265998549,1833
1265999549,1823
1266000549,1846
1266001549,1823
1266002549,1829
1266003549,1822
1266004549,1819
1266005549,1835
1266006549,1851
1266007549,1897
1266008549,1916
1266009549,1886
1266010549,1857
1266011549,1799
1266012549,1769
1266013549,1781
1266024004,1924
1266025004,1938
1266026004,1901
1266027004,1870
1266028004,1836
1266029004,1783
1266030004,1758
1266031004,1776
1266032004,1812
1266033004,1835
1266034004,1832
1266035004,1838
1266036004,1857
1266037004,1904
1266038004,1866
1266039004,1883
1266040004,1927
1266041004,1945
1266042004,1927
1266043004,1893
1266053431,1879
1266054431,1870
1266055431,1846
1266056431,1872
1266057431,1888
1266058431,1873
1266059431,1865
1266060431,1851
1266061431,1808
1266062431,1790
1266063431,1781
1266064431,1809
1266065431,1812
1266066431,1843
1266067431,1839
1266068431,1842
1266069431,1866
1266070431,1873
1266071431,1876
1266072431,1877
1266082874,1829
1266083874,1806
1266084874,1779
1266085874,1775
1266086874,1782
1266087874,1777
1266088874,1799
1266089874,1857
1266090874,1891
1266091874,1917
1266092874,1891
1266093874,1869
1266094874,1824
1266095874,1792
1266096874,1782
1266097874,1789
1266098874,1810
1266099874,1856
1266100874,1841
1266101874,1849
1266112301,1820
1266113301,1770
1266114301,1776
1266115301,1804
1266116301,1830
1266117301,1840
1266118301,1840
1266119301,1857
1266120301,1872
1266121301,1868
1266122301,1870
1266123301,1904
1266124301,1929
1266125301,1916
1266126301,1889
1266127301,1860
1266128301,1813
1266129301,1761
1266130301,1764
1266131301,1771
1266141728,1931
1266142728,1938
1266143728,1901
1266144728,1821
1266145728,1771
1266146728,1756
1266147728,1813
1266148728,1802
1266149728,1829
1266150728,1849
1266151728,1871
1266152728,1887
1266153728,1897
1266154728,1904
1266155728,1911
1266156728,1952
1266157728,1931
1266158728,1904
1266159728,1843
1266160728,1823
1266171155,1885
1266172155,1895
1266173155,1904
1266174155,1947
1266175155,1957
1266176155,1948
1266177155,1901
1266178155,1835
1266179155,1758
1266180155,1741
1266181155,1741
1266182155,1775
1266183155,1782
1266184155,1793
1266185155,1801
1266186155,1831
1266187155,1843
1266188155,1863
1266189155,1867
1266199610,1819
1266200610,1827
1266201610,1840
1266202610,1845
1266203610,1857
1266204610,1856
1266205610,1868
1266206610,1904
1266207610,1985
1266208610,1933
1266209610,1903
1266210610,1875
1266211610,1820
1266212610,1775
1266213610,1766
1266214610,1777
1266215610,1793
1266216610,1808
1266217610,1813
1266218610,1837
1266229036,1770
1266230036,1743
1266231036,1758
1266232036,1791
1266233036,1811
1266234036,1823
1266235036,1827
1266236036,1854
1266237036,1880
1266238036,1877
1266239036,1892
1266240036,1929
1266241036,1937
1266242036,1907
1266243036,1857
1266244036,1824
1266245036,1786
1266246036,1753
1266247036,1745
1266248036,1787
1266258488,1893
1266259488,1828
1266260488,1815
1266261488,1751
1266262488,1719
1266263488,1707
1266264488,1744
1266265488,1810
1266266488,1827
1266267488,1839
1266268488,1843
1266269488,1857
1266270488,1871
1266271488,1857
1266272488,1870
1266273488,1919
1266274488,1941
1266275488,1924
1266276488,1891
1266277488,1864
1266287907,1855
1266288907,1869
1266289907,1898
1266290907,1932
1266291907,1965
1266292907,1897
1266293907,1857
1266294907,1809
1266295907,1775
1266296907,1761
1266297907,1776
1266298907,1807
1266299907,1825
1266300907,1829
1266301907,1840
1266302907,1860
1266303907,1881
1266304907,1859
1266305907,1878
1266306907,1928
1266317334,1819
1266318334,1823
1266319334,1824
1266320334,1822
1266321334,1822
1266322334,1816
1266323334,1859
1266324334,1902
1266325334,1903
1266326334,1879
1266327334,1851
1266328334,1829
1266329334,1783
1266330334,1739
1266331334,1779
1266332334,1810
1266333334,1828
1266334334,1838
1266335334,1845
1266336334,1868
1266346761,1809
1266347761,1829
1266348761,1845
1266349761,1841
1266350761,1836
1266351761,1829
1266352761,1834
1266353761,1823
1266354761,1809
1266355761,1796
1266356761,1840
1266357761,1880
1266358761,1891
1266359761,1891
1266360761,1867
1266361761,1817
1266362761,1802
1266363761,1775
1266364761,1792
1266375215,1952
1266376215,1908
1266377215,1873
1266378215,1829
1266379215,1803
1266380215,1777
1266381215,1797
1266382215,1829
1266383215,1841
1266384215,1863
1266385215,1861
1266386215,1877
1266387215,1904
1266388215,1893
1266389215,1887
1266390215,1947
1266391215,1923
1266392215,1927
1266393215,1872
1266394215,1832
1266404642,1882
1266405642,1888
1266406642,1899
1266407642,1935
1266408642,1923
1266409642,1886
1266410642,1845
1266411642,1809
1266412642,1777
1266413642,1759
1266414642,1793
1266415642,1811
1266416642,1836
1266417642,1842
1266418642,1852
1266419642,1873
1266420642,1876
1266421642,1872
1266422642,1877
1266423642,1915
1266434086,1824
1266435086,1827
1266436086,1853
1266437086,1870
1266438086,1865
1266439086,1865
1266440086,1919
1266441086,1952
1266442086,1932
1266443086,1908
1266444086,1880
1266445086,1815
1266446086,1780
1266447086,1716
1266448086,1785
1266449086,1831
1266450086,1809
1266451086,1824
1266452086,1829
1266453086,1857
1266463513,1783
1266464513,1776
1266465513,1803
1266466513,1824
1266467513,1828
1266468513,1792
1266469513,1839
1266470513,1841
1266471513,1845
1266472513,1853
1266473513,1903
1266474513,1955
1266475513,1975
1266476513,1950
1266477513,1899
1266478513,1854
1266479513,1824
1266480513,1796
1266481513,1792
1266482513,1798
1266492940,1947
1266493940,1881
1266494940,1826
1266495940,1769
1266496940,1772
1266497940,1775
1266498940,1805
1266499940,1823
1266500940,1840
1266501940,1856
1266502940,1879
1266503940,1879
1266504940,1872
1266505940,1878
1266506940,1925
1266507940,1935
1266508940,1919
1266509940,1882
1266510940,1851
1266511940,1802
1266522367,1872
1266523367,1904
1266524367,1925
1266525367,1933
1266526367,1887
1266527367,1869
1266528367,1823
1266529367,1775
1266530367,1760
1266531367,1782
1266532367,1808
1266533367,1827
1266534367,1829
1266535367,1845
1266536367,1867
1266537367,1877
1266538367,1872
1266539367,1883
1266540367,1923
1266550821,1828
1266551821,1841
1266552821,1819
1266553821,1886
1266554821,1872
1266555821,1886
1266556821,1908
1266557821,1923
1266558821,1907
1266559821,1890
1266560821,1843
1266561821,1793
1266562821,1761
1266563821,1744
1266564821,1757
1266565821,1813
1266566821,1833
1266567821,1820
1266568821,1835
1266569821,1856
1266580250,1751
1266581250,1799
1266582250,1823
1266583250,1853
1266584250,1872
1266585250,1881
1266586250,1885
1266587250,1884
1266588250,1862
1266589250,1839
1266590250,1877
1266591250,1883
1266592250,1887
1266593250,1817
1266594250,1778
1266595250,1760
1266596250,1765
1266597250,1721
1266598250,1824
1266599250,1826
1266609692,1918
1266610692,1864
1266611692,1829
1266612692,1779
1266613692,1773
1266614692,1789
1266615692,1814
1266616692,1840
1266617692,1841
1266618692,1847
1266619692,1861
1266620692,1871
1266621692,1871
1266622692,1876
1266623692,1910
1266624692,1936
1266625692,1925
1266626692,1875
1266627692,1862
1266628692,1810
1266639119,1883
1266640119,1910
1266641119,1930
1266642119,1919
1266643119,1879
1266644119,1853
1266645119,1795
1266646119,1765
1266647119,1766
1266648119,1809
1266649119,1839
1266650119,1852
1266651119,1849
1266652119,1861
1266653119,1868
1266654119,1872
1266655119,1889
1266656119,1881
1266657119,1925
1266658119,1930
1266668546,1855
1266669546,1857
1266670546,1856
1266671546,1849
1266672546,1848
1266673546,1903
1266674546,1931
1266675546,1939
1266676546,1921
1266677546,1893
1266678546,1833
1266679546,1789
1266680546,1773
1266681546,1799
1266682546,1827
1266683546,1840
1266684546,1811
1266685546,1839
1266686546,1859
1266687546,1862
1266697973,1795
1266698973,1828
1266699973,1840
1266700973,1845
1266701973,1843
1266702973,1878
1266703973,1883
1266704973,1879
1266705973,1893
1266706973,1924
1266707973,1953
1266708973,1927
1266709973,1897
1266710973,1857
1266711973,1827
1266712973,1771
1266713973,1778
1266714973,1795
1266715973,1815
1266726427,1865
1266727427,1872
1266728427,1833
1266729427,1816
1266730427,1802
1266731427,1834
1266732427,1840
1266733427,1853
1266734427,1841
1266735427,1837
1266736427,1839
1266737427,1845
1266738427,1862
1266739427,1887
1266740427,1919
1266741427,1936
1266742427,1927
1266743427,1893
1266744427,1867
1266745427,1811
1266755854,1915
1266756854,1949
1266757854,1952
1266758854,1937
1266759854,1901
1266760854,1855
1266761854,1795
1266762854,1771
1266763854,1758
1266764854,1781
1266765854,1811
1266766854,1839
1266767854,1847
1266768854,1847
1266769854,1872
1266770854,1877
1266771854,1873
1266772854,1888
1266773854,1919
1266774854,1923
1266785298,1840
1266786298,1863
1266787298,1867
1266788298,1870
1266789298,1869
1266790298,1903
1266791298,1926
1266792298,1923
1266793298,1887
1266794298,1847
1266795298,1810
1266796298,1761
1266797298,1761
1266798298,1793
1266799298,1817
1266800298,1819
1266801298,1831
1266802298,1840
1266803298,1849
1266804298,1860
1266814725,1790
1266815725,1808
1266816725,1829
1266817725,1840
1266818725,1840
1266819725,1863
1266820725,1883
1266821725,1874
1266822725,1872
1266823725,1904
1266824725,1915
1266825725,1901
1266826725,1869
1266827725,1835
1266828725,1791
1266829725,1749
1266830725,1764
1266831725,1793
1266832725,1815
1266833725,1828
1266844152,1863
1266845152,1824
1266846152,1789
1266847152,1770
1266848152,1778
1266849152,1823
1266850152,1842
1266851152,1849
1266852152,1845
1266853152,1872
1266854152,1885
1266855152,1888
1266856152,1881
1266857152,1913
1266858152,1933
1266859152,1905
1266860152,1869
1266861152,1841
1266862152,1787
1266863152,1724
1266873583,1909
1266874583,1934
1266875583,1911
1266876583,1891
1266877583,1869
1266878583,1813
1266879583,1776
1266880583,1776
1266881583,1790
1266882583,1808
1266883583,1836
1266884583,1838
1266885583,1845
1266886583,1870
1266887583,1869
1266888583,1871
1266889583,1901
1266890583,1939
1266891583,1950
1266902033,1793
1266903033,1824
1266904033,1834
1266905033,1841
1266906033,1850
1266907033,1889
1266908033,1920
1266909033,1908
1266910033,1875
1266911033,1857
1266912033,1792
1266913033,1785
1266914033,1791
1266915033,1837
1266916033,1844
1266917033,1849
1266918033,1845
1266919033,1840
1266920033,1849
1266921033,1858
1266931460,1793
1266932460,1825
1266933460,1839
1266934460,1840
1266935460,1850
1266936460,1859
1266937460,1891
1266938460,1868
1266939460,1890
1266940460,1913
1266941460,1933
1266942460,1929
1266943460,1904
1266944460,1856
1266945460,1812
1266946460,1746
1266947460,1781
1266948460,1805
1266949460,1825
1266950460,1843
1266960904,1858
1266961904,1813
1266962904,1791
1266963904,1773
1266964904,1801
1266965904,1825
1266966904,1833
1266967904,1829
1266968904,1840
1266969904,1875
1266970904,1881
1266971904,1885
1266972904,1895
1266973904,1921
1266974904,1941
1266975904,1902
1266976904,1904
1266977904,1902
1266978904,1811
1266979904,1776
1266990331,1899
1266991331,1913
1266992331,1911
1266993331,1887
1266994331,1863
1266995331,1823
1266996331,1779
1266997331,1775
1266998331,1794
1266999331,1823
1267000331,1839
1267001331,1828
1267002331,1851
1267003331,1866
1267004331,1872
1267005331,1868
1267006331,1887
1267007331,1904
1267008331,1935
1267009331,1905
1267019758,1867
1267020758,1862
1267021758,1875
1267022758,1879
1267023758,1931
1267024758,1933
1267025758,1918
1267026758,1892
1267027758,1871
1267028758,1816
1267029758,1775
1267030758,1777
1267031758,1776
1267032758,1823
1267033758,1856
1267034758,1853
1267035758,1853
1267036758,1873
1267037758,1871
1267038758,1887
1267049184,1790
1267050184,1809
1267051184,1820
1267052184,1823
1267053184,1835
1267054184,1854
1267055184,1857
1267056184,1872
1267057184,1915
1267058184,1940
1267059184,1922
1267060184,1882
1267061184,1851
1267062184,1804
1267063184,1775
1267064184,1779
1267065184,1814
1267066184,1822
1267067184,1850
1267077639,1863
1267078639,1790
1267079639,1749
1267080639,1743
1267081639,1777
1267082639,1805
1267083639,1831
1267084639,1840
1267085639,1837
1267086639,1857
1267087639,1824
1267088639,1871
1267089639,1877
1267090639,1937
1267091639,1933
1267092639,1919
1267093639,1845
1267094639,1840
1267095639,1806
1267096639,1763
1267107066,1914
1267108066,1937
1267109066,1914
1267110066,1873
1267111066,1845
1267112066,1795
1267113066,1775
1267114066,1766
1267115066,1795
1267116066,1817
1267117066,1840
1267118066,1840
1267119066,1889
1267120066,1871
1267121066,1881
1267122066,1885
1267123066,1904
1267124066,1950
1267125066,1948
1267126066,1920
1267136510,1856
1267137510,1863
1267138510,1866
1267139510,1885
1267140510,1915
1267141510,1936
1267142510,1922
1267143510,1879
1267144510,1843
1267145510,1791
1267146510,1763
1267147510,1754
1267148510,1809
1267149510,1831
1267150510,1839
1267151510,1840
1267152510,1859
1267153510,1858
1267154510,1871
1267155510,1867
1267165937,1819
1267166937,1830
1267167937,1836
1267168937,1840
1267169937,1825
1267170937,1845
1267171937,1842
1267172937,1862
1267173937,1902
1267174937,1925
1267175937,1905
1267176937,1899
1267177937,1892
1267178937,1837
1267179937,1779
1267180937,1787
1267181937,1796
1267182937,1811
1267183937,1829
1267184937,1807
1267195364,1808
1267196364,1774
1267197364,1745
1267198364,1787
1267199364,1801
1267200364,1821
1267201364,1840
1267202364,1847
1267203364,1869
1267204364,1863
1267205364,1857
1267206364,1871
1267207364,1917
1267208364,1931
1267209364,1905
1267210364,1866
1267211364,1834
1267212364,1787
1267213364,1772
1267214364,1779
1267224790,1926
1267225790,1919
1267226790,1891
1267227790,1851
1267228790,1808
1267229790,1778
1267230790,1777
1267231790,1800
1267232790,1822
1267233790,1833
1267234790,1825
1267235790,1831
1267236790,1866
1267237790,1865
1267238790,1867
1267239790,1888
1267240790,1934
1267241790,1955
1267242790,1933
1267253244,1862
1267254244,1869
1267255244,1877
1267256244,1859
1267257244,1922
1267258244,1942
1267259244,1925
1267260244,1893
1267261244,1851
1267262244,1811
1267263244,1766
1267264244,1761
1267265244,1808
1267266244,1808
1267267244,1810
1267268244,1829
1267269244,1841
1267270244,1851
1267271244,1857
1267272244,1862
1267282672,1757
1267283672,1744
1267284672,1743
1267285672,1744
1267286672,1787
1267287672,1812
1267288672,1836
1267289672,1881
1267290672,1900
1267291672,1936
1267292672,1905
1267293672,1872
1267294672,1840
1267295672,1802
1267296672,1772
1267297672,1776
1267298672,1795
1267299672,1835
1267300672,1843
1267301672,1853
1267312116,1795
1267313116,1751
1267314116,1758
1267315116,1805
1267316116,1801
1267317116,1825
1267318116,1826
1267319116,1849
1267320116,1854
1267321116,1863
1267322116,1845
1267323116,1875
1267324116,1920
1267325116,1943
1267326116,1891
1267327116,1870
1267328116,1830
1267329116,1801
1267330116,1796
1267331116,1794
1267341543,1924
1267342543,1905
1267343543,1875
1267344543,1845
1267345543,1808
1267346543,1776
1267347543,1780
1267348543,1808
1267349543,1829
1267350543,1840
1267351543,1840
1267352543,1877
1267353543,1873
1267354543,1877
1267355543,1857
1267356543,1866
1267357543,1904
1267358543,1899
1267359543,1898
1267360543,1871
1267370969,1868
1267371969,1858
1267372969,1878
1267373969,1925
1267374969,1930
1267375969,1904
1267376969,1876
1267377969,1846
1267378969,1815
1267379969,1776
1267380969,1785
1267381969,1808
1267382969,1830
1267383969,1852
1267384969,1841
1267385969,1852
1267386969,1877
1267387969,1914
1267388969,1872
1267389969,1893
1267400396,1831
1267401396,1840
1267402396,1843
1267403396,1860
1267404396,1872
1267405396,1872
1267406396,1883
1267407396,1923
1267408396,1933
1267409396,1921
1267410396,1890
1267411396,1853
1267412396,1803
1267413396,1772
1267414396,1770
1267415396,1801
1267416396,1813
1267417396,1838
1267418396,1831
1267428851,1787
1267429851,1769
1267430851,1776
1267431851,1807
1267432851,1827
1267433851,1840
1267434851,1831
1267435851,1843
1267436851,1872
1267437851,1871
1267438851,1881
1267439851,1897
1267440851,1925
1267441851,1904
1267442851,1914
1267443851,1875
1267444851,1795
1267445851,1796
1267446851,1764
1267447851,1760
1267458278,1942
1267459278,1937
1267460278,1900
1267461278,1857
1267462278,1793
1267463278,1764
1267464278,1761
1267465278,1783
1267466278,1806
1267467278,1814
1267468278,1806
1267469278,1852
1267470278,1853
1267471278,1867
1267472278,1883
1267473278,1920
1267474278,1965
1267475278,1941
1267476278,1904
1267477278,1874
1267487722,1872
1267488722,1872
1267489722,1878
1267490722,1929
1267491722,1919
1267492722,1908
1267493722,1884
1267494722,1840
1267495722,1789
1267496722,1760
1267497722,1773
1267498722,1801
1267499722,1824
1267500722,1843
1267501722,1845
1267502722,1856
1267503722,1867
1267504722,1875
1267505722,1860
1267506722,1885
1267517148,1838
1267518148,1844
1267519148,1844
1267520148,1872
1267521148,1865
1267522148,1865
1267523148,1889
1267524148,1920
1267525148,1980
1267526148,1903
1267527148,1872
1267528148,1840
1267529148,1762
1267530148,1757
1267531148,1806
1267532148,1799
1267533148,1844
1267534148,1831
1267535148,1840
1267536148,1851
1267546580,1761
1267547580,1764
1267548580,1800
1267549580,1824
1267550580,1854
1267551580,1840
1267552580,1863
1267553580,1869
1267554580,1857
1267555580,1870
1267556580,1883
1267557580,1915
1267558580,1929
1267559580,1889
1267560580,1859
1267561580,1824
1267562580,1785
1267563580,1758
1267564580,1778
1267565580,1807
1267576002,1924
1267577002,1887
1267578002,1873
1267579002,1809
1267580002,1771
1267581002,1780
1267582002,1855
1267583002,1841
1267584002,1848
1267585002,1846
1267586002,1856
1267587002,1861
1267588002,1854
1267589002,1840
1267590002,1846
1267591002,1919
1267592002,1920
1267593002,1900
1267594002,1870
1267604457,1875
1267605457,1871
1267606457,1878
1267607457,1906
1267608457,1917
1267609457,1901
1267610457,1867
1267611457,1829
1267612457,1785
1267613457,1754
1267614457,1773
1267615457,1799
1267616457,1827
1267617457,1841
1267618457,1846
1267619457,1869
1267620457,1874
1267621457,1872
1267622457,1872
1267623457,1900
1267633884,1838
1267634884,1779
1267635884,1857
1267636884,1872
1267637884,1868
1267638884,1875
1267639884,1893
1267640884,1916
1267641884,1937
1267642884,1909
1267643884,1881
1267644884,1840
1267645884,1830
1267646884,1753
1267647884,1775
1267648884,1795
1267649884,1819
1267650884,1834
1267651884,1865
1267652884,1856
1267663327,1759
1267664327,1776
1267665327,1805
1267666327,1839
1267667327,1846
1267668327,1849
1267669327,1858
1267670327,1865
1267671327,1865
1267672327,1859
1267673327,1887
1267674327,1927
1267675327,1948
1267676327,1904
1267677327,1875
1267678327,1840
1267679327,1791
1267680327,1769
1267681327,1786
1267682327,1818
1267692754,1895
1267693754,1865
1267694754,1840
1267695754,1799
1267696754,1761
1267697754,1777
1267698754,1805
1267699754,1833
1267700754,1843
1267701754,1851
1267702754,1873
1267703754,1890
1267704754,1872
1267705754,1873
1267706754,1891
1267707754,1935
1267708754,1929
1267709754,1891
1267710754,1856
1267711754,1809
1267722181,1877
1267723181,1895
1267724181,1939
1267725181,1950
1267726181,1913
1267727181,1889
1267728181,1840
1267729181,1786
1267730181,1766
1267731181,1760
1267732181,1781
1267733181,1813
1267734181,1827
1267735181,1837
1267736181,1848
1267737181,1859
1267738181,1856
1267739181,1872
1267740181,1895
1267741181,1920
1267751608,1845
1267752608,1851
1267753608,1872
1267754608,1875
1267755608,1890
1267756608,1883
1267757608,1921
1267758608,1920
1267759608,1906
1267760608,1878
1267761608,1838
1267762608,1803
1267763608,1759
1267764608,1776
1267765608,1810
1267766608,1861
1267767608,1867
1267768608,1862
1267769608,1882
1267780063,1746
1267781063,1771
1267782063,1807
1267783063,1825
1267784063,1837
1267785063,1843
1267786063,1852
1267787063,1872
1267788063,1877
1267789063,1884
1267790063,1904
1267791063,1936
1267792063,1937
1267793063,1904
1267794063,1883
1267795063,1836
1267796063,1792
1267797063,1770
1267798063,1804
1267799063,1825
1267809489,1883
1267810489,1868
1267811489,1826
1267812489,1787
1267813489,1759
1267814489,1776
1267815489,1796
1267816489,1840
1267817489,1849
1267818489,1865
1267819489,1877
1267820489,1889
1267821489,1871
1267822489,1876
1267823489,1893
1267824489,1932
1267825489,1923
1267826489,1897
1267827489,1875
1267828489,1827
1267838933,1872
1267839933,1895
1267840933,1923
1267841933,1949
1267842933,1910
1267843933,1872
1267844933,1845
1267845933,1798
1267846933,1772
1267847933,1780
1267848933,1833
1267849933,1838
1267850933,1837
1267851933,1850
1267852933,1854
1267853933,1872
1267854933,1865
1267855933,1869
1267856933,1903
1267857933,1933
1267868360,1840
1267869360,1852
1267870360,1861
1267871360,1855
1267872360,1857
1267873360,1878
1267874360,1919
1267875360,1932
1267876360,1905
1267877360,1878
1267878360,1826
1267879360,1789
1267880360,1771
1267881360,1791
1267882360,1816
1267883360,1837
1267884360,1857
1267885360,1839
1267886360,1881
1267887360,1877
1267897787,1780
1267898787,1806
1267899787,1862
1267900787,1853
1267901787,1851
1267902787,1862
1267903787,1873
1267904787,1881
1267905787,1875
1267906787,1898
1267907787,1927
1267908787,1935
1267909787,1903
1267910787,1871
1267911787,1825
1267912787,1791
1267913787,1771
1267914787,1777
1267915787,1812
1267916787,1839
1267927214,1875
1267928214,1845
1267929214,1801
1267930214,1776
1267931214,1777
1267932214,1806
1267933214,1830
1267934214,1840
1267935214,1843
1267936214,1851
1267937214,1878
1267938214,1875
1267939214,1881
1267940214,1883
1267941214,1939
1267942214,1938
1267943214,1909
1267944214,1876
1267945214,1831
1267955668,1879
1267956668,1902
1267957668,1940
1267958668,1938
1267959668,1908
1267960668,1886
1267961668,1840
1267962668,1803
1267963668,1774
1267964668,1797
1267965668,1817
1267966668,1841
1267967668,1865
1267968668,1876
1267969668,1883
1267970668,1881
1267971668,1873
1267972668,1859
1267973668,1897
1267974668,1907
1267985095,1860
1267986095,1867
1267987095,1891
1267988095,1883
1267989095,1887
1267990095,1904
1267991095,1933
1267992095,1977
1267993095,1904
1267994095,1872
1267995095,1827
1267996095,1792
1267997095,1767
1267998095,1782
1267999095,1807
1268000095,1844
1268001095,1854
1268002095,1849
1268003095,1872
1268004095,1886
1268014539,1779
1268015539,1808
1268016539,1845
1268017539,1840
1268018539,1858
1268019539,1857
1268020539,1857
1268021539,1871
1268022539,1887
1268023539,1895
1268024539,1937
1268025539,1935
1268026539,1891
1268027539,1881
1268028539,1840
1268029539,1795
1268030539,1775
1268031539,1800
1268032539,1834
1268033539,1841
1268043966,1881
1268044966,1849
1268045966,1805
1268046966,1776
1268047966,1795
1268048966,1809
1268049966,1838
1268050966,1851
1268051966,1852
1268052966,1867
1268053966,1873
1268054966,1871
1268055966,1852
1268056966,1892
1268057966,1923
1268058966,1932
1268059966,1881
1268060966,1864
1268061966,1813
1268062966,1789
1268073393,1877
1268074393,1917
1268075393,1920
1268076393,1899
1268077393,1876
1268078393,1840
1268079393,1799
1268080393,1771
1268081393,1775
1268082393,1805
1268083393,1837
1268084393,1840
1268085393,1844
1268086393,1859
1268087393,1870
1268088393,1870
1268089393,1875
1268090393,1901
1268091393,1941
1268092393,1939
1268102820,1846
1268103820,1871
1268104820,1868
1268105820,1865
1268106820,1896
1268107820,1921
1268108820,1932
1268109820,1909
1268110820,1873
1268111820,1841
1268112820,1799
1268113820,1776
1268114820,1783
1268115820,1817
1268116820,1837
1268117820,1840
1268118820,1843
1268119820,1848
1268120820,1860
1268131274,1792
1268132274,1805
1268133274,1805
1268134274,1852
1268135274,1852
1268136274,1860
1268137274,1881
1268138274,1883
1268139274,1883
1268140274,1905
1268141274,1931
1268142274,1929
1268143274,1884
1268144274,1872
1268145274,1825
1268146274,1798
1268147274,1817
1268148274,1776
1268149274,1801
1268150274,1828
1268160701,1870
1268161701,1825
1268162701,1775
1268163701,1755
1268164701,1759
1268165701,1798
1268166701,1841
1268167701,1856
1268168701,1808
1268169701,1853
1268170701,1863
1268171701,1861
1268172701,1857
1268173701,1897
1268174701,1925
1268175701,1904
1268176701,1889
1268177701,1874
1268178701,1818
1268179701,1783
1268190145,1898
1268191145,1926
1268192145,1935
1268193145,1900
1268194145,1875
1268195145,1829
1268196145,1775
1268197145,1762
1268198145,1776
1268199145,1791
1268200145,1822
1268201145,1827
1268202145,1840
1268203145,1847
1268204145,1867
1268205145,1872
1268206145,1870
1268207145,1901
1268208145,1937
1268209145,1923
1268219576,1842
1268220576,1904
1268221576,1879
1268222576,1872
1268223576,1904
1268224576,1933
1268225576,1971
1268226576,1905
1268227576,1872
1268228576,1827
1268229576,1777
1268230576,1755
1268231576,1775
1268232576,1807
1268233576,1821
1268234576,1837
1268235576,1846
1268236576,1872
1268237576,1862
1268238576,1870
1268248999,1792
1268249999,1769
1268250999,1845
1268251999,1839
1268252999,1855
1268253999,1884
1268254999,1873
1268255999,1839
1268256999,1904
1268257999,1927
1268258999,1931
1268259999,1891
1268260999,1854
1268261999,1808
1268262999,1769
1268263999,1739
1268264999,1755
1268265999,1795
1268266999,1853
1268267999,1826
1268278426,1836
1268279426,1785
1268280426,1761
1268281426,1759
1268282426,1793
1268283426,1810
1268284426,1834
1268285426,1840
1268286426,1853
1268287426,1867
1268288426,1863
1268289426,1872
1268290426,1897
1268291426,1923
1268292426,1913
1268293426,1886
1268294426,1855
1268295426,1808
1268296426,1772
1268306880,1897
1268307880,1936
1268308880,1936
1268309880,1907
1268310880,1871
1268311880,1867
1268312880,1776
1268313880,1746
1268314880,1782
1268315880,1783
1268316880,1821
1268317880,1818
1268318880,1823
1268319880,1842
1268320880,1845
1268321880,1867
1268322880,1865
1268323880,1895
1268324880,1931
1268325880,1924
1268336307,1858
1268337307,1869
1268338307,1876
1268339307,1875
1268340307,1897
1268341307,1935
1268342307,1903
1268343307,1897
1268344307,1861
1268345307,1817
1268346307,1775
1268347307,1744
1268348307,1788
1268349307,1807
1268350307,1827
1268351307,1813
1268352307,1836
1268353307,1840
1268354307,1856
1268355307,1853
1268365751,1804
1268366751,1825
1268367751,1837
1268368751,1843
1268369751,1863
1268370751,1874
1268371751,1889
1268372751,1873
1268373751,1909
1268374751,1949
1268375751,1930
1268376751,1857
1268377751,1853
1268378751,1830
1268379751,1791
1268380751,1765
1268381751,1782
1268382751,1829
1268383751,1831
1268384751,1845
1268395178,1830
1268396178,1779
1268397178,1756
1268398178,1775
1268399178,1806
1268400178,1827
1268401178,1841
1268402178,1840
1268403178,1838
1268404178,1872
1268405178,1877
1268406178,1879
1268407178,1907
1268408178,1933
1268409178,1924
1268410178,1895
1268411178,1874
1268412178,1816
1268413178,1779
1268414178,1761
1268424605,1920
1268425605,1909
1268426605,1904
1268427605,1872
1268428605,1823
1268429605,1790
1268430605,1777
1268431605,1789
1268432605,1820
1268433605,1838
1268434605,1841
1268435605,1827
1268436605,1850
1268437605,1861
1268438605,1869
1268439605,1867
1268440605,1887
1268441605,1921
1268442605,1913
1268443605,1889
1268454032,1872
1268455032,1869
1268456032,1877
1268457032,1897
1268458032,1935
1268459032,1931
1268460032,1905
1268461032,1877
1268462032,1829
1268463032,1796
1268464032,1767
1268465032,1788
1268466032,1819
1268467032,1841
1268468032,1847
1268469032,1849
1268470032,1869
1268471032,1868
1268472032,1872
1268482486,1798
1268483486,1845
1268484486,1866
1268485486,1868
1268486486,1872
1268487486,1892
1268488486,1887
1268489486,1873
1268490486,1905
1268491486,1933
1268492486,1916
1268493486,1875
1268494486,1853
1268495486,1797
1268496486,1765
1268497486,1736
1268498486,1761
1268499486,1787
1268500486,1825
1268501486,1821
1268511913,1837
1268512913,1793
1268513913,1770
1268514913,1777
1268515913,1808
1268516913,1840
1268517913,1840
1268518913,1843
1268519913,1862
1268520913,1904
1268521913,1872
1268522913,1877
1268523913,1904
1268524913,1921
1268525913,1911
1268526913,1885
1268527913,1857
1268528913,1813
1268529913,1772
1268530913,1755
1268541357,1929
1268542357,1927
1268543357,1891
1268544357,1872
1268545357,1826
1268546357,1793
1268547357,1765
1268548357,1790
1268549357,1825
1268550357,1841
1268551357,1849
1268552357,1860
1268553357,1871
1268554357,1883
1268555357,1876
1268556357,1881
1268557357,1924
1268558357,1933
1268559357,1913
1268560357,1849
1268570784,1842
1268571784,1837
1268572784,1868
1268573784,1904
1268574784,1932
1268575784,1934
1268576784,1907
1268577784,1873
1268578784,1833
1268579784,1788
1268580784,1756
1268581784,1776
1268582784,1802
1268583784,1819
1268584784,1854
1268585784,1855
1268586784,1872
1268587784,1880
1268588784,1879
1268589784,1879
1268600211,1839
1268601211,1857
1268602211,1859
1268603211,1872
1268604211,1863
1268605211,1868
1268606211,1858
1268607211,1889
1268608211,1917
1268609211,1901
1268610211,1869
1268611211,1844
1268612211,1809
1268613211,1781
1268614211,1783
1268615211,1799
1268616211,1827
1268617211,1845
1268618211,1839
1268619211,1836
1268629637,1809
1268630637,1781
1268631637,1801
1268632637,1821
1268633637,1853
1268634637,1841
1268635637,1853
1268636637,1877
1268637637,1878
1268638637,1897
1268639637,1876
1268640637,1904
1268641637,1920
1268642637,1914
1268643637,1888
1268644637,1863
1268645637,1824
1268646637,1784
1268647637,1787
1268658092,1934
1268659092,1923
1268660092,1899
1268661092,1871
1268662092,1852
1268663092,1805
1268664092,1785
1268665092,1806
1268666092,1831
1268667092,1845
1268668092,1852
1268669092,1851
1268670092,1843
1268671092,1875
1268672092,1870
1268673092,1865
1268674092,1902
1268675092,1925
1268676092,1919
1268677092,1893
1268687519,1889
1268688519,1898
1268689519,1885
1268690519,1901
1268691519,1931
1268692519,1932
1268693519,1904
1268694519,1874
1268695519,1837
1268696519,1801
1268697519,1782
1268698519,1793
1268699519,1822
1268700519,1847
1268701519,1859
1268702519,1857
1268703519,1863
1268704519,1873
1268705519,1881
1268706519,1872
1268716963,1853
1268717963,1847
1268718963,1855
1268719963,1859
1268720963,1868
1268721963,1869
1268722963,1862
1268723963,1893
1268724963,1924
1268725963,1919
1268726963,1903
1268727963,1876
1268728963,1825
1268729963,1813
1268730963,1800
1268731963,1821
1268732963,1854
1268733963,1863
1268734963,1856
1268735963,1863
1268746390,1813
1268747390,1788
1268748390,1807
1268749390,1837
1268750390,1849
1268751390,1847
1268752390,1865
1268753390,1863
1268754390,1885
1268755390,1889
1268756390,1897
1268757390,1904
1268758390,1939
1268759390,1923
1268760390,1895
1268761390,1874
1268762390,1834
1268763390,1807
1268764390,1793
1268765390,1857
1268775816,1920
1268776816,1908
1268777816,1867
1268778816,1830
1268779816,1808
1268780816,1792
1268781816,1803
1268782816,1835
1268783816,1843
1268784816,1853
1268785816,1865
1268786816,1875
1268787816,1887
1268788816,1900
1268789816,1901
1268790816,1922
1268791816,1933
1268792816,1920
1268793816,1895
1268794816,1873
1268805251,1871
1268806251,1872
1268807251,1889
1268808251,1915
1268809251,1905
1268810251,1900
1268811251,1872
1268812251,1839
1268813251,1808
1268814251,1781
1268815251,1791
1268816251,1823
1268817251,1846
1268818251,1840
1268819251,1846
1268820251,1878
1268821251,1885
1268822251,1886
1268823251,1879
1268833698,1851
1268834698,1862
1268835698,1865
1268836698,1872
1268837698,1872
1268838698,1857
1268839698,1869
1268840698,1883
1268841698,1905
1268842698,1914
1268843698,1899
1268844698,1883
1268845698,1839
1268846698,1781
1268847698,1792
1268848698,1840
1268849698,1839
1268850698,1849
1268851698,1858
1268852698,1867
1268863125,1816
1268864125,1793
1268865125,1797
1268866125,1824
1268867125,1835
1268868125,1838
1268869125,1848
1268870125,1851
1268871125,1855
1268872125,1872
1268873125,1872
1268874125,1904
1268875125,1925
1268876125,1929
1268877125,1897
1268878125,1884
1268879125,1853
1268880125,1813
1268881125,1808
1268882125,1820
1268892573,1921
1268893573,1904
1268894573,1888
1268895573,1840
1268896573,1808
1268897573,1801
1268898573,1809
1268899573,1835
1268900573,1856
1268901573,1823
1268902573,1866
1268903573,1859
1268904573,1877
1268905573,1904
1268906573,1903
1268907573,1957
1268908573,1939
1268909573,1919
1268910573,1887
1268911573,1859
1268921995,1889
1268922995,1882
1268923995,1891
1268924995,1907
1268925995,1892
1268926995,1857
1268927995,1839
1268928995,1816
1268929995,1789
1268930995,1801
1268931995,1809
1268932995,1840
1268933995,1853
1268934995,1849
1268935995,1856
1268936995,1875
1268937995,1867
1268938995,1875
1268939995,1887
1268940995,1917
1268951422,1856
1268952422,1856
1268953422,1871
1268954422,1878
1268955422,1887
1268956422,1883
1268957422,1917
1268958422,1940
1268959422,1928
1268960422,1897
1268961422,1863
1268962422,1819
1268963422,1785
1268964422,1772
1268965422,1791
1268966422,1817
1268967422,1831
1268968422,1843
1268969422,1856
1268970422,1875
1268980849,1790
1268981849,1801
1268982849,1830
1268983849,1829
1268984849,1843
1268985849,1849
1268986849,1854
1268987849,1871
1268988849,1872
1268989849,1878
1268990849,1909
1268991849,1943
1268992849,1928
1268993849,1893
1268994849,1859
1268995849,1821
1268996849,1803
1268997849,1776
1268998849,1799
1269009304,1923
1269010304,1900
1269011304,1863
1269012304,1813
1269013304,1791
1269014304,1773
1269015304,1793
1269016304,1822
1269017304,1857
1269018304,1847
1269019304,1865
1269020304,1867
1269021304,1885
1269022304,1880
1269023304,1874
1269024304,1921
1269025304,1939
1269026304,1917
1269027304,1888
1269028304,1861
1269038731,1872
1269039731,1872
1269040731,1900
1269041731,1913
1269042731,1904
1269043731,1867
1269044731,1855
1269045731,1797
1269046731,1761
1269047731,1744
1269048731,1778
1269049731,1808
1269050731,1840
1269051731,1852
1269052731,1871
1269053731,1872
1269054731,1872
1269055731,1872
1269056731,1889
1269057731,1936
1269068174,1840
1269069174,1844
1269070174,1875
1269071174,1885
1269072174,1878
1269073174,1873
1269074174,1860
1269075174,1935
1269076174,1916
1269077174,1881
1269078174,1851
1269079174,1809
1269080174,1763
1269081174,1759
1269082174,1772
1269083174,1808
1269084174,1830
1269085174,1839
1269086174,1846
1269087174,1857
1269097601,1737
1269098601,1776
1269099601,1813
1269100601,1831
1269101601,1841
1269102601,1845
1269103601,1871
1269104601,1875
1269105601,1888
1269106601,1893
1269107601,1934
1269108601,1964
1269109601,1936
1269110601,1903
1269111601,1869
1269112601,1795
1269113601,1750
1269114601,1726
1269115601,1760
1269116601,1776
1269127028,1977
1269128028,1908
1269129028,1855
1269130028,1808
1269131028,1773
1269132028,1779
1269133028,1808
1269134028,1809
1269135028,1798
1269136028,1803
1269137028,1810
1269138028,1815
1269139028,1825
1269140028,1835
1269141028,1889
1269142028,1924
1269143028,1925
1269144028,1889
1269145028,1858
1269146028,1805
1269156455,1875
1269157455,1919
1269158455,1939
1269159455,1928
1269160455,1889
1269161455,1856
1269162455,1789
1269163455,1744
1269164455,1739
1269165455,1763
1269166455,1800
1269167455,1828
1269168455,1828
1269169455,1831
1269170455,1850
1269171455,1865
1269172455,1872
1269173455,1874
1269174455,1919
1269184910,1824
1269185910,1840
1269186910,1870
1269187910,1876
1269188910,1889
1269189910,1882
1269190910,1934
1269191910,1947
1269192910,1943
1269193910,1912
1269194910,1857
1269195910,1803
1269196910,1760
1269197910,1741
1269198910,1772
1269199910,1801
1269200910,1820
1269201910,1831
1269202910,1843
1269203910,1857
1269214336,1745
1269215336,1772
1269216336,1808
1269217336,1831
1269218336,1830
1269219336,1839
1269220336,1853
1269221336,1860
1269222336,1860
1269223336,1865
1269224336,1908
1269225336,1936
1269226336,1931
1269227336,1890
1269228336,1852
1269229336,1800
1269230336,1755
1269231336,1737
1269232336,1767
1269233336,1789
1269243780,1904
1269244780,1870
1269245780,1812
1269246780,1763
1269247780,1735
1269248780,1767
1269249780,1807
1269250780,1831
1269251780,1840
1269252780,1843
1269253780,1867
1269254780,1847
1269255780,1856
1269256780,1858
1269257780,1918
1269258780,1937
1269259780,1905
1269260780,1878
1269261780,1840
1269262780,1791
1269273207,1872
1269274207,1905
1269275207,1939
1269276207,1939
1269277207,1900
1269278207,1873
1269279207,1811
1269280207,1765
1269281207,1744
1269282207,1805
1269283207,1793
1269284207,1844
1269285207,1811
1269286207,1828
1269287207,1839
1269288207,1841
1269289207,1849
1269290207,1891
1269291207,1936
1269292207,1946
1269302634,1825
1269303634,1803
1269304634,1857
1269305634,1848
1269306634,1855
1269307634,1905
1269308634,1936
1269309634,1923
1269310634,1887
1269311634,1856
1269312634,1802
1269313634,1757
1269314634,1759
1269315634,1794
1269316634,1823
1269317634,1825
1269318634,1825
1269319634,1839
1269320634,1847
1269321634,1863
1269332061,1776
1269333061,1799
1269334061,1813
1269335061,1819
1269336061,1840
1269337061,1837
1269338061,1868
1269339061,1871
1269340061,1871
1269341061,1925
1269342061,1936
1269343061,1932
1269344061,1904
1269345061,1869
1269346061,1808
1269347061,1757
1269348061,1744
1269349061,1776
1269350061,1826
1269360515,1890
1269361515,1856
1269362515,1801
1269363515,1755
1269364515,1747
1269365515,1771
1269366515,1852
1269367515,1825
1269368515,1834
1269369515,1840
1269370515,1858
1269371515,1872
1269372515,1872
1269373515,1891
1269374515,1901
1269375515,1956
1269376515,1934
1269377515,1898
1269378515,1853
1269379515,1791
1269389942,1871
1269390942,1909
1269391942,1950
1269392942,1923
1269393942,1903
1269394942,1862
1269395942,1805
1269396942,1761
1269397942,1747
1269398942,1776
1269399942,1809
1269400942,1834
1269401942,1823
1269402942,1840
1269403942,1850
1269404942,1869
1269405942,1856
1269406942,1872
1269407942,1922
1269408942,1941
1269419386,1830
1269420386,1852
1269421386,1867
1269422386,1868
1269423386,1872
1269424386,1915
1269425386,1929
1269426386,1917
1269427386,1885
1269428386,1847
1269429386,1792
1269430386,1751
1269431386,1709
1269432386,1785
1269433386,1815
1269434386,1820
1269435386,1817
1269436386,1845
1269437386,1851
1269438386,1862
1269448813,1796
1269449813,1807
1269450813,1819
1269451813,1824
1269452813,1835
1269453813,1861
1269454813,1866
1269455813,1873
1269456813,1900
1269457813,1935
1269458813,1950
1269459813,1935
1269460813,1898
1269461813,1850
1269462813,1798
1269463813,1750
1269464813,1770
1269465813,1769
1269466813,1783
1269467813,1813
1269478248,1858
1269479248,1803
1269480248,1758
1269481248,1744
1269482248,1778
1269483248,1808
1269484248,1822
1269485248,1830
1269486248,1834
1269487248,1879
1269488248,1851
1269489248,1859
1269490248,1858
1269491248,1920
1269492248,1937
1269493248,1919
1269494248,1889
1269495248,1849
1269496248,1808
1269497248,1766
1269507667,1909
1269508667,1934
1269509667,1917
1269510667,1879
1269511667,1835
1269512667,1785
1269513667,1748
1269514667,1742
1269515667,1774
1269516667,1808
1269517667,1808
1269518667,1829
1269519667,1839
1269520667,1861
1269521667,1870
1269522667,1877
1269523667,1893
1269524667,1936
1269525667,1937
1269536121,1840
1269537121,1851
1269538121,1892
1269539121,1863
1269540121,1865
1269541121,1904
1269542121,1907
1269543121,1919
1269544121,1853
1269545121,1847
1269546121,1798
1269547121,1769
1269548121,1757
1269549121,1787
1269550121,1824
1269551121,1835
1269552121,1841
1269553121,1856
1269554121,1875
1269555121,1876
1269565548,1779
1269566548,1808
1269567548,1819
1269568548,1834
1269569548,1841
1269570548,1864
1269571548,1861
1269572548,1867
1269573548,1876
1269574548,1921
1269575548,1934
1269576548,1919
1269577548,1889
1269578548,1857
1269579548,1808
1269580548,1767
1269581548,1766
1269582548,1776
1269583548,1809
1269584548,1825
1269594992,1861
1269595992,1822
1269596992,1810
1269597992,1753
1269598992,1777
1269599992,1808
1269600992,1825
1269601992,1841
1269602992,1842
1269603992,1860
1269604992,1867
1269605992,1872
1269606992,1877
1269607992,1936
1269608992,1955
1269609992,1933
1269610992,1926
1269611992,1871
1269612992,1815
1269613992,1775
1269624419,1892
1269625419,1907
1269626419,1913
1269627419,1893
1269628419,1859
1269629419,1815
1269630419,1779
1269631419,1766
1269632419,1807
1269633419,1841
1269634419,1857
1269635419,1843
1269636419,1843
1269637419,1858
1269638419,1867
1269639419,1851
1269640419,1865
1269641419,1905
1269642419,1917
1269643419,1898
1269653846,1868
1269654846,1873
1269655846,1872
1269656846,1878
1269657846,1923
1269658846,1936
1269659846,1922
1269660846,1901
1269661846,1857
1269662846,1802
1269663846,1763
1269664846,1760
1269665846,1793
1269666846,1843
1269667846,1829
1269668846,1838
1269669846,1852
1269670846,1869
1269671846,1863
1269672846,1851
1269683273,1810
1269684273,1831
1269685273,1835
1269686273,1847
1269687273,1863
1269688273,1871
1269689273,1905
1269690273,1887
1269691273,1937
1269692273,1951
1269693273,1937
1269694273,1910
1269695273,1867
1269696273,1814
1269697273,1768
1269698273,1745
1269699273,1780
1269700273,1805
1269701273,1803
1269711727,1874
1269712727,1819
1269713727,1775
1269714727,1762
1269715727,1798
1269716727,1824
1269717727,1833
1269718727,1835
1269719727,1839
1269720727,1847
1269721727,1856
1269722727,1854
1269723727,1871
1269724727,1907
1269725727,1924
1269726727,1907
1269727727,1875
1269728727,1849
1269729727,1807
1269730727,1767
1269741154,1919
1269742154,1951
1269743154,1936
1269744154,1904
1269745154,1863
1269746154,1808
1269747154,1764
1269748154,1746
1269749154,1780
1269750154,1824
1269751154,1793
1269752154,1835
1269753154,1843
1269754154,1856
1269755154,1849
1269756154,1857
1269757154,1886
1269758154,1936
1269759154,1939
1269760154,1925
1269770598,1850
1269771598,1853
1269772598,1859
1269773598,1885
1269774598,1915
1269775598,1949
1269776598,1948
1269777598,1899
1269778598,1861
1269779598,1800
1269780598,1757
1269781598,1765
1269782598,1781
1269783598,1801
1269784598,1813
1269785598,1826
1269786598,1836
1269787598,1799
1269788598,1861
1269789598,1868
1269800025,1809
1269801025,1812
1269802025,1825
1269803025,1838
1269804025,1859
1269805025,1872
1269806025,1866
1269807025,1887
1269808025,1939
1269809025,1954
1269810025,1956
1269811025,1891
1269812025,1845
1269813025,1779
1269814025,1740
1269815025,1744
1269816025,1779
1269817025,1811
1269818025,1822
1269819025,1827
1269829452,1808
1269830452,1762
1269831452,1750
1269832452,1776
1269833452,1807
1269834452,1824
1269835452,1827
1269836452,1834
1269837452,1850
1269838452,1866
1269839452,1856
1269840452,1875
1269841452,1922
1269842452,1935
1269843452,1921
1269844452,1885
1269845452,1839
1269846452,1783
1269847452,1745
1269848452,1751
1269858879,1946
1269859879,1921
1269860879,1892
1269861879,1904
1269862879,1821
1269863879,1751
1269864879,1743
1269865879,1774
1269866879,1785
1269867879,1811
1269868879,1824
1269869879,1830
1269870879,1856
1269871879,1888
1269872879,1882
1269873879,1911
1269874879,1947
1269875879,1959
1269876879,1931
1269887333,1851
1269888333,1875
1269889333,1862
1269890333,1889
1269891333,1971
1269892333,1956
1269893333,1929
1269894333,1892
1269895333,1843
1269896333,1769
1269897333,1760
1269898333,1744
1269899333,1772
1269900333,1806
1269901333,1809
1269902333,1825
1269903333,1838
1269904333,1835
1269905333,1875
1269906333,1871
1269916760,1799
1269917760,1835
1269918760,1840
1269919760,1845
1269920760,1894
1269921760,1868
1269922760,1831
1269923760,1876
1269924760,1921
1269925760,1935
1269926760,1906
1269927760,1872
1269928760,1823
1269929760,1768
1269930760,1722
1269931760,1731
1269932760,1775
1269933760,1808
1269934760,1823
1269935760,1827
1269946204,1813
1269947204,1770
1269948204,1746
1269949204,1776
1269950204,1814
1269951204,1834
1269952204,1826
1269953204,1826
1269954204,1840
1269955204,1849
1269956204,1842
1269957204,1881
1269958204,1929
1269959204,1939
1269960204,1908
1269961204,1873
1269962204,1830
1269963204,1776
1269964204,1739
1269965204,1749
1269975631,1954
1269976631,1932
1269977631,1891
1269978631,1855
1269979631,1792
1269980631,1739
1269981631,1744
1269982631,1774
1269983631,1808
1269984631,1820
1269985631,1829
1269986631,1841
1269987631,1861
1269988631,1857
1269989631,1853
1269990631,1877
1269991631,1879
1269992631,1934
1269993631,1889
1269994631,1864
1270005058,1872
1270006058,1875
1270007058,1883
1270008058,1887
1270009058,1936
1270010058,1916
1270011058,1881
1270012058,1850
1270013058,1801
1270014058,1753
1270015058,1749
1270016058,1776
1270017058,1815
1270018058,1822
1270019058,1845
1270020058,1835
1270021058,1865
1270022058,1873
1270023058,1866
1270024058,1891
1270034485,1824
1270035485,1811
1270036485,1833
1270037485,1857
1270038485,1867
1270039485,1865
1270040485,1884
1270041485,1923
1270042485,1936
1270043485,1922
1270044485,1891
1270045485,1835
1270046485,1770
1270047485,1753
1270048485,1761
1270049485,1797
1270050485,1859
1270051485,1824
1270052485,1835
1270062939,1794
1270063939,1755
1270064939,1745
1270065939,1776
1270066939,1809
1270067939,1825
1270068939,1841
1270069939,1851
1270070939,1870
1270071939,1881
1270072939,1865
1270073939,1895
1270074939,1937
1270075939,1939
1270076939,1919
1270077939,1883
1270078939,1833
1270079939,1783
1270080939,1751
1270081939,1773
1270092366,1945
1270093366,1925
1270094366,1895
1270095366,1850
1270096366,1795
1270097366,1750
1270098366,1749
1270099366,1787
1270100366,1803
1270101366,1815
1270102366,1830
1270103366,1839
1270104366,1870
1270105366,1871
1270106366,1872
1270107366,1904
1270108366,1942
1270109366,1945
1270110366,1908
1270111366,1872
1270121810,1867
1270122810,1872
1270123810,1901
1270124810,1949
1270125810,1955
1270126810,1940
1270127810,1890
1270128810,1841
1270129810,1787
1270130810,1749
1270131810,1735
1270132810,1772
1270133810,1800
1270134810,1808
1270135810,1817
1270136810,1833
1270137810,1856
1270138810,1866
1270139810,1853
1270140810,1903
1270151245,1819
1270152245,1833
1270153245,1851
1270154245,1870
1270155245,1878
1270156245,1873
1270157245,1890
1270158245,1899
1270159245,1925
1270160245,1903
1270161245,1876
1270162245,1835
1270163245,1782
1270164245,1751
1270165245,1744
1270166245,1777
1270167245,1807
1270168245,1793
1270169245,1826
1270170245,1841
1270180664,1808
1270181664,1771
1270182664,1792
1270183664,1813
1270184664,1823
1270185664,1821
1270186664,1839
1270187664,1857
1270188664,1871
1270189664,1867
1270190664,1822
1270191664,1929
1270192664,1940
1270193664,1920
1270194664,1898
1270195664,1872
1270196664,1820
1270197664,1769
1270198664,1777
1270199664,1793
1270210090,1917
1270211090,1900
1270212090,1897
1270213090,1794
1270214090,1775
1270215090,1775
1270216090,1794
1270217090,1827
1270218090,1823
1270219090,1838
1270220090,1893
1270221090,1867
1270222090,1916
1270223090,1858
1270224090,1888
1270225090,1921
1270226090,1941
1270227090,1913
1270228090,1899
1270238545,1872
1270239545,1859
1270240545,1878
1270241545,1923
1270242545,1936
1270243545,1905
1270244545,1883
1270245545,1847
1270246545,1797
1270247545,1750
1270248545,1756
1270249545,1809
1270250545,1845
1270251545,1858
1270252545,1851
1270253545,1859
1270254545,1867
1270255545,1886
1270256545,1861
1270257545,1904
1270267972,1840
1270268972,1841
1270269972,1857
1270270972,1873
1270271972,1871
1270272972,1867
1270273972,1871
1270274972,1918
1270275972,1920
1270276972,1902
1270277972,1885
1270278972,1840
1270279972,1808
1270280972,1776
1270281972,1782
1270282972,1815
1270283972,1838
1270284972,1841
1270285972,1844
1270286972,1861
1270297416,1753
1270298416,1764
1270299416,1783
1270300416,1807
1270301416,1823
1270302416,1838
1270303416,1845
1270304416,1856
1270305416,1872
1270306416,1869
1270307416,1914
1270308416,1954
1270309416,1947
1270310416,1937
1270311416,1904
1270312416,1850
1270313416,1799
1270314416,1764
1270315416,1769
1270316416,1796
1270326843,1922
1270327843,1902
1270328843,1859
1270329843,1808
1270330843,1757
1270331843,1741
1270332843,1770
1270333843,1783
1270334843,1799
1270335843,1815
1270336843,1825
1270337843,1835
1270338843,1899
1270339843,1858
1270340843,1893
1270341843,1923
1270342843,1931
1270343843,1909
1270344843,1881
1270345843,1840
1270356269,1889
1270357269,1898
1270358269,1919
1270359269,1921
1270360269,1933
1270361269,1875
1270362269,1822
1270363269,1763
1270364269,1723
1270365269,1729
1270366269,1774
1270367269,1793
1270368269,1809
1270369269,1827
1270370269,1841
1270371269,1852
1270372269,1871
1270373269,1867
1270374269,1899
1270375269,1947
1270385696,1853
1270386696,1847
1270387696,1869
1270388696,1862
1270389696,1843
1270390696,1860
1270391696,1895
1270392696,1898
1270393696,1872
1270394696,1843
1270395696,1803
1270396696,1767
1270397696,1744
1270398696,1749
1270399696,1798
1270400696,1828
1270401696,1841
1270402696,1853
1270403696,1859
1270414151,1789
1270415151,1775
1270416151,1797
1270417151,1776
1270418151,1814
1270419151,1829
1270420151,1829
1270421151,1839
1270422151,1840
1270423151,1824
1270424151,1871
1270425151,1915
1270426151,1922
1270427151,1904
1270428151,1881
1270429151,1840
1270430151,1808
1270431151,1744
1270432151,1785
1270433151,1796
1270443579,1921
1270444579,1893
1270445579,1865
1270446579,1817
1270447579,1760
1270448579,1776
1270449579,1824
1270450579,1850
1270451579,1873
1270452579,1889
1270453579,1889
1270454579,1893
1270455579,1895
1270456579,1888
1270457579,1893
1270458579,1928
1270459579,1906
1270460579,1862
1270461579,1827
1270462579,1776
1270473022,1879
1270474022,1893
1270475022,1949
1270476022,1962
1270477022,1937
1270478022,1906
1270479022,1862
1270480022,1807
1270481022,1773
1270482022,1781
1270483022,1796
1270484022,1818
1270485022,1815
1270486022,1809
1270487022,1847
1270488022,1835
1270489022,1839
1270490022,1840
1270491022,1873
1270492022,1854
1270502448,1839
1270503448,1849
1270504448,1860
1270505448,1871
1270506448,1869
1270507448,1890
1270508448,1933
1270509448,1939
1270510448,1926
1270511448,1893
1270512448,1841
1270513448,1791
1270514448,1761
1270515448,1773
1270516448,1807
1270517448,1822
1270518448,1823
1270519448,1833
1270520448,1849
1270521448,1861
1270531875,1744
1270532875,1758
1270533875,1775
1270534875,1778
1270535875,1783
1270536875,1808
1270537875,1843
1270538875,1868
1270539875,1863
1270540875,1882
1270541875,1919
1270542875,1915
1270543875,1897
1270544875,1871
1270545875,1825
1270546875,1776
1270547875,1755
1270548875,1764
1270549875,1808
1270550875,1837
1270561302,1858
1270562302,1809
1270563302,1747
1270564302,1718
1270565302,1725
1270566302,1780
1270567302,1814
1270568302,1821
1270569302,1808
1270570302,1855
1270571302,1867
1270572302,1865
1270573302,1862
1270574302,1887
1270575302,1921
1270576302,1936
1270577302,1901
1270578302,1872
1270579302,1837
1270589757,1865
1270590757,1884
1270591757,1910
1270592757,1923
1270593757,1897
1270594757,1871
1270595757,1809
1270596757,1776
1270597757,1779
1270598757,1813
1270599757,1842
1270600757,1856
1270601757,1840
1270602757,1859
1270603757,1843
1270604757,1846
1270605757,1839
1270606757,1839
1270607757,1854
1270608757,1878
1270619184,1871
1270620184,1904
1270621184,1902
1270622184,1908
1270623184,1887
1270624184,1897
1270625184,1926
1270626184,1904
1270627184,1889
1270628184,1856
1270629184,1820
1270630184,1767
1270631184,1776
1270632184,1770
1270633184,1798
1270634184,1844
1270635184,1849
1270636184,1900
1270637184,1851
1270638184,1863
1270648627,1769
1270649627,1772
1270650627,1814
1270651627,1850
1270652627,1865
1270653627,1873
1270654627,1893
1270655627,1905
1270656627,1903
1270657627,1916
1270658627,1933
1270659627,1938
1270660627,1904
1270661627,1872
1270662627,1808
1270663627,1757
1270664627,1713
1270665627,1744
1270666627,1793
1270667627,1829
1270678054,1897
1270679054,1851
1270680054,1802
1270681054,1765
1270682054,1763
1270683054,1803
1270684054,1827
1270685054,1843
1270686054,1849
1270687054,1879
1270688054,1872
1270689054,1891
1270690054,1869
1270691054,1895
1270692054,1925
1270693054,1918
1270694054,1889
1270695054,1857
1270696054,1857
1270697054,1755
1270707481,1892
1270708481,1927
1270709481,1936
1270710481,1918
1270711481,1894
1270712481,1855
1270713481,1816
1270714481,1775
1270715481,1774
1270716481,1814
1270717481,1825
1270718481,1823
1270719481,1820
1270720481,1827
1270721481,1835
1270722481,1829
1270723481,1836
1270724481,1873
1270725481,1909
1270726481,1930
1270736908,1841
1270737908,1853
1270738908,1859
1270739908,1855
1270740908,1881
1270741908,1919
1270742908,1919
1270743908,1893
1270744908,1854
1270745908,1811
1270746908,1775
1270747908,1743
1270748908,1793
1270749908,1799
1270750908,1823
1270751908,1839
1270752908,1845
1270753908,1863
1270754908,1866
1270765363,1739
1270766363,1776
1270767363,1783
1270768363,1807
1270769363,1817
1270770363,1840
1270771363,1864
1270772363,1861
1270773363,1872
1270774363,1906
1270775363,1948
1270776363,1953
1270777363,1907
1270778363,1881
1270779363,1831
1270780363,1785
1270781363,1759
1270782363,1783
1270783363,1827
1270784363,1821
1270794789,1861
1270795789,1842
1270796789,1808
1270797789,1775
1270798789,1782
1270799789,1815
1270800789,1840
1270801789,1833
1270802789,1840
1270803789,1848
1270804789,1853
1270805789,1844
1270806789,1839
1270807789,1889
1270808789,1918
1270809789,1919
1270810789,1901
1270811789,1875
1270812789,1824
1270813789,1777
1270824242,1899
1270825242,1933
1270826242,1948
1270827242,1920
1270828242,1888
1270829242,1839
1270830242,1791
1270831242,1761
1270832242,1763
1270833242,1799
1270834242,1819
1270835242,1825
1270836242,1838
1270837242,1852
1270838242,1873
1270839242,1855
1270840242,1867
1270841242,1901
1270842242,1936
1270843242,1921
1270853660,1845
1270854660,1840
1270855660,1855
1270856660,1855
1270857660,1887
1270858660,1928
1270859660,1933
1270860660,1904
1270861660,1873
1270862660,1833
1270863660,1802
1270864660,1766
1270865660,1775
1270866660,1798
1270867660,1861
1270868660,1827
1270869660,1834
1270870660,1850
1270871660,1865
1270872660,1873
1270883087,1808
1270884087,1823
1270885087,1843
1270886087,1888
1270887087,1856
1270888087,1879
1270889087,1857
1270890087,1873
1270891087,1899
1270892087,1929
1270893087,1933
1270894087,1903
1270895087,1881
1270896087,1793
1270897087,1777
1270898087,1744
1270899087,1764
1270900087,1805
1270901087,1840
1270902087,1841
1270912514,1818
1270913514,1773
1270914514,1739
1270915514,1765
1270916514,1807
1270917514,1820
1270918514,1829
1270919514,1831
1270920514,1854
1270921514,1865
1270922514,1863
1270923514,1863
1270924514,1893
1270925514,1925
1270926514,1915
1270927514,1889
1270928514,1863
1270929514,1811
1270930514,1763
1270940968,1885
1270941968,1935
1270942968,1919
1270943968,1895
1270944968,1826
1270945968,1811
1270946968,1783
1270947968,1751
1270948968,1770
1270949968,1797
1270950968,1819
1270951968,1832
1270952968,1849
1270953968,1868
1270954968,1862
1270955968,1870
1270956968,1867
1270957968,1955
1270958968,1936
1270959968,1936
1270970395,1857
1270971395,1869
1270972395,1861
1270973395,1851
1270974395,1887
1270975395,1919
1270976395,1921
1270977395,1892
1270978395,1855
1270979395,1809
1270980395,1779
1270981395,1771
1270982395,1778
1270983395,1814
1270984395,1824
1270985395,1840
1270986395,1840
1270987395,1852
1270988395,1861
1270989395,1841
1270999839,1837
1271000839,1841
1271001839,1831
1271002839,1839
1271003839,1837
1271004839,1842
1271005839,1868
1271006839,1849
1271007839,1883
1271008839,1922
1271009839,1933
1271010839,1904
1271011839,1872
1271012839,1830
1271013839,1779
1271014839,1761
1271015839,1773
1271016839,1799
1271017839,1803
1271018839,1808
1271029268,1876
1271030268,1823
1271031268,1825
1271032268,1792
1271033268,1817
1271034268,1833
1271035268,1838
1271036268,1842
1271037268,1855
1271038268,1840
1271039268,1849
1271040268,1857
1271041268,1873
1271042268,1926
1271043268,1919
1271044268,1889
1271045268,1860
1271046268,1814
1271047268,1791
1271048268,1779
1271058693,1921
1271059693,1937
1271060693,1906
1271061693,1861
1271062693,1837
1271063693,1796
1271064693,1759
1271065693,1837
1271066693,1829
1271067693,1853
1271068693,1861
1271069693,1864
1271070693,1824
1271071693,1867
1271072693,1872
1271073693,1851
1271074693,1871
1271075693,1925
1271076693,1903
1271077693,1881
1271088120,1911
1271089120,1879
1271090120,1921
1271091120,1911
1271092120,1936
1271093120,1937
1271094120,1905
1271095120,1925
1271096120,1839
1271097120,1789
1271098120,1759
1271099120,1777
1271100120,1814
1271101120,1825
1271102120,1837
1271103120,1843
1271104120,1860
1271105120,1871
1271106120,1889
1271116579,1807
1271117579,1809
1271118579,1825
1271119579,1825
1271120579,1857
1271121579,1879
1271122579,1892
1271123579,1877
1271124579,1905
1271125579,1946
1271126579,1937
1271127579,1911
1271128579,1879
1271129579,1835
1271130579,1791
1271131579,1776
1271132579,1793
1271133579,1813
1271134579,1847
1271135579,1829
1271146001,1835
1271147001,1806
1271148001,1763
1271149001,1777
1271150001,1809
1271151001,1828
1271152001,1850
1271153001,1845
1271154001,1859
1271155001,1871
1271156001,1876
1271157001,1877
1271158001,1925
1271159001,2000
1271160001,1936
1271161001,1911
1271162001,1865
1271163001,1834
1271164001,1775
1271165001,1765
1271175445,1919
1271176445,1928
1271177445,1904
1271178445,1874
1271179445,1834
1271180445,1793
1271181445,1761
1271182445,1779
1271183445,1803
1271184445,1835
1271185445,1838
1271186445,1836
1271187445,1857
1271188445,1876
1271189445,1871
1271190445,1867
1271191445,1904
1271192445,1935
1271193445,1930
1271194445,1895
1271204872,1845
1271205872,1858
1271206872,1872
1271207872,1908
1271208872,1939
1271209872,1958
1271210872,1929
1271211872,1888
1271212872,1829
1271213872,1777
1271214872,1735
1271215872,1745
1271216872,1775
1271217872,1798
1271218872,1783
1271219872,1811
1271220872,1857
1271221872,1871
1271222872,1872
1271223872,1865
1271234299,1842
1271235299,1835
1271236299,1836
1271237299,1855
1271238299,1881
1271239299,1878
1271240299,1877
1271241299,1909
1271242299,1931
1271243299,1927
1271244299,1893
1271245299,1865
1271246299,1808
1271247299,1758
1271248299,1721
1271249299,1744
1271250299,1777
1271251299,1811
1271252299,1824
1271253299,1835
1271263726,1788
1271264726,1744
1271265726,1766
1271266726,1803
1271267726,1826
1271268726,1836
1271269726,1853
1271270726,1857
1271271726,1867
1271272726,1873
1271273726,1867
1271274726,1904
1271275726,1923
1271276726,1917
1271277726,1888
1271278726,1849
1271279726,1783
1271280726,1773
1271281726,1753
1271292180,1951
1271293180,1941
1271294180,1912
1271295180,1877
1271296180,1819
1271297180,1769
1271298180,1743
1271299180,1760
1271300180,1767
1271301180,1793
1271302180,1805
1271303180,1810
1271304180,1819
1271305180,1841
1271306180,1855
1271307180,1868
1271308180,1904
1271309180,1956
1271310180,1933
1271311180,1895
1271321607,1882
1271322607,1879
1271323607,1860
1271324607,1894
1271325607,1915
1271326607,1915
1271327607,1883
1271328607,1841
1271329607,1799
1271330607,1763
1271331607,1745
1271332607,1770
1271333607,1807
1271334607,1828
1271335607,1835
1271336607,1840
1271337607,1847
1271338607,1878
1271339607,1871
1271340607,1872
1271351051,1838
1271352051,1832
1271353051,1840
1271354051,1840
1271355051,1855
1271356051,1856
1271357051,1872
1271358051,1917
1271359051,1951
1271360051,1940
1271361051,1911
1271362051,1881
1271363051,1815
1271364051,1785
1271365051,1760
1271366051,1776
1271367051,1795
1271368051,1803
1271369051,1809
1271370051,1820
1271380478,1808
1271381478,1764
1271382478,1773
1271383478,1811
1271384478,1837
1271385478,1845
1271386478,1840
1271387478,1856
1271388478,1863
1271389478,1877
1271390478,1866
1271391478,1905
1271392478,1923
1271393478,1913
1271394478,1875
1271395478,1860
1271396478,1807
1271397478,1774
1271398478,1757
1271399478,1781
1271409905,1930
1271410905,1883
1271411905,1852
1271412905,1799
1271413905,1749
1271414905,1715
1271415905,1744
1271416905,1791
1271417905,1827
1271418905,1840
1271419905,1811
1271420905,1865
1271421905,1866
1271422905,1865
1271423905,1873
1271424905,1914
1271425905,1936
1271426905,1933
1271427905,1893
1271428905,1839
1271439332,1845
1271440332,1853
1271441332,1862
1271442332,1923
1271443332,1921
1271444332,1899
1271445332,1877
1271446332,1826
1271447332,1782
1271448332,1761
1271449332,1790
1271450332,1820
1271451332,1827
1271452332,1827
1271453332,1841
1271454332,1897
1271455332,1875
1271456332,1866
1271457332,1872
1271467786,1825
1271468786,1849
1271469786,1840
1271470786,1847
1271471786,1853
1271472786,1857
1271473786,1854
1271474786,1885
1271475786,1906
1271476786,1910
1271477786,1909
1271478786,1902
1271479786,1843
1271480786,1806
1271481786,1781
1271482786,1812
1271483786,1817
1271484786,1799
1271485786,1808
1271486786,1805
1271497213,1801
1271498213,1781
1271499213,1804
1271500213,1879
1271501213,1861
1271502213,1853
1271503213,1862
1271504213,1872
1271505213,1871
1271506213,1865
1271507213,1861
1271508213,1899
1271509213,1917
1271510213,1904
1271511213,1895
1271512213,1857
1271513213,1817
1271514213,1765
1271515213,1780
1271516213,1801
1271526657,1937
1271527657,1905
1271528657,1874
1271529657,1831
1271530657,1793
1271531657,1761
1271532657,1786
1271533657,1814
1271534657,1829
1271535657,1845
1271536657,1854
1271537657,1868
1271538657,1872
1271539657,1853
1271540657,1862
1271541657,1905
1271542657,1923
1271543657,1924
1271544657,1901
1271545657,1859
1271556084,1872
1271557084,1883
1271558084,1941
1271559084,1996
1271560084,1972
1271561084,1937
1271562084,1883
1271563084,1822
1271564084,1771
1271565084,1740
1271566084,1747
1271567084,1759
1271568084,1779
1271569084,1788
1271570084,1802
1271571084,1840
1271572084,1867
1271573084,1859
1271574084,1890
1271575084,1931
1271585511,1808
1271586511,1808
1271587511,1840
1271588511,1867
1271589511,1871
1271590511,1872
1271591511,1907
1271592511,1921
1271593511,1925
1271594511,1899
1271595511,1867
1271596511,1824
1271597511,1783
1271598511,1773
1271599511,1789
1271600511,1805
1271601511,1810
1271602511,1826
1271603511,1840
1271604511,1846
1271614937,1753
1271615937,1770
1271616937,1791
1271617937,1809
1271618937,1818
1271619937,1823
1271620937,1840
1271621937,1861
1271622937,1840
1271623937,1874
1271624937,1920
1271625937,1951
1271626937,1940
1271627937,1904
1271628937,1870
1271629937,1811
1271630937,1768
1271631937,1746
1271632937,1773
1271643392,1937
1271644392,1925
1271645392,1907
1271646392,1808
1271647392,1807
1271648392,1769
1271649392,1782
1271650392,1808
1271651392,1827
1271652392,1839
1271653392,1819
1271654392,1830
1271655392,1840
1271656392,1847
1271657392,1845
1271658392,1899
1271659392,1907
1271660392,1898
1271661392,1856
1271662392,1837
1271672819,1870
1271673819,1872
1271674819,1906
1271675819,1929
1271676819,1920
1271677819,1897
1271678819,1867
1271679819,1811
1271680819,1782
1271681819,1776
1271682819,1793
1271683819,1812
1271684819,1840
1271685819,1851
1271686819,1840
1271687819,1865
1271688819,1868
1271689819,1875
1271690819,1883
1271691819,1913
1271702268,1853
1271703268,1856
1271704268,1874
1271705268,1872
1271706268,1874
1271707268,1877
1271708268,1907
1271709268,1919
1271710268,1923
1271711268,1875
1271712268,1840
1271713268,1801
1271714268,1764
1271715268,1751
1271716268,1786
1271717268,1808
1271718268,1796
1271719268,1855
1271720268,1859
1271721268,1919
1271731690,1727
1271732690,1735
1271733690,1763
1271734690,1740
1271735690,1785
1271736690,1812
1271737690,1839
1271738690,1856
1271739690,1874
1271740690,1870
1271741690,1916
1271742690,1936
1271743690,1927
1271744690,1905
1271745690,1863
1271746690,1851
1271747690,1783
1271748690,1777
1271749690,1776
1271750690,1789
1271761116,1885
1271762116,1859
1271763116,1825
1271764116,1787
1271765116,1759
1271766116,1781
1271767116,1811
1271768116,1840
1271769116,1847
1271770116,1846
1271771116,1858
1271772116,1867
1271773116,1863
1271774116,1872
1271775116,1901
1271776116,1915
1271777116,1901
1271778116,1873
1271779116,1869
1271780116,1808
1271790543,1869
1271791543,1905
1271792543,1929
1271793543,1921
1271794543,1829
1271795543,1859
1271796543,1810
1271797543,1769
1271798543,1763
1271799543,1789
1271800543,1823
1271801543,1841
1271802543,1849
1271803543,1855
1271804543,1872
1271805543,1897
1271806543,1958
1271807543,1915
1271808543,1949
1271818998,1797
1271819998,1823
1271820998,1853
1271821998,1871
1271822998,1868
1271823998,1884
1271824998,1913
1271825998,1936
1271826998,1956
1271827998,1907
1271828998,1885
1271829998,1829
1271830998,1787
1271831998,1768
1271832998,1792
1271833998,1808
1271834998,1829
1271835998,1830
1271836998,1836
1271837998,1843
1271848425,1760
1271849425,1785
1271850425,1807
1271851425,1841
1271852425,1836
1271853425,1855
1271854425,1843
1271855425,1867
1271856425,1856
1271857425,1856
1271858425,1905
1271859425,1932
1271860425,1909
1271861425,1887
1271862425,1852
1271863425,1781
1271864425,1763
1271865425,1763
1271866425,1791
1271867425,1817
1271877869,1924
1271878869,1884
1271879869,1827
1271880869,1776
1271881869,1745
1271882869,1767
1271883869,1793
1271884869,1833
1271885869,1835
1271886869,1805
1271887869,1837
1271888869,1847
1271889869,1841
1271890869,1838
1271891869,1869
1271892869,1895
1271893869,1888
1271894869,1870
1271895869,1857
1271896869,1811
1271907295,1885
1271908295,1924
1271909295,1960
1271910295,1939
1271911295,1921
1271912295,1876
1271913295,1824
1271914295,1775
1271915295,1745
1271916295,1776
1271917295,1797
1271918295,1808
1271919295,1822
1271920295,1828
1271921295,1835
1271922295,1851
1271923295,1857
1271924295,1872
1271925295,1912
1271926295,1930
1271936722,1836
1271937722,1885
1271938722,1875
1271939722,1859
1271940722,1872
1271941722,1919
1271942722,1927
1271943722,1923
1271944722,1900
1271945722,1851
1271946722,1813
1271947722,1789
1271948722,1775
1271949722,1798
1271950722,1819
1271951722,1830
1271952722,1839
1271953722,1843
1271954722,1858
1271955722,1869
1271966149,1773
1271967149,1795
1271968149,1872
1271969149,1840
1271970149,1833
1271971149,1838
1271972149,1875
1271973149,1876
1271974149,1888
1271975149,1911
1271976149,1937
1271977149,1935
1271978149,1901
1271979149,1865
1271980149,1824
1271981149,1789
1271982149,1826
1271983149,1799
1271984149,1815
1271994604,1885
1271995604,1857
1271996604,1805
1271997604,1774
1271998604,1755
1271999604,1786
1272000604,1821
1272001604,1833
1272002604,1847
1272003604,1842
1272004604,1885
1272005604,1873
1272006604,1854
1272007604,1890
1272008604,1936
1272009604,1957
1272010604,1943
1272011604,1923
1272012604,1886
1272013604,1820
1272024031,1863
1272025031,1900
1272026031,1923
1272027031,1927
1272028031,1901
1272029031,1853
1272030031,1808
1272031031,1767
1272032031,1712
1272033031,1784
1272034031,1813
1272035031,1835
1272036031,1831
1272037031,1838
1272038031,1855
1272039031,1861
1272040031,1863
1272041031,1872
1272042031,1889
1272043031,1935
1272053474,1856
1272054474,1872
1272055474,1879
1272056474,1863
1272057474,1854
1272058474,1891
1272059474,1913
1272060474,1919
1272061474,1895
1272062474,1866
1272063474,1813
1272064474,1777
1272065474,1769
1272066474,1792
1272067474,1813
1272068474,1821
1272069474,1825
1272070474,1826
1272071474,1852
1272072474,1861
1272082901,1776
1272083901,1796
1272084901,1824
1272085901,1837
1272086901,1840
1272087901,1871
1272088901,1886
1272089901,1879
1272090901,1890
1272091901,1929
1272092901,1988
1272093901,1937
1272094901,1916
1272095901,1855
1272096901,1798
1272097901,1761
1272098901,1731
1272099901,1776
1272100901,1795
1272101901,1808
1272112328,1869
1272113328,1818
1272114328,1775
1272115328,1764
1272116328,1813
1272117328,1815
1272118328,1833
1272119328,1843
1272120328,1853
1272121328,1858
1272122328,1861
1272123328,1861
1272124328,1870
1272125328,1907
1272126328,1905
1272127328,1888
1272128328,1867
1272129328,1841
1272130328,1804
1272131328,1760
1272141755,1915
1272142755,1936
1272143755,1921
1272144755,1898
1272145755,1842
1272146755,1795
1272147755,1769
1272148755,1761
1272149755,1791
1272150755,1809
1272151755,1823
1272152755,1833
1272153755,1844
1272154755,1853
1272155755,1856
1272156755,1847
1272157755,1859
1272158755,1904
1272159755,1911
1272170210,1840
1272171210,1857
1272172210,1855
1272173210,1857
1272174210,1858
1272175210,1905
1272176210,1936
1272177210,1935
1272178210,1903
1272179210,1874
1272180210,1797
1272181210,1788
1272182210,1775
1272183210,1793
1272184210,1809
1272185210,1780
1272186210,1818
1272187210,1834
1272188210,1850
1272189210,1846
1272199636,1782
1272200636,1815
1272201636,1829
1272202636,1800
1272203636,1837
1272204636,1854
1272205636,1857
1272206636,1860
1272207636,1875
1272208636,1921
1272209636,1936
1272210636,1926
1272211636,1909
1272212636,1863
1272213636,1814
1272214636,1779
1272215636,1777
1272216636,1807
1272217636,1823
1272218636,1811
1272229080,1873
1272230080,1828
1272231080,1772
1272232080,1765
1272233080,1794
1272234080,1823
1272235080,1840
1272236080,1852
1272237080,1845
1272238080,1873
1272239080,1890
1272240080,1884
1272241080,1873
1272242080,1904
1272243080,1906
1272244080,1888
1272245080,1860
1272246080,1825
1272247080,1783
1272248080,1747
1272258507,1899
1272259507,1930
1272260507,1911
1272261507,1883
1272262507,1863
1272263507,1819
1272264507,1791
1272265507,1782
1272266507,1807
1272267507,1841
1272268507,1840
1272269507,1847
1272270507,1840
1272271507,1853
1272272507,1853
1272273507,1858
1272274507,1867
1272275507,1930
1272276507,1923
1272277507,1915
1272287934,1856
1272288934,1867
1272289934,1859
1272290934,1869
1272291934,1911
1272292934,1936
1272293934,1927
1272294934,1891
1272295934,1853
1272296934,1812
1272297934,1771
1272298934,1763
1272299934,1801
1272300934,1823
1272301934,1840
1272302934,1849
1272303934,1876
1272304934,1873
1272305934,1872
1272306934,1876
1272317361,1818
1272318361,1830
1272319361,1839
1272320361,1841
1272321361,1851
1272322361,1881
1272323361,1881
1272324361,1893
1272325361,1939
1272326361,1943
1272327361,1929
1272328361,1888
1272329361,1842
1272330361,1805
1272331361,1749
1272332361,1743
1272333361,1783
1272334361,1819
1272335361,1837
1272345815,1841
1272346815,1807
1272347815,1774
1272348815,1775
1272349815,1808
1272350815,1817
1272351815,1834
1272352815,1849
1272353815,1842
1272354815,1866
1272355815,1883
1272356815,1819
1272357815,1891
1272358815,1920
1272359815,1935
1272360815,1919
1272361815,1878
1272362815,1853
1272363815,1794
1272364815,1783
1272375244,1901
1272376244,1927
1272377244,1907
1272378244,1895
1272379244,1862
1272380244,1824
1272381244,1793
1272382244,1775
1272383244,1803
1272384244,1818
1272385244,1841
1272386244,1840
1272387244,1840
1272388244,1855
1272389244,1859
1272390244,1856
1272391244,1858
1272392244,1920
1272393244,1927
1272394244,1929
1272404686,1849
1272405686,1856
1272406686,1843
1272407686,1842
1272408686,1872
1272409686,1935
1272410686,1894
1272411686,1873
1272412686,1853
1272413686,1822
1272414686,1801
1272415686,1796
1272416686,1787
1272417686,1857
1272418686,1867
1272419686,1861
1272420686,1863
1272421686,1872
1272422686,1861
1272423686,1872
1272434113,1831
1272435113,1848
1272436113,1843
1272437113,1851
1272438113,1881
1272439113,1881
1272440113,1881
1272441113,1903
1272442113,1923
1272443113,1947
1272444113,1933
1272445113,1903
1272446113,1871
1272447113,1809
1272448113,1789
1272449113,1787
1272450113,1813
1272451113,1829
1272452113,1840
1272453113,1853
1272463540,1811
1272464540,1778
1272465540,1761
1272466540,1791
1272467540,1808
1272468540,1839
1272469540,1829
1272470540,1847
1272471540,1873
1272472540,1886
1272473540,1887
1272474540,1904
1272475540,1933
1272476540,1939
1272477540,1936
1272478540,1888
1272479540,1839
1272480540,1801
1272481540,1739
1272482540,1746
1272492967,1951
1272493967,1947
1272494967,1968
1272495967,1893
1272496967,1843
1272497967,1803
1272498967,1785
1272499967,1791
1272500967,1792
1272501967,1808
1272502967,1795
1272503967,1790
1272504967,1816
1272505967,1834
1272506967,1831
1272507967,1850
1272508967,1890
1272509967,1907
